solid ASCII
  facet normal 0.000000e+00 -9.959743e-01 -8.963931e-02
    outer loop
      vertex   3.000000e+01 2.294809e+01 -7.124652e+01
      vertex   0.000000e+00 2.310494e+01 -7.298923e+01
      vertex   3.000000e+01 2.310494e+01 -7.298923e+01
    endloop
  endfacet
  facet normal 0.000000e+00 -9.959743e-01 8.963931e-02
    outer loop
      vertex   3.000000e+01 2.310494e+01 -7.298923e+01
      vertex   0.000000e+00 2.310494e+01 -7.298923e+01
      vertex   0.000000e+00 2.294809e+01 -7.473195e+01
    endloop
  endfacet
  facet normal 0.000000e+00 -9.959743e-01 8.963931e-02
    outer loop
      vertex   3.000000e+01 2.310494e+01 -7.298923e+01
      vertex   0.000000e+00 2.294809e+01 -7.473195e+01
      vertex   3.000000e+01 2.294809e+01 -7.473195e+01
    endloop
  endfacet
  facet normal 0.000000e+00 -9.639629e-01 2.660368e-01
    outer loop
      vertex   3.000000e+01 2.294809e+01 -7.473195e+01
      vertex   0.000000e+00 2.294809e+01 -7.473195e+01
      vertex   0.000000e+00 2.248259e+01 -7.641865e+01
    endloop
  endfacet
  facet normal -1.269001e-16 -9.639629e-01 2.660368e-01
    outer loop
      vertex   3.000000e+01 2.294809e+01 -7.473195e+01
      vertex   0.000000e+00 2.248259e+01 -7.641865e+01
      vertex   3.000000e+01 2.248259e+01 -7.641865e+01
    endloop
  endfacet
  facet normal -2.055286e-16 -9.009689e-01 4.338837e-01
    outer loop
      vertex   3.000000e+01 2.248259e+01 -7.641865e+01
      vertex   0.000000e+00 2.248259e+01 -7.641865e+01
      vertex   0.000000e+00 2.172340e+01 -7.799513e+01
    endloop
  endfacet
  facet normal 0.000000e+00 -9.009689e-01 4.338837e-01
    outer loop
      vertex   3.000000e+01 2.248259e+01 -7.641865e+01
      vertex   0.000000e+00 2.172340e+01 -7.799513e+01
      vertex   3.000000e+01 2.172340e+01 -7.799513e+01
    endloop
  endfacet
  facet normal 0.000000e+00 -8.090170e-01 5.877853e-01
    outer loop
      vertex   3.000000e+01 2.172340e+01 -7.799513e+01
      vertex   0.000000e+00 2.172340e+01 -7.799513e+01
      vertex   0.000000e+00 2.069491e+01 -7.941072e+01
    endloop
  endfacet
  facet normal 0.000000e+00 -8.090170e-01 5.877853e-01
    outer loop
      vertex   3.000000e+01 2.172340e+01 -7.799513e+01
      vertex   0.000000e+00 2.069491e+01 -7.941072e+01
      vertex   3.000000e+01 2.069491e+01 -7.941072e+01
    endloop
  endfacet
  facet normal 0.000000e+00 -6.910626e-01 7.227949e-01
    outer loop
      vertex   3.000000e+01 2.069491e+01 -7.941072e+01
      vertex   0.000000e+00 2.069491e+01 -7.941072e+01
      vertex   0.000000e+00 1.943020e+01 -8.061991e+01
    endloop
  endfacet
  facet normal 8.037005e-17 -6.910626e-01 7.227949e-01
    outer loop
      vertex   3.000000e+01 2.069491e+01 -7.941072e+01
      vertex   0.000000e+00 1.943020e+01 -8.061991e+01
      vertex   3.000000e+01 1.943020e+01 -8.061991e+01
    endloop
  endfacet
  facet normal 6.523931e-17 -5.508970e-01 8.345733e-01
    outer loop
      vertex   3.000000e+01 1.943020e+01 -8.061991e+01
      vertex   0.000000e+00 1.943020e+01 -8.061991e+01
      vertex   0.000000e+00 1.796989e+01 -8.158385e+01
    endloop
  endfacet
  facet normal 6.768005e-17 -5.508970e-01 8.345733e-01
    outer loop
      vertex   3.000000e+01 1.943020e+01 -8.061991e+01
      vertex   0.000000e+00 1.796989e+01 -8.158385e+01
      vertex   3.000000e+01 1.796989e+01 -8.158385e+01
    endloop
  endfacet
  facet normal 4.654351e-17 -3.930250e-01 9.195278e-01
    outer loop
      vertex   3.000000e+01 1.796989e+01 -8.158385e+01
      vertex   0.000000e+00 1.796989e+01 -8.158385e+01
      vertex   0.000000e+00 1.636094e+01 -8.227154e+01
    endloop
  endfacet
  facet normal 0.000000e+00 -3.930250e-01 9.195278e-01
    outer loop
      vertex   3.000000e+01 1.796989e+01 -8.158385e+01
      vertex   0.000000e+00 1.636094e+01 -8.227154e+01
      vertex   3.000000e+01 1.636094e+01 -8.227154e+01
    endloop
  endfacet
  facet normal 0.000000e+00 -2.225209e-01 9.749279e-01
    outer loop
      vertex   3.000000e+01 1.636094e+01 -8.227154e+01
      vertex   0.000000e+00 1.636094e+01 -8.227154e+01
      vertex   0.000000e+00 1.465505e+01 -8.266090e+01
    endloop
  endfacet
  facet normal 1.269001e-17 -2.225209e-01 9.749279e-01
    outer loop
      vertex   3.000000e+01 1.636094e+01 -8.227154e+01
      vertex   0.000000e+00 1.465505e+01 -8.266090e+01
      vertex   3.000000e+01 1.465505e+01 -8.266090e+01
    endloop
  endfacet
  facet normal 2.656532e-18 -4.486483e-02 9.989931e-01
    outer loop
      vertex   3.000000e+01 1.465505e+01 -8.266090e+01
      vertex   0.000000e+00 1.465505e+01 -8.266090e+01
      vertex   0.000000e+00 1.290706e+01 -8.273941e+01
    endloop
  endfacet
  facet normal 2.643752e-18 -4.486483e-02 9.989931e-01
    outer loop
      vertex   3.000000e+01 1.465505e+01 -8.266090e+01
      vertex   0.000000e+00 1.290706e+01 -8.273941e+01
      vertex   3.000000e+01 1.290706e+01 -8.273941e+01
    endloop
  endfacet
  facet normal -7.948206e-18 1.342333e-01 9.909498e-01
    outer loop
      vertex   3.000000e+01 1.290706e+01 -8.273941e+01
      vertex   0.000000e+00 1.290706e+01 -8.273941e+01
      vertex   0.000000e+00 1.117313e+01 -8.250453e+01
    endloop
  endfacet
  facet normal -8.460006e-18 1.342333e-01 9.909498e-01
    outer loop
      vertex   3.000000e+01 1.290706e+01 -8.273941e+01
      vertex   0.000000e+00 1.117313e+01 -8.250453e+01
      vertex   3.000000e+01 1.117313e+01 -8.250453e+01
    endloop
  endfacet
  facet normal -1.829748e-17 3.090170e-01 9.510565e-01
    outer loop
      vertex   3.000000e+01 1.117313e+01 -8.250453e+01
      vertex   0.000000e+00 1.117313e+01 -8.250453e+01
      vertex   0.000000e+00 9.509012e+00 -8.196382e+01
    endloop
  endfacet
  facet normal -1.903501e-17 3.090170e-01 9.510565e-01
    outer loop
      vertex   3.000000e+01 1.117313e+01 -8.250453e+01
      vertex   0.000000e+00 9.509012e+00 -8.196382e+01
      vertex   3.000000e+01 9.509012e+00 -8.196382e+01
    endloop
  endfacet
  facet normal -2.805866e-17 4.738687e-01 8.805955e-01
    outer loop
      vertex   3.000000e+01 9.509012e+00 -8.196382e+01
      vertex   0.000000e+00 9.509012e+00 -8.196382e+01
      vertex   0.000000e+00 7.968182e+00 -8.113467e+01
    endloop
  endfacet
  facet normal -4.230003e-17 4.738687e-01 8.805955e-01
    outer loop
      vertex   3.000000e+01 9.509012e+00 -8.196382e+01
      vertex   0.000000e+00 7.968182e+00 -8.113467e+01
      vertex   3.000000e+01 7.968182e+00 -8.113467e+01
    endloop
  endfacet
  facet normal -5.537702e-17 6.234898e-01 7.818315e-01
    outer loop
      vertex   3.000000e+01 7.968182e+00 -8.113467e+01
      vertex   0.000000e+00 7.968182e+00 -8.113467e+01
      vertex   0.000000e+00 6.600165e+00 -8.004371e+01
    endloop
  endfacet
  facet normal -5.499004e-17 6.234898e-01 7.818315e-01
    outer loop
      vertex   3.000000e+01 7.968182e+00 -8.113467e+01
      vertex   0.000000e+00 6.600165e+00 -8.004371e+01
      vertex   3.000000e+01 6.600165e+00 -8.004371e+01
    endloop
  endfacet
  facet normal -6.688618e-17 7.530715e-01 6.579387e-01
    outer loop
      vertex   3.000000e+01 6.600165e+00 -8.004371e+01
      vertex   0.000000e+00 6.600165e+00 -8.004371e+01
      vertex   0.000000e+00 5.448931e+00 -7.872602e+01
    endloop
  endfacet
  facet normal -2.115001e-17 7.530715e-01 6.579387e-01
    outer loop
      vertex   3.000000e+01 6.600165e+00 -8.004371e+01
      vertex   0.000000e+00 5.448931e+00 -7.872602e+01
      vertex   3.000000e+01 5.448931e+00 -7.872602e+01
    endloop
  endfacet
  facet normal -2.541519e-17 8.584488e-01 5.128993e-01
    outer loop
      vertex   3.000000e+01 5.448931e+00 -7.872602e+01
      vertex   0.000000e+00 5.448931e+00 -7.872602e+01
      vertex   0.000000e+00 4.551480e+00 -7.722394e+01
    endloop
  endfacet
  facet normal -2.538002e-17 8.584488e-01 5.128993e-01
    outer loop
      vertex   3.000000e+01 5.448931e+00 -7.872602e+01
      vertex   0.000000e+00 4.551480e+00 -7.722394e+01
      vertex   3.000000e+01 4.551480e+00 -7.722394e+01
    endloop
  endfacet
  facet normal -2.771812e-17 9.362349e-01 3.513748e-01
    outer loop
      vertex   3.000000e+01 4.551480e+00 -7.722394e+01
      vertex   0.000000e+00 4.551480e+00 -7.722394e+01
      vertex   0.000000e+00 3.936659e+00 -7.558575e+01
    endloop
  endfacet
  facet normal -2.961002e-17 9.362349e-01 3.513748e-01
    outer loop
      vertex   3.000000e+01 4.551480e+00 -7.722394e+01
      vertex   0.000000e+00 3.936659e+00 -7.558575e+01
      vertex   3.000000e+01 3.936659e+00 -7.558575e+01
    endloop
  endfacet
  facet normal -2.913017e-17 9.839296e-01 1.785569e-01
    outer loop
      vertex   3.000000e+01 3.936659e+00 -7.558575e+01
      vertex   0.000000e+00 3.936659e+00 -7.558575e+01
      vertex   0.000000e+00 3.624227e+00 -7.386411e+01
    endloop
  endfacet
  facet normal 8.460006e-17 9.839296e-01 1.785569e-01
    outer loop
      vertex   3.000000e+01 3.936659e+00 -7.558575e+01
      vertex   0.000000e+00 3.624227e+00 -7.386411e+01
      vertex   3.000000e+01 3.624227e+00 -7.386411e+01
    endloop
  endfacet
  facet normal 0.000000e+00 1.000000e+00 0.000000e+00
    outer loop
      vertex   3.000000e+01 3.624227e+00 -7.386411e+01
      vertex   0.000000e+00 3.624227e+00 -7.386411e+01
      vertex   0.000000e+00 3.624227e+00 -7.211435e+01
    endloop
  endfacet
  facet normal 0.000000e+00 1.000000e+00 -0.000000e+00
    outer loop
      vertex   3.000000e+01 3.624227e+00 -7.386411e+01
      vertex   0.000000e+00 3.624227e+00 -7.211435e+01
      vertex   3.000000e+01 3.624227e+00 -7.211435e+01
    endloop
  endfacet
  facet normal -8.458154e-17 9.839296e-01 -1.785569e-01
    outer loop
      vertex   3.000000e+01 3.624227e+00 -7.211435e+01
      vertex   0.000000e+00 3.624227e+00 -7.211435e+01
      vertex   0.000000e+00 3.936659e+00 -7.039271e+01
    endloop
  endfacet
  facet normal 2.961002e-17 9.839296e-01 -1.785569e-01
    outer loop
      vertex   3.000000e+01 3.624227e+00 -7.211435e+01
      vertex   0.000000e+00 3.936659e+00 -7.039271e+01
      vertex   3.000000e+01 3.936659e+00 -7.039271e+01
    endloop
  endfacet
  facet normal 2.771812e-17 9.362349e-01 -3.513748e-01
    outer loop
      vertex   3.000000e+01 3.936659e+00 -7.039271e+01
      vertex   0.000000e+00 3.936659e+00 -7.039271e+01
      vertex   0.000000e+00 4.551480e+00 -6.875453e+01
    endloop
  endfacet
  facet normal 2.961002e-17 9.362349e-01 -3.513748e-01
    outer loop
      vertex   3.000000e+01 3.936659e+00 -7.039271e+01
      vertex   0.000000e+00 4.551480e+00 -6.875453e+01
      vertex   3.000000e+01 4.551480e+00 -6.875453e+01
    endloop
  endfacet
  facet normal 2.541519e-17 8.584488e-01 -5.128993e-01
    outer loop
      vertex   3.000000e+01 4.551480e+00 -6.875453e+01
      vertex   0.000000e+00 4.551480e+00 -6.875453e+01
      vertex   0.000000e+00 5.448931e+00 -6.725245e+01
    endloop
  endfacet
  facet normal 2.538002e-17 8.584488e-01 -5.128993e-01
    outer loop
      vertex   3.000000e+01 4.551480e+00 -6.875453e+01
      vertex   0.000000e+00 5.448931e+00 -6.725245e+01
      vertex   3.000000e+01 5.448931e+00 -6.725245e+01
    endloop
  endfacet
  facet normal 2.229539e-17 7.530715e-01 -6.579387e-01
    outer loop
      vertex   3.000000e+01 5.448931e+00 -6.725245e+01
      vertex   0.000000e+00 5.448931e+00 -6.725245e+01
      vertex   0.000000e+00 6.600165e+00 -6.593476e+01
    endloop
  endfacet
  facet normal 6.768005e-17 7.530715e-01 -6.579387e-01
    outer loop
      vertex   3.000000e+01 5.448931e+00 -6.725245e+01
      vertex   0.000000e+00 6.600165e+00 -6.593476e+01
      vertex   3.000000e+01 6.600165e+00 -6.593476e+01
    endloop
  endfacet
  facet normal 5.537702e-17 6.234898e-01 -7.818315e-01
    outer loop
      vertex   3.000000e+01 6.600165e+00 -6.593476e+01
      vertex   0.000000e+00 6.600165e+00 -6.593476e+01
      vertex   0.000000e+00 7.968182e+00 -6.484380e+01
    endloop
  endfacet
  facet normal 5.499004e-17 6.234898e-01 -7.818315e-01
    outer loop
      vertex   3.000000e+01 6.600165e+00 -6.593476e+01
      vertex   0.000000e+00 7.968182e+00 -6.484380e+01
      vertex   3.000000e+01 7.968182e+00 -6.484380e+01
    endloop
  endfacet
  facet normal 4.208799e-17 4.738687e-01 -8.805955e-01
    outer loop
      vertex   3.000000e+01 7.968182e+00 -6.484380e+01
      vertex   0.000000e+00 7.968182e+00 -6.484380e+01
      vertex   0.000000e+00 9.509012e+00 -6.401464e+01
    endloop
  endfacet
  facet normal -3.891603e-16 4.738687e-01 -8.805955e-01
    outer loop
      vertex   3.000000e+01 7.968182e+00 -6.484380e+01
      vertex   0.000000e+00 9.509012e+00 -6.401464e+01
      vertex   3.000000e+01 9.509012e+00 -6.401464e+01
    endloop
  endfacet
  facet normal -4.322134e-16 3.090170e-01 -9.510565e-01
    outer loop
      vertex   3.000000e+01 9.509012e+00 -6.401464e+01
      vertex   0.000000e+00 9.509012e+00 -6.401464e+01
      vertex   0.000000e+00 1.117313e+01 -6.347394e+01
    endloop
  endfacet
  facet normal 1.903501e-17 3.090170e-01 -9.510565e-01
    outer loop
      vertex   3.000000e+01 9.509012e+00 -6.401464e+01
      vertex   0.000000e+00 1.117313e+01 -6.347394e+01
      vertex   3.000000e+01 1.117313e+01 -6.347394e+01
    endloop
  endfacet
  facet normal 7.948206e-18 1.342333e-01 -9.909498e-01
    outer loop
      vertex   3.000000e+01 1.117313e+01 -6.347394e+01
      vertex   0.000000e+00 1.117313e+01 -6.347394e+01
      vertex   0.000000e+00 1.290706e+01 -6.323906e+01
    endloop
  endfacet
  facet normal 8.460006e-18 1.342333e-01 -9.909498e-01
    outer loop
      vertex   3.000000e+01 1.117313e+01 -6.347394e+01
      vertex   0.000000e+00 1.290706e+01 -6.323906e+01
      vertex   3.000000e+01 1.290706e+01 -6.323906e+01
    endloop
  endfacet
  facet normal -2.656532e-18 -4.486483e-02 -9.989931e-01
    outer loop
      vertex   3.000000e+01 1.290706e+01 -6.323906e+01
      vertex   0.000000e+00 1.290706e+01 -6.323906e+01
      vertex   0.000000e+00 1.465505e+01 -6.331756e+01
    endloop
  endfacet
  facet normal -2.643752e-18 -4.486483e-02 -9.989931e-01
    outer loop
      vertex   3.000000e+01 1.290706e+01 -6.323906e+01
      vertex   0.000000e+00 1.465505e+01 -6.331756e+01
      vertex   3.000000e+01 1.465505e+01 -6.331756e+01
    endloop
  endfacet
  facet normal -1.317589e-17 -2.225209e-01 -9.749279e-01
    outer loop
      vertex   3.000000e+01 1.465505e+01 -6.331756e+01
      vertex   0.000000e+00 1.465505e+01 -6.331756e+01
      vertex   0.000000e+00 1.636094e+01 -6.370692e+01
    endloop
  endfacet
  facet normal 0.000000e+00 -2.225209e-01 -9.749279e-01
    outer loop
      vertex   3.000000e+01 1.465505e+01 -6.331756e+01
      vertex   0.000000e+00 1.636094e+01 -6.370692e+01
      vertex   3.000000e+01 1.636094e+01 -6.370692e+01
    endloop
  endfacet
  facet normal -0.000000e+00 -3.930250e-01 -9.195278e-01
    outer loop
      vertex   3.000000e+01 1.636094e+01 -6.370692e+01
      vertex   0.000000e+00 1.636094e+01 -6.370692e+01
      vertex   0.000000e+00 1.796989e+01 -6.439462e+01
    endloop
  endfacet
  facet normal -4.653003e-17 -3.930250e-01 -9.195278e-01
    outer loop
      vertex   3.000000e+01 1.636094e+01 -6.370692e+01
      vertex   0.000000e+00 1.796989e+01 -6.439462e+01
      vertex   3.000000e+01 1.796989e+01 -6.439462e+01
    endloop
  endfacet
  facet normal -6.523931e-17 -5.508970e-01 -8.345733e-01
    outer loop
      vertex   3.000000e+01 1.796989e+01 -6.439462e+01
      vertex   0.000000e+00 1.796989e+01 -6.439462e+01
      vertex   0.000000e+00 1.943020e+01 -6.535856e+01
    endloop
  endfacet
  facet normal -6.768005e-17 -5.508970e-01 -8.345733e-01
    outer loop
      vertex   3.000000e+01 1.796989e+01 -6.439462e+01
      vertex   0.000000e+00 1.943020e+01 -6.535856e+01
      vertex   3.000000e+01 1.943020e+01 -6.535856e+01
    endloop
  endfacet
  facet normal -8.183826e-17 -6.910626e-01 -7.227949e-01
    outer loop
      vertex   3.000000e+01 1.943020e+01 -6.535856e+01
      vertex   0.000000e+00 1.943020e+01 -6.535856e+01
      vertex   0.000000e+00 2.069491e+01 -6.656775e+01
    endloop
  endfacet
  facet normal 0.000000e+00 -6.910626e-01 -7.227949e-01
    outer loop
      vertex   3.000000e+01 1.943020e+01 -6.535856e+01
      vertex   0.000000e+00 2.069491e+01 -6.656775e+01
      vertex   3.000000e+01 2.069491e+01 -6.656775e+01
    endloop
  endfacet
  facet normal -0.000000e+00 -8.090170e-01 -5.877853e-01
    outer loop
      vertex   3.000000e+01 2.069491e+01 -6.656775e+01
      vertex   0.000000e+00 2.069491e+01 -6.656775e+01
      vertex   0.000000e+00 2.172340e+01 -6.798334e+01
    endloop
  endfacet
  facet normal 0.000000e+00 -8.090170e-01 -5.877853e-01
    outer loop
      vertex   3.000000e+01 2.069491e+01 -6.656775e+01
      vertex   0.000000e+00 2.172340e+01 -6.798334e+01
      vertex   3.000000e+01 2.172340e+01 -6.798334e+01
    endloop
  endfacet
  facet normal -0.000000e+00 -9.009689e-01 -4.338837e-01
    outer loop
      vertex   3.000000e+01 2.172340e+01 -6.798334e+01
      vertex   0.000000e+00 2.172340e+01 -6.798334e+01
      vertex   0.000000e+00 2.248259e+01 -6.955981e+01
    endloop
  endfacet
  facet normal 0.000000e+00 -9.009689e-01 -4.338837e-01
    outer loop
      vertex   3.000000e+01 2.172340e+01 -6.798334e+01
      vertex   0.000000e+00 2.248259e+01 -6.955981e+01
      vertex   3.000000e+01 2.248259e+01 -6.955981e+01
    endloop
  endfacet
  facet normal -0.000000e+00 -9.639629e-01 -2.660368e-01
    outer loop
      vertex   3.000000e+01 2.248259e+01 -6.955981e+01
      vertex   0.000000e+00 2.248259e+01 -6.955981e+01
      vertex   0.000000e+00 2.294809e+01 -7.124652e+01
    endloop
  endfacet
  facet normal 0.000000e+00 -9.639629e-01 -2.660368e-01
    outer loop
      vertex   3.000000e+01 2.248259e+01 -6.955981e+01
      vertex   0.000000e+00 2.294809e+01 -7.124652e+01
      vertex   3.000000e+01 2.294809e+01 -7.124652e+01
    endloop
  endfacet
  facet normal -0.000000e+00 -9.959743e-01 -8.963931e-02
    outer loop
      vertex   3.000000e+01 2.294809e+01 -7.124652e+01
      vertex   0.000000e+00 2.294809e+01 -7.124652e+01
      vertex   0.000000e+00 2.310494e+01 -7.298923e+01
    endloop
  endfacet
  facet normal -0.000000e+00 -9.963975e-01 -8.480592e-02
    outer loop
      vertex   3.000000e+01 1.335116e+02 -1.841269e+02
      vertex   0.000000e+00 1.335116e+02 -1.841269e+02
      vertex   3.000000e+01 1.336640e+02 -1.859175e+02
    endloop
  endfacet
  facet normal -0.000000e+00 -9.963975e-01 -8.480592e-02
    outer loop
      vertex   3.000000e+01 1.336640e+02 -1.859175e+02
      vertex   0.000000e+00 1.335116e+02 -1.841269e+02
      vertex   0.000000e+00 1.336640e+02 -1.859175e+02
    endloop
  endfacet
  facet normal 0.000000e+00 -9.963975e-01 8.480592e-02
    outer loop
      vertex   3.000000e+01 1.336640e+02 -1.859175e+02
      vertex   0.000000e+00 1.336640e+02 -1.859175e+02
      vertex   3.000000e+01 1.335116e+02 -1.877081e+02
    endloop
  endfacet
  facet normal 0.000000e+00 -9.963975e-01 8.480592e-02
    outer loop
      vertex   3.000000e+01 1.335116e+02 -1.877081e+02
      vertex   0.000000e+00 1.336640e+02 -1.859175e+02
      vertex   0.000000e+00 1.335116e+02 -1.877081e+02
    endloop
  endfacet
  facet normal 0.000000e+00 -9.677329e-01 2.519781e-01
    outer loop
      vertex   3.000000e+01 1.335116e+02 -1.877081e+02
      vertex   0.000000e+00 1.335116e+02 -1.877081e+02
      vertex   0.000000e+00 1.330588e+02 -1.894471e+02
    endloop
  endfacet
  facet normal -0.000000e+00 -9.677329e-01 -2.519781e-01
    outer loop
      vertex   3.000000e+01 1.335116e+02 -1.841269e+02
      vertex   3.000000e+01 1.330588e+02 -1.823879e+02
      vertex   0.000000e+00 1.335116e+02 -1.841269e+02
    endloop
  endfacet
  facet normal 0.000000e+00 -9.677329e-01 -2.519781e-01
    outer loop
      vertex   0.000000e+00 1.335116e+02 -1.841269e+02
      vertex   3.000000e+01 1.330588e+02 -1.823879e+02
      vertex   0.000000e+00 1.330588e+02 -1.823879e+02
    endloop
  endfacet
  facet normal 0.000000e+00 -9.112285e-01 -4.119012e-01
    outer loop
      vertex   0.000000e+00 1.330588e+02 -1.823879e+02
      vertex   3.000000e+01 1.330588e+02 -1.823879e+02
      vertex   3.000000e+01 1.323186e+02 -1.807504e+02
    endloop
  endfacet
  facet normal 0.000000e+00 -9.112285e-01 -4.119012e-01
    outer loop
      vertex   0.000000e+00 1.330588e+02 -1.823879e+02
      vertex   3.000000e+01 1.323186e+02 -1.807504e+02
      vertex   0.000000e+00 1.323186e+02 -1.807504e+02
    endloop
  endfacet
  facet normal 0.000000e+00 -8.285096e-01 -5.599748e-01
    outer loop
      vertex   0.000000e+00 1.323186e+02 -1.807504e+02
      vertex   3.000000e+01 1.323186e+02 -1.807504e+02
      vertex   3.000000e+01 1.313123e+02 -1.792615e+02
    endloop
  endfacet
  facet normal 0.000000e+00 -8.285096e-01 -5.599748e-01
    outer loop
      vertex   0.000000e+00 1.323186e+02 -1.807504e+02
      vertex   3.000000e+01 1.313123e+02 -1.792615e+02
      vertex   0.000000e+00 1.313123e+02 -1.792615e+02
    endloop
  endfacet
  facet normal 0.000000e+00 -7.219561e-01 -6.919389e-01
    outer loop
      vertex   0.000000e+00 1.313123e+02 -1.792615e+02
      vertex   3.000000e+01 1.313123e+02 -1.792615e+02
      vertex   3.000000e+01 1.300689e+02 -1.779641e+02
    endloop
  endfacet
  facet normal 0.000000e+00 -7.219561e-01 -6.919389e-01
    outer loop
      vertex   0.000000e+00 1.313123e+02 -1.792615e+02
      vertex   3.000000e+01 1.300689e+02 -1.779641e+02
      vertex   0.000000e+00 1.300689e+02 -1.779641e+02
    endloop
  endfacet
  facet normal 0.000000e+00 -5.946332e-01 -8.039971e-01
    outer loop
      vertex   0.000000e+00 1.300689e+02 -1.779641e+02
      vertex   3.000000e+01 1.300689e+02 -1.779641e+02
      vertex   3.000000e+01 1.286241e+02 -1.768955e+02
    endloop
  endfacet
  facet normal -5.601453e-16 -5.946332e-01 -8.039971e-01
    outer loop
      vertex   0.000000e+00 1.300689e+02 -1.779641e+02
      vertex   3.000000e+01 1.286241e+02 -1.768955e+02
      vertex   0.000000e+00 1.286241e+02 -1.768955e+02
    endloop
  endfacet
  facet normal -4.265187e-16 -4.502037e-01 -8.929259e-01
    outer loop
      vertex   0.000000e+00 1.286241e+02 -1.768955e+02
      vertex   3.000000e+01 1.286241e+02 -1.768955e+02
      vertex   3.000000e+01 1.270195e+02 -1.760865e+02
    endloop
  endfacet
  facet normal 0.000000e+00 -4.502037e-01 -8.929259e-01
    outer loop
      vertex   0.000000e+00 1.286241e+02 -1.768955e+02
      vertex   3.000000e+01 1.270195e+02 -1.760865e+02
      vertex   0.000000e+00 1.270195e+02 -1.760865e+02
    endloop
  endfacet
  facet normal 0.000000e+00 -2.928228e-01 -9.561667e-01
    outer loop
      vertex   0.000000e+00 1.270195e+02 -1.760865e+02
      vertex   3.000000e+01 1.270195e+02 -1.760865e+02
      vertex   3.000000e+01 1.253012e+02 -1.755603e+02
    endloop
  endfacet
  facet normal -2.759540e-16 -2.928228e-01 -9.561667e-01
    outer loop
      vertex   0.000000e+00 1.270195e+02 -1.760865e+02
      vertex   3.000000e+01 1.253012e+02 -1.755603e+02
      vertex   0.000000e+00 1.253012e+02 -1.755603e+02
    endloop
  endfacet
  facet normal -1.203355e-16 -1.270178e-01 -9.919004e-01
    outer loop
      vertex   0.000000e+00 1.253012e+02 -1.755603e+02
      vertex   3.000000e+01 1.253012e+02 -1.755603e+02
      vertex   3.000000e+01 1.235187e+02 -1.753320e+02
    endloop
  endfacet
  facet normal 0.000000e+00 -1.270178e-01 -9.919004e-01
    outer loop
      vertex   0.000000e+00 1.253012e+02 -1.755603e+02
      vertex   3.000000e+01 1.235187e+02 -1.753320e+02
      vertex   0.000000e+00 1.235187e+02 -1.753320e+02
    endloop
  endfacet
  facet normal 0.000000e+00 4.244120e-02 -9.990990e-01
    outer loop
      vertex   0.000000e+00 1.235187e+02 -1.753320e+02
      vertex   3.000000e+01 1.235187e+02 -1.753320e+02
      vertex   3.000000e+01 1.217233e+02 -1.754083e+02
    endloop
  endfacet
  facet normal 0.000000e+00 4.244120e-02 -9.990990e-01
    outer loop
      vertex   0.000000e+00 1.235187e+02 -1.753320e+02
      vertex   3.000000e+01 1.217233e+02 -1.754083e+02
      vertex   0.000000e+00 1.217233e+02 -1.754083e+02
    endloop
  endfacet
  facet normal 0.000000e+00 2.106793e-01 -9.775552e-01
    outer loop
      vertex   0.000000e+00 1.217233e+02 -1.754083e+02
      vertex   3.000000e+01 1.217233e+02 -1.754083e+02
      vertex   3.000000e+01 1.199666e+02 -1.757869e+02
    endloop
  endfacet
  facet normal 0.000000e+00 2.106793e-01 -9.775552e-01
    outer loop
      vertex   0.000000e+00 1.217233e+02 -1.754083e+02
      vertex   3.000000e+01 1.199666e+02 -1.757869e+02
      vertex   0.000000e+00 1.199666e+02 -1.757869e+02
    endloop
  endfacet
  facet normal 0.000000e+00 3.728565e-01 -9.278890e-01
    outer loop
      vertex   0.000000e+00 1.199666e+02 -1.757869e+02
      vertex   3.000000e+01 1.199666e+02 -1.757869e+02
      vertex   3.000000e+01 1.182991e+02 -1.764569e+02
    endloop
  endfacet
  facet normal 1.771048e-16 3.728565e-01 -9.278890e-01
    outer loop
      vertex   0.000000e+00 1.199666e+02 -1.757869e+02
      vertex   3.000000e+01 1.182991e+02 -1.764569e+02
      vertex   0.000000e+00 1.182991e+02 -1.764569e+02
    endloop
  endfacet
  facet normal 2.483618e-16 5.243073e-01 -8.515291e-01
    outer loop
      vertex   0.000000e+00 1.182991e+02 -1.764569e+02
      vertex   3.000000e+01 1.182991e+02 -1.764569e+02
      vertex   3.000000e+01 1.167689e+02 -1.773991e+02
    endloop
  endfacet
  facet normal 0.000000e+00 5.243073e-01 -8.515291e-01
    outer loop
      vertex   0.000000e+00 1.182991e+02 -1.764569e+02
      vertex   3.000000e+01 1.167689e+02 -1.773991e+02
      vertex   0.000000e+00 1.167689e+02 -1.773991e+02
    endloop
  endfacet
  facet normal 0.000000e+00 6.606747e-01 -7.506723e-01
    outer loop
      vertex   0.000000e+00 1.167689e+02 -1.773991e+02
      vertex   3.000000e+01 1.167689e+02 -1.773991e+02
      vertex   3.000000e+01 1.154199e+02 -1.785864e+02
    endloop
  endfacet
  facet normal 0.000000e+00 6.606747e-01 -7.506723e-01
    outer loop
      vertex   0.000000e+00 1.167689e+02 -1.773991e+02
      vertex   3.000000e+01 1.154199e+02 -1.785864e+02
      vertex   0.000000e+00 1.154199e+02 -1.785864e+02
    endloop
  endfacet
  facet normal 0.000000e+00 7.780358e-01 -6.282200e-01
    outer loop
      vertex   0.000000e+00 1.154199e+02 -1.785864e+02
      vertex   3.000000e+01 1.154199e+02 -1.785864e+02
      vertex   3.000000e+01 1.142910e+02 -1.799846e+02
    endloop
  endfacet
  facet normal 0.000000e+00 7.780358e-01 -6.282200e-01
    outer loop
      vertex   0.000000e+00 1.154199e+02 -1.785864e+02
      vertex   3.000000e+01 1.142910e+02 -1.799846e+02
      vertex   0.000000e+00 1.142910e+02 -1.799846e+02
    endloop
  endfacet
  facet normal 0.000000e+00 8.730141e-01 -4.876949e-01
    outer loop
      vertex   0.000000e+00 1.142910e+02 -1.799846e+02
      vertex   3.000000e+01 1.142910e+02 -1.799846e+02
      vertex   3.000000e+01 1.134146e+02 -1.815534e+02
    endloop
  endfacet
  facet normal 0.000000e+00 8.730141e-01 -4.876949e-01
    outer loop
      vertex   0.000000e+00 1.142910e+02 -1.799846e+02
      vertex   3.000000e+01 1.134146e+02 -1.815534e+02
      vertex   0.000000e+00 1.134146e+02 -1.815534e+02
    endloop
  endfacet
  facet normal 0.000000e+00 9.428774e-01 -3.331398e-01
    outer loop
      vertex   0.000000e+00 1.134146e+02 -1.815534e+02
      vertex   3.000000e+01 1.134146e+02 -1.815534e+02
      vertex   3.000000e+01 1.128159e+02 -1.832478e+02
    endloop
  endfacet
  facet normal 0.000000e+00 9.428774e-01 -3.331398e-01
    outer loop
      vertex   0.000000e+00 1.134146e+02 -1.815534e+02
      vertex   3.000000e+01 1.128159e+02 -1.832478e+02
      vertex   0.000000e+00 1.128159e+02 -1.832478e+02
    endloop
  endfacet
  facet normal 0.000000e+00 9.856159e-01 -1.690008e-01
    outer loop
      vertex   0.000000e+00 1.128159e+02 -1.832478e+02
      vertex   3.000000e+01 1.128159e+02 -1.832478e+02
      vertex   3.000000e+01 1.125122e+02 -1.850190e+02
    endloop
  endfacet
  facet normal -1.606299e-16 9.856159e-01 -1.690008e-01
    outer loop
      vertex   0.000000e+00 1.128159e+02 -1.832478e+02
      vertex   3.000000e+01 1.125122e+02 -1.850190e+02
      vertex   0.000000e+00 1.125122e+02 -1.850190e+02
    endloop
  endfacet
  facet normal 0.000000e+00 1.000000e+00 0.000000e+00
    outer loop
      vertex   0.000000e+00 1.125122e+02 -1.850190e+02
      vertex   3.000000e+01 1.125122e+02 -1.850190e+02
      vertex   3.000000e+01 1.125122e+02 -1.868160e+02
    endloop
  endfacet
  facet normal 0.000000e+00 1.000000e+00 0.000000e+00
    outer loop
      vertex   0.000000e+00 1.125122e+02 -1.850190e+02
      vertex   3.000000e+01 1.125122e+02 -1.868160e+02
      vertex   0.000000e+00 1.125122e+02 -1.868160e+02
    endloop
  endfacet
  facet normal 1.601097e-16 9.856159e-01 1.690008e-01
    outer loop
      vertex   0.000000e+00 1.125122e+02 -1.868160e+02
      vertex   3.000000e+01 1.125122e+02 -1.868160e+02
      vertex   3.000000e+01 1.128159e+02 -1.885872e+02
    endloop
  endfacet
  facet normal 0.000000e+00 9.856159e-01 1.690008e-01
    outer loop
      vertex   0.000000e+00 1.125122e+02 -1.868160e+02
      vertex   3.000000e+01 1.128159e+02 -1.885872e+02
      vertex   0.000000e+00 1.128159e+02 -1.885872e+02
    endloop
  endfacet
  facet normal -0.000000e+00 9.428774e-01 3.331398e-01
    outer loop
      vertex   0.000000e+00 1.128159e+02 -1.885872e+02
      vertex   3.000000e+01 1.128159e+02 -1.885872e+02
      vertex   3.000000e+01 1.134146e+02 -1.902816e+02
    endloop
  endfacet
  facet normal 0.000000e+00 9.428774e-01 3.331398e-01
    outer loop
      vertex   0.000000e+00 1.128159e+02 -1.885872e+02
      vertex   3.000000e+01 1.134146e+02 -1.902816e+02
      vertex   0.000000e+00 1.134146e+02 -1.902816e+02
    endloop
  endfacet
  facet normal -0.000000e+00 8.730141e-01 4.876949e-01
    outer loop
      vertex   0.000000e+00 1.134146e+02 -1.902816e+02
      vertex   3.000000e+01 1.134146e+02 -1.902816e+02
      vertex   3.000000e+01 1.142910e+02 -1.918504e+02
    endloop
  endfacet
  facet normal 0.000000e+00 8.730141e-01 4.876949e-01
    outer loop
      vertex   0.000000e+00 1.134146e+02 -1.902816e+02
      vertex   3.000000e+01 1.142910e+02 -1.918504e+02
      vertex   0.000000e+00 1.142910e+02 -1.918504e+02
    endloop
  endfacet
  facet normal -0.000000e+00 7.780358e-01 6.282200e-01
    outer loop
      vertex   0.000000e+00 1.142910e+02 -1.918504e+02
      vertex   3.000000e+01 1.142910e+02 -1.918504e+02
      vertex   3.000000e+01 1.154199e+02 -1.932486e+02
    endloop
  endfacet
  facet normal 0.000000e+00 7.780358e-01 6.282200e-01
    outer loop
      vertex   0.000000e+00 1.142910e+02 -1.918504e+02
      vertex   3.000000e+01 1.154199e+02 -1.932486e+02
      vertex   0.000000e+00 1.154199e+02 -1.932486e+02
    endloop
  endfacet
  facet normal -0.000000e+00 6.606747e-01 7.506723e-01
    outer loop
      vertex   0.000000e+00 1.154199e+02 -1.932486e+02
      vertex   3.000000e+01 1.154199e+02 -1.932486e+02
      vertex   3.000000e+01 1.167689e+02 -1.944358e+02
    endloop
  endfacet
  facet normal 0.000000e+00 6.606747e-01 7.506723e-01
    outer loop
      vertex   0.000000e+00 1.154199e+02 -1.932486e+02
      vertex   3.000000e+01 1.167689e+02 -1.944358e+02
      vertex   0.000000e+00 1.167689e+02 -1.944358e+02
    endloop
  endfacet
  facet normal -0.000000e+00 5.243073e-01 8.515291e-01
    outer loop
      vertex   0.000000e+00 1.167689e+02 -1.944358e+02
      vertex   3.000000e+01 1.167689e+02 -1.944358e+02
      vertex   3.000000e+01 1.182991e+02 -1.953780e+02
    endloop
  endfacet
  facet normal -2.471229e-16 5.243073e-01 8.515291e-01
    outer loop
      vertex   0.000000e+00 1.167689e+02 -1.944358e+02
      vertex   3.000000e+01 1.182991e+02 -1.953780e+02
      vertex   0.000000e+00 1.182991e+02 -1.953780e+02
    endloop
  endfacet
  facet normal -1.766203e-16 3.728565e-01 9.278890e-01
    outer loop
      vertex   0.000000e+00 1.182991e+02 -1.953780e+02
      vertex   3.000000e+01 1.182991e+02 -1.953780e+02
      vertex   3.000000e+01 1.199666e+02 -1.960481e+02
    endloop
  endfacet
  facet normal 0.000000e+00 3.728565e-01 9.278890e-01
    outer loop
      vertex   0.000000e+00 1.182991e+02 -1.953780e+02
      vertex   3.000000e+01 1.199666e+02 -1.960481e+02
      vertex   0.000000e+00 1.199666e+02 -1.960481e+02
    endloop
  endfacet
  facet normal -0.000000e+00 2.106793e-01 9.775552e-01
    outer loop
      vertex   0.000000e+00 1.199666e+02 -1.960481e+02
      vertex   3.000000e+01 1.199666e+02 -1.960481e+02
      vertex   3.000000e+01 1.217233e+02 -1.964267e+02
    endloop
  endfacet
  facet normal 0.000000e+00 2.106793e-01 9.775552e-01
    outer loop
      vertex   0.000000e+00 1.199666e+02 -1.960481e+02
      vertex   3.000000e+01 1.217233e+02 -1.964267e+02
      vertex   0.000000e+00 1.217233e+02 -1.964267e+02
    endloop
  endfacet
  facet normal -0.000000e+00 4.244120e-02 9.990990e-01
    outer loop
      vertex   0.000000e+00 1.217233e+02 -1.964267e+02
      vertex   3.000000e+01 1.217233e+02 -1.964267e+02
      vertex   3.000000e+01 1.235187e+02 -1.965029e+02
    endloop
  endfacet
  facet normal 0.000000e+00 4.244120e-02 9.990990e-01
    outer loop
      vertex   0.000000e+00 1.217233e+02 -1.964267e+02
      vertex   3.000000e+01 1.235187e+02 -1.965029e+02
      vertex   0.000000e+00 1.235187e+02 -1.965029e+02
    endloop
  endfacet
  facet normal 0.000000e+00 -1.270178e-01 9.919004e-01
    outer loop
      vertex   0.000000e+00 1.235187e+02 -1.965029e+02
      vertex   3.000000e+01 1.235187e+02 -1.965029e+02
      vertex   3.000000e+01 1.253012e+02 -1.962747e+02
    endloop
  endfacet
  facet normal 1.204724e-16 -1.270178e-01 9.919004e-01
    outer loop
      vertex   0.000000e+00 1.235187e+02 -1.965029e+02
      vertex   3.000000e+01 1.253012e+02 -1.962747e+02
      vertex   0.000000e+00 1.253012e+02 -1.962747e+02
    endloop
  endfacet
  facet normal 2.774175e-16 -2.928228e-01 9.561667e-01
    outer loop
      vertex   0.000000e+00 1.253012e+02 -1.962747e+02
      vertex   3.000000e+01 1.253012e+02 -1.962747e+02
      vertex   3.000000e+01 1.270195e+02 -1.957485e+02
    endloop
  endfacet
  facet normal 0.000000e+00 -2.928228e-01 9.561667e-01
    outer loop
      vertex   0.000000e+00 1.253012e+02 -1.962747e+02
      vertex   3.000000e+01 1.270195e+02 -1.957485e+02
      vertex   0.000000e+00 1.270195e+02 -1.957485e+02
    endloop
  endfacet
  facet normal 0.000000e+00 -4.502037e-01 8.929259e-01
    outer loop
      vertex   0.000000e+00 1.270195e+02 -1.957485e+02
      vertex   3.000000e+01 1.270195e+02 -1.957485e+02
      vertex   3.000000e+01 1.286241e+02 -1.949394e+02
    endloop
  endfacet
  facet normal 4.283464e-16 -4.502037e-01 8.929259e-01
    outer loop
      vertex   0.000000e+00 1.270195e+02 -1.957485e+02
      vertex   3.000000e+01 1.286241e+02 -1.949394e+02
      vertex   0.000000e+00 1.286241e+02 -1.949394e+02
    endloop
  endfacet
  facet normal 5.633497e-16 -5.946332e-01 8.039971e-01
    outer loop
      vertex   0.000000e+00 1.286241e+02 -1.949394e+02
      vertex   3.000000e+01 1.286241e+02 -1.949394e+02
      vertex   3.000000e+01 1.300689e+02 -1.938709e+02
    endloop
  endfacet
  facet normal 0.000000e+00 -5.946332e-01 8.039971e-01
    outer loop
      vertex   0.000000e+00 1.286241e+02 -1.949394e+02
      vertex   3.000000e+01 1.300689e+02 -1.938709e+02
      vertex   0.000000e+00 1.300689e+02 -1.938709e+02
    endloop
  endfacet
  facet normal 0.000000e+00 -7.219561e-01 6.919389e-01
    outer loop
      vertex   0.000000e+00 1.300689e+02 -1.938709e+02
      vertex   3.000000e+01 1.300689e+02 -1.938709e+02
      vertex   3.000000e+01 1.313123e+02 -1.925735e+02
    endloop
  endfacet
  facet normal 0.000000e+00 -7.219561e-01 6.919389e-01
    outer loop
      vertex   0.000000e+00 1.300689e+02 -1.938709e+02
      vertex   3.000000e+01 1.313123e+02 -1.925735e+02
      vertex   0.000000e+00 1.313123e+02 -1.925735e+02
    endloop
  endfacet
  facet normal 0.000000e+00 -8.285096e-01 5.599748e-01
    outer loop
      vertex   0.000000e+00 1.313123e+02 -1.925735e+02
      vertex   3.000000e+01 1.313123e+02 -1.925735e+02
      vertex   3.000000e+01 1.323186e+02 -1.910846e+02
    endloop
  endfacet
  facet normal 0.000000e+00 -8.285096e-01 5.599748e-01
    outer loop
      vertex   0.000000e+00 1.313123e+02 -1.925735e+02
      vertex   3.000000e+01 1.323186e+02 -1.910846e+02
      vertex   0.000000e+00 1.323186e+02 -1.910846e+02
    endloop
  endfacet
  facet normal 0.000000e+00 -9.112285e-01 4.119012e-01
    outer loop
      vertex   0.000000e+00 1.323186e+02 -1.910846e+02
      vertex   3.000000e+01 1.323186e+02 -1.910846e+02
      vertex   3.000000e+01 1.330588e+02 -1.894471e+02
    endloop
  endfacet
  facet normal 0.000000e+00 -9.112285e-01 4.119012e-01
    outer loop
      vertex   0.000000e+00 1.323186e+02 -1.910846e+02
      vertex   3.000000e+01 1.330588e+02 -1.894471e+02
      vertex   0.000000e+00 1.330588e+02 -1.894471e+02
    endloop
  endfacet
  facet normal 0.000000e+00 -9.677329e-01 2.519781e-01
    outer loop
      vertex   0.000000e+00 1.330588e+02 -1.894471e+02
      vertex   3.000000e+01 1.330588e+02 -1.894471e+02
      vertex   3.000000e+01 1.335116e+02 -1.877081e+02
    endloop
  endfacet
  facet normal 6.465220e-17 -9.976688e-01 -6.824241e-02
    outer loop
      vertex   3.000000e+01 1.044359e+02 -1.773431e+02
      vertex   0.000000e+00 1.044359e+02 -1.773431e+02
      vertex   3.000000e+01 1.045927e+02 -1.796353e+02
    endloop
  endfacet
  facet normal -0.000000e+00 -9.976688e-01 -6.824241e-02
    outer loop
      vertex   3.000000e+01 1.045927e+02 -1.796353e+02
      vertex   0.000000e+00 1.044359e+02 -1.773431e+02
      vertex   0.000000e+00 1.045927e+02 -1.796353e+02
    endloop
  endfacet
  facet normal 0.000000e+00 -9.976688e-01 6.824241e-02
    outer loop
      vertex   3.000000e+01 1.045927e+02 -1.796353e+02
      vertex   0.000000e+00 1.045927e+02 -1.796353e+02
      vertex   3.000000e+01 1.044359e+02 -1.819276e+02
    endloop
  endfacet
  facet normal -6.465220e-17 -9.976688e-01 6.824241e-02
    outer loop
      vertex   3.000000e+01 1.044359e+02 -1.819276e+02
      vertex   0.000000e+00 1.045927e+02 -1.796353e+02
      vertex   0.000000e+00 1.044359e+02 -1.819276e+02
    endloop
  endfacet
  facet normal -1.927523e-16 -9.790841e-01 2.034560e-01
    outer loop
      vertex   3.000000e+01 1.044359e+02 -1.819276e+02
      vertex   0.000000e+00 1.044359e+02 -1.819276e+02
      vertex   3.000000e+01 1.039684e+02 -1.841771e+02
    endloop
  endfacet
  facet normal 0.000000e+00 -9.790841e-01 2.034560e-01
    outer loop
      vertex   3.000000e+01 1.039684e+02 -1.841771e+02
      vertex   0.000000e+00 1.044359e+02 -1.819276e+02
      vertex   0.000000e+00 1.039684e+02 -1.841771e+02
    endloop
  endfacet
  facet normal 0.000000e+00 -9.422609e-01 3.348796e-01
    outer loop
      vertex   3.000000e+01 1.039684e+02 -1.841771e+02
      vertex   0.000000e+00 1.039684e+02 -1.841771e+02
      vertex   3.000000e+01 1.031990e+02 -1.863420e+02
    endloop
  endfacet
  facet normal 0.000000e+00 -9.422609e-01 3.348796e-01
    outer loop
      vertex   3.000000e+01 1.031990e+02 -1.863420e+02
      vertex   0.000000e+00 1.039684e+02 -1.841771e+02
      vertex   0.000000e+00 1.031990e+02 -1.863420e+02
    endloop
  endfacet
  facet normal 0.000000e+00 -8.878852e-01 4.600650e-01
    outer loop
      vertex   3.000000e+01 1.031990e+02 -1.863420e+02
      vertex   0.000000e+00 1.031990e+02 -1.863420e+02
      vertex   3.000000e+01 1.021419e+02 -1.883820e+02
    endloop
  endfacet
  facet normal 0.000000e+00 -8.878852e-01 4.600650e-01
    outer loop
      vertex   3.000000e+01 1.021419e+02 -1.883820e+02
      vertex   0.000000e+00 1.031990e+02 -1.863420e+02
      vertex   0.000000e+00 1.021419e+02 -1.883820e+02
    endloop
  endfacet
  facet normal 0.000000e+00 -8.169699e-01 5.766803e-01
    outer loop
      vertex   3.000000e+01 1.021419e+02 -1.883820e+02
      vertex   0.000000e+00 1.021419e+02 -1.883820e+02
      vertex   3.000000e+01 1.008170e+02 -1.902591e+02
    endloop
  endfacet
  facet normal 0.000000e+00 -8.169699e-01 5.766803e-01
    outer loop
      vertex   3.000000e+01 1.008170e+02 -1.902591e+02
      vertex   0.000000e+00 1.021419e+02 -1.883820e+02
      vertex   0.000000e+00 1.008170e+02 -1.902591e+02
    endloop
  endfacet
  facet normal 0.000000e+00 -7.308360e-01 6.825531e-01
    outer loop
      vertex   3.000000e+01 1.008170e+02 -1.902591e+02
      vertex   0.000000e+00 1.008170e+02 -1.902591e+02
      vertex   3.000000e+01 9.924874e+01 -1.919382e+02
    endloop
  endfacet
  facet normal -3.004508e-16 -7.308360e-01 6.825531e-01
    outer loop
      vertex   3.000000e+01 9.924874e+01 -1.919382e+02
      vertex   0.000000e+00 1.008170e+02 -1.902591e+02
      vertex   0.000000e+00 9.924874e+01 -1.919382e+02
    endloop
  endfacet
  facet normal -4.359581e-16 -6.310879e-01 7.757113e-01
    outer loop
      vertex   3.000000e+01 9.924874e+01 -1.919382e+02
      vertex   0.000000e+00 9.924874e+01 -1.919382e+02
      vertex   3.000000e+01 9.746647e+01 -1.933882e+02
    endloop
  endfacet
  facet normal 0.000000e+00 -6.310879e-01 7.757113e-01
    outer loop
      vertex   3.000000e+01 9.746647e+01 -1.933882e+02
      vertex   0.000000e+00 9.924874e+01 -1.919382e+02
      vertex   0.000000e+00 9.746647e+01 -1.933882e+02
    endloop
  endfacet
  facet normal 0.000000e+00 -5.195840e-01 8.544194e-01
    outer loop
      vertex   3.000000e+01 9.746647e+01 -1.933882e+02
      vertex   0.000000e+00 9.746647e+01 -1.933882e+02
      vertex   3.000000e+01 9.550336e+01 -1.945820e+02
    endloop
  endfacet
  facet normal 2.461244e-16 -5.195840e-01 8.544194e-01
    outer loop
      vertex   3.000000e+01 9.550336e+01 -1.945820e+02
      vertex   0.000000e+00 9.746647e+01 -1.933882e+02
      vertex   0.000000e+00 9.550336e+01 -1.945820e+02
    endloop
  endfacet
  facet normal 1.887207e-16 -3.984011e-01 9.172113e-01
    outer loop
      vertex   3.000000e+01 9.550336e+01 -1.945820e+02
      vertex   0.000000e+00 9.550336e+01 -1.945820e+02
      vertex   3.000000e+01 9.339598e+01 -1.954974e+02
    endloop
  endfacet
  facet normal 1.887207e-16 -3.984011e-01 9.172113e-01
    outer loop
      vertex   3.000000e+01 9.339598e+01 -1.954974e+02
      vertex   0.000000e+00 9.550336e+01 -1.945820e+02
      vertex   0.000000e+00 9.339598e+01 -1.954974e+02
    endloop
  endfacet
  facet normal 1.278014e-16 -2.697968e-01 9.629173e-01
    outer loop
      vertex   3.000000e+01 9.339598e+01 -1.954974e+02
      vertex   0.000000e+00 9.339598e+01 -1.954974e+02
      vertex   3.000000e+01 9.118359e+01 -1.961173e+02
    endloop
  endfacet
  facet normal 1.278014e-16 -2.697968e-01 9.629173e-01
    outer loop
      vertex   3.000000e+01 9.118359e+01 -1.961173e+02
      vertex   0.000000e+00 9.339598e+01 -1.954974e+02
      vertex   0.000000e+00 9.118359e+01 -1.961173e+02
    endloop
  endfacet
  facet normal 6.450148e-17 -1.361666e-01 9.906859e-01
    outer loop
      vertex   3.000000e+01 9.118359e+01 -1.961173e+02
      vertex   0.000000e+00 9.118359e+01 -1.961173e+02
      vertex   3.000000e+01 8.890740e+01 -1.964301e+02
    endloop
  endfacet
  facet normal 0.000000e+00 -1.361666e-01 9.906859e-01
    outer loop
      vertex   3.000000e+01 8.890740e+01 -1.964301e+02
      vertex   0.000000e+00 9.118359e+01 -1.961173e+02
      vertex   0.000000e+00 8.890740e+01 -1.964301e+02
    endloop
  endfacet
  facet normal 0.000000e+00 0.000000e+00 1.000000e+00
    outer loop
      vertex   3.000000e+01 8.890740e+01 -1.964301e+02
      vertex   0.000000e+00 8.890740e+01 -1.964301e+02
      vertex   3.000000e+01 8.660980e+01 -1.964301e+02
    endloop
  endfacet
  facet normal 0.000000e+00 0.000000e+00 1.000000e+00
    outer loop
      vertex   3.000000e+01 8.660980e+01 -1.964301e+02
      vertex   0.000000e+00 8.890740e+01 -1.964301e+02
      vertex   0.000000e+00 8.660980e+01 -1.964301e+02
    endloop
  endfacet
  facet normal -6.450148e-17 1.361666e-01 9.906859e-01
    outer loop
      vertex   3.000000e+01 8.660980e+01 -1.964301e+02
      vertex   0.000000e+00 8.660980e+01 -1.964301e+02
      vertex   3.000000e+01 8.433361e+01 -1.961173e+02
    endloop
  endfacet
  facet normal 0.000000e+00 1.361666e-01 9.906859e-01
    outer loop
      vertex   3.000000e+01 8.433361e+01 -1.961173e+02
      vertex   0.000000e+00 8.660980e+01 -1.964301e+02
      vertex   0.000000e+00 8.433361e+01 -1.961173e+02
    endloop
  endfacet
  facet normal 0.000000e+00 2.697968e-01 9.629173e-01
    outer loop
      vertex   3.000000e+01 8.433361e+01 -1.961173e+02
      vertex   0.000000e+00 8.433361e+01 -1.961173e+02
      vertex   3.000000e+01 8.212122e+01 -1.954974e+02
    endloop
  endfacet
  facet normal -1.278014e-16 2.697968e-01 9.629173e-01
    outer loop
      vertex   3.000000e+01 8.212122e+01 -1.954974e+02
      vertex   0.000000e+00 8.433361e+01 -1.961173e+02
      vertex   0.000000e+00 8.212122e+01 -1.954974e+02
    endloop
  endfacet
  facet normal -1.887207e-16 3.984011e-01 9.172113e-01
    outer loop
      vertex   3.000000e+01 8.212122e+01 -1.954974e+02
      vertex   0.000000e+00 8.212122e+01 -1.954974e+02
      vertex   3.000000e+01 8.001384e+01 -1.945820e+02
    endloop
  endfacet
  facet normal -3.774413e-16 3.984011e-01 9.172113e-01
    outer loop
      vertex   3.000000e+01 8.001384e+01 -1.945820e+02
      vertex   0.000000e+00 8.212122e+01 -1.954974e+02
      vertex   0.000000e+00 8.001384e+01 -1.945820e+02
    endloop
  endfacet
  facet normal -4.922488e-16 5.195840e-01 8.544194e-01
    outer loop
      vertex   3.000000e+01 8.001384e+01 -1.945820e+02
      vertex   0.000000e+00 8.001384e+01 -1.945820e+02
      vertex   3.000000e+01 7.805073e+01 -1.933882e+02
    endloop
  endfacet
  facet normal 0.000000e+00 5.195840e-01 8.544194e-01
    outer loop
      vertex   3.000000e+01 7.805073e+01 -1.933882e+02
      vertex   0.000000e+00 8.001384e+01 -1.945820e+02
      vertex   0.000000e+00 7.805073e+01 -1.933882e+02
    endloop
  endfacet
  facet normal 0.000000e+00 6.310879e-01 7.757113e-01
    outer loop
      vertex   3.000000e+01 7.805073e+01 -1.933882e+02
      vertex   0.000000e+00 7.805073e+01 -1.933882e+02
      vertex   3.000000e+01 7.626846e+01 -1.919382e+02
    endloop
  endfacet
  facet normal 7.349014e-16 6.310879e-01 7.757113e-01
    outer loop
      vertex   3.000000e+01 7.626846e+01 -1.919382e+02
      vertex   0.000000e+00 7.805073e+01 -1.933882e+02
      vertex   0.000000e+00 7.626846e+01 -1.919382e+02
    endloop
  endfacet
  facet normal 6.466442e-16 7.308360e-01 6.825531e-01
    outer loop
      vertex   3.000000e+01 7.626846e+01 -1.919382e+02
      vertex   0.000000e+00 7.626846e+01 -1.919382e+02
      vertex   3.000000e+01 7.470023e+01 -1.902591e+02
    endloop
  endfacet
  facet normal 0.000000e+00 7.308360e-01 6.825531e-01
    outer loop
      vertex   3.000000e+01 7.470023e+01 -1.902591e+02
      vertex   0.000000e+00 7.626846e+01 -1.919382e+02
      vertex   0.000000e+00 7.470023e+01 -1.902591e+02
    endloop
  endfacet
  facet normal 0.000000e+00 8.169699e-01 5.766803e-01
    outer loop
      vertex   3.000000e+01 7.470023e+01 -1.902591e+02
      vertex   0.000000e+00 7.470023e+01 -1.902591e+02
      vertex   3.000000e+01 7.337525e+01 -1.883820e+02
    endloop
  endfacet
  facet normal 0.000000e+00 8.169699e-01 5.766803e-01
    outer loop
      vertex   3.000000e+01 7.337525e+01 -1.883820e+02
      vertex   0.000000e+00 7.470023e+01 -1.902591e+02
      vertex   0.000000e+00 7.337525e+01 -1.883820e+02
    endloop
  endfacet
  facet normal 0.000000e+00 8.878852e-01 4.600650e-01
    outer loop
      vertex   3.000000e+01 7.337525e+01 -1.883820e+02
      vertex   0.000000e+00 7.337525e+01 -1.883820e+02
      vertex   3.000000e+01 7.231821e+01 -1.863420e+02
    endloop
  endfacet
  facet normal 0.000000e+00 8.878852e-01 4.600650e-01
    outer loop
      vertex   3.000000e+01 7.231821e+01 -1.863420e+02
      vertex   0.000000e+00 7.337525e+01 -1.883820e+02
      vertex   0.000000e+00 7.231821e+01 -1.863420e+02
    endloop
  endfacet
  facet normal 0.000000e+00 9.422609e-01 3.348796e-01
    outer loop
      vertex   3.000000e+01 7.231821e+01 -1.863420e+02
      vertex   0.000000e+00 7.231821e+01 -1.863420e+02
      vertex   3.000000e+01 7.154879e+01 -1.841771e+02
    endloop
  endfacet
  facet normal -4.463444e-16 9.422609e-01 3.348796e-01
    outer loop
      vertex   3.000000e+01 7.154879e+01 -1.841771e+02
      vertex   0.000000e+00 7.231821e+01 -1.863420e+02
      vertex   0.000000e+00 7.154879e+01 -1.841771e+02
    endloop
  endfacet
  facet normal -4.637874e-16 9.790841e-01 2.034560e-01
    outer loop
      vertex   3.000000e+01 7.154879e+01 -1.841771e+02
      vertex   0.000000e+00 7.154879e+01 -1.841771e+02
      vertex   3.000000e+01 7.108134e+01 -1.819276e+02
    endloop
  endfacet
  facet normal 0.000000e+00 9.790841e-01 2.034560e-01
    outer loop
      vertex   3.000000e+01 7.108134e+01 -1.819276e+02
      vertex   0.000000e+00 7.154879e+01 -1.841771e+02
      vertex   0.000000e+00 7.108134e+01 -1.819276e+02
    endloop
  endfacet
  facet normal 0.000000e+00 9.976688e-01 6.824241e-02
    outer loop
      vertex   3.000000e+01 7.108134e+01 -1.819276e+02
      vertex   0.000000e+00 7.108134e+01 -1.819276e+02
      vertex   3.000000e+01 7.092454e+01 -1.796353e+02
    endloop
  endfacet
  facet normal 0.000000e+00 9.976688e-01 6.824241e-02
    outer loop
      vertex   3.000000e+01 7.092454e+01 -1.796353e+02
      vertex   0.000000e+00 7.108134e+01 -1.819276e+02
      vertex   0.000000e+00 7.092454e+01 -1.796353e+02
    endloop
  endfacet
  facet normal 0.000000e+00 9.976688e-01 -6.824241e-02
    outer loop
      vertex   3.000000e+01 7.092454e+01 -1.796353e+02
      vertex   0.000000e+00 7.092454e+01 -1.796353e+02
      vertex   3.000000e+01 7.108134e+01 -1.773431e+02
    endloop
  endfacet
  facet normal 0.000000e+00 9.976688e-01 -6.824241e-02
    outer loop
      vertex   3.000000e+01 7.108134e+01 -1.773431e+02
      vertex   0.000000e+00 7.092454e+01 -1.796353e+02
      vertex   0.000000e+00 7.108134e+01 -1.773431e+02
    endloop
  endfacet
  facet normal 0.000000e+00 9.790841e-01 -2.034560e-01
    outer loop
      vertex   3.000000e+01 7.108134e+01 -1.773431e+02
      vertex   0.000000e+00 7.108134e+01 -1.773431e+02
      vertex   3.000000e+01 7.154879e+01 -1.750935e+02
    endloop
  endfacet
  facet normal 4.637874e-16 9.790841e-01 -2.034560e-01
    outer loop
      vertex   3.000000e+01 7.154879e+01 -1.750935e+02
      vertex   0.000000e+00 7.108134e+01 -1.773431e+02
      vertex   0.000000e+00 7.154879e+01 -1.750935e+02
    endloop
  endfacet
  facet normal 4.463444e-16 9.422609e-01 -3.348796e-01
    outer loop
      vertex   3.000000e+01 7.154879e+01 -1.750935e+02
      vertex   0.000000e+00 7.154879e+01 -1.750935e+02
      vertex   3.000000e+01 7.231821e+01 -1.729286e+02
    endloop
  endfacet
  facet normal 0.000000e+00 9.422609e-01 -3.348796e-01
    outer loop
      vertex   3.000000e+01 7.231821e+01 -1.729286e+02
      vertex   0.000000e+00 7.154879e+01 -1.750935e+02
      vertex   0.000000e+00 7.231821e+01 -1.729286e+02
    endloop
  endfacet
  facet normal 0.000000e+00 8.878852e-01 -4.600650e-01
    outer loop
      vertex   3.000000e+01 7.231821e+01 -1.729286e+02
      vertex   0.000000e+00 7.231821e+01 -1.729286e+02
      vertex   3.000000e+01 7.337525e+01 -1.708886e+02
    endloop
  endfacet
  facet normal 0.000000e+00 8.878852e-01 -4.600650e-01
    outer loop
      vertex   3.000000e+01 7.337525e+01 -1.708886e+02
      vertex   0.000000e+00 7.231821e+01 -1.729286e+02
      vertex   0.000000e+00 7.337525e+01 -1.708886e+02
    endloop
  endfacet
  facet normal 0.000000e+00 8.169699e-01 -5.766803e-01
    outer loop
      vertex   3.000000e+01 7.337525e+01 -1.708886e+02
      vertex   0.000000e+00 7.337525e+01 -1.708886e+02
      vertex   3.000000e+01 7.470023e+01 -1.690115e+02
    endloop
  endfacet
  facet normal 0.000000e+00 8.169699e-01 -5.766803e-01
    outer loop
      vertex   3.000000e+01 7.470023e+01 -1.690115e+02
      vertex   0.000000e+00 7.337525e+01 -1.708886e+02
      vertex   0.000000e+00 7.470023e+01 -1.690115e+02
    endloop
  endfacet
  facet normal 0.000000e+00 7.308360e-01 -6.825531e-01
    outer loop
      vertex   3.000000e+01 7.470023e+01 -1.690115e+02
      vertex   0.000000e+00 7.470023e+01 -1.690115e+02
      vertex   3.000000e+01 7.626846e+01 -1.673324e+02
    endloop
  endfacet
  facet normal -6.466442e-16 7.308360e-01 -6.825531e-01
    outer loop
      vertex   3.000000e+01 7.626846e+01 -1.673324e+02
      vertex   0.000000e+00 7.470023e+01 -1.690115e+02
      vertex   0.000000e+00 7.626846e+01 -1.673324e+02
    endloop
  endfacet
  facet normal -7.349014e-16 6.310879e-01 -7.757113e-01
    outer loop
      vertex   3.000000e+01 7.626846e+01 -1.673324e+02
      vertex   0.000000e+00 7.626846e+01 -1.673324e+02
      vertex   3.000000e+01 7.805073e+01 -1.658824e+02
    endloop
  endfacet
  facet normal 0.000000e+00 6.310879e-01 -7.757113e-01
    outer loop
      vertex   3.000000e+01 7.805073e+01 -1.658824e+02
      vertex   0.000000e+00 7.626846e+01 -1.673324e+02
      vertex   0.000000e+00 7.805073e+01 -1.658824e+02
    endloop
  endfacet
  facet normal 0.000000e+00 5.195840e-01 -8.544194e-01
    outer loop
      vertex   3.000000e+01 7.805073e+01 -1.658824e+02
      vertex   0.000000e+00 7.805073e+01 -1.658824e+02
      vertex   3.000000e+01 8.001384e+01 -1.646886e+02
    endloop
  endfacet
  facet normal 4.922488e-16 5.195840e-01 -8.544194e-01
    outer loop
      vertex   3.000000e+01 8.001384e+01 -1.646886e+02
      vertex   0.000000e+00 7.805073e+01 -1.658824e+02
      vertex   0.000000e+00 8.001384e+01 -1.646886e+02
    endloop
  endfacet
  facet normal 3.774413e-16 3.984011e-01 -9.172113e-01
    outer loop
      vertex   3.000000e+01 8.001384e+01 -1.646886e+02
      vertex   0.000000e+00 8.001384e+01 -1.646886e+02
      vertex   3.000000e+01 8.212122e+01 -1.637732e+02
    endloop
  endfacet
  facet normal 1.887207e-16 3.984011e-01 -9.172113e-01
    outer loop
      vertex   3.000000e+01 8.212122e+01 -1.637732e+02
      vertex   0.000000e+00 8.001384e+01 -1.646886e+02
      vertex   0.000000e+00 8.212122e+01 -1.637732e+02
    endloop
  endfacet
  facet normal 1.278014e-16 2.697968e-01 -9.629173e-01
    outer loop
      vertex   3.000000e+01 8.212122e+01 -1.637732e+02
      vertex   0.000000e+00 8.212122e+01 -1.637732e+02
      vertex   3.000000e+01 8.433361e+01 -1.631534e+02
    endloop
  endfacet
  facet normal 0.000000e+00 2.697968e-01 -9.629173e-01
    outer loop
      vertex   3.000000e+01 8.433361e+01 -1.631534e+02
      vertex   0.000000e+00 8.212122e+01 -1.637732e+02
      vertex   0.000000e+00 8.433361e+01 -1.631534e+02
    endloop
  endfacet
  facet normal 0.000000e+00 1.361666e-01 -9.906859e-01
    outer loop
      vertex   3.000000e+01 8.433361e+01 -1.631534e+02
      vertex   0.000000e+00 8.433361e+01 -1.631534e+02
      vertex   3.000000e+01 8.660980e+01 -1.628405e+02
    endloop
  endfacet
  facet normal 6.450148e-17 1.361666e-01 -9.906859e-01
    outer loop
      vertex   3.000000e+01 8.660980e+01 -1.628405e+02
      vertex   0.000000e+00 8.433361e+01 -1.631534e+02
      vertex   0.000000e+00 8.660980e+01 -1.628405e+02
    endloop
  endfacet
  facet normal 0.000000e+00 0.000000e+00 -1.000000e+00
    outer loop
      vertex   3.000000e+01 8.660980e+01 -1.628405e+02
      vertex   0.000000e+00 8.660980e+01 -1.628405e+02
      vertex   3.000000e+01 8.890740e+01 -1.628405e+02
    endloop
  endfacet
  facet normal -0.000000e+00 0.000000e+00 -1.000000e+00
    outer loop
      vertex   3.000000e+01 8.890740e+01 -1.628405e+02
      vertex   0.000000e+00 8.660980e+01 -1.628405e+02
      vertex   0.000000e+00 8.890740e+01 -1.628405e+02
    endloop
  endfacet
  facet normal -0.000000e+00 -1.361666e-01 -9.906859e-01
    outer loop
      vertex   3.000000e+01 8.890740e+01 -1.628405e+02
      vertex   0.000000e+00 8.890740e+01 -1.628405e+02
      vertex   3.000000e+01 9.118359e+01 -1.631534e+02
    endloop
  endfacet
  facet normal -6.450148e-17 -1.361666e-01 -9.906859e-01
    outer loop
      vertex   3.000000e+01 9.118359e+01 -1.631534e+02
      vertex   0.000000e+00 8.890740e+01 -1.628405e+02
      vertex   0.000000e+00 9.118359e+01 -1.631534e+02
    endloop
  endfacet
  facet normal -1.278014e-16 -2.697968e-01 -9.629173e-01
    outer loop
      vertex   3.000000e+01 9.118359e+01 -1.631534e+02
      vertex   0.000000e+00 9.118359e+01 -1.631534e+02
      vertex   3.000000e+01 9.339598e+01 -1.637732e+02
    endloop
  endfacet
  facet normal -1.278014e-16 -2.697968e-01 -9.629173e-01
    outer loop
      vertex   3.000000e+01 9.339598e+01 -1.637732e+02
      vertex   0.000000e+00 9.118359e+01 -1.631534e+02
      vertex   0.000000e+00 9.339598e+01 -1.637732e+02
    endloop
  endfacet
  facet normal -1.887207e-16 -3.984011e-01 -9.172113e-01
    outer loop
      vertex   3.000000e+01 9.339598e+01 -1.637732e+02
      vertex   0.000000e+00 9.339598e+01 -1.637732e+02
      vertex   3.000000e+01 9.550336e+01 -1.646886e+02
    endloop
  endfacet
  facet normal -1.887207e-16 -3.984011e-01 -9.172113e-01
    outer loop
      vertex   3.000000e+01 9.550336e+01 -1.646886e+02
      vertex   0.000000e+00 9.339598e+01 -1.637732e+02
      vertex   0.000000e+00 9.550336e+01 -1.646886e+02
    endloop
  endfacet
  facet normal -2.461244e-16 -5.195840e-01 -8.544194e-01
    outer loop
      vertex   3.000000e+01 9.550336e+01 -1.646886e+02
      vertex   0.000000e+00 9.550336e+01 -1.646886e+02
      vertex   3.000000e+01 9.746647e+01 -1.658824e+02
    endloop
  endfacet
  facet normal -0.000000e+00 -5.195840e-01 -8.544194e-01
    outer loop
      vertex   3.000000e+01 9.746647e+01 -1.658824e+02
      vertex   0.000000e+00 9.550336e+01 -1.646886e+02
      vertex   0.000000e+00 9.746647e+01 -1.658824e+02
    endloop
  endfacet
  facet normal -0.000000e+00 -6.310879e-01 -7.757113e-01
    outer loop
      vertex   3.000000e+01 9.746647e+01 -1.658824e+02
      vertex   0.000000e+00 9.746647e+01 -1.658824e+02
      vertex   3.000000e+01 9.924874e+01 -1.673324e+02
    endloop
  endfacet
  facet normal 4.359581e-16 -6.310879e-01 -7.757113e-01
    outer loop
      vertex   3.000000e+01 9.924874e+01 -1.673324e+02
      vertex   0.000000e+00 9.746647e+01 -1.658824e+02
      vertex   0.000000e+00 9.924874e+01 -1.673324e+02
    endloop
  endfacet
  facet normal 3.004508e-16 -7.308360e-01 -6.825531e-01
    outer loop
      vertex   3.000000e+01 9.924874e+01 -1.673324e+02
      vertex   0.000000e+00 9.924874e+01 -1.673324e+02
      vertex   3.000000e+01 1.008170e+02 -1.690115e+02
    endloop
  endfacet
  facet normal -0.000000e+00 -7.308360e-01 -6.825531e-01
    outer loop
      vertex   3.000000e+01 1.008170e+02 -1.690115e+02
      vertex   0.000000e+00 9.924874e+01 -1.673324e+02
      vertex   0.000000e+00 1.008170e+02 -1.690115e+02
    endloop
  endfacet
  facet normal -0.000000e+00 -8.169699e-01 -5.766803e-01
    outer loop
      vertex   3.000000e+01 1.008170e+02 -1.690115e+02
      vertex   0.000000e+00 1.008170e+02 -1.690115e+02
      vertex   3.000000e+01 1.021419e+02 -1.708886e+02
    endloop
  endfacet
  facet normal -0.000000e+00 -8.169699e-01 -5.766803e-01
    outer loop
      vertex   3.000000e+01 1.021419e+02 -1.708886e+02
      vertex   0.000000e+00 1.008170e+02 -1.690115e+02
      vertex   0.000000e+00 1.021419e+02 -1.708886e+02
    endloop
  endfacet
  facet normal -0.000000e+00 -8.878852e-01 -4.600650e-01
    outer loop
      vertex   3.000000e+01 1.021419e+02 -1.708886e+02
      vertex   0.000000e+00 1.021419e+02 -1.708886e+02
      vertex   3.000000e+01 1.031990e+02 -1.729286e+02
    endloop
  endfacet
  facet normal -0.000000e+00 -8.878852e-01 -4.600650e-01
    outer loop
      vertex   3.000000e+01 1.031990e+02 -1.729286e+02
      vertex   0.000000e+00 1.021419e+02 -1.708886e+02
      vertex   0.000000e+00 1.031990e+02 -1.729286e+02
    endloop
  endfacet
  facet normal -0.000000e+00 -9.422609e-01 -3.348796e-01
    outer loop
      vertex   3.000000e+01 1.031990e+02 -1.729286e+02
      vertex   0.000000e+00 1.031990e+02 -1.729286e+02
      vertex   3.000000e+01 1.039684e+02 -1.750935e+02
    endloop
  endfacet
  facet normal -0.000000e+00 -9.422609e-01 -3.348796e-01
    outer loop
      vertex   3.000000e+01 1.039684e+02 -1.750935e+02
      vertex   0.000000e+00 1.031990e+02 -1.729286e+02
      vertex   0.000000e+00 1.039684e+02 -1.750935e+02
    endloop
  endfacet
  facet normal -0.000000e+00 -9.790841e-01 -2.034560e-01
    outer loop
      vertex   3.000000e+01 1.039684e+02 -1.750935e+02
      vertex   0.000000e+00 1.039684e+02 -1.750935e+02
      vertex   3.000000e+01 1.044359e+02 -1.773431e+02
    endloop
  endfacet
  facet normal 1.927523e-16 -9.790841e-01 -2.034560e-01
    outer loop
      vertex   3.000000e+01 1.044359e+02 -1.773431e+02
      vertex   0.000000e+00 1.039684e+02 -1.750935e+02
      vertex   0.000000e+00 1.044359e+02 -1.773431e+02
    endloop
  endfacet
  facet normal -0.000000e+00 -9.986295e-01 -5.233596e-02
    outer loop
      vertex   3.000000e+01 6.182609e+01 -1.641531e+02
      vertex   0.000000e+00 6.182609e+01 -1.641531e+02
      vertex   3.000000e+01 6.198629e+01 -1.672099e+02
    endloop
  endfacet
  facet normal -0.000000e+00 -9.986295e-01 -5.233596e-02
    outer loop
      vertex   3.000000e+01 6.198629e+01 -1.672099e+02
      vertex   0.000000e+00 6.182609e+01 -1.641531e+02
      vertex   0.000000e+00 6.198629e+01 -1.672099e+02
    endloop
  endfacet
  facet normal 0.000000e+00 -9.986295e-01 5.233596e-02
    outer loop
      vertex   3.000000e+01 6.198629e+01 -1.672099e+02
      vertex   0.000000e+00 6.198629e+01 -1.672099e+02
      vertex   3.000000e+01 6.182609e+01 -1.702667e+02
    endloop
  endfacet
  facet normal 0.000000e+00 -9.986295e-01 5.233596e-02
    outer loop
      vertex   3.000000e+01 6.182609e+01 -1.702667e+02
      vertex   0.000000e+00 6.198629e+01 -1.672099e+02
      vertex   0.000000e+00 6.182609e+01 -1.702667e+02
    endloop
  endfacet
  facet normal 0.000000e+00 -9.876883e-01 1.564345e-01
    outer loop
      vertex   3.000000e+01 6.182609e+01 -1.702667e+02
      vertex   0.000000e+00 6.182609e+01 -1.702667e+02
      vertex   3.000000e+01 6.134725e+01 -1.732900e+02
    endloop
  endfacet
  facet normal -2.964090e-16 -9.876883e-01 1.564345e-01
    outer loop
      vertex   3.000000e+01 6.134725e+01 -1.732900e+02
      vertex   0.000000e+00 6.182609e+01 -1.702667e+02
      vertex   0.000000e+00 6.134725e+01 -1.732900e+02
    endloop
  endfacet
  facet normal -4.904053e-16 -9.659258e-01 2.588190e-01
    outer loop
      vertex   3.000000e+01 6.134725e+01 -1.732900e+02
      vertex   0.000000e+00 6.134725e+01 -1.732900e+02
      vertex   3.000000e+01 6.055500e+01 -1.762467e+02
    endloop
  endfacet
  facet normal 0.000000e+00 -9.659258e-01 2.588190e-01
    outer loop
      vertex   3.000000e+01 6.055500e+01 -1.762467e+02
      vertex   0.000000e+00 6.134725e+01 -1.732900e+02
      vertex   0.000000e+00 6.055500e+01 -1.762467e+02
    endloop
  endfacet
  facet normal 0.000000e+00 -9.335804e-01 3.583679e-01
    outer loop
      vertex   3.000000e+01 6.055500e+01 -1.762467e+02
      vertex   0.000000e+00 6.055500e+01 -1.762467e+02
      vertex   3.000000e+01 5.945804e+01 -1.791044e+02
    endloop
  endfacet
  facet normal -1.183981e-16 -9.335804e-01 3.583679e-01
    outer loop
      vertex   3.000000e+01 5.945804e+01 -1.791044e+02
      vertex   0.000000e+00 6.055500e+01 -1.762467e+02
      vertex   0.000000e+00 5.945804e+01 -1.791044e+02
    endloop
  endfacet
  facet normal -2.190735e-16 -8.910065e-01 4.539905e-01
    outer loop
      vertex   3.000000e+01 5.945804e+01 -1.791044e+02
      vertex   0.000000e+00 5.945804e+01 -1.791044e+02
      vertex   3.000000e+01 5.806838e+01 -1.818318e+02
    endloop
  endfacet
  facet normal -4.301062e-16 -8.910065e-01 4.539905e-01
    outer loop
      vertex   3.000000e+01 5.806838e+01 -1.818318e+02
      vertex   0.000000e+00 5.945804e+01 -1.791044e+02
      vertex   0.000000e+00 5.806838e+01 -1.818318e+02
    endloop
  endfacet
  facet normal -5.159857e-16 -8.386706e-01 5.446390e-01
    outer loop
      vertex   3.000000e+01 5.806838e+01 -1.818318e+02
      vertex   0.000000e+00 5.806838e+01 -1.818318e+02
      vertex   3.000000e+01 5.640125e+01 -1.843989e+02
    endloop
  endfacet
  facet normal 0.000000e+00 -8.386706e-01 5.446390e-01
    outer loop
      vertex   3.000000e+01 5.640125e+01 -1.843989e+02
      vertex   0.000000e+00 5.806838e+01 -1.818318e+02
      vertex   0.000000e+00 5.640125e+01 -1.843989e+02
    endloop
  endfacet
  facet normal 0.000000e+00 -7.771460e-01 6.293204e-01
    outer loop
      vertex   3.000000e+01 5.640125e+01 -1.843989e+02
      vertex   0.000000e+00 5.640125e+01 -1.843989e+02
      vertex   3.000000e+01 5.447490e+01 -1.867778e+02
    endloop
  endfacet
  facet normal 3.681303e-16 -7.771460e-01 6.293204e-01
    outer loop
      vertex   3.000000e+01 5.447490e+01 -1.867778e+02
      vertex   0.000000e+00 5.640125e+01 -1.843989e+02
      vertex   0.000000e+00 5.447490e+01 -1.867778e+02
    endloop
  endfacet
  facet normal 3.349531e-16 -7.071068e-01 7.071068e-01
    outer loop
      vertex   3.000000e+01 5.447490e+01 -1.867778e+02
      vertex   0.000000e+00 5.447490e+01 -1.867778e+02
      vertex   3.000000e+01 5.231045e+01 -1.889422e+02
    endloop
  endfacet
  facet normal 3.349531e-16 -7.071068e-01 7.071068e-01
    outer loop
      vertex   3.000000e+01 5.231045e+01 -1.889422e+02
      vertex   0.000000e+00 5.447490e+01 -1.867778e+02
      vertex   0.000000e+00 5.231045e+01 -1.889422e+02
    endloop
  endfacet
  facet normal 2.981060e-16 -6.293204e-01 7.771460e-01
    outer loop
      vertex   3.000000e+01 5.231045e+01 -1.889422e+02
      vertex   0.000000e+00 5.231045e+01 -1.889422e+02
      vertex   3.000000e+01 4.993162e+01 -1.908686e+02
    endloop
  endfacet
  facet normal 1.490530e-16 -6.293204e-01 7.771460e-01
    outer loop
      vertex   3.000000e+01 4.993162e+01 -1.908686e+02
      vertex   0.000000e+00 5.231045e+01 -1.889422e+02
      vertex   0.000000e+00 4.993162e+01 -1.908686e+02
    endloop
  endfacet
  facet normal 1.289964e-16 -5.446390e-01 8.386706e-01
    outer loop
      vertex   3.000000e+01 4.993162e+01 -1.908686e+02
      vertex   0.000000e+00 4.993162e+01 -1.908686e+02
      vertex   3.000000e+01 4.736446e+01 -1.925357e+02
    endloop
  endfacet
  facet normal 3.869893e-16 -5.446390e-01 8.386706e-01
    outer loop
      vertex   3.000000e+01 4.736446e+01 -1.925357e+02
      vertex   0.000000e+00 4.993162e+01 -1.908686e+02
      vertex   0.000000e+00 4.736446e+01 -1.925357e+02
    endloop
  endfacet
  facet normal 3.225797e-16 -4.539905e-01 8.910065e-01
    outer loop
      vertex   3.000000e+01 4.736446e+01 -1.925357e+02
      vertex   0.000000e+00 4.736446e+01 -1.925357e+02
      vertex   3.000000e+01 4.463709e+01 -1.939254e+02
    endloop
  endfacet
  facet normal 3.225797e-16 -4.539905e-01 8.910065e-01
    outer loop
      vertex   3.000000e+01 4.463709e+01 -1.939254e+02
      vertex   0.000000e+00 4.736446e+01 -1.925357e+02
      vertex   0.000000e+00 4.463709e+01 -1.939254e+02
    endloop
  endfacet
  facet normal 2.546357e-16 -3.583679e-01 9.335804e-01
    outer loop
      vertex   3.000000e+01 4.463709e+01 -1.939254e+02
      vertex   0.000000e+00 4.463709e+01 -1.939254e+02
      vertex   3.000000e+01 4.177941e+01 -1.950223e+02
    endloop
  endfacet
  facet normal 8.487858e-17 -3.583679e-01 9.335804e-01
    outer loop
      vertex   3.000000e+01 4.177941e+01 -1.950223e+02
      vertex   0.000000e+00 4.463709e+01 -1.939254e+02
      vertex   0.000000e+00 4.177941e+01 -1.950223e+02
    endloop
  endfacet
  facet normal 6.130066e-17 -2.588190e-01 9.659258e-01
    outer loop
      vertex   3.000000e+01 4.177941e+01 -1.950223e+02
      vertex   0.000000e+00 4.177941e+01 -1.950223e+02
      vertex   3.000000e+01 3.882272e+01 -1.958146e+02
    endloop
  endfacet
  facet normal -6.699061e-16 -2.588190e-01 9.659258e-01
    outer loop
      vertex   3.000000e+01 3.882272e+01 -1.958146e+02
      vertex   0.000000e+00 4.177941e+01 -1.950223e+02
      vertex   0.000000e+00 3.882272e+01 -1.958146e+02
    endloop
  endfacet
  facet normal -7.875219e-16 -1.564345e-01 9.876883e-01
    outer loop
      vertex   3.000000e+01 3.882272e+01 -1.958146e+02
      vertex   0.000000e+00 3.882272e+01 -1.958146e+02
      vertex   3.000000e+01 3.579942e+01 -1.962934e+02
    endloop
  endfacet
  facet normal 1.111534e-16 -1.564345e-01 9.876883e-01
    outer loop
      vertex   3.000000e+01 3.579942e+01 -1.962934e+02
      vertex   0.000000e+00 3.882272e+01 -1.958146e+02
      vertex   0.000000e+00 3.579942e+01 -1.962934e+02
    endloop
  endfacet
  facet normal 3.718693e-17 -5.233596e-02 9.986295e-01
    outer loop
      vertex   3.000000e+01 3.579942e+01 -1.962934e+02
      vertex   0.000000e+00 3.579942e+01 -1.962934e+02
      vertex   3.000000e+01 3.274262e+01 -1.964536e+02
    endloop
  endfacet
  facet normal 1.239564e-17 -5.233596e-02 9.986295e-01
    outer loop
      vertex   3.000000e+01 3.274262e+01 -1.964536e+02
      vertex   0.000000e+00 3.579942e+01 -1.962934e+02
      vertex   0.000000e+00 3.274262e+01 -1.964536e+02
    endloop
  endfacet
  facet normal -1.239564e-17 5.233596e-02 9.986295e-01
    outer loop
      vertex   3.000000e+01 3.274262e+01 -1.964536e+02
      vertex   0.000000e+00 3.274262e+01 -1.964536e+02
      vertex   3.000000e+01 2.968583e+01 -1.962934e+02
    endloop
  endfacet
  facet normal -4.338476e-17 5.233596e-02 9.986295e-01
    outer loop
      vertex   3.000000e+01 2.968583e+01 -1.962934e+02
      vertex   0.000000e+00 3.274262e+01 -1.964536e+02
      vertex   0.000000e+00 2.968583e+01 -1.962934e+02
    endloop
  endfacet
  facet normal -1.296789e-16 1.564345e-01 9.876883e-01
    outer loop
      vertex   3.000000e+01 2.968583e+01 -1.962934e+02
      vertex   0.000000e+00 2.968583e+01 -1.962934e+02
      vertex   3.000000e+01 2.666252e+01 -1.958146e+02
    endloop
  endfacet
  facet normal 8.430986e-16 1.564345e-01 9.876883e-01
    outer loop
      vertex   3.000000e+01 2.666252e+01 -1.958146e+02
      vertex   0.000000e+00 2.968583e+01 -1.962934e+02
      vertex   0.000000e+00 2.666252e+01 -1.958146e+02
    endloop
  endfacet
  facet normal 7.618571e-16 2.588190e-01 9.659258e-01
    outer loop
      vertex   3.000000e+01 2.666252e+01 -1.958146e+02
      vertex   0.000000e+00 2.666252e+01 -1.958146e+02
      vertex   3.000000e+01 2.370583e+01 -1.950223e+02
    endloop
  endfacet
  facet normal -3.065033e-17 2.588190e-01 9.659258e-01
    outer loop
      vertex   3.000000e+01 2.370583e+01 -1.950223e+02
      vertex   0.000000e+00 2.666252e+01 -1.958146e+02
      vertex   0.000000e+00 2.370583e+01 -1.950223e+02
    endloop
  endfacet
  facet normal -4.243929e-17 3.583679e-01 9.335804e-01
    outer loop
      vertex   3.000000e+01 2.370583e+01 -1.950223e+02
      vertex   0.000000e+00 2.370583e+01 -1.950223e+02
      vertex   3.000000e+01 2.084815e+01 -1.939254e+02
    endloop
  endfacet
  facet normal 1.429416e-15 3.583679e-01 9.335804e-01
    outer loop
      vertex   3.000000e+01 2.084815e+01 -1.939254e+02
      vertex   0.000000e+00 2.370583e+01 -1.950223e+02
      vertex   0.000000e+00 2.084815e+01 -1.939254e+02
    endloop
  endfacet
  facet normal 1.258156e-15 4.539905e-01 8.910065e-01
    outer loop
      vertex   3.000000e+01 2.084815e+01 -1.939254e+02
      vertex   0.000000e+00 2.084815e+01 -1.939254e+02
      vertex   3.000000e+01 1.812079e+01 -1.925357e+02
    endloop
  endfacet
  facet normal 5.215513e-16 4.539905e-01 8.910065e-01
    outer loop
      vertex   3.000000e+01 1.812079e+01 -1.925357e+02
      vertex   0.000000e+00 2.084815e+01 -1.939254e+02
      vertex   0.000000e+00 1.812079e+01 -1.925357e+02
    endloop
  endfacet
  facet normal 4.075591e-16 5.446390e-01 8.386706e-01
    outer loop
      vertex   3.000000e+01 1.812079e+01 -1.925357e+02
      vertex   0.000000e+00 1.812079e+01 -1.925357e+02
      vertex   3.000000e+01 1.555362e+01 -1.908686e+02
    endloop
  endfacet
  facet normal -1.289964e-16 5.446390e-01 8.386706e-01
    outer loop
      vertex   3.000000e+01 1.555362e+01 -1.908686e+02
      vertex   0.000000e+00 1.812079e+01 -1.925357e+02
      vertex   0.000000e+00 1.555362e+01 -1.908686e+02
    endloop
  endfacet
  facet normal -1.490530e-16 6.293204e-01 7.771460e-01
    outer loop
      vertex   3.000000e+01 1.555362e+01 -1.908686e+02
      vertex   0.000000e+00 1.555362e+01 -1.908686e+02
      vertex   3.000000e+01 1.317479e+01 -1.889422e+02
    endloop
  endfacet
  facet normal -2.981060e-16 6.293204e-01 7.771460e-01
    outer loop
      vertex   3.000000e+01 1.317479e+01 -1.889422e+02
      vertex   0.000000e+00 1.555362e+01 -1.908686e+02
      vertex   0.000000e+00 1.317479e+01 -1.889422e+02
    endloop
  endfacet
  facet normal -3.349531e-16 7.071068e-01 7.071068e-01
    outer loop
      vertex   3.000000e+01 1.317479e+01 -1.889422e+02
      vertex   0.000000e+00 1.317479e+01 -1.889422e+02
      vertex   3.000000e+01 1.101034e+01 -1.867778e+02
    endloop
  endfacet
  facet normal 5.024296e-16 7.071068e-01 7.071068e-01
    outer loop
      vertex   3.000000e+01 1.101034e+01 -1.867778e+02
      vertex   0.000000e+00 1.317479e+01 -1.889422e+02
      vertex   0.000000e+00 1.101034e+01 -1.867778e+02
    endloop
  endfacet
  facet normal 4.121469e-16 7.771460e-01 6.293204e-01
    outer loop
      vertex   3.000000e+01 1.101034e+01 -1.867778e+02
      vertex   0.000000e+00 1.101034e+01 -1.867778e+02
      vertex   3.000000e+01 9.083997e+00 -1.843989e+02
    endloop
  endfacet
  facet normal 0.000000e+00 7.771460e-01 6.293204e-01
    outer loop
      vertex   3.000000e+01 9.083997e+00 -1.843989e+02
      vertex   0.000000e+00 1.101034e+01 -1.867778e+02
      vertex   0.000000e+00 9.083997e+00 -1.843989e+02
    endloop
  endfacet
  facet normal 0.000000e+00 8.386706e-01 5.446390e-01
    outer loop
      vertex   3.000000e+01 9.083997e+00 -1.843989e+02
      vertex   0.000000e+00 9.083997e+00 -1.843989e+02
      vertex   3.000000e+01 7.416862e+00 -1.818318e+02
    endloop
  endfacet
  facet normal -2.482964e-16 8.386706e-01 5.446390e-01
    outer loop
      vertex   3.000000e+01 7.416862e+00 -1.818318e+02
      vertex   0.000000e+00 9.083997e+00 -1.843989e+02
      vertex   0.000000e+00 7.416862e+00 -1.818318e+02
    endloop
  endfacet
  facet normal -2.637909e-16 8.910065e-01 4.539905e-01
    outer loop
      vertex   3.000000e+01 7.416862e+00 -1.818318e+02
      vertex   0.000000e+00 7.416862e+00 -1.818318e+02
      vertex   3.000000e+01 6.027201e+00 -1.791044e+02
    endloop
  endfacet
  facet normal -2.637909e-16 8.910065e-01 4.539905e-01
    outer loop
      vertex   3.000000e+01 6.027201e+00 -1.791044e+02
      vertex   0.000000e+00 7.416862e+00 -1.818318e+02
      vertex   0.000000e+00 6.027201e+00 -1.791044e+02
    endloop
  endfacet
  facet normal -2.763953e-16 9.335804e-01 3.583679e-01
    outer loop
      vertex   3.000000e+01 6.027201e+00 -1.791044e+02
      vertex   0.000000e+00 6.027201e+00 -1.791044e+02
      vertex   3.000000e+01 4.930240e+00 -1.762467e+02
    endloop
  endfacet
  facet normal 0.000000e+00 9.335804e-01 3.583679e-01
    outer loop
      vertex   3.000000e+01 4.930240e+00 -1.762467e+02
      vertex   0.000000e+00 6.027201e+00 -1.791044e+02
      vertex   0.000000e+00 4.930240e+00 -1.762467e+02
    endloop
  endfacet
  facet normal 0.000000e+00 9.659258e-01 2.588190e-01
    outer loop
      vertex   3.000000e+01 4.930240e+00 -1.762467e+02
      vertex   0.000000e+00 4.930240e+00 -1.762467e+02
      vertex   3.000000e+01 4.137998e+00 -1.732900e+02
    endloop
  endfacet
  facet normal -1.429857e-16 9.659258e-01 2.588190e-01
    outer loop
      vertex   3.000000e+01 4.137998e+00 -1.732900e+02
      vertex   0.000000e+00 4.930240e+00 -1.762467e+02
      vertex   0.000000e+00 4.137998e+00 -1.732900e+02
    endloop
  endfacet
  facet normal -1.462072e-16 9.876883e-01 1.564345e-01
    outer loop
      vertex   3.000000e+01 4.137998e+00 -1.732900e+02
      vertex   0.000000e+00 4.137998e+00 -1.732900e+02
      vertex   3.000000e+01 3.659153e+00 -1.702667e+02
    endloop
  endfacet
  facet normal 1.997252e-18 9.876883e-01 1.564345e-01
    outer loop
      vertex   3.000000e+01 3.659153e+00 -1.702667e+02
      vertex   0.000000e+00 4.137998e+00 -1.732900e+02
      vertex   0.000000e+00 3.659153e+00 -1.702667e+02
    endloop
  endfacet
  facet normal -9.824429e-17 9.986295e-01 5.233596e-02
    outer loop
      vertex   3.000000e+01 3.659153e+00 -1.702667e+02
      vertex   0.000000e+00 3.659153e+00 -1.702667e+02
      vertex   3.000000e+01 3.498953e+00 -1.672099e+02
    endloop
  endfacet
  facet normal 0.000000e+00 9.986295e-01 5.233596e-02
    outer loop
      vertex   3.000000e+01 3.498953e+00 -1.672099e+02
      vertex   0.000000e+00 3.659153e+00 -1.702667e+02
      vertex   0.000000e+00 3.498953e+00 -1.672099e+02
    endloop
  endfacet
  facet normal 0.000000e+00 9.986295e-01 -5.233596e-02
    outer loop
      vertex   3.000000e+01 3.498953e+00 -1.672099e+02
      vertex   0.000000e+00 3.498953e+00 -1.672099e+02
      vertex   3.000000e+01 3.659153e+00 -1.641531e+02
    endloop
  endfacet
  facet normal 9.824429e-17 9.986295e-01 -5.233596e-02
    outer loop
      vertex   3.000000e+01 3.659153e+00 -1.641531e+02
      vertex   0.000000e+00 3.498953e+00 -1.672099e+02
      vertex   0.000000e+00 3.659153e+00 -1.641531e+02
    endloop
  endfacet
  facet normal -1.997252e-18 9.876883e-01 -1.564345e-01
    outer loop
      vertex   3.000000e+01 3.659153e+00 -1.641531e+02
      vertex   0.000000e+00 3.659153e+00 -1.641531e+02
      vertex   3.000000e+01 4.137998e+00 -1.611298e+02
    endloop
  endfacet
  facet normal 1.462072e-16 9.876883e-01 -1.564345e-01
    outer loop
      vertex   3.000000e+01 4.137998e+00 -1.611298e+02
      vertex   0.000000e+00 3.659153e+00 -1.641531e+02
      vertex   0.000000e+00 4.137998e+00 -1.611298e+02
    endloop
  endfacet
  facet normal 1.429857e-16 9.659258e-01 -2.588190e-01
    outer loop
      vertex   3.000000e+01 4.137998e+00 -1.611298e+02
      vertex   0.000000e+00 4.137998e+00 -1.611298e+02
      vertex   3.000000e+01 4.930240e+00 -1.581732e+02
    endloop
  endfacet
  facet normal 0.000000e+00 9.659258e-01 -2.588190e-01
    outer loop
      vertex   3.000000e+01 4.930240e+00 -1.581732e+02
      vertex   0.000000e+00 4.137998e+00 -1.611298e+02
      vertex   0.000000e+00 4.930240e+00 -1.581732e+02
    endloop
  endfacet
  facet normal 0.000000e+00 9.335804e-01 -3.583679e-01
    outer loop
      vertex   3.000000e+01 4.930240e+00 -1.581732e+02
      vertex   0.000000e+00 4.930240e+00 -1.581732e+02
      vertex   3.000000e+01 6.027201e+00 -1.553155e+02
    endloop
  endfacet
  facet normal -6.311900e-17 9.335804e-01 -3.583679e-01
    outer loop
      vertex   3.000000e+01 6.027201e+00 -1.553155e+02
      vertex   0.000000e+00 4.930240e+00 -1.581732e+02
      vertex   0.000000e+00 6.027201e+00 -1.553155e+02
    endloop
  endfacet
  facet normal -1.663153e-16 8.910065e-01 -4.539905e-01
    outer loop
      vertex   3.000000e+01 6.027201e+00 -1.553155e+02
      vertex   0.000000e+00 6.027201e+00 -1.553155e+02
      vertex   3.000000e+01 7.416862e+00 -1.525881e+02
    endloop
  endfacet
  facet normal 2.637909e-16 8.910065e-01 -4.539905e-01
    outer loop
      vertex   3.000000e+01 7.416862e+00 -1.525881e+02
      vertex   0.000000e+00 6.027201e+00 -1.553155e+02
      vertex   0.000000e+00 7.416862e+00 -1.525881e+02
    endloop
  endfacet
  facet normal 2.482964e-16 8.386706e-01 -5.446390e-01
    outer loop
      vertex   3.000000e+01 7.416862e+00 -1.525881e+02
      vertex   0.000000e+00 7.416862e+00 -1.525881e+02
      vertex   3.000000e+01 9.083997e+00 -1.500209e+02
    endloop
  endfacet
  facet normal -5.159857e-16 8.386706e-01 -5.446390e-01
    outer loop
      vertex   3.000000e+01 9.083997e+00 -1.500209e+02
      vertex   0.000000e+00 7.416862e+00 -1.525881e+02
      vertex   0.000000e+00 9.083997e+00 -1.500209e+02
    endloop
  endfacet
  facet normal -5.962120e-16 7.771460e-01 -6.293204e-01
    outer loop
      vertex   3.000000e+01 9.083997e+00 -1.500209e+02
      vertex   0.000000e+00 9.083997e+00 -1.500209e+02
      vertex   3.000000e+01 1.101034e+01 -1.476421e+02
    endloop
  endfacet
  facet normal -4.121469e-16 7.771460e-01 -6.293204e-01
    outer loop
      vertex   3.000000e+01 1.101034e+01 -1.476421e+02
      vertex   0.000000e+00 9.083997e+00 -1.500209e+02
      vertex   0.000000e+00 1.101034e+01 -1.476421e+02
    endloop
  endfacet
  facet normal -5.024296e-16 7.071068e-01 -7.071068e-01
    outer loop
      vertex   3.000000e+01 1.101034e+01 -1.476421e+02
      vertex   0.000000e+00 1.101034e+01 -1.476421e+02
      vertex   3.000000e+01 1.317479e+01 -1.454777e+02
    endloop
  endfacet
  facet normal 3.349531e-16 7.071068e-01 -7.071068e-01
    outer loop
      vertex   3.000000e+01 1.317479e+01 -1.454777e+02
      vertex   0.000000e+00 1.101034e+01 -1.476421e+02
      vertex   0.000000e+00 1.317479e+01 -1.454777e+02
    endloop
  endfacet
  facet normal 2.981060e-16 6.293204e-01 -7.771460e-01
    outer loop
      vertex   3.000000e+01 1.317479e+01 -1.454777e+02
      vertex   0.000000e+00 1.317479e+01 -1.454777e+02
      vertex   3.000000e+01 1.555362e+01 -1.435513e+02
    endloop
  endfacet
  facet normal 1.490530e-16 6.293204e-01 -7.771460e-01
    outer loop
      vertex   3.000000e+01 1.555362e+01 -1.435513e+02
      vertex   0.000000e+00 1.317479e+01 -1.454777e+02
      vertex   0.000000e+00 1.555362e+01 -1.435513e+02
    endloop
  endfacet
  facet normal 1.289964e-16 5.446390e-01 -8.386706e-01
    outer loop
      vertex   3.000000e+01 1.555362e+01 -1.435513e+02
      vertex   0.000000e+00 1.555362e+01 -1.435513e+02
      vertex   3.000000e+01 1.812079e+01 -1.418842e+02
    endloop
  endfacet
  facet normal 3.869893e-16 5.446390e-01 -8.386706e-01
    outer loop
      vertex   3.000000e+01 1.812079e+01 -1.418842e+02
      vertex   0.000000e+00 1.555362e+01 -1.435513e+02
      vertex   0.000000e+00 1.812079e+01 -1.418842e+02
    endloop
  endfacet
  facet normal 3.225797e-16 4.539905e-01 -8.910065e-01
    outer loop
      vertex   3.000000e+01 1.812079e+01 -1.418842e+02
      vertex   0.000000e+00 1.812079e+01 -1.418842e+02
      vertex   3.000000e+01 2.084815e+01 -1.404945e+02
    endloop
  endfacet
  facet normal 4.301062e-16 4.539905e-01 -8.910065e-01
    outer loop
      vertex   3.000000e+01 2.084815e+01 -1.404945e+02
      vertex   0.000000e+00 1.812079e+01 -1.418842e+02
      vertex   0.000000e+00 2.084815e+01 -1.404945e+02
    endloop
  endfacet
  facet normal 3.395143e-16 3.583679e-01 -9.335804e-01
    outer loop
      vertex   3.000000e+01 2.084815e+01 -1.404945e+02
      vertex   0.000000e+00 2.084815e+01 -1.404945e+02
      vertex   3.000000e+01 2.370583e+01 -1.393976e+02
    endloop
  endfacet
  facet normal 4.243929e-17 3.583679e-01 -9.335804e-01
    outer loop
      vertex   3.000000e+01 2.370583e+01 -1.393976e+02
      vertex   0.000000e+00 2.084815e+01 -1.404945e+02
      vertex   0.000000e+00 2.370583e+01 -1.393976e+02
    endloop
  endfacet
  facet normal 3.065033e-17 2.588190e-01 -9.659258e-01
    outer loop
      vertex   3.000000e+01 2.370583e+01 -1.393976e+02
      vertex   0.000000e+00 2.370583e+01 -1.393976e+02
      vertex   3.000000e+01 2.666252e+01 -1.386053e+02
    endloop
  endfacet
  facet normal 1.532517e-16 2.588190e-01 -9.659258e-01
    outer loop
      vertex   3.000000e+01 2.666252e+01 -1.386053e+02
      vertex   0.000000e+00 2.370583e+01 -1.393976e+02
      vertex   0.000000e+00 2.666252e+01 -1.386053e+02
    endloop
  endfacet
  facet normal 9.262781e-17 1.564345e-01 -9.876883e-01
    outer loop
      vertex   3.000000e+01 2.666252e+01 -1.386053e+02
      vertex   0.000000e+00 2.666252e+01 -1.386053e+02
      vertex   3.000000e+01 2.968583e+01 -1.381265e+02
    endloop
  endfacet
  facet normal 1.296789e-16 1.564345e-01 -9.876883e-01
    outer loop
      vertex   3.000000e+01 2.968583e+01 -1.381265e+02
      vertex   0.000000e+00 2.666252e+01 -1.386053e+02
      vertex   0.000000e+00 2.968583e+01 -1.381265e+02
    endloop
  endfacet
  facet normal 4.338476e-17 5.233596e-02 -9.986295e-01
    outer loop
      vertex   3.000000e+01 2.968583e+01 -1.381265e+02
      vertex   0.000000e+00 2.968583e+01 -1.381265e+02
      vertex   3.000000e+01 3.274262e+01 -1.379663e+02
    endloop
  endfacet
  facet normal 1.239564e-17 5.233596e-02 -9.986295e-01
    outer loop
      vertex   3.000000e+01 3.274262e+01 -1.379663e+02
      vertex   0.000000e+00 2.968583e+01 -1.381265e+02
      vertex   0.000000e+00 3.274262e+01 -1.379663e+02
    endloop
  endfacet
  facet normal -1.239564e-17 -5.233596e-02 -9.986295e-01
    outer loop
      vertex   3.000000e+01 3.274262e+01 -1.379663e+02
      vertex   0.000000e+00 3.274262e+01 -1.379663e+02
      vertex   3.000000e+01 3.579942e+01 -1.381265e+02
    endloop
  endfacet
  facet normal -3.718693e-17 -5.233596e-02 -9.986295e-01
    outer loop
      vertex   3.000000e+01 3.579942e+01 -1.381265e+02
      vertex   0.000000e+00 3.274262e+01 -1.379663e+02
      vertex   0.000000e+00 3.579942e+01 -1.381265e+02
    endloop
  endfacet
  facet normal -1.111534e-16 -1.564345e-01 -9.876883e-01
    outer loop
      vertex   3.000000e+01 3.579942e+01 -1.381265e+02
      vertex   0.000000e+00 3.579942e+01 -1.381265e+02
      vertex   3.000000e+01 3.882272e+01 -1.386053e+02
    endloop
  endfacet
  facet normal -1.482045e-16 -1.564345e-01 -9.876883e-01
    outer loop
      vertex   3.000000e+01 3.882272e+01 -1.386053e+02
      vertex   0.000000e+00 3.579942e+01 -1.381265e+02
      vertex   0.000000e+00 3.882272e+01 -1.386053e+02
    endloop
  endfacet
  facet normal -2.452027e-16 -2.588190e-01 -9.659258e-01
    outer loop
      vertex   3.000000e+01 3.882272e+01 -1.386053e+02
      vertex   0.000000e+00 3.882272e+01 -1.386053e+02
      vertex   3.000000e+01 4.177941e+01 -1.393976e+02
    endloop
  endfacet
  facet normal -6.130066e-17 -2.588190e-01 -9.659258e-01
    outer loop
      vertex   3.000000e+01 4.177941e+01 -1.393976e+02
      vertex   0.000000e+00 3.882272e+01 -1.386053e+02
      vertex   0.000000e+00 4.177941e+01 -1.393976e+02
    endloop
  endfacet
  facet normal -8.487858e-17 -3.583679e-01 -9.335804e-01
    outer loop
      vertex   3.000000e+01 4.177941e+01 -1.393976e+02
      vertex   0.000000e+00 4.177941e+01 -1.393976e+02
      vertex   3.000000e+01 4.463709e+01 -1.404945e+02
    endloop
  endfacet
  facet normal -2.546357e-16 -3.583679e-01 -9.335804e-01
    outer loop
      vertex   3.000000e+01 4.463709e+01 -1.404945e+02
      vertex   0.000000e+00 4.177941e+01 -1.393976e+02
      vertex   0.000000e+00 4.463709e+01 -1.404945e+02
    endloop
  endfacet
  facet normal -3.225797e-16 -4.539905e-01 -8.910065e-01
    outer loop
      vertex   3.000000e+01 4.463709e+01 -1.404945e+02
      vertex   0.000000e+00 4.463709e+01 -1.404945e+02
      vertex   3.000000e+01 4.736446e+01 -1.418842e+02
    endloop
  endfacet
  facet normal 5.215513e-16 -4.539905e-01 -8.910065e-01
    outer loop
      vertex   3.000000e+01 4.736446e+01 -1.418842e+02
      vertex   0.000000e+00 4.463709e+01 -1.404945e+02
      vertex   0.000000e+00 4.736446e+01 -1.418842e+02
    endloop
  endfacet
  facet normal 4.075591e-16 -5.446390e-01 -8.386706e-01
    outer loop
      vertex   3.000000e+01 4.736446e+01 -1.418842e+02
      vertex   0.000000e+00 4.736446e+01 -1.418842e+02
      vertex   3.000000e+01 4.993162e+01 -1.435513e+02
    endloop
  endfacet
  facet normal -1.289964e-16 -5.446390e-01 -8.386706e-01
    outer loop
      vertex   3.000000e+01 4.993162e+01 -1.435513e+02
      vertex   0.000000e+00 4.736446e+01 -1.418842e+02
      vertex   0.000000e+00 4.993162e+01 -1.435513e+02
    endloop
  endfacet
  facet normal -1.490530e-16 -6.293204e-01 -7.771460e-01
    outer loop
      vertex   3.000000e+01 4.993162e+01 -1.435513e+02
      vertex   0.000000e+00 4.993162e+01 -1.435513e+02
      vertex   3.000000e+01 5.231045e+01 -1.454777e+02
    endloop
  endfacet
  facet normal -2.981060e-16 -6.293204e-01 -7.771460e-01
    outer loop
      vertex   3.000000e+01 5.231045e+01 -1.454777e+02
      vertex   0.000000e+00 4.993162e+01 -1.435513e+02
      vertex   0.000000e+00 5.231045e+01 -1.454777e+02
    endloop
  endfacet
  facet normal -3.349531e-16 -7.071068e-01 -7.071068e-01
    outer loop
      vertex   3.000000e+01 5.231045e+01 -1.454777e+02
      vertex   0.000000e+00 5.231045e+01 -1.454777e+02
      vertex   3.000000e+01 5.447490e+01 -1.476421e+02
    endloop
  endfacet
  facet normal 3.349531e-16 -7.071068e-01 -7.071068e-01
    outer loop
      vertex   3.000000e+01 5.447490e+01 -1.476421e+02
      vertex   0.000000e+00 5.231045e+01 -1.454777e+02
      vertex   0.000000e+00 5.447490e+01 -1.476421e+02
    endloop
  endfacet
  facet normal 2.280818e-16 -7.771460e-01 -6.293204e-01
    outer loop
      vertex   3.000000e+01 5.447490e+01 -1.476421e+02
      vertex   0.000000e+00 5.447490e+01 -1.476421e+02
      vertex   3.000000e+01 5.640125e+01 -1.500209e+02
    endloop
  endfacet
  facet normal -0.000000e+00 -7.771460e-01 -6.293204e-01
    outer loop
      vertex   3.000000e+01 5.640125e+01 -1.500209e+02
      vertex   0.000000e+00 5.447490e+01 -1.476421e+02
      vertex   0.000000e+00 5.640125e+01 -1.500209e+02
    endloop
  endfacet
  facet normal -0.000000e+00 -8.386706e-01 -5.446390e-01
    outer loop
      vertex   3.000000e+01 5.640125e+01 -1.500209e+02
      vertex   0.000000e+00 5.640125e+01 -1.500209e+02
      vertex   3.000000e+01 5.806838e+01 -1.525881e+02
    endloop
  endfacet
  facet normal -0.000000e+00 -8.386706e-01 -5.446390e-01
    outer loop
      vertex   3.000000e+01 5.806838e+01 -1.525881e+02
      vertex   0.000000e+00 5.640125e+01 -1.500209e+02
      vertex   0.000000e+00 5.806838e+01 -1.525881e+02
    endloop
  endfacet
  facet normal -0.000000e+00 -8.910065e-01 -4.539905e-01
    outer loop
      vertex   3.000000e+01 5.806838e+01 -1.525881e+02
      vertex   0.000000e+00 5.806838e+01 -1.525881e+02
      vertex   3.000000e+01 5.945804e+01 -1.553155e+02
    endloop
  endfacet
  facet normal -2.110327e-16 -8.910065e-01 -4.539905e-01
    outer loop
      vertex   3.000000e+01 5.945804e+01 -1.553155e+02
      vertex   0.000000e+00 5.806838e+01 -1.525881e+02
      vertex   0.000000e+00 5.945804e+01 -1.553155e+02
    endloop
  endfacet
  facet normal -2.211163e-16 -9.335804e-01 -3.583679e-01
    outer loop
      vertex   3.000000e+01 5.945804e+01 -1.553155e+02
      vertex   0.000000e+00 5.945804e+01 -1.553155e+02
      vertex   3.000000e+01 6.055500e+01 -1.581732e+02
    endloop
  endfacet
  facet normal -0.000000e+00 -9.335804e-01 -3.583679e-01
    outer loop
      vertex   3.000000e+01 6.055500e+01 -1.581732e+02
      vertex   0.000000e+00 5.945804e+01 -1.553155e+02
      vertex   0.000000e+00 6.055500e+01 -1.581732e+02
    endloop
  endfacet
  facet normal -0.000000e+00 -9.659258e-01 -2.588190e-01
    outer loop
      vertex   3.000000e+01 6.055500e+01 -1.581732e+02
      vertex   0.000000e+00 6.055500e+01 -1.581732e+02
      vertex   3.000000e+01 6.134725e+01 -1.611298e+02
    endloop
  endfacet
  facet normal 2.452027e-16 -9.659258e-01 -2.588190e-01
    outer loop
      vertex   3.000000e+01 6.134725e+01 -1.611298e+02
      vertex   0.000000e+00 6.055500e+01 -1.581732e+02
      vertex   0.000000e+00 6.134725e+01 -1.611298e+02
    endloop
  endfacet
  facet normal 1.482045e-16 -9.876883e-01 -1.564345e-01
    outer loop
      vertex   3.000000e+01 6.134725e+01 -1.611298e+02
      vertex   0.000000e+00 6.134725e+01 -1.611298e+02
      vertex   3.000000e+01 6.182609e+01 -1.641531e+02
    endloop
  endfacet
  facet normal -0.000000e+00 -9.876883e-01 -1.564345e-01
    outer loop
      vertex   3.000000e+01 6.182609e+01 -1.641531e+02
      vertex   0.000000e+00 6.134725e+01 -1.611298e+02
      vertex   0.000000e+00 6.182609e+01 -1.641531e+02
    endloop
  endfacet
  facet normal -0.000000e+00 -9.976688e-01 -6.824241e-02
    outer loop
      vertex   3.000000e+01 3.703868e+01 -1.070751e+02
      vertex   0.000000e+00 3.703868e+01 -1.070751e+02
      vertex   3.000000e+01 3.719554e+01 -1.093683e+02
    endloop
  endfacet
  facet normal -0.000000e+00 -9.976688e-01 -6.824241e-02
    outer loop
      vertex   3.000000e+01 3.719554e+01 -1.093683e+02
      vertex   0.000000e+00 3.703868e+01 -1.070751e+02
      vertex   0.000000e+00 3.719554e+01 -1.093683e+02
    endloop
  endfacet
  facet normal 0.000000e+00 -9.976688e-01 6.824241e-02
    outer loop
      vertex   3.000000e+01 3.719554e+01 -1.093683e+02
      vertex   0.000000e+00 3.719554e+01 -1.093683e+02
      vertex   3.000000e+01 3.703868e+01 -1.116616e+02
    endloop
  endfacet
  facet normal 0.000000e+00 -9.976688e-01 6.824241e-02
    outer loop
      vertex   3.000000e+01 3.703868e+01 -1.116616e+02
      vertex   0.000000e+00 3.719554e+01 -1.093683e+02
      vertex   0.000000e+00 3.703868e+01 -1.116616e+02
    endloop
  endfacet
  facet normal 0.000000e+00 -9.790841e-01 2.034560e-01
    outer loop
      vertex   3.000000e+01 3.703868e+01 -1.116616e+02
      vertex   0.000000e+00 3.703868e+01 -1.116616e+02
      vertex   3.000000e+01 3.657102e+01 -1.139121e+02
    endloop
  endfacet
  facet normal 0.000000e+00 -9.790841e-01 2.034560e-01
    outer loop
      vertex   3.000000e+01 3.657102e+01 -1.139121e+02
      vertex   0.000000e+00 3.703868e+01 -1.116616e+02
      vertex   0.000000e+00 3.657102e+01 -1.139121e+02
    endloop
  endfacet
  facet normal 0.000000e+00 -9.422609e-01 3.348796e-01
    outer loop
      vertex   3.000000e+01 3.657102e+01 -1.139121e+02
      vertex   0.000000e+00 3.657102e+01 -1.139121e+02
      vertex   3.000000e+01 3.580126e+01 -1.160779e+02
    endloop
  endfacet
  facet normal -1.586309e-16 -9.422609e-01 3.348796e-01
    outer loop
      vertex   3.000000e+01 3.580126e+01 -1.160779e+02
      vertex   0.000000e+00 3.657102e+01 -1.139121e+02
      vertex   0.000000e+00 3.580126e+01 -1.160779e+02
    endloop
  endfacet
  facet normal -2.179306e-16 -8.878852e-01 4.600650e-01
    outer loop
      vertex   3.000000e+01 3.580126e+01 -1.160779e+02
      vertex   0.000000e+00 3.580126e+01 -1.160779e+02
      vertex   3.000000e+01 3.474376e+01 -1.181188e+02
    endloop
  endfacet
  facet normal 0.000000e+00 -8.878852e-01 4.600650e-01
    outer loop
      vertex   3.000000e+01 3.474376e+01 -1.181188e+02
      vertex   0.000000e+00 3.580126e+01 -1.160779e+02
      vertex   0.000000e+00 3.474376e+01 -1.181188e+02
    endloop
  endfacet
  facet normal 0.000000e+00 -8.169699e-01 5.766803e-01
    outer loop
      vertex   3.000000e+01 3.474376e+01 -1.181188e+02
      vertex   0.000000e+00 3.474376e+01 -1.181188e+02
      vertex   3.000000e+01 3.341821e+01 -1.199967e+02
    endloop
  endfacet
  facet normal 0.000000e+00 -8.169699e-01 5.766803e-01
    outer loop
      vertex   3.000000e+01 3.341821e+01 -1.199967e+02
      vertex   0.000000e+00 3.474376e+01 -1.181188e+02
      vertex   0.000000e+00 3.341821e+01 -1.199967e+02
    endloop
  endfacet
  facet normal 0.000000e+00 -7.308360e-01 6.825531e-01
    outer loop
      vertex   3.000000e+01 3.341821e+01 -1.199967e+02
      vertex   0.000000e+00 3.341821e+01 -1.199967e+02
      vertex   3.000000e+01 3.184930e+01 -1.216766e+02
    endloop
  endfacet
  facet normal 3.461935e-16 -7.308360e-01 6.825531e-01
    outer loop
      vertex   3.000000e+01 3.184930e+01 -1.216766e+02
      vertex   0.000000e+00 3.341821e+01 -1.199967e+02
      vertex   0.000000e+00 3.184930e+01 -1.216766e+02
    endloop
  endfacet
  facet normal 2.989433e-16 -6.310879e-01 7.757113e-01
    outer loop
      vertex   3.000000e+01 3.184930e+01 -1.216766e+02
      vertex   0.000000e+00 3.184930e+01 -1.216766e+02
      vertex   3.000000e+01 3.006626e+01 -1.231272e+02
    endloop
  endfacet
  facet normal -3.674507e-16 -6.310879e-01 7.757113e-01
    outer loop
      vertex   3.000000e+01 3.006626e+01 -1.231272e+02
      vertex   0.000000e+00 3.184930e+01 -1.216766e+02
      vertex   0.000000e+00 3.006626e+01 -1.231272e+02
    endloop
  endfacet
  facet normal -4.047343e-16 -5.195840e-01 8.544194e-01
    outer loop
      vertex   3.000000e+01 3.006626e+01 -1.231272e+02
      vertex   0.000000e+00 3.006626e+01 -1.231272e+02
      vertex   3.000000e+01 2.810230e+01 -1.243215e+02
    endloop
  endfacet
  facet normal 2.461244e-16 -5.195840e-01 8.544194e-01
    outer loop
      vertex   3.000000e+01 2.810230e+01 -1.243215e+02
      vertex   0.000000e+00 3.006626e+01 -1.231272e+02
      vertex   0.000000e+00 2.810230e+01 -1.243215e+02
    endloop
  endfacet
  facet normal 1.887207e-16 -3.984011e-01 9.172113e-01
    outer loop
      vertex   3.000000e+01 2.810230e+01 -1.243215e+02
      vertex   0.000000e+00 2.810230e+01 -1.243215e+02
      vertex   3.000000e+01 2.599401e+01 -1.252373e+02
    endloop
  endfacet
  facet normal 4.718017e-17 -3.984011e-01 9.172113e-01
    outer loop
      vertex   3.000000e+01 2.599401e+01 -1.252373e+02
      vertex   0.000000e+00 2.810230e+01 -1.243215e+02
      vertex   0.000000e+00 2.599401e+01 -1.252373e+02
    endloop
  endfacet
  facet normal 3.195036e-17 -2.697968e-01 9.629173e-01
    outer loop
      vertex   3.000000e+01 2.599401e+01 -1.252373e+02
      vertex   0.000000e+00 2.599401e+01 -1.252373e+02
      vertex   3.000000e+01 2.378066e+01 -1.258574e+02
    endloop
  endfacet
  facet normal 9.585107e-17 -2.697968e-01 9.629173e-01
    outer loop
      vertex   3.000000e+01 2.378066e+01 -1.258574e+02
      vertex   0.000000e+00 2.599401e+01 -1.252373e+02
      vertex   0.000000e+00 2.378066e+01 -1.258574e+02
    endloop
  endfacet
  facet normal 4.837611e-17 -1.361666e-01 9.906859e-01
    outer loop
      vertex   3.000000e+01 2.378066e+01 -1.258574e+02
      vertex   0.000000e+00 2.378066e+01 -1.258574e+02
      vertex   3.000000e+01 2.150348e+01 -1.261704e+02
    endloop
  endfacet
  facet normal 0.000000e+00 -1.361666e-01 9.906859e-01
    outer loop
      vertex   3.000000e+01 2.150348e+01 -1.261704e+02
      vertex   0.000000e+00 2.378066e+01 -1.258574e+02
      vertex   0.000000e+00 2.150348e+01 -1.261704e+02
    endloop
  endfacet
  facet normal 0.000000e+00 0.000000e+00 1.000000e+00
    outer loop
      vertex   3.000000e+01 2.150348e+01 -1.261704e+02
      vertex   0.000000e+00 2.150348e+01 -1.261704e+02
      vertex   3.000000e+01 1.920489e+01 -1.261704e+02
    endloop
  endfacet
  facet normal 0.000000e+00 0.000000e+00 1.000000e+00
    outer loop
      vertex   3.000000e+01 1.920489e+01 -1.261704e+02
      vertex   0.000000e+00 2.150348e+01 -1.261704e+02
      vertex   0.000000e+00 1.920489e+01 -1.261704e+02
    endloop
  endfacet
  facet normal -3.225074e-17 1.361666e-01 9.906859e-01
    outer loop
      vertex   3.000000e+01 1.920489e+01 -1.261704e+02
      vertex   0.000000e+00 1.920489e+01 -1.261704e+02
      vertex   3.000000e+01 1.692771e+01 -1.258574e+02
    endloop
  endfacet
  facet normal 0.000000e+00 1.361666e-01 9.906859e-01
    outer loop
      vertex   3.000000e+01 1.692771e+01 -1.258574e+02
      vertex   0.000000e+00 1.920489e+01 -1.261704e+02
      vertex   0.000000e+00 1.692771e+01 -1.258574e+02
    endloop
  endfacet
  facet normal 0.000000e+00 2.697968e-01 9.629173e-01
    outer loop
      vertex   3.000000e+01 1.692771e+01 -1.258574e+02
      vertex   0.000000e+00 1.692771e+01 -1.258574e+02
      vertex   3.000000e+01 1.471436e+01 -1.252373e+02
    endloop
  endfacet
  facet normal -4.792553e-17 2.697968e-01 9.629173e-01
    outer loop
      vertex   3.000000e+01 1.471436e+01 -1.252373e+02
      vertex   0.000000e+00 1.692771e+01 -1.258574e+02
      vertex   0.000000e+00 1.471436e+01 -1.252373e+02
    endloop
  endfacet
  facet normal -7.077025e-17 3.984011e-01 9.172113e-01
    outer loop
      vertex   3.000000e+01 1.471436e+01 -1.252373e+02
      vertex   0.000000e+00 1.471436e+01 -1.252373e+02
      vertex   3.000000e+01 1.260607e+01 -1.243215e+02
    endloop
  endfacet
  facet normal 7.274166e-16 3.984011e-01 9.172113e-01
    outer loop
      vertex   3.000000e+01 1.260607e+01 -1.243215e+02
      vertex   0.000000e+00 1.471436e+01 -1.252373e+02
      vertex   0.000000e+00 1.260607e+01 -1.243215e+02
    endloop
  endfacet
  facet normal 6.248754e-16 5.195840e-01 8.544194e-01
    outer loop
      vertex   3.000000e+01 1.260607e+01 -1.243215e+02
      vertex   0.000000e+00 1.260607e+01 -1.243215e+02
      vertex   3.000000e+01 1.064211e+01 -1.231272e+02
    endloop
  endfacet
  facet normal 3.739688e-16 5.195840e-01 8.544194e-01
    outer loop
      vertex   3.000000e+01 1.064211e+01 -1.231272e+02
      vertex   0.000000e+00 1.260607e+01 -1.243215e+02
      vertex   0.000000e+00 1.064211e+01 -1.231272e+02
    endloop
  endfacet
  facet normal 3.300828e-16 6.310879e-01 7.757113e-01
    outer loop
      vertex   3.000000e+01 1.064211e+01 -1.231272e+02
      vertex   0.000000e+00 1.064211e+01 -1.231272e+02
      vertex   3.000000e+01 8.859072e+00 -1.216766e+02
    endloop
  endfacet
  facet normal -1.121037e-16 6.310879e-01 7.757113e-01
    outer loop
      vertex   3.000000e+01 8.859072e+00 -1.216766e+02
      vertex   0.000000e+00 1.064211e+01 -1.231272e+02
      vertex   0.000000e+00 8.859072e+00 -1.216766e+02
    endloop
  endfacet
  facet normal -1.298225e-16 7.308360e-01 6.825531e-01
    outer loop
      vertex   3.000000e+01 8.859072e+00 -1.216766e+02
      vertex   0.000000e+00 8.859072e+00 -1.216766e+02
      vertex   3.000000e+01 7.290164e+00 -1.199967e+02
    endloop
  endfacet
  facet normal -4.327418e-17 7.308360e-01 6.825531e-01
    outer loop
      vertex   3.000000e+01 7.290164e+00 -1.199967e+02
      vertex   0.000000e+00 8.859072e+00 -1.216766e+02
      vertex   0.000000e+00 7.290164e+00 -1.199967e+02
    endloop
  endfacet
  facet normal -4.837434e-17 8.169699e-01 5.766803e-01
    outer loop
      vertex   3.000000e+01 7.290164e+00 -1.199967e+02
      vertex   0.000000e+00 7.290164e+00 -1.199967e+02
      vertex   3.000000e+01 5.964613e+00 -1.181188e+02
    endloop
  endfacet
  facet normal 1.038605e-16 8.169699e-01 5.766803e-01
    outer loop
      vertex   3.000000e+01 5.964613e+00 -1.181188e+02
      vertex   0.000000e+00 7.290164e+00 -1.199967e+02
      vertex   0.000000e+00 5.964613e+00 -1.181188e+02
    endloop
  endfacet
  facet normal 3.392380e-17 8.878852e-01 4.600650e-01
    outer loop
      vertex   3.000000e+01 5.964613e+00 -1.181188e+02
      vertex   0.000000e+00 5.964613e+00 -1.181188e+02
      vertex   3.000000e+01 4.907112e+00 -1.160779e+02
    endloop
  endfacet
  facet normal 3.392380e-17 8.878852e-01 4.600650e-01
    outer loop
      vertex   3.000000e+01 4.907112e+00 -1.160779e+02
      vertex   0.000000e+00 5.964613e+00 -1.181188e+02
      vertex   0.000000e+00 4.907112e+00 -1.160779e+02
    endloop
  endfacet
  facet normal -3.664484e-17 9.422609e-01 3.348796e-01
    outer loop
      vertex   3.000000e+01 4.907112e+00 -1.160779e+02
      vertex   0.000000e+00 4.907112e+00 -1.160779e+02
      vertex   3.000000e+01 4.137362e+00 -1.139121e+02
    endloop
  endfacet
  facet normal -5.579305e-17 9.422609e-01 3.348796e-01
    outer loop
      vertex   3.000000e+01 4.137362e+00 -1.139121e+02
      vertex   0.000000e+00 4.907112e+00 -1.160779e+02
      vertex   0.000000e+00 4.137362e+00 -1.139121e+02
    endloop
  endfacet
  facet normal -5.797342e-17 9.790841e-01 2.034560e-01
    outer loop
      vertex   3.000000e+01 4.137362e+00 -1.139121e+02
      vertex   0.000000e+00 4.137362e+00 -1.139121e+02
      vertex   3.000000e+01 3.669700e+00 -1.116616e+02
    endloop
  endfacet
  facet normal 0.000000e+00 9.790841e-01 2.034560e-01
    outer loop
      vertex   3.000000e+01 3.669700e+00 -1.116616e+02
      vertex   0.000000e+00 4.137362e+00 -1.139121e+02
      vertex   0.000000e+00 3.669700e+00 -1.116616e+02
    endloop
  endfacet
  facet normal 0.000000e+00 9.976688e-01 6.824241e-02
    outer loop
      vertex   3.000000e+01 3.669700e+00 -1.116616e+02
      vertex   0.000000e+00 3.669700e+00 -1.116616e+02
      vertex   3.000000e+01 3.512839e+00 -1.093683e+02
    endloop
  endfacet
  facet normal 0.000000e+00 9.976688e-01 6.824241e-02
    outer loop
      vertex   3.000000e+01 3.512839e+00 -1.093683e+02
      vertex   0.000000e+00 3.669700e+00 -1.116616e+02
      vertex   0.000000e+00 3.512839e+00 -1.093683e+02
    endloop
  endfacet
  facet normal 0.000000e+00 9.976688e-01 -6.824241e-02
    outer loop
      vertex   3.000000e+01 3.512839e+00 -1.093683e+02
      vertex   0.000000e+00 3.512839e+00 -1.093683e+02
      vertex   3.000000e+01 3.669700e+00 -1.070751e+02
    endloop
  endfacet
  facet normal 0.000000e+00 9.976688e-01 -6.824241e-02
    outer loop
      vertex   3.000000e+01 3.669700e+00 -1.070751e+02
      vertex   0.000000e+00 3.512839e+00 -1.093683e+02
      vertex   0.000000e+00 3.669700e+00 -1.070751e+02
    endloop
  endfacet
  facet normal 0.000000e+00 9.790841e-01 -2.034560e-01
    outer loop
      vertex   3.000000e+01 3.669700e+00 -1.070751e+02
      vertex   0.000000e+00 3.669700e+00 -1.070751e+02
      vertex   3.000000e+01 4.137362e+00 -1.048246e+02
    endloop
  endfacet
  facet normal 5.797342e-17 9.790841e-01 -2.034560e-01
    outer loop
      vertex   3.000000e+01 4.137362e+00 -1.048246e+02
      vertex   0.000000e+00 3.669700e+00 -1.070751e+02
      vertex   0.000000e+00 4.137362e+00 -1.048246e+02
    endloop
  endfacet
  facet normal 5.579305e-17 9.422609e-01 -3.348796e-01
    outer loop
      vertex   3.000000e+01 4.137362e+00 -1.048246e+02
      vertex   0.000000e+00 4.137362e+00 -1.048246e+02
      vertex   3.000000e+01 4.907112e+00 -1.026587e+02
    endloop
  endfacet
  facet normal 3.664484e-17 9.422609e-01 -3.348796e-01
    outer loop
      vertex   3.000000e+01 4.907112e+00 -1.026587e+02
      vertex   0.000000e+00 4.137362e+00 -1.048246e+02
      vertex   0.000000e+00 4.907112e+00 -1.026587e+02
    endloop
  endfacet
  facet normal -3.392380e-17 8.878852e-01 -4.600650e-01
    outer loop
      vertex   3.000000e+01 4.907112e+00 -1.026587e+02
      vertex   0.000000e+00 4.907112e+00 -1.026587e+02
      vertex   3.000000e+01 5.964613e+00 -1.006178e+02
    endloop
  endfacet
  facet normal -3.392380e-17 8.878852e-01 -4.600650e-01
    outer loop
      vertex   3.000000e+01 5.964613e+00 -1.006178e+02
      vertex   0.000000e+00 4.907112e+00 -1.026587e+02
      vertex   0.000000e+00 5.964613e+00 -1.006178e+02
    endloop
  endfacet
  facet normal -1.038605e-16 8.169699e-01 -5.766803e-01
    outer loop
      vertex   3.000000e+01 5.964613e+00 -1.006178e+02
      vertex   0.000000e+00 5.964613e+00 -1.006178e+02
      vertex   3.000000e+01 7.290164e+00 -9.873996e+01
    endloop
  endfacet
  facet normal 4.837434e-17 8.169699e-01 -5.766803e-01
    outer loop
      vertex   3.000000e+01 7.290164e+00 -9.873996e+01
      vertex   0.000000e+00 5.964613e+00 -1.006178e+02
      vertex   0.000000e+00 7.290164e+00 -9.873996e+01
    endloop
  endfacet
  facet normal 4.327418e-17 7.308360e-01 -6.825531e-01
    outer loop
      vertex   3.000000e+01 7.290164e+00 -9.873996e+01
      vertex   0.000000e+00 7.290164e+00 -9.873996e+01
      vertex   3.000000e+01 8.859072e+00 -9.706007e+01
    endloop
  endfacet
  facet normal 1.298225e-16 7.308360e-01 -6.825531e-01
    outer loop
      vertex   3.000000e+01 8.859072e+00 -9.706007e+01
      vertex   0.000000e+00 7.290164e+00 -9.873996e+01
      vertex   0.000000e+00 8.859072e+00 -9.706007e+01
    endloop
  endfacet
  facet normal 1.121037e-16 6.310879e-01 -7.757113e-01
    outer loop
      vertex   3.000000e+01 8.859072e+00 -9.706007e+01
      vertex   0.000000e+00 8.859072e+00 -9.706007e+01
      vertex   3.000000e+01 1.064211e+01 -9.560946e+01
    endloop
  endfacet
  facet normal -3.300828e-16 6.310879e-01 -7.757113e-01
    outer loop
      vertex   3.000000e+01 1.064211e+01 -9.560946e+01
      vertex   0.000000e+00 8.859072e+00 -9.706007e+01
      vertex   0.000000e+00 1.064211e+01 -9.560946e+01
    endloop
  endfacet
  facet normal -3.739688e-16 5.195840e-01 -8.544194e-01
    outer loop
      vertex   3.000000e+01 1.064211e+01 -9.560946e+01
      vertex   0.000000e+00 1.064211e+01 -9.560946e+01
      vertex   3.000000e+01 1.260607e+01 -9.441515e+01
    endloop
  endfacet
  facet normal -6.248754e-16 5.195840e-01 -8.544194e-01
    outer loop
      vertex   3.000000e+01 1.260607e+01 -9.441515e+01
      vertex   0.000000e+00 1.064211e+01 -9.560946e+01
      vertex   0.000000e+00 1.260607e+01 -9.441515e+01
    endloop
  endfacet
  facet normal -7.274166e-16 3.984011e-01 -9.172113e-01
    outer loop
      vertex   3.000000e+01 1.260607e+01 -9.441515e+01
      vertex   0.000000e+00 1.260607e+01 -9.441515e+01
      vertex   3.000000e+01 1.471436e+01 -9.349939e+01
    endloop
  endfacet
  facet normal 7.077025e-17 3.984011e-01 -9.172113e-01
    outer loop
      vertex   3.000000e+01 1.471436e+01 -9.349939e+01
      vertex   0.000000e+00 1.260607e+01 -9.441515e+01
      vertex   0.000000e+00 1.471436e+01 -9.349939e+01
    endloop
  endfacet
  facet normal 4.792553e-17 2.697968e-01 -9.629173e-01
    outer loop
      vertex   3.000000e+01 1.471436e+01 -9.349939e+01
      vertex   0.000000e+00 1.471436e+01 -9.349939e+01
      vertex   3.000000e+01 1.692771e+01 -9.287924e+01
    endloop
  endfacet
  facet normal 0.000000e+00 2.697968e-01 -9.629173e-01
    outer loop
      vertex   3.000000e+01 1.692771e+01 -9.287924e+01
      vertex   0.000000e+00 1.471436e+01 -9.349939e+01
      vertex   0.000000e+00 1.692771e+01 -9.287924e+01
    endloop
  endfacet
  facet normal 0.000000e+00 1.361666e-01 -9.906859e-01
    outer loop
      vertex   3.000000e+01 1.692771e+01 -9.287924e+01
      vertex   0.000000e+00 1.692771e+01 -9.287924e+01
      vertex   3.000000e+01 1.920489e+01 -9.256625e+01
    endloop
  endfacet
  facet normal 3.225074e-17 1.361666e-01 -9.906859e-01
    outer loop
      vertex   3.000000e+01 1.920489e+01 -9.256625e+01
      vertex   0.000000e+00 1.692771e+01 -9.287924e+01
      vertex   0.000000e+00 1.920489e+01 -9.256625e+01
    endloop
  endfacet
  facet normal 0.000000e+00 0.000000e+00 -1.000000e+00
    outer loop
      vertex   3.000000e+01 1.920489e+01 -9.256625e+01
      vertex   0.000000e+00 1.920489e+01 -9.256625e+01
      vertex   3.000000e+01 2.150348e+01 -9.256625e+01
    endloop
  endfacet
  facet normal -0.000000e+00 0.000000e+00 -1.000000e+00
    outer loop
      vertex   3.000000e+01 2.150348e+01 -9.256625e+01
      vertex   0.000000e+00 1.920489e+01 -9.256625e+01
      vertex   0.000000e+00 2.150348e+01 -9.256625e+01
    endloop
  endfacet
  facet normal -0.000000e+00 -1.361666e-01 -9.906859e-01
    outer loop
      vertex   3.000000e+01 2.150348e+01 -9.256625e+01
      vertex   0.000000e+00 2.150348e+01 -9.256625e+01
      vertex   3.000000e+01 2.378066e+01 -9.287924e+01
    endloop
  endfacet
  facet normal -4.837611e-17 -1.361666e-01 -9.906859e-01
    outer loop
      vertex   3.000000e+01 2.378066e+01 -9.287924e+01
      vertex   0.000000e+00 2.150348e+01 -9.256625e+01
      vertex   0.000000e+00 2.378066e+01 -9.287924e+01
    endloop
  endfacet
  facet normal -9.585107e-17 -2.697968e-01 -9.629173e-01
    outer loop
      vertex   3.000000e+01 2.378066e+01 -9.287924e+01
      vertex   0.000000e+00 2.378066e+01 -9.287924e+01
      vertex   3.000000e+01 2.599401e+01 -9.349939e+01
    endloop
  endfacet
  facet normal -3.195036e-17 -2.697968e-01 -9.629173e-01
    outer loop
      vertex   3.000000e+01 2.599401e+01 -9.349939e+01
      vertex   0.000000e+00 2.378066e+01 -9.287924e+01
      vertex   0.000000e+00 2.599401e+01 -9.349939e+01
    endloop
  endfacet
  facet normal -4.718017e-17 -3.984011e-01 -9.172113e-01
    outer loop
      vertex   3.000000e+01 2.599401e+01 -9.349939e+01
      vertex   0.000000e+00 2.599401e+01 -9.349939e+01
      vertex   3.000000e+01 2.810230e+01 -9.441515e+01
    endloop
  endfacet
  facet normal -1.887207e-16 -3.984011e-01 -9.172113e-01
    outer loop
      vertex   3.000000e+01 2.810230e+01 -9.441515e+01
      vertex   0.000000e+00 2.599401e+01 -9.349939e+01
      vertex   0.000000e+00 2.810230e+01 -9.441515e+01
    endloop
  endfacet
  facet normal -2.461244e-16 -5.195840e-01 -8.544194e-01
    outer loop
      vertex   3.000000e+01 2.810230e+01 -9.441515e+01
      vertex   0.000000e+00 2.810230e+01 -9.441515e+01
      vertex   3.000000e+01 3.006626e+01 -9.560946e+01
    endloop
  endfacet
  facet normal 4.047343e-16 -5.195840e-01 -8.544194e-01
    outer loop
      vertex   3.000000e+01 3.006626e+01 -9.560946e+01
      vertex   0.000000e+00 2.810230e+01 -9.441515e+01
      vertex   0.000000e+00 3.006626e+01 -9.560946e+01
    endloop
  endfacet
  facet normal 3.674507e-16 -6.310879e-01 -7.757113e-01
    outer loop
      vertex   3.000000e+01 3.006626e+01 -9.560946e+01
      vertex   0.000000e+00 3.006626e+01 -9.560946e+01
      vertex   3.000000e+01 3.184930e+01 -9.706007e+01
    endloop
  endfacet
  facet normal -2.989433e-16 -6.310879e-01 -7.757113e-01
    outer loop
      vertex   3.000000e+01 3.184930e+01 -9.706007e+01
      vertex   0.000000e+00 3.006626e+01 -9.560946e+01
      vertex   0.000000e+00 3.184930e+01 -9.706007e+01
    endloop
  endfacet
  facet normal -3.461935e-16 -7.308360e-01 -6.825531e-01
    outer loop
      vertex   3.000000e+01 3.184930e+01 -9.706007e+01
      vertex   0.000000e+00 3.184930e+01 -9.706007e+01
      vertex   3.000000e+01 3.341821e+01 -9.873996e+01
    endloop
  endfacet
  facet normal -0.000000e+00 -7.308360e-01 -6.825531e-01
    outer loop
      vertex   3.000000e+01 3.341821e+01 -9.873996e+01
      vertex   0.000000e+00 3.184930e+01 -9.706007e+01
      vertex   0.000000e+00 3.341821e+01 -9.873996e+01
    endloop
  endfacet
  facet normal -0.000000e+00 -8.169699e-01 -5.766803e-01
    outer loop
      vertex   3.000000e+01 3.341821e+01 -9.873996e+01
      vertex   0.000000e+00 3.341821e+01 -9.873996e+01
      vertex   3.000000e+01 3.474376e+01 -1.006178e+02
    endloop
  endfacet
  facet normal -0.000000e+00 -8.169699e-01 -5.766803e-01
    outer loop
      vertex   3.000000e+01 3.474376e+01 -1.006178e+02
      vertex   0.000000e+00 3.341821e+01 -9.873996e+01
      vertex   0.000000e+00 3.474376e+01 -1.006178e+02
    endloop
  endfacet
  facet normal -0.000000e+00 -8.878852e-01 -4.600650e-01
    outer loop
      vertex   3.000000e+01 3.474376e+01 -1.006178e+02
      vertex   0.000000e+00 3.474376e+01 -1.006178e+02
      vertex   3.000000e+01 3.580126e+01 -1.026587e+02
    endloop
  endfacet
  facet normal 2.179306e-16 -8.878852e-01 -4.600650e-01
    outer loop
      vertex   3.000000e+01 3.580126e+01 -1.026587e+02
      vertex   0.000000e+00 3.474376e+01 -1.006178e+02
      vertex   0.000000e+00 3.580126e+01 -1.026587e+02
    endloop
  endfacet
  facet normal 1.586309e-16 -9.422609e-01 -3.348796e-01
    outer loop
      vertex   3.000000e+01 3.580126e+01 -1.026587e+02
      vertex   0.000000e+00 3.580126e+01 -1.026587e+02
      vertex   3.000000e+01 3.657102e+01 -1.048246e+02
    endloop
  endfacet
  facet normal -0.000000e+00 -9.422609e-01 -3.348796e-01
    outer loop
      vertex   3.000000e+01 3.657102e+01 -1.048246e+02
      vertex   0.000000e+00 3.580126e+01 -1.026587e+02
      vertex   0.000000e+00 3.657102e+01 -1.048246e+02
    endloop
  endfacet
  facet normal -0.000000e+00 -9.790841e-01 -2.034560e-01
    outer loop
      vertex   3.000000e+01 3.657102e+01 -1.048246e+02
      vertex   0.000000e+00 3.657102e+01 -1.048246e+02
      vertex   3.000000e+01 3.703868e+01 -1.070751e+02
    endloop
  endfacet
  facet normal -0.000000e+00 -9.790841e-01 -2.034560e-01
    outer loop
      vertex   3.000000e+01 3.703868e+01 -1.070751e+02
      vertex   0.000000e+00 3.657102e+01 -1.048246e+02
      vertex   0.000000e+00 3.703868e+01 -1.070751e+02
    endloop
  endfacet
  facet normal -1.305262e-01 -5.139256e-15 -9.914449e-01
    outer loop
      vertex   7.411810e-01 -2.000000e+00 -1.999659e+02
      vertex   7.411810e-01 3.629630e+00 -1.999659e+02
      vertex   1.000000e+00 -2.000000e+00 -2.000000e+02
    endloop
  endfacet
  facet normal -1.305262e-01 0.000000e+00 -9.914449e-01
    outer loop
      vertex   1.000000e+00 -2.000000e+00 -2.000000e+02
      vertex   7.411810e-01 3.629630e+00 -1.999659e+02
      vertex   7.411810e-01 9.259259e+00 -1.999659e+02
    endloop
  endfacet
  facet normal -1.305262e-01 0.000000e+00 -9.914449e-01
    outer loop
      vertex   1.000000e+00 -2.000000e+00 -2.000000e+02
      vertex   7.411810e-01 9.259259e+00 -1.999659e+02
      vertex   7.411810e-01 1.488889e+01 -1.999659e+02
    endloop
  endfacet
  facet normal -3.826834e-01 -0.000000e+00 -9.238795e-01
    outer loop
      vertex   7.411810e-01 1.488889e+01 -1.999659e+02
      vertex   7.411810e-01 9.259259e+00 -1.999659e+02
      vertex   5.000000e-01 1.488889e+01 -1.998660e+02
    endloop
  endfacet
  facet normal -3.826834e-01 0.000000e+00 -9.238795e-01
    outer loop
      vertex   7.411810e-01 1.488889e+01 -1.999659e+02
      vertex   5.000000e-01 1.488889e+01 -1.998660e+02
      vertex   5.000000e-01 2.051852e+01 -1.998660e+02
    endloop
  endfacet
  facet normal -6.087614e-01 -0.000000e+00 -7.933533e-01
    outer loop
      vertex   5.000000e-01 2.051852e+01 -1.998660e+02
      vertex   5.000000e-01 1.488889e+01 -1.998660e+02
      vertex   2.928932e-01 2.051852e+01 -1.997071e+02
    endloop
  endfacet
  facet normal -6.087614e-01 0.000000e+00 -7.933533e-01
    outer loop
      vertex   5.000000e-01 2.051852e+01 -1.998660e+02
      vertex   2.928932e-01 2.051852e+01 -1.997071e+02
      vertex   2.928932e-01 2.614815e+01 -1.997071e+02
    endloop
  endfacet
  facet normal -7.933533e-01 -0.000000e+00 -6.087614e-01
    outer loop
      vertex   2.928932e-01 2.614815e+01 -1.997071e+02
      vertex   2.928932e-01 2.051852e+01 -1.997071e+02
      vertex   1.339746e-01 2.614815e+01 -1.995000e+02
    endloop
  endfacet
  facet normal -7.933533e-01 0.000000e+00 -6.087614e-01
    outer loop
      vertex   2.928932e-01 2.614815e+01 -1.997071e+02
      vertex   1.339746e-01 2.614815e+01 -1.995000e+02
      vertex   1.339746e-01 3.177778e+01 -1.995000e+02
    endloop
  endfacet
  facet normal -9.238795e-01 -0.000000e+00 -3.826834e-01
    outer loop
      vertex   1.339746e-01 3.177778e+01 -1.995000e+02
      vertex   1.339746e-01 2.614815e+01 -1.995000e+02
      vertex   3.407417e-02 3.177778e+01 -1.992588e+02
    endloop
  endfacet
  facet normal -9.238795e-01 0.000000e+00 -3.826834e-01
    outer loop
      vertex   1.339746e-01 3.177778e+01 -1.995000e+02
      vertex   3.407417e-02 3.177778e+01 -1.992588e+02
      vertex   3.407417e-02 3.740741e+01 -1.992588e+02
    endloop
  endfacet
  facet normal -9.914449e-01 -0.000000e+00 -1.305262e-01
    outer loop
      vertex   3.407417e-02 3.740741e+01 -1.992588e+02
      vertex   3.407417e-02 3.177778e+01 -1.992588e+02
      vertex   0.000000e+00 -2.000000e+00 -1.990000e+02
    endloop
  endfacet
  facet normal -9.914449e-01 0.000000e+00 -1.305262e-01
    outer loop
      vertex   3.407417e-02 3.740741e+01 -1.992588e+02
      vertex   0.000000e+00 -2.000000e+00 -1.990000e+02
      vertex   3.407417e-02 4.303704e+01 -1.992588e+02
    endloop
  endfacet
  facet normal -9.914449e-01 0.000000e+00 -1.305262e-01
    outer loop
      vertex   3.407417e-02 4.303704e+01 -1.992588e+02
      vertex   0.000000e+00 -2.000000e+00 -1.990000e+02
      vertex   3.407417e-02 4.866667e+01 -1.992588e+02
    endloop
  endfacet
  facet normal -9.238795e-01 0.000000e+00 -3.826834e-01
    outer loop
      vertex   3.407417e-02 4.303704e+01 -1.992588e+02
      vertex   3.407417e-02 4.866667e+01 -1.992588e+02
      vertex   1.339746e-01 4.303704e+01 -1.995000e+02
    endloop
  endfacet
  facet normal -9.238795e-01 0.000000e+00 -3.826834e-01
    outer loop
      vertex   1.339746e-01 4.303704e+01 -1.995000e+02
      vertex   3.407417e-02 4.866667e+01 -1.992588e+02
      vertex   1.339746e-01 4.866667e+01 -1.995000e+02
    endloop
  endfacet
  facet normal -7.933533e-01 0.000000e+00 -6.087614e-01
    outer loop
      vertex   1.339746e-01 4.303704e+01 -1.995000e+02
      vertex   1.339746e-01 4.866667e+01 -1.995000e+02
      vertex   2.928932e-01 4.303704e+01 -1.997071e+02
    endloop
  endfacet
  facet normal -7.933533e-01 0.000000e+00 -6.087614e-01
    outer loop
      vertex   2.928932e-01 4.303704e+01 -1.997071e+02
      vertex   1.339746e-01 4.866667e+01 -1.995000e+02
      vertex   2.928932e-01 4.866667e+01 -1.997071e+02
    endloop
  endfacet
  facet normal -6.087614e-01 0.000000e+00 -7.933533e-01
    outer loop
      vertex   2.928932e-01 4.303704e+01 -1.997071e+02
      vertex   2.928932e-01 4.866667e+01 -1.997071e+02
      vertex   5.000000e-01 4.303704e+01 -1.998660e+02
    endloop
  endfacet
  facet normal -6.087614e-01 0.000000e+00 -7.933533e-01
    outer loop
      vertex   5.000000e-01 4.303704e+01 -1.998660e+02
      vertex   2.928932e-01 4.866667e+01 -1.997071e+02
      vertex   5.000000e-01 4.866667e+01 -1.998660e+02
    endloop
  endfacet
  facet normal -3.826834e-01 0.000000e+00 -9.238795e-01
    outer loop
      vertex   5.000000e-01 4.303704e+01 -1.998660e+02
      vertex   5.000000e-01 4.866667e+01 -1.998660e+02
      vertex   7.411810e-01 4.303704e+01 -1.999659e+02
    endloop
  endfacet
  facet normal -3.826834e-01 0.000000e+00 -9.238795e-01
    outer loop
      vertex   7.411810e-01 4.303704e+01 -1.999659e+02
      vertex   5.000000e-01 4.866667e+01 -1.998660e+02
      vertex   7.411810e-01 4.866667e+01 -1.999659e+02
    endloop
  endfacet
  facet normal -1.305262e-01 0.000000e+00 -9.914449e-01
    outer loop
      vertex   7.411810e-01 4.303704e+01 -1.999659e+02
      vertex   7.411810e-01 4.866667e+01 -1.999659e+02
      vertex   1.000000e+00 -2.000000e+00 -2.000000e+02
    endloop
  endfacet
  facet normal -1.305262e-01 0.000000e+00 -9.914449e-01
    outer loop
      vertex   1.000000e+00 -2.000000e+00 -2.000000e+02
      vertex   7.411810e-01 4.866667e+01 -1.999659e+02
      vertex   7.411810e-01 5.429630e+01 -1.999659e+02
    endloop
  endfacet
  facet normal -1.305262e-01 0.000000e+00 -9.914449e-01
    outer loop
      vertex   1.000000e+00 -2.000000e+00 -2.000000e+02
      vertex   7.411810e-01 5.429630e+01 -1.999659e+02
      vertex   7.411810e-01 5.992593e+01 -1.999659e+02
    endloop
  endfacet
  facet normal -3.826834e-01 -0.000000e+00 -9.238795e-01
    outer loop
      vertex   7.411810e-01 5.992593e+01 -1.999659e+02
      vertex   7.411810e-01 5.429630e+01 -1.999659e+02
      vertex   5.000000e-01 5.992593e+01 -1.998660e+02
    endloop
  endfacet
  facet normal -3.826834e-01 0.000000e+00 -9.238795e-01
    outer loop
      vertex   7.411810e-01 5.992593e+01 -1.999659e+02
      vertex   5.000000e-01 5.992593e+01 -1.998660e+02
      vertex   5.000000e-01 6.555556e+01 -1.998660e+02
    endloop
  endfacet
  facet normal -6.087614e-01 -0.000000e+00 -7.933533e-01
    outer loop
      vertex   5.000000e-01 6.555556e+01 -1.998660e+02
      vertex   5.000000e-01 5.992593e+01 -1.998660e+02
      vertex   2.928932e-01 6.555556e+01 -1.997071e+02
    endloop
  endfacet
  facet normal -6.087614e-01 0.000000e+00 -7.933533e-01
    outer loop
      vertex   5.000000e-01 6.555556e+01 -1.998660e+02
      vertex   2.928932e-01 6.555556e+01 -1.997071e+02
      vertex   2.928932e-01 7.118519e+01 -1.997071e+02
    endloop
  endfacet
  facet normal -7.933533e-01 -0.000000e+00 -6.087614e-01
    outer loop
      vertex   2.928932e-01 7.118519e+01 -1.997071e+02
      vertex   2.928932e-01 6.555556e+01 -1.997071e+02
      vertex   1.339746e-01 7.118519e+01 -1.995000e+02
    endloop
  endfacet
  facet normal -7.933533e-01 0.000000e+00 -6.087614e-01
    outer loop
      vertex   2.928932e-01 7.118519e+01 -1.997071e+02
      vertex   1.339746e-01 7.118519e+01 -1.995000e+02
      vertex   1.339746e-01 7.681481e+01 -1.995000e+02
    endloop
  endfacet
  facet normal -9.238795e-01 -0.000000e+00 -3.826834e-01
    outer loop
      vertex   1.339746e-01 7.681481e+01 -1.995000e+02
      vertex   1.339746e-01 7.118519e+01 -1.995000e+02
      vertex   3.407417e-02 7.681481e+01 -1.992588e+02
    endloop
  endfacet
  facet normal -9.238795e-01 0.000000e+00 -3.826834e-01
    outer loop
      vertex   1.339746e-01 7.681481e+01 -1.995000e+02
      vertex   3.407417e-02 7.681481e+01 -1.992588e+02
      vertex   3.407417e-02 8.244444e+01 -1.992588e+02
    endloop
  endfacet
  facet normal -9.914449e-01 -0.000000e+00 -1.305262e-01
    outer loop
      vertex   3.407417e-02 8.244444e+01 -1.992588e+02
      vertex   3.407417e-02 7.681481e+01 -1.992588e+02
      vertex   0.000000e+00 1.500000e+02 -1.990000e+02
    endloop
  endfacet
  facet normal -9.914449e-01 0.000000e+00 -1.305262e-01
    outer loop
      vertex   3.407417e-02 8.244444e+01 -1.992588e+02
      vertex   0.000000e+00 1.500000e+02 -1.990000e+02
      vertex   3.407417e-02 8.807407e+01 -1.992588e+02
    endloop
  endfacet
  facet normal -9.914449e-01 0.000000e+00 -1.305262e-01
    outer loop
      vertex   3.407417e-02 8.807407e+01 -1.992588e+02
      vertex   0.000000e+00 1.500000e+02 -1.990000e+02
      vertex   3.407417e-02 9.370370e+01 -1.992588e+02
    endloop
  endfacet
  facet normal -9.238795e-01 0.000000e+00 -3.826834e-01
    outer loop
      vertex   3.407417e-02 8.807407e+01 -1.992588e+02
      vertex   3.407417e-02 9.370370e+01 -1.992588e+02
      vertex   1.339746e-01 8.807407e+01 -1.995000e+02
    endloop
  endfacet
  facet normal -9.238795e-01 0.000000e+00 -3.826834e-01
    outer loop
      vertex   1.339746e-01 8.807407e+01 -1.995000e+02
      vertex   3.407417e-02 9.370370e+01 -1.992588e+02
      vertex   1.339746e-01 9.370370e+01 -1.995000e+02
    endloop
  endfacet
  facet normal -7.933533e-01 0.000000e+00 -6.087614e-01
    outer loop
      vertex   1.339746e-01 8.807407e+01 -1.995000e+02
      vertex   1.339746e-01 9.370370e+01 -1.995000e+02
      vertex   2.928932e-01 8.807407e+01 -1.997071e+02
    endloop
  endfacet
  facet normal -7.933533e-01 0.000000e+00 -6.087614e-01
    outer loop
      vertex   2.928932e-01 8.807407e+01 -1.997071e+02
      vertex   1.339746e-01 9.370370e+01 -1.995000e+02
      vertex   2.928932e-01 9.370370e+01 -1.997071e+02
    endloop
  endfacet
  facet normal -6.087614e-01 0.000000e+00 -7.933533e-01
    outer loop
      vertex   2.928932e-01 8.807407e+01 -1.997071e+02
      vertex   2.928932e-01 9.370370e+01 -1.997071e+02
      vertex   5.000000e-01 8.807407e+01 -1.998660e+02
    endloop
  endfacet
  facet normal -6.087614e-01 0.000000e+00 -7.933533e-01
    outer loop
      vertex   5.000000e-01 8.807407e+01 -1.998660e+02
      vertex   2.928932e-01 9.370370e+01 -1.997071e+02
      vertex   5.000000e-01 9.370370e+01 -1.998660e+02
    endloop
  endfacet
  facet normal -3.826834e-01 0.000000e+00 -9.238795e-01
    outer loop
      vertex   5.000000e-01 8.807407e+01 -1.998660e+02
      vertex   5.000000e-01 9.370370e+01 -1.998660e+02
      vertex   7.411810e-01 8.807407e+01 -1.999659e+02
    endloop
  endfacet
  facet normal -3.826834e-01 0.000000e+00 -9.238795e-01
    outer loop
      vertex   7.411810e-01 8.807407e+01 -1.999659e+02
      vertex   5.000000e-01 9.370370e+01 -1.998660e+02
      vertex   7.411810e-01 9.370370e+01 -1.999659e+02
    endloop
  endfacet
  facet normal -1.305262e-01 0.000000e+00 -9.914449e-01
    outer loop
      vertex   7.411810e-01 8.807407e+01 -1.999659e+02
      vertex   7.411810e-01 9.370370e+01 -1.999659e+02
      vertex   1.000000e+00 1.500000e+02 -2.000000e+02
    endloop
  endfacet
  facet normal -1.305262e-01 0.000000e+00 -9.914449e-01
    outer loop
      vertex   1.000000e+00 1.500000e+02 -2.000000e+02
      vertex   7.411810e-01 9.370370e+01 -1.999659e+02
      vertex   7.411810e-01 9.933333e+01 -1.999659e+02
    endloop
  endfacet
  facet normal -1.305262e-01 0.000000e+00 -9.914449e-01
    outer loop
      vertex   1.000000e+00 1.500000e+02 -2.000000e+02
      vertex   7.411810e-01 9.933333e+01 -1.999659e+02
      vertex   7.411810e-01 1.049630e+02 -1.999659e+02
    endloop
  endfacet
  facet normal -3.826834e-01 -0.000000e+00 -9.238795e-01
    outer loop
      vertex   7.411810e-01 1.049630e+02 -1.999659e+02
      vertex   7.411810e-01 9.933333e+01 -1.999659e+02
      vertex   5.000000e-01 1.049630e+02 -1.998660e+02
    endloop
  endfacet
  facet normal -3.826834e-01 0.000000e+00 -9.238795e-01
    outer loop
      vertex   7.411810e-01 1.049630e+02 -1.999659e+02
      vertex   5.000000e-01 1.049630e+02 -1.998660e+02
      vertex   5.000000e-01 1.105926e+02 -1.998660e+02
    endloop
  endfacet
  facet normal -6.087614e-01 -0.000000e+00 -7.933533e-01
    outer loop
      vertex   5.000000e-01 1.105926e+02 -1.998660e+02
      vertex   5.000000e-01 1.049630e+02 -1.998660e+02
      vertex   2.928932e-01 1.105926e+02 -1.997071e+02
    endloop
  endfacet
  facet normal -6.087614e-01 0.000000e+00 -7.933533e-01
    outer loop
      vertex   5.000000e-01 1.105926e+02 -1.998660e+02
      vertex   2.928932e-01 1.105926e+02 -1.997071e+02
      vertex   2.928932e-01 1.162222e+02 -1.997071e+02
    endloop
  endfacet
  facet normal -7.933533e-01 -0.000000e+00 -6.087614e-01
    outer loop
      vertex   2.928932e-01 1.162222e+02 -1.997071e+02
      vertex   2.928932e-01 1.105926e+02 -1.997071e+02
      vertex   1.339746e-01 1.162222e+02 -1.995000e+02
    endloop
  endfacet
  facet normal -7.933533e-01 -1.888612e-17 -6.087614e-01
    outer loop
      vertex   2.928932e-01 1.162222e+02 -1.997071e+02
      vertex   1.339746e-01 1.162222e+02 -1.995000e+02
      vertex   1.339746e-01 1.218519e+02 -1.995000e+02
    endloop
  endfacet
  facet normal -9.238795e-01 -2.277486e-17 -3.826834e-01
    outer loop
      vertex   1.339746e-01 1.218519e+02 -1.995000e+02
      vertex   1.339746e-01 1.162222e+02 -1.995000e+02
      vertex   3.407417e-02 1.218519e+02 -1.992588e+02
    endloop
  endfacet
  facet normal -9.238795e-01 0.000000e+00 -3.826834e-01
    outer loop
      vertex   1.339746e-01 1.218519e+02 -1.995000e+02
      vertex   3.407417e-02 1.218519e+02 -1.992588e+02
      vertex   3.407417e-02 1.274815e+02 -1.992588e+02
    endloop
  endfacet
  facet normal -9.914449e-01 -0.000000e+00 -1.305262e-01
    outer loop
      vertex   3.407417e-02 1.274815e+02 -1.992588e+02
      vertex   3.407417e-02 1.218519e+02 -1.992588e+02
      vertex   0.000000e+00 1.500000e+02 -1.990000e+02
    endloop
  endfacet
  facet normal -9.914449e-01 0.000000e+00 -1.305262e-01
    outer loop
      vertex   3.407417e-02 1.274815e+02 -1.992588e+02
      vertex   0.000000e+00 1.500000e+02 -1.990000e+02
      vertex   3.407417e-02 1.331111e+02 -1.992588e+02
    endloop
  endfacet
  facet normal -9.914449e-01 0.000000e+00 -1.305262e-01
    outer loop
      vertex   3.407417e-02 1.331111e+02 -1.992588e+02
      vertex   0.000000e+00 1.500000e+02 -1.990000e+02
      vertex   3.407417e-02 1.387407e+02 -1.992588e+02
    endloop
  endfacet
  facet normal -9.238795e-01 0.000000e+00 -3.826834e-01
    outer loop
      vertex   3.407417e-02 1.331111e+02 -1.992588e+02
      vertex   3.407417e-02 1.387407e+02 -1.992588e+02
      vertex   1.339746e-01 1.331111e+02 -1.995000e+02
    endloop
  endfacet
  facet normal -9.238795e-01 0.000000e+00 -3.826834e-01
    outer loop
      vertex   1.339746e-01 1.331111e+02 -1.995000e+02
      vertex   3.407417e-02 1.387407e+02 -1.992588e+02
      vertex   1.339746e-01 1.387407e+02 -1.995000e+02
    endloop
  endfacet
  facet normal -7.933533e-01 0.000000e+00 -6.087614e-01
    outer loop
      vertex   1.339746e-01 1.331111e+02 -1.995000e+02
      vertex   1.339746e-01 1.387407e+02 -1.995000e+02
      vertex   2.928932e-01 1.331111e+02 -1.997071e+02
    endloop
  endfacet
  facet normal -7.933533e-01 0.000000e+00 -6.087614e-01
    outer loop
      vertex   2.928932e-01 1.331111e+02 -1.997071e+02
      vertex   1.339746e-01 1.387407e+02 -1.995000e+02
      vertex   2.928932e-01 1.387407e+02 -1.997071e+02
    endloop
  endfacet
  facet normal -6.087614e-01 0.000000e+00 -7.933533e-01
    outer loop
      vertex   2.928932e-01 1.331111e+02 -1.997071e+02
      vertex   2.928932e-01 1.387407e+02 -1.997071e+02
      vertex   5.000000e-01 1.331111e+02 -1.998660e+02
    endloop
  endfacet
  facet normal -6.087614e-01 0.000000e+00 -7.933533e-01
    outer loop
      vertex   5.000000e-01 1.331111e+02 -1.998660e+02
      vertex   2.928932e-01 1.387407e+02 -1.997071e+02
      vertex   5.000000e-01 1.387407e+02 -1.998660e+02
    endloop
  endfacet
  facet normal -3.826834e-01 0.000000e+00 -9.238795e-01
    outer loop
      vertex   5.000000e-01 1.331111e+02 -1.998660e+02
      vertex   5.000000e-01 1.387407e+02 -1.998660e+02
      vertex   7.411810e-01 1.331111e+02 -1.999659e+02
    endloop
  endfacet
  facet normal -3.826834e-01 0.000000e+00 -9.238795e-01
    outer loop
      vertex   7.411810e-01 1.331111e+02 -1.999659e+02
      vertex   5.000000e-01 1.387407e+02 -1.998660e+02
      vertex   7.411810e-01 1.387407e+02 -1.999659e+02
    endloop
  endfacet
  facet normal -1.305262e-01 0.000000e+00 -9.914449e-01
    outer loop
      vertex   7.411810e-01 1.331111e+02 -1.999659e+02
      vertex   7.411810e-01 1.387407e+02 -1.999659e+02
      vertex   1.000000e+00 1.500000e+02 -2.000000e+02
    endloop
  endfacet
  facet normal -1.305262e-01 -2.360765e-18 -9.914449e-01
    outer loop
      vertex   1.000000e+00 1.500000e+02 -2.000000e+02
      vertex   7.411810e-01 1.387407e+02 -1.999659e+02
      vertex   7.411810e-01 1.443704e+02 -1.999659e+02
    endloop
  endfacet
  facet normal -1.305262e-01 5.144107e-15 -9.914449e-01
    outer loop
      vertex   1.000000e+00 1.500000e+02 -2.000000e+02
      vertex   7.411810e-01 1.443704e+02 -1.999659e+02
      vertex   7.411810e-01 1.500000e+02 -1.999659e+02
    endloop
  endfacet
  facet normal -3.826834e-01 5.071826e-15 -9.238795e-01
    outer loop
      vertex   7.411810e-01 1.500000e+02 -1.999659e+02
      vertex   7.411810e-01 1.443704e+02 -1.999659e+02
      vertex   5.000000e-01 1.500000e+02 -1.998660e+02
    endloop
  endfacet
  facet normal -3.826834e-01 -5.577470e-15 -9.238795e-01
    outer loop
      vertex   5.000000e-01 1.500000e+02 -1.998660e+02
      vertex   7.411810e-01 1.443704e+02 -1.999659e+02
      vertex   5.000000e-01 1.443704e+02 -1.998660e+02
    endloop
  endfacet
  facet normal -6.087614e-01 -5.457975e-15 -7.933533e-01
    outer loop
      vertex   5.000000e-01 1.500000e+02 -1.998660e+02
      vertex   5.000000e-01 1.443704e+02 -1.998660e+02
      vertex   2.928932e-01 1.500000e+02 -1.997071e+02
    endloop
  endfacet
  facet normal -6.087614e-01 6.602984e-17 -7.933533e-01
    outer loop
      vertex   2.928932e-01 1.500000e+02 -1.997071e+02
      vertex   5.000000e-01 1.443704e+02 -1.998660e+02
      vertex   2.928932e-01 1.443704e+02 -1.997071e+02
    endloop
  endfacet
  facet normal -7.933533e-01 8.605176e-17 -6.087614e-01
    outer loop
      vertex   2.928932e-01 1.500000e+02 -1.997071e+02
      vertex   2.928932e-01 1.443704e+02 -1.997071e+02
      vertex   1.339746e-01 1.500000e+02 -1.995000e+02
    endloop
  endfacet
  facet normal -7.933533e-01 -4.419931e-16 -6.087614e-01
    outer loop
      vertex   1.339746e-01 1.500000e+02 -1.995000e+02
      vertex   2.928932e-01 1.443704e+02 -1.997071e+02
      vertex   1.339746e-01 1.443704e+02 -1.995000e+02
    endloop
  endfacet
  facet normal -9.238795e-01 -5.147119e-16 -3.826834e-01
    outer loop
      vertex   1.339746e-01 1.500000e+02 -1.995000e+02
      vertex   1.339746e-01 1.443704e+02 -1.995000e+02
      vertex   3.407417e-02 1.500000e+02 -1.992588e+02
    endloop
  endfacet
  facet normal -9.238795e-01 9.223819e-16 -3.826834e-01
    outer loop
      vertex   3.407417e-02 1.500000e+02 -1.992588e+02
      vertex   1.339746e-01 1.443704e+02 -1.995000e+02
      vertex   3.407417e-02 1.443704e+02 -1.992588e+02
    endloop
  endfacet
  facet normal -9.914449e-01 9.898377e-16 -1.305262e-01
    outer loop
      vertex   3.407417e-02 1.500000e+02 -1.992588e+02
      vertex   3.407417e-02 1.443704e+02 -1.992588e+02
      vertex   0.000000e+00 1.500000e+02 -1.990000e+02
    endloop
  endfacet
  facet normal -9.914449e-01 0.000000e+00 -1.305262e-01
    outer loop
      vertex   0.000000e+00 1.500000e+02 -1.990000e+02
      vertex   3.407417e-02 1.443704e+02 -1.992588e+02
      vertex   3.407417e-02 1.387407e+02 -1.992588e+02
    endloop
  endfacet
  facet normal -3.826834e-01 -5.056732e-15 -9.238795e-01
    outer loop
      vertex   7.411810e-01 3.629630e+00 -1.999659e+02
      vertex   7.411810e-01 -2.000000e+00 -1.999659e+02
      vertex   5.000000e-01 3.629630e+00 -1.998660e+02
    endloop
  endfacet
  facet normal -3.826834e-01 5.577470e-15 -9.238795e-01
    outer loop
      vertex   5.000000e-01 3.629630e+00 -1.998660e+02
      vertex   7.411810e-01 -2.000000e+00 -1.999659e+02
      vertex   5.000000e-01 -2.000000e+00 -1.998660e+02
    endloop
  endfacet
  facet normal -6.087614e-01 5.457975e-15 -7.933533e-01
    outer loop
      vertex   5.000000e-01 3.629630e+00 -1.998660e+02
      vertex   5.000000e-01 -2.000000e+00 -1.998660e+02
      vertex   2.928932e-01 3.629630e+00 -1.997071e+02
    endloop
  endfacet
  facet normal -6.087614e-01 -6.602984e-17 -7.933533e-01
    outer loop
      vertex   2.928932e-01 3.629630e+00 -1.997071e+02
      vertex   5.000000e-01 -2.000000e+00 -1.998660e+02
      vertex   2.928932e-01 -2.000000e+00 -1.997071e+02
    endloop
  endfacet
  facet normal -7.933533e-01 -8.605176e-17 -6.087614e-01
    outer loop
      vertex   2.928932e-01 3.629630e+00 -1.997071e+02
      vertex   2.928932e-01 -2.000000e+00 -1.997071e+02
      vertex   1.339746e-01 3.629630e+00 -1.995000e+02
    endloop
  endfacet
  facet normal -7.933533e-01 4.498160e-16 -6.087614e-01
    outer loop
      vertex   1.339746e-01 3.629630e+00 -1.995000e+02
      vertex   2.928932e-01 -2.000000e+00 -1.997071e+02
      vertex   1.339746e-01 -2.000000e+00 -1.995000e+02
    endloop
  endfacet
  facet normal -9.238795e-01 5.238218e-16 -3.826834e-01
    outer loop
      vertex   1.339746e-01 3.629630e+00 -1.995000e+02
      vertex   1.339746e-01 -2.000000e+00 -1.995000e+02
      vertex   3.407417e-02 3.629630e+00 -1.992588e+02
    endloop
  endfacet
  facet normal -9.238795e-01 -9.223819e-16 -3.826834e-01
    outer loop
      vertex   3.407417e-02 3.629630e+00 -1.992588e+02
      vertex   1.339746e-01 -2.000000e+00 -1.995000e+02
      vertex   3.407417e-02 -2.000000e+00 -1.992588e+02
    endloop
  endfacet
  facet normal -9.914449e-01 -9.898377e-16 -1.305262e-01
    outer loop
      vertex   3.407417e-02 3.629630e+00 -1.992588e+02
      vertex   3.407417e-02 -2.000000e+00 -1.992588e+02
      vertex   0.000000e+00 -2.000000e+00 -1.990000e+02
    endloop
  endfacet
  facet normal -9.914449e-01 -0.000000e+00 -1.305262e-01
    outer loop
      vertex   0.000000e+00 1.500000e+02 -1.990000e+02
      vertex   3.407417e-02 7.118519e+01 -1.992588e+02
      vertex   0.000000e+00 -2.000000e+00 -1.990000e+02
    endloop
  endfacet
  facet normal -9.914449e-01 0.000000e+00 -1.305262e-01
    outer loop
      vertex   0.000000e+00 -2.000000e+00 -1.990000e+02
      vertex   3.407417e-02 7.118519e+01 -1.992588e+02
      vertex   3.407417e-02 6.555556e+01 -1.992588e+02
    endloop
  endfacet
  facet normal -9.914449e-01 0.000000e+00 -1.305262e-01
    outer loop
      vertex   0.000000e+00 -2.000000e+00 -1.990000e+02
      vertex   3.407417e-02 6.555556e+01 -1.992588e+02
      vertex   3.407417e-02 5.992593e+01 -1.992588e+02
    endloop
  endfacet
  facet normal -9.238795e-01 0.000000e+00 -3.826834e-01
    outer loop
      vertex   3.407417e-02 5.992593e+01 -1.992588e+02
      vertex   3.407417e-02 6.555556e+01 -1.992588e+02
      vertex   1.339746e-01 5.992593e+01 -1.995000e+02
    endloop
  endfacet
  facet normal -9.238795e-01 0.000000e+00 -3.826834e-01
    outer loop
      vertex   3.407417e-02 5.992593e+01 -1.992588e+02
      vertex   1.339746e-01 5.992593e+01 -1.995000e+02
      vertex   1.339746e-01 5.429630e+01 -1.995000e+02
    endloop
  endfacet
  facet normal -7.933533e-01 0.000000e+00 -6.087614e-01
    outer loop
      vertex   1.339746e-01 5.429630e+01 -1.995000e+02
      vertex   1.339746e-01 5.992593e+01 -1.995000e+02
      vertex   2.928932e-01 5.429630e+01 -1.997071e+02
    endloop
  endfacet
  facet normal -7.933533e-01 0.000000e+00 -6.087614e-01
    outer loop
      vertex   1.339746e-01 5.429630e+01 -1.995000e+02
      vertex   2.928932e-01 5.429630e+01 -1.997071e+02
      vertex   2.928932e-01 4.866667e+01 -1.997071e+02
    endloop
  endfacet
  facet normal -6.087614e-01 0.000000e+00 -7.933533e-01
    outer loop
      vertex   2.928932e-01 4.866667e+01 -1.997071e+02
      vertex   2.928932e-01 5.429630e+01 -1.997071e+02
      vertex   5.000000e-01 4.866667e+01 -1.998660e+02
    endloop
  endfacet
  facet normal -1.305262e-01 0.000000e+00 -9.914449e-01
    outer loop
      vertex   1.000000e+00 -2.000000e+00 -2.000000e+02
      vertex   7.411810e-01 7.681481e+01 -1.999659e+02
      vertex   1.000000e+00 1.500000e+02 -2.000000e+02
    endloop
  endfacet
  facet normal -1.305262e-01 0.000000e+00 -9.914449e-01
    outer loop
      vertex   1.000000e+00 1.500000e+02 -2.000000e+02
      vertex   7.411810e-01 7.681481e+01 -1.999659e+02
      vertex   7.411810e-01 8.244444e+01 -1.999659e+02
    endloop
  endfacet
  facet normal -1.305262e-01 0.000000e+00 -9.914449e-01
    outer loop
      vertex   1.000000e+00 1.500000e+02 -2.000000e+02
      vertex   7.411810e-01 8.244444e+01 -1.999659e+02
      vertex   7.411810e-01 8.807407e+01 -1.999659e+02
    endloop
  endfacet
  facet normal -3.826834e-01 -0.000000e+00 -9.238795e-01
    outer loop
      vertex   7.411810e-01 8.807407e+01 -1.999659e+02
      vertex   7.411810e-01 8.244444e+01 -1.999659e+02
      vertex   5.000000e-01 8.807407e+01 -1.998660e+02
    endloop
  endfacet
  facet normal -3.826834e-01 -0.000000e+00 -9.238795e-01
    outer loop
      vertex   7.411810e-01 9.259259e+00 -1.999659e+02
      vertex   7.411810e-01 3.629630e+00 -1.999659e+02
      vertex   5.000000e-01 9.259259e+00 -1.998660e+02
    endloop
  endfacet
  facet normal -3.826834e-01 -0.000000e+00 -9.238795e-01
    outer loop
      vertex   5.000000e-01 9.259259e+00 -1.998660e+02
      vertex   7.411810e-01 3.629630e+00 -1.999659e+02
      vertex   5.000000e-01 3.629630e+00 -1.998660e+02
    endloop
  endfacet
  facet normal -6.087614e-01 -0.000000e+00 -7.933533e-01
    outer loop
      vertex   5.000000e-01 9.259259e+00 -1.998660e+02
      vertex   5.000000e-01 3.629630e+00 -1.998660e+02
      vertex   2.928932e-01 9.259259e+00 -1.997071e+02
    endloop
  endfacet
  facet normal -6.087614e-01 -0.000000e+00 -7.933533e-01
    outer loop
      vertex   2.928932e-01 9.259259e+00 -1.997071e+02
      vertex   5.000000e-01 3.629630e+00 -1.998660e+02
      vertex   2.928932e-01 3.629630e+00 -1.997071e+02
    endloop
  endfacet
  facet normal -7.933533e-01 -0.000000e+00 -6.087614e-01
    outer loop
      vertex   2.928932e-01 9.259259e+00 -1.997071e+02
      vertex   2.928932e-01 3.629630e+00 -1.997071e+02
      vertex   1.339746e-01 9.259259e+00 -1.995000e+02
    endloop
  endfacet
  facet normal -7.933533e-01 -0.000000e+00 -6.087614e-01
    outer loop
      vertex   1.339746e-01 9.259259e+00 -1.995000e+02
      vertex   2.928932e-01 3.629630e+00 -1.997071e+02
      vertex   1.339746e-01 3.629630e+00 -1.995000e+02
    endloop
  endfacet
  facet normal -9.238795e-01 -0.000000e+00 -3.826834e-01
    outer loop
      vertex   1.339746e-01 9.259259e+00 -1.995000e+02
      vertex   1.339746e-01 3.629630e+00 -1.995000e+02
      vertex   3.407417e-02 9.259259e+00 -1.992588e+02
    endloop
  endfacet
  facet normal -9.238795e-01 -0.000000e+00 -3.826834e-01
    outer loop
      vertex   3.407417e-02 9.259259e+00 -1.992588e+02
      vertex   1.339746e-01 3.629630e+00 -1.995000e+02
      vertex   3.407417e-02 3.629630e+00 -1.992588e+02
    endloop
  endfacet
  facet normal -9.914449e-01 -0.000000e+00 -1.305262e-01
    outer loop
      vertex   3.407417e-02 9.259259e+00 -1.992588e+02
      vertex   3.407417e-02 3.629630e+00 -1.992588e+02
      vertex   0.000000e+00 -2.000000e+00 -1.990000e+02
    endloop
  endfacet
  facet normal -1.305262e-01 0.000000e+00 -9.914449e-01
    outer loop
      vertex   7.411810e-01 1.488889e+01 -1.999659e+02
      vertex   7.411810e-01 2.051852e+01 -1.999659e+02
      vertex   1.000000e+00 -2.000000e+00 -2.000000e+02
    endloop
  endfacet
  facet normal -1.305262e-01 0.000000e+00 -9.914449e-01
    outer loop
      vertex   1.000000e+00 -2.000000e+00 -2.000000e+02
      vertex   7.411810e-01 2.051852e+01 -1.999659e+02
      vertex   7.411810e-01 2.614815e+01 -1.999659e+02
    endloop
  endfacet
  facet normal -1.305262e-01 0.000000e+00 -9.914449e-01
    outer loop
      vertex   1.000000e+00 -2.000000e+00 -2.000000e+02
      vertex   7.411810e-01 2.614815e+01 -1.999659e+02
      vertex   7.411810e-01 3.177778e+01 -1.999659e+02
    endloop
  endfacet
  facet normal -3.826834e-01 -0.000000e+00 -9.238795e-01
    outer loop
      vertex   7.411810e-01 3.177778e+01 -1.999659e+02
      vertex   7.411810e-01 2.614815e+01 -1.999659e+02
      vertex   5.000000e-01 3.177778e+01 -1.998660e+02
    endloop
  endfacet
  facet normal -3.826834e-01 0.000000e+00 -9.238795e-01
    outer loop
      vertex   7.411810e-01 3.177778e+01 -1.999659e+02
      vertex   5.000000e-01 3.177778e+01 -1.998660e+02
      vertex   5.000000e-01 3.740741e+01 -1.998660e+02
    endloop
  endfacet
  facet normal -6.087614e-01 -0.000000e+00 -7.933533e-01
    outer loop
      vertex   5.000000e-01 3.740741e+01 -1.998660e+02
      vertex   5.000000e-01 3.177778e+01 -1.998660e+02
      vertex   2.928932e-01 3.740741e+01 -1.997071e+02
    endloop
  endfacet
  facet normal -6.087614e-01 0.000000e+00 -7.933533e-01
    outer loop
      vertex   5.000000e-01 3.740741e+01 -1.998660e+02
      vertex   2.928932e-01 3.740741e+01 -1.997071e+02
      vertex   2.928932e-01 4.303704e+01 -1.997071e+02
    endloop
  endfacet
  facet normal -7.933533e-01 -0.000000e+00 -6.087614e-01
    outer loop
      vertex   2.928932e-01 4.303704e+01 -1.997071e+02
      vertex   2.928932e-01 3.740741e+01 -1.997071e+02
      vertex   1.339746e-01 4.303704e+01 -1.995000e+02
    endloop
  endfacet
  facet normal -3.826834e-01 0.000000e+00 -9.238795e-01
    outer loop
      vertex   7.411810e-01 1.488889e+01 -1.999659e+02
      vertex   5.000000e-01 2.051852e+01 -1.998660e+02
      vertex   7.411810e-01 2.051852e+01 -1.999659e+02
    endloop
  endfacet
  facet normal -3.826834e-01 0.000000e+00 -9.238795e-01
    outer loop
      vertex   7.411810e-01 2.051852e+01 -1.999659e+02
      vertex   5.000000e-01 2.051852e+01 -1.998660e+02
      vertex   5.000000e-01 2.614815e+01 -1.998660e+02
    endloop
  endfacet
  facet normal -3.826834e-01 0.000000e+00 -9.238795e-01
    outer loop
      vertex   7.411810e-01 2.051852e+01 -1.999659e+02
      vertex   5.000000e-01 2.614815e+01 -1.998660e+02
      vertex   7.411810e-01 2.614815e+01 -1.999659e+02
    endloop
  endfacet
  facet normal -3.826834e-01 0.000000e+00 -9.238795e-01
    outer loop
      vertex   7.411810e-01 2.614815e+01 -1.999659e+02
      vertex   5.000000e-01 2.614815e+01 -1.998660e+02
      vertex   5.000000e-01 3.177778e+01 -1.998660e+02
    endloop
  endfacet
  facet normal -1.305262e-01 -0.000000e+00 -9.914449e-01
    outer loop
      vertex   7.411810e-01 4.303704e+01 -1.999659e+02
      vertex   1.000000e+00 -2.000000e+00 -2.000000e+02
      vertex   7.411810e-01 3.740741e+01 -1.999659e+02
    endloop
  endfacet
  facet normal -1.305262e-01 -0.000000e+00 -9.914449e-01
    outer loop
      vertex   7.411810e-01 3.740741e+01 -1.999659e+02
      vertex   1.000000e+00 -2.000000e+00 -2.000000e+02
      vertex   7.411810e-01 3.177778e+01 -1.999659e+02
    endloop
  endfacet
  facet normal -3.826834e-01 -0.000000e+00 -9.238795e-01
    outer loop
      vertex   7.411810e-01 3.740741e+01 -1.999659e+02
      vertex   7.411810e-01 3.177778e+01 -1.999659e+02
      vertex   5.000000e-01 3.740741e+01 -1.998660e+02
    endloop
  endfacet
  facet normal -3.826834e-01 0.000000e+00 -9.238795e-01
    outer loop
      vertex   5.000000e-01 4.303704e+01 -1.998660e+02
      vertex   7.411810e-01 4.303704e+01 -1.999659e+02
      vertex   7.411810e-01 3.740741e+01 -1.999659e+02
    endloop
  endfacet
  facet normal -3.826834e-01 -0.000000e+00 -9.238795e-01
    outer loop
      vertex   5.000000e-01 4.303704e+01 -1.998660e+02
      vertex   7.411810e-01 3.740741e+01 -1.999659e+02
      vertex   5.000000e-01 3.740741e+01 -1.998660e+02
    endloop
  endfacet
  facet normal -3.826834e-01 -0.000000e+00 -9.238795e-01
    outer loop
      vertex   7.411810e-01 5.429630e+01 -1.999659e+02
      vertex   7.411810e-01 4.866667e+01 -1.999659e+02
      vertex   5.000000e-01 5.429630e+01 -1.998660e+02
    endloop
  endfacet
  facet normal -3.826834e-01 -0.000000e+00 -9.238795e-01
    outer loop
      vertex   5.000000e-01 5.429630e+01 -1.998660e+02
      vertex   7.411810e-01 4.866667e+01 -1.999659e+02
      vertex   5.000000e-01 4.866667e+01 -1.998660e+02
    endloop
  endfacet
  facet normal -6.087614e-01 -0.000000e+00 -7.933533e-01
    outer loop
      vertex   5.000000e-01 5.429630e+01 -1.998660e+02
      vertex   5.000000e-01 4.866667e+01 -1.998660e+02
      vertex   2.928932e-01 5.429630e+01 -1.997071e+02
    endloop
  endfacet
  facet normal -1.305262e-01 0.000000e+00 -9.914449e-01
    outer loop
      vertex   7.411810e-01 5.992593e+01 -1.999659e+02
      vertex   7.411810e-01 6.555556e+01 -1.999659e+02
      vertex   1.000000e+00 -2.000000e+00 -2.000000e+02
    endloop
  endfacet
  facet normal -1.305262e-01 0.000000e+00 -9.914449e-01
    outer loop
      vertex   1.000000e+00 -2.000000e+00 -2.000000e+02
      vertex   7.411810e-01 6.555556e+01 -1.999659e+02
      vertex   7.411810e-01 7.118519e+01 -1.999659e+02
    endloop
  endfacet
  facet normal -1.305262e-01 0.000000e+00 -9.914449e-01
    outer loop
      vertex   1.000000e+00 -2.000000e+00 -2.000000e+02
      vertex   7.411810e-01 7.118519e+01 -1.999659e+02
      vertex   7.411810e-01 7.681481e+01 -1.999659e+02
    endloop
  endfacet
  facet normal -3.826834e-01 -0.000000e+00 -9.238795e-01
    outer loop
      vertex   7.411810e-01 7.681481e+01 -1.999659e+02
      vertex   7.411810e-01 7.118519e+01 -1.999659e+02
      vertex   5.000000e-01 7.681481e+01 -1.998660e+02
    endloop
  endfacet
  facet normal -3.826834e-01 0.000000e+00 -9.238795e-01
    outer loop
      vertex   7.411810e-01 7.681481e+01 -1.999659e+02
      vertex   5.000000e-01 7.681481e+01 -1.998660e+02
      vertex   5.000000e-01 8.244444e+01 -1.998660e+02
    endloop
  endfacet
  facet normal -6.087614e-01 -0.000000e+00 -7.933533e-01
    outer loop
      vertex   5.000000e-01 8.244444e+01 -1.998660e+02
      vertex   5.000000e-01 7.681481e+01 -1.998660e+02
      vertex   2.928932e-01 8.244444e+01 -1.997071e+02
    endloop
  endfacet
  facet normal -6.087614e-01 0.000000e+00 -7.933533e-01
    outer loop
      vertex   5.000000e-01 8.244444e+01 -1.998660e+02
      vertex   2.928932e-01 8.244444e+01 -1.997071e+02
      vertex   2.928932e-01 8.807407e+01 -1.997071e+02
    endloop
  endfacet
  facet normal -7.933533e-01 -0.000000e+00 -6.087614e-01
    outer loop
      vertex   2.928932e-01 8.807407e+01 -1.997071e+02
      vertex   2.928932e-01 8.244444e+01 -1.997071e+02
      vertex   1.339746e-01 8.807407e+01 -1.995000e+02
    endloop
  endfacet
  facet normal -3.826834e-01 0.000000e+00 -9.238795e-01
    outer loop
      vertex   7.411810e-01 5.992593e+01 -1.999659e+02
      vertex   5.000000e-01 6.555556e+01 -1.998660e+02
      vertex   7.411810e-01 6.555556e+01 -1.999659e+02
    endloop
  endfacet
  facet normal -3.826834e-01 0.000000e+00 -9.238795e-01
    outer loop
      vertex   7.411810e-01 6.555556e+01 -1.999659e+02
      vertex   5.000000e-01 6.555556e+01 -1.998660e+02
      vertex   5.000000e-01 7.118519e+01 -1.998660e+02
    endloop
  endfacet
  facet normal -3.826834e-01 0.000000e+00 -9.238795e-01
    outer loop
      vertex   7.411810e-01 6.555556e+01 -1.999659e+02
      vertex   5.000000e-01 7.118519e+01 -1.998660e+02
      vertex   7.411810e-01 7.118519e+01 -1.999659e+02
    endloop
  endfacet
  facet normal -3.826834e-01 0.000000e+00 -9.238795e-01
    outer loop
      vertex   7.411810e-01 7.118519e+01 -1.999659e+02
      vertex   5.000000e-01 7.118519e+01 -1.998660e+02
      vertex   5.000000e-01 7.681481e+01 -1.998660e+02
    endloop
  endfacet
  facet normal -3.826834e-01 -0.000000e+00 -9.238795e-01
    outer loop
      vertex   5.000000e-01 8.807407e+01 -1.998660e+02
      vertex   7.411810e-01 8.244444e+01 -1.999659e+02
      vertex   5.000000e-01 8.244444e+01 -1.998660e+02
    endloop
  endfacet
  facet normal -3.826834e-01 0.000000e+00 -9.238795e-01
    outer loop
      vertex   5.000000e-01 8.244444e+01 -1.998660e+02
      vertex   7.411810e-01 8.244444e+01 -1.999659e+02
      vertex   7.411810e-01 7.681481e+01 -1.999659e+02
    endloop
  endfacet
  facet normal -3.826834e-01 -0.000000e+00 -9.238795e-01
    outer loop
      vertex   7.411810e-01 9.933333e+01 -1.999659e+02
      vertex   7.411810e-01 9.370370e+01 -1.999659e+02
      vertex   5.000000e-01 9.933333e+01 -1.998660e+02
    endloop
  endfacet
  facet normal -3.826834e-01 -0.000000e+00 -9.238795e-01
    outer loop
      vertex   5.000000e-01 9.933333e+01 -1.998660e+02
      vertex   7.411810e-01 9.370370e+01 -1.999659e+02
      vertex   5.000000e-01 9.370370e+01 -1.998660e+02
    endloop
  endfacet
  facet normal -6.087614e-01 -0.000000e+00 -7.933533e-01
    outer loop
      vertex   5.000000e-01 9.933333e+01 -1.998660e+02
      vertex   5.000000e-01 9.370370e+01 -1.998660e+02
      vertex   2.928932e-01 9.933333e+01 -1.997071e+02
    endloop
  endfacet
  facet normal -6.087614e-01 -0.000000e+00 -7.933533e-01
    outer loop
      vertex   2.928932e-01 9.933333e+01 -1.997071e+02
      vertex   5.000000e-01 9.370370e+01 -1.998660e+02
      vertex   2.928932e-01 9.370370e+01 -1.997071e+02
    endloop
  endfacet
  facet normal -7.933533e-01 -0.000000e+00 -6.087614e-01
    outer loop
      vertex   2.928932e-01 9.933333e+01 -1.997071e+02
      vertex   2.928932e-01 9.370370e+01 -1.997071e+02
      vertex   1.339746e-01 9.933333e+01 -1.995000e+02
    endloop
  endfacet
  facet normal -7.933533e-01 -0.000000e+00 -6.087614e-01
    outer loop
      vertex   1.339746e-01 9.933333e+01 -1.995000e+02
      vertex   2.928932e-01 9.370370e+01 -1.997071e+02
      vertex   1.339746e-01 9.370370e+01 -1.995000e+02
    endloop
  endfacet
  facet normal -9.238795e-01 -0.000000e+00 -3.826834e-01
    outer loop
      vertex   1.339746e-01 9.933333e+01 -1.995000e+02
      vertex   1.339746e-01 9.370370e+01 -1.995000e+02
      vertex   3.407417e-02 9.933333e+01 -1.992588e+02
    endloop
  endfacet
  facet normal -9.238795e-01 -0.000000e+00 -3.826834e-01
    outer loop
      vertex   3.407417e-02 9.933333e+01 -1.992588e+02
      vertex   1.339746e-01 9.370370e+01 -1.995000e+02
      vertex   3.407417e-02 9.370370e+01 -1.992588e+02
    endloop
  endfacet
  facet normal -9.914449e-01 -0.000000e+00 -1.305262e-01
    outer loop
      vertex   3.407417e-02 9.933333e+01 -1.992588e+02
      vertex   3.407417e-02 9.370370e+01 -1.992588e+02
      vertex   0.000000e+00 1.500000e+02 -1.990000e+02
    endloop
  endfacet
  facet normal -1.305262e-01 0.000000e+00 -9.914449e-01
    outer loop
      vertex   7.411810e-01 1.049630e+02 -1.999659e+02
      vertex   7.411810e-01 1.105926e+02 -1.999659e+02
      vertex   1.000000e+00 1.500000e+02 -2.000000e+02
    endloop
  endfacet
  facet normal -1.305262e-01 0.000000e+00 -9.914449e-01
    outer loop
      vertex   1.000000e+00 1.500000e+02 -2.000000e+02
      vertex   7.411810e-01 1.105926e+02 -1.999659e+02
      vertex   7.411810e-01 1.162222e+02 -1.999659e+02
    endloop
  endfacet
  facet normal -1.305262e-01 0.000000e+00 -9.914449e-01
    outer loop
      vertex   1.000000e+00 1.500000e+02 -2.000000e+02
      vertex   7.411810e-01 1.162222e+02 -1.999659e+02
      vertex   7.411810e-01 1.218519e+02 -1.999659e+02
    endloop
  endfacet
  facet normal -3.826834e-01 -0.000000e+00 -9.238795e-01
    outer loop
      vertex   7.411810e-01 1.218519e+02 -1.999659e+02
      vertex   7.411810e-01 1.162222e+02 -1.999659e+02
      vertex   5.000000e-01 1.218519e+02 -1.998660e+02
    endloop
  endfacet
  facet normal -3.826834e-01 0.000000e+00 -9.238795e-01
    outer loop
      vertex   7.411810e-01 1.218519e+02 -1.999659e+02
      vertex   5.000000e-01 1.218519e+02 -1.998660e+02
      vertex   5.000000e-01 1.274815e+02 -1.998660e+02
    endloop
  endfacet
  facet normal -6.087614e-01 -0.000000e+00 -7.933533e-01
    outer loop
      vertex   5.000000e-01 1.274815e+02 -1.998660e+02
      vertex   5.000000e-01 1.218519e+02 -1.998660e+02
      vertex   2.928932e-01 1.274815e+02 -1.997071e+02
    endloop
  endfacet
  facet normal -6.087614e-01 0.000000e+00 -7.933533e-01
    outer loop
      vertex   5.000000e-01 1.274815e+02 -1.998660e+02
      vertex   2.928932e-01 1.274815e+02 -1.997071e+02
      vertex   2.928932e-01 1.331111e+02 -1.997071e+02
    endloop
  endfacet
  facet normal -7.933533e-01 -0.000000e+00 -6.087614e-01
    outer loop
      vertex   2.928932e-01 1.331111e+02 -1.997071e+02
      vertex   2.928932e-01 1.274815e+02 -1.997071e+02
      vertex   1.339746e-01 1.331111e+02 -1.995000e+02
    endloop
  endfacet
  facet normal -3.826834e-01 0.000000e+00 -9.238795e-01
    outer loop
      vertex   7.411810e-01 1.049630e+02 -1.999659e+02
      vertex   5.000000e-01 1.105926e+02 -1.998660e+02
      vertex   7.411810e-01 1.105926e+02 -1.999659e+02
    endloop
  endfacet
  facet normal -3.826834e-01 0.000000e+00 -9.238795e-01
    outer loop
      vertex   7.411810e-01 1.105926e+02 -1.999659e+02
      vertex   5.000000e-01 1.105926e+02 -1.998660e+02
      vertex   5.000000e-01 1.162222e+02 -1.998660e+02
    endloop
  endfacet
  facet normal -3.826834e-01 0.000000e+00 -9.238795e-01
    outer loop
      vertex   7.411810e-01 1.105926e+02 -1.999659e+02
      vertex   5.000000e-01 1.162222e+02 -1.998660e+02
      vertex   7.411810e-01 1.162222e+02 -1.999659e+02
    endloop
  endfacet
  facet normal -3.826834e-01 0.000000e+00 -9.238795e-01
    outer loop
      vertex   7.411810e-01 1.162222e+02 -1.999659e+02
      vertex   5.000000e-01 1.162222e+02 -1.998660e+02
      vertex   5.000000e-01 1.218519e+02 -1.998660e+02
    endloop
  endfacet
  facet normal -1.305262e-01 -5.148232e-18 -9.914449e-01
    outer loop
      vertex   7.411810e-01 1.331111e+02 -1.999659e+02
      vertex   1.000000e+00 1.500000e+02 -2.000000e+02
      vertex   7.411810e-01 1.274815e+02 -1.999659e+02
    endloop
  endfacet
  facet normal -1.305262e-01 -0.000000e+00 -9.914449e-01
    outer loop
      vertex   7.411810e-01 1.274815e+02 -1.999659e+02
      vertex   1.000000e+00 1.500000e+02 -2.000000e+02
      vertex   7.411810e-01 1.218519e+02 -1.999659e+02
    endloop
  endfacet
  facet normal -3.826834e-01 -0.000000e+00 -9.238795e-01
    outer loop
      vertex   7.411810e-01 1.274815e+02 -1.999659e+02
      vertex   7.411810e-01 1.218519e+02 -1.999659e+02
      vertex   5.000000e-01 1.274815e+02 -1.998660e+02
    endloop
  endfacet
  facet normal -3.826834e-01 -1.652536e-17 -9.238795e-01
    outer loop
      vertex   5.000000e-01 1.331111e+02 -1.998660e+02
      vertex   7.411810e-01 1.331111e+02 -1.999659e+02
      vertex   7.411810e-01 1.274815e+02 -1.999659e+02
    endloop
  endfacet
  facet normal -3.826834e-01 -7.546926e-18 -9.238795e-01
    outer loop
      vertex   5.000000e-01 1.331111e+02 -1.998660e+02
      vertex   7.411810e-01 1.274815e+02 -1.999659e+02
      vertex   5.000000e-01 1.274815e+02 -1.998660e+02
    endloop
  endfacet
  facet normal -3.826834e-01 -7.082295e-18 -9.238795e-01
    outer loop
      vertex   5.000000e-01 1.443704e+02 -1.998660e+02
      vertex   7.411810e-01 1.443704e+02 -1.999659e+02
      vertex   7.411810e-01 1.387407e+02 -1.999659e+02
    endloop
  endfacet
  facet normal -3.826834e-01 -0.000000e+00 -9.238795e-01
    outer loop
      vertex   5.000000e-01 1.443704e+02 -1.998660e+02
      vertex   7.411810e-01 1.387407e+02 -1.999659e+02
      vertex   5.000000e-01 1.387407e+02 -1.998660e+02
    endloop
  endfacet
  facet normal -3.826834e-01 0.000000e+00 -9.238795e-01
    outer loop
      vertex   7.411810e-01 9.259259e+00 -1.999659e+02
      vertex   5.000000e-01 9.259259e+00 -1.998660e+02
      vertex   5.000000e-01 1.488889e+01 -1.998660e+02
    endloop
  endfacet
  facet normal -6.087614e-01 -0.000000e+00 -7.933533e-01
    outer loop
      vertex   5.000000e-01 1.488889e+01 -1.998660e+02
      vertex   5.000000e-01 9.259259e+00 -1.998660e+02
      vertex   2.928932e-01 1.488889e+01 -1.997071e+02
    endloop
  endfacet
  facet normal -6.087614e-01 0.000000e+00 -7.933533e-01
    outer loop
      vertex   5.000000e-01 1.488889e+01 -1.998660e+02
      vertex   2.928932e-01 1.488889e+01 -1.997071e+02
      vertex   2.928932e-01 2.051852e+01 -1.997071e+02
    endloop
  endfacet
  facet normal -7.933533e-01 -0.000000e+00 -6.087614e-01
    outer loop
      vertex   2.928932e-01 2.051852e+01 -1.997071e+02
      vertex   2.928932e-01 1.488889e+01 -1.997071e+02
      vertex   1.339746e-01 2.051852e+01 -1.995000e+02
    endloop
  endfacet
  facet normal -7.933533e-01 0.000000e+00 -6.087614e-01
    outer loop
      vertex   2.928932e-01 2.051852e+01 -1.997071e+02
      vertex   1.339746e-01 2.051852e+01 -1.995000e+02
      vertex   1.339746e-01 2.614815e+01 -1.995000e+02
    endloop
  endfacet
  facet normal -9.238795e-01 -0.000000e+00 -3.826834e-01
    outer loop
      vertex   1.339746e-01 2.614815e+01 -1.995000e+02
      vertex   1.339746e-01 2.051852e+01 -1.995000e+02
      vertex   3.407417e-02 2.614815e+01 -1.992588e+02
    endloop
  endfacet
  facet normal -9.238795e-01 0.000000e+00 -3.826834e-01
    outer loop
      vertex   1.339746e-01 2.614815e+01 -1.995000e+02
      vertex   3.407417e-02 2.614815e+01 -1.992588e+02
      vertex   3.407417e-02 3.177778e+01 -1.992588e+02
    endloop
  endfacet
  facet normal -9.914449e-01 -0.000000e+00 -1.305262e-01
    outer loop
      vertex   3.407417e-02 3.177778e+01 -1.992588e+02
      vertex   3.407417e-02 2.614815e+01 -1.992588e+02
      vertex   0.000000e+00 -2.000000e+00 -1.990000e+02
    endloop
  endfacet
  facet normal -6.087614e-01 -0.000000e+00 -7.933533e-01
    outer loop
      vertex   2.928932e-01 1.488889e+01 -1.997071e+02
      vertex   5.000000e-01 9.259259e+00 -1.998660e+02
      vertex   2.928932e-01 9.259259e+00 -1.997071e+02
    endloop
  endfacet
  facet normal -6.087614e-01 0.000000e+00 -7.933533e-01
    outer loop
      vertex   5.000000e-01 2.051852e+01 -1.998660e+02
      vertex   2.928932e-01 2.614815e+01 -1.997071e+02
      vertex   5.000000e-01 2.614815e+01 -1.998660e+02
    endloop
  endfacet
  facet normal -6.087614e-01 0.000000e+00 -7.933533e-01
    outer loop
      vertex   5.000000e-01 2.614815e+01 -1.998660e+02
      vertex   2.928932e-01 2.614815e+01 -1.997071e+02
      vertex   2.928932e-01 3.177778e+01 -1.997071e+02
    endloop
  endfacet
  facet normal -6.087614e-01 0.000000e+00 -7.933533e-01
    outer loop
      vertex   5.000000e-01 2.614815e+01 -1.998660e+02
      vertex   2.928932e-01 3.177778e+01 -1.997071e+02
      vertex   5.000000e-01 3.177778e+01 -1.998660e+02
    endloop
  endfacet
  facet normal -6.087614e-01 0.000000e+00 -7.933533e-01
    outer loop
      vertex   5.000000e-01 3.177778e+01 -1.998660e+02
      vertex   2.928932e-01 3.177778e+01 -1.997071e+02
      vertex   2.928932e-01 3.740741e+01 -1.997071e+02
    endloop
  endfacet
  facet normal -6.087614e-01 0.000000e+00 -7.933533e-01
    outer loop
      vertex   2.928932e-01 4.303704e+01 -1.997071e+02
      vertex   5.000000e-01 4.303704e+01 -1.998660e+02
      vertex   5.000000e-01 3.740741e+01 -1.998660e+02
    endloop
  endfacet
  facet normal -3.826834e-01 0.000000e+00 -9.238795e-01
    outer loop
      vertex   7.411810e-01 5.429630e+01 -1.999659e+02
      vertex   5.000000e-01 5.429630e+01 -1.998660e+02
      vertex   5.000000e-01 5.992593e+01 -1.998660e+02
    endloop
  endfacet
  facet normal -6.087614e-01 -0.000000e+00 -7.933533e-01
    outer loop
      vertex   5.000000e-01 5.992593e+01 -1.998660e+02
      vertex   5.000000e-01 5.429630e+01 -1.998660e+02
      vertex   2.928932e-01 5.992593e+01 -1.997071e+02
    endloop
  endfacet
  facet normal -6.087614e-01 0.000000e+00 -7.933533e-01
    outer loop
      vertex   5.000000e-01 5.992593e+01 -1.998660e+02
      vertex   2.928932e-01 5.992593e+01 -1.997071e+02
      vertex   2.928932e-01 6.555556e+01 -1.997071e+02
    endloop
  endfacet
  facet normal -7.933533e-01 -0.000000e+00 -6.087614e-01
    outer loop
      vertex   2.928932e-01 6.555556e+01 -1.997071e+02
      vertex   2.928932e-01 5.992593e+01 -1.997071e+02
      vertex   1.339746e-01 6.555556e+01 -1.995000e+02
    endloop
  endfacet
  facet normal -7.933533e-01 0.000000e+00 -6.087614e-01
    outer loop
      vertex   2.928932e-01 6.555556e+01 -1.997071e+02
      vertex   1.339746e-01 6.555556e+01 -1.995000e+02
      vertex   1.339746e-01 7.118519e+01 -1.995000e+02
    endloop
  endfacet
  facet normal -9.238795e-01 -0.000000e+00 -3.826834e-01
    outer loop
      vertex   1.339746e-01 7.118519e+01 -1.995000e+02
      vertex   1.339746e-01 6.555556e+01 -1.995000e+02
      vertex   3.407417e-02 7.118519e+01 -1.992588e+02
    endloop
  endfacet
  facet normal -9.238795e-01 0.000000e+00 -3.826834e-01
    outer loop
      vertex   1.339746e-01 7.118519e+01 -1.995000e+02
      vertex   3.407417e-02 7.118519e+01 -1.992588e+02
      vertex   3.407417e-02 7.681481e+01 -1.992588e+02
    endloop
  endfacet
  facet normal -9.914449e-01 -0.000000e+00 -1.305262e-01
    outer loop
      vertex   3.407417e-02 7.681481e+01 -1.992588e+02
      vertex   3.407417e-02 7.118519e+01 -1.992588e+02
      vertex   0.000000e+00 1.500000e+02 -1.990000e+02
    endloop
  endfacet
  facet normal -6.087614e-01 -0.000000e+00 -7.933533e-01
    outer loop
      vertex   2.928932e-01 5.992593e+01 -1.997071e+02
      vertex   5.000000e-01 5.429630e+01 -1.998660e+02
      vertex   2.928932e-01 5.429630e+01 -1.997071e+02
    endloop
  endfacet
  facet normal -6.087614e-01 0.000000e+00 -7.933533e-01
    outer loop
      vertex   5.000000e-01 6.555556e+01 -1.998660e+02
      vertex   2.928932e-01 7.118519e+01 -1.997071e+02
      vertex   5.000000e-01 7.118519e+01 -1.998660e+02
    endloop
  endfacet
  facet normal -6.087614e-01 0.000000e+00 -7.933533e-01
    outer loop
      vertex   5.000000e-01 7.118519e+01 -1.998660e+02
      vertex   2.928932e-01 7.118519e+01 -1.997071e+02
      vertex   2.928932e-01 7.681481e+01 -1.997071e+02
    endloop
  endfacet
  facet normal -6.087614e-01 0.000000e+00 -7.933533e-01
    outer loop
      vertex   5.000000e-01 7.118519e+01 -1.998660e+02
      vertex   2.928932e-01 7.681481e+01 -1.997071e+02
      vertex   5.000000e-01 7.681481e+01 -1.998660e+02
    endloop
  endfacet
  facet normal -6.087614e-01 0.000000e+00 -7.933533e-01
    outer loop
      vertex   5.000000e-01 7.681481e+01 -1.998660e+02
      vertex   2.928932e-01 7.681481e+01 -1.997071e+02
      vertex   2.928932e-01 8.244444e+01 -1.997071e+02
    endloop
  endfacet
  facet normal -6.087614e-01 0.000000e+00 -7.933533e-01
    outer loop
      vertex   2.928932e-01 8.807407e+01 -1.997071e+02
      vertex   5.000000e-01 8.807407e+01 -1.998660e+02
      vertex   5.000000e-01 8.244444e+01 -1.998660e+02
    endloop
  endfacet
  facet normal -3.826834e-01 0.000000e+00 -9.238795e-01
    outer loop
      vertex   7.411810e-01 9.933333e+01 -1.999659e+02
      vertex   5.000000e-01 9.933333e+01 -1.998660e+02
      vertex   5.000000e-01 1.049630e+02 -1.998660e+02
    endloop
  endfacet
  facet normal -6.087614e-01 -0.000000e+00 -7.933533e-01
    outer loop
      vertex   5.000000e-01 1.049630e+02 -1.998660e+02
      vertex   5.000000e-01 9.933333e+01 -1.998660e+02
      vertex   2.928932e-01 1.049630e+02 -1.997071e+02
    endloop
  endfacet
  facet normal -6.087614e-01 0.000000e+00 -7.933533e-01
    outer loop
      vertex   5.000000e-01 1.049630e+02 -1.998660e+02
      vertex   2.928932e-01 1.049630e+02 -1.997071e+02
      vertex   2.928932e-01 1.105926e+02 -1.997071e+02
    endloop
  endfacet
  facet normal -7.933533e-01 -0.000000e+00 -6.087614e-01
    outer loop
      vertex   2.928932e-01 1.105926e+02 -1.997071e+02
      vertex   2.928932e-01 1.049630e+02 -1.997071e+02
      vertex   1.339746e-01 1.105926e+02 -1.995000e+02
    endloop
  endfacet
  facet normal -7.933533e-01 0.000000e+00 -6.087614e-01
    outer loop
      vertex   2.928932e-01 1.105926e+02 -1.997071e+02
      vertex   1.339746e-01 1.105926e+02 -1.995000e+02
      vertex   1.339746e-01 1.162222e+02 -1.995000e+02
    endloop
  endfacet
  facet normal -9.238795e-01 -0.000000e+00 -3.826834e-01
    outer loop
      vertex   1.339746e-01 1.162222e+02 -1.995000e+02
      vertex   1.339746e-01 1.105926e+02 -1.995000e+02
      vertex   3.407417e-02 1.162222e+02 -1.992588e+02
    endloop
  endfacet
  facet normal -9.238795e-01 0.000000e+00 -3.826834e-01
    outer loop
      vertex   1.339746e-01 1.162222e+02 -1.995000e+02
      vertex   3.407417e-02 1.162222e+02 -1.992588e+02
      vertex   3.407417e-02 1.218519e+02 -1.992588e+02
    endloop
  endfacet
  facet normal -9.914449e-01 -0.000000e+00 -1.305262e-01
    outer loop
      vertex   3.407417e-02 1.218519e+02 -1.992588e+02
      vertex   3.407417e-02 1.162222e+02 -1.992588e+02
      vertex   0.000000e+00 1.500000e+02 -1.990000e+02
    endloop
  endfacet
  facet normal -6.087614e-01 -0.000000e+00 -7.933533e-01
    outer loop
      vertex   2.928932e-01 1.049630e+02 -1.997071e+02
      vertex   5.000000e-01 9.933333e+01 -1.998660e+02
      vertex   2.928932e-01 9.933333e+01 -1.997071e+02
    endloop
  endfacet
  facet normal -6.087614e-01 0.000000e+00 -7.933533e-01
    outer loop
      vertex   5.000000e-01 1.105926e+02 -1.998660e+02
      vertex   2.928932e-01 1.162222e+02 -1.997071e+02
      vertex   5.000000e-01 1.162222e+02 -1.998660e+02
    endloop
  endfacet
  facet normal -6.087614e-01 0.000000e+00 -7.933533e-01
    outer loop
      vertex   5.000000e-01 1.162222e+02 -1.998660e+02
      vertex   2.928932e-01 1.162222e+02 -1.997071e+02
      vertex   2.928932e-01 1.218519e+02 -1.997071e+02
    endloop
  endfacet
  facet normal -6.087614e-01 0.000000e+00 -7.933533e-01
    outer loop
      vertex   5.000000e-01 1.162222e+02 -1.998660e+02
      vertex   2.928932e-01 1.218519e+02 -1.997071e+02
      vertex   5.000000e-01 1.218519e+02 -1.998660e+02
    endloop
  endfacet
  facet normal -6.087614e-01 0.000000e+00 -7.933533e-01
    outer loop
      vertex   5.000000e-01 1.218519e+02 -1.998660e+02
      vertex   2.928932e-01 1.218519e+02 -1.997071e+02
      vertex   2.928932e-01 1.274815e+02 -1.997071e+02
    endloop
  endfacet
  facet normal -6.087614e-01 -1.416459e-17 -7.933533e-01
    outer loop
      vertex   2.928932e-01 1.331111e+02 -1.997071e+02
      vertex   5.000000e-01 1.331111e+02 -1.998660e+02
      vertex   5.000000e-01 1.274815e+02 -1.998660e+02
    endloop
  endfacet
  facet normal -6.087614e-01 0.000000e+00 -7.933533e-01
    outer loop
      vertex   2.928932e-01 1.443704e+02 -1.997071e+02
      vertex   5.000000e-01 1.443704e+02 -1.998660e+02
      vertex   5.000000e-01 1.387407e+02 -1.998660e+02
    endloop
  endfacet
  facet normal -6.087614e-01 -0.000000e+00 -7.933533e-01
    outer loop
      vertex   2.928932e-01 1.443704e+02 -1.997071e+02
      vertex   5.000000e-01 1.387407e+02 -1.998660e+02
      vertex   2.928932e-01 1.387407e+02 -1.997071e+02
    endloop
  endfacet
  facet normal -7.933533e-01 -0.000000e+00 -6.087614e-01
    outer loop
      vertex   2.928932e-01 1.488889e+01 -1.997071e+02
      vertex   2.928932e-01 9.259259e+00 -1.997071e+02
      vertex   1.339746e-01 1.488889e+01 -1.995000e+02
    endloop
  endfacet
  facet normal -7.933533e-01 -0.000000e+00 -6.087614e-01
    outer loop
      vertex   1.339746e-01 1.488889e+01 -1.995000e+02
      vertex   2.928932e-01 9.259259e+00 -1.997071e+02
      vertex   1.339746e-01 9.259259e+00 -1.995000e+02
    endloop
  endfacet
  facet normal -9.238795e-01 -0.000000e+00 -3.826834e-01
    outer loop
      vertex   1.339746e-01 1.488889e+01 -1.995000e+02
      vertex   1.339746e-01 9.259259e+00 -1.995000e+02
      vertex   3.407417e-02 1.488889e+01 -1.992588e+02
    endloop
  endfacet
  facet normal -9.238795e-01 -0.000000e+00 -3.826834e-01
    outer loop
      vertex   3.407417e-02 1.488889e+01 -1.992588e+02
      vertex   1.339746e-01 9.259259e+00 -1.995000e+02
      vertex   3.407417e-02 9.259259e+00 -1.992588e+02
    endloop
  endfacet
  facet normal -9.914449e-01 -0.000000e+00 -1.305262e-01
    outer loop
      vertex   3.407417e-02 1.488889e+01 -1.992588e+02
      vertex   3.407417e-02 9.259259e+00 -1.992588e+02
      vertex   0.000000e+00 -2.000000e+00 -1.990000e+02
    endloop
  endfacet
  facet normal -7.933533e-01 0.000000e+00 -6.087614e-01
    outer loop
      vertex   2.928932e-01 2.614815e+01 -1.997071e+02
      vertex   1.339746e-01 3.177778e+01 -1.995000e+02
      vertex   2.928932e-01 3.177778e+01 -1.997071e+02
    endloop
  endfacet
  facet normal -7.933533e-01 0.000000e+00 -6.087614e-01
    outer loop
      vertex   2.928932e-01 3.177778e+01 -1.997071e+02
      vertex   1.339746e-01 3.177778e+01 -1.995000e+02
      vertex   1.339746e-01 3.740741e+01 -1.995000e+02
    endloop
  endfacet
  facet normal -7.933533e-01 0.000000e+00 -6.087614e-01
    outer loop
      vertex   2.928932e-01 3.177778e+01 -1.997071e+02
      vertex   1.339746e-01 3.740741e+01 -1.995000e+02
      vertex   2.928932e-01 3.740741e+01 -1.997071e+02
    endloop
  endfacet
  facet normal -7.933533e-01 0.000000e+00 -6.087614e-01
    outer loop
      vertex   2.928932e-01 3.740741e+01 -1.997071e+02
      vertex   1.339746e-01 3.740741e+01 -1.995000e+02
      vertex   1.339746e-01 4.303704e+01 -1.995000e+02
    endloop
  endfacet
  facet normal -7.933533e-01 -0.000000e+00 -6.087614e-01
    outer loop
      vertex   1.339746e-01 5.429630e+01 -1.995000e+02
      vertex   2.928932e-01 4.866667e+01 -1.997071e+02
      vertex   1.339746e-01 4.866667e+01 -1.995000e+02
    endloop
  endfacet
  facet normal -7.933533e-01 -0.000000e+00 -6.087614e-01
    outer loop
      vertex   1.339746e-01 6.555556e+01 -1.995000e+02
      vertex   2.928932e-01 5.992593e+01 -1.997071e+02
      vertex   1.339746e-01 5.992593e+01 -1.995000e+02
    endloop
  endfacet
  facet normal -7.933533e-01 0.000000e+00 -6.087614e-01
    outer loop
      vertex   1.339746e-01 5.992593e+01 -1.995000e+02
      vertex   2.928932e-01 5.992593e+01 -1.997071e+02
      vertex   2.928932e-01 5.429630e+01 -1.997071e+02
    endloop
  endfacet
  facet normal -7.933533e-01 0.000000e+00 -6.087614e-01
    outer loop
      vertex   2.928932e-01 7.118519e+01 -1.997071e+02
      vertex   1.339746e-01 7.681481e+01 -1.995000e+02
      vertex   2.928932e-01 7.681481e+01 -1.997071e+02
    endloop
  endfacet
  facet normal -7.933533e-01 0.000000e+00 -6.087614e-01
    outer loop
      vertex   2.928932e-01 7.681481e+01 -1.997071e+02
      vertex   1.339746e-01 7.681481e+01 -1.995000e+02
      vertex   1.339746e-01 8.244444e+01 -1.995000e+02
    endloop
  endfacet
  facet normal -7.933533e-01 0.000000e+00 -6.087614e-01
    outer loop
      vertex   2.928932e-01 7.681481e+01 -1.997071e+02
      vertex   1.339746e-01 8.244444e+01 -1.995000e+02
      vertex   2.928932e-01 8.244444e+01 -1.997071e+02
    endloop
  endfacet
  facet normal -7.933533e-01 0.000000e+00 -6.087614e-01
    outer loop
      vertex   2.928932e-01 8.244444e+01 -1.997071e+02
      vertex   1.339746e-01 8.244444e+01 -1.995000e+02
      vertex   1.339746e-01 8.807407e+01 -1.995000e+02
    endloop
  endfacet
  facet normal -7.933533e-01 -0.000000e+00 -6.087614e-01
    outer loop
      vertex   2.928932e-01 1.049630e+02 -1.997071e+02
      vertex   2.928932e-01 9.933333e+01 -1.997071e+02
      vertex   1.339746e-01 1.049630e+02 -1.995000e+02
    endloop
  endfacet
  facet normal -7.933533e-01 -0.000000e+00 -6.087614e-01
    outer loop
      vertex   1.339746e-01 1.049630e+02 -1.995000e+02
      vertex   2.928932e-01 9.933333e+01 -1.997071e+02
      vertex   1.339746e-01 9.933333e+01 -1.995000e+02
    endloop
  endfacet
  facet normal -9.238795e-01 -0.000000e+00 -3.826834e-01
    outer loop
      vertex   1.339746e-01 1.049630e+02 -1.995000e+02
      vertex   1.339746e-01 9.933333e+01 -1.995000e+02
      vertex   3.407417e-02 1.049630e+02 -1.992588e+02
    endloop
  endfacet
  facet normal -9.238795e-01 -0.000000e+00 -3.826834e-01
    outer loop
      vertex   3.407417e-02 1.049630e+02 -1.992588e+02
      vertex   1.339746e-01 9.933333e+01 -1.995000e+02
      vertex   3.407417e-02 9.933333e+01 -1.992588e+02
    endloop
  endfacet
  facet normal -9.914449e-01 -0.000000e+00 -1.305262e-01
    outer loop
      vertex   3.407417e-02 1.049630e+02 -1.992588e+02
      vertex   3.407417e-02 9.933333e+01 -1.992588e+02
      vertex   0.000000e+00 1.500000e+02 -1.990000e+02
    endloop
  endfacet
  facet normal -7.933533e-01 0.000000e+00 -6.087614e-01
    outer loop
      vertex   2.928932e-01 1.162222e+02 -1.997071e+02
      vertex   1.339746e-01 1.218519e+02 -1.995000e+02
      vertex   2.928932e-01 1.218519e+02 -1.997071e+02
    endloop
  endfacet
  facet normal -7.933533e-01 0.000000e+00 -6.087614e-01
    outer loop
      vertex   2.928932e-01 1.218519e+02 -1.997071e+02
      vertex   1.339746e-01 1.218519e+02 -1.995000e+02
      vertex   1.339746e-01 1.274815e+02 -1.995000e+02
    endloop
  endfacet
  facet normal -7.933533e-01 0.000000e+00 -6.087614e-01
    outer loop
      vertex   2.928932e-01 1.218519e+02 -1.997071e+02
      vertex   1.339746e-01 1.274815e+02 -1.995000e+02
      vertex   2.928932e-01 1.274815e+02 -1.997071e+02
    endloop
  endfacet
  facet normal -7.933533e-01 0.000000e+00 -6.087614e-01
    outer loop
      vertex   2.928932e-01 1.274815e+02 -1.997071e+02
      vertex   1.339746e-01 1.274815e+02 -1.995000e+02
      vertex   1.339746e-01 1.331111e+02 -1.995000e+02
    endloop
  endfacet
  facet normal -7.933533e-01 0.000000e+00 -6.087614e-01
    outer loop
      vertex   1.339746e-01 1.443704e+02 -1.995000e+02
      vertex   2.928932e-01 1.443704e+02 -1.997071e+02
      vertex   2.928932e-01 1.387407e+02 -1.997071e+02
    endloop
  endfacet
  facet normal -7.933533e-01 -0.000000e+00 -6.087614e-01
    outer loop
      vertex   1.339746e-01 1.443704e+02 -1.995000e+02
      vertex   2.928932e-01 1.387407e+02 -1.997071e+02
      vertex   1.339746e-01 1.387407e+02 -1.995000e+02
    endloop
  endfacet
  facet normal -7.933533e-01 0.000000e+00 -6.087614e-01
    outer loop
      vertex   2.928932e-01 1.488889e+01 -1.997071e+02
      vertex   1.339746e-01 1.488889e+01 -1.995000e+02
      vertex   1.339746e-01 2.051852e+01 -1.995000e+02
    endloop
  endfacet
  facet normal -9.238795e-01 -0.000000e+00 -3.826834e-01
    outer loop
      vertex   1.339746e-01 2.051852e+01 -1.995000e+02
      vertex   1.339746e-01 1.488889e+01 -1.995000e+02
      vertex   3.407417e-02 2.051852e+01 -1.992588e+02
    endloop
  endfacet
  facet normal -9.238795e-01 0.000000e+00 -3.826834e-01
    outer loop
      vertex   1.339746e-01 2.051852e+01 -1.995000e+02
      vertex   3.407417e-02 2.051852e+01 -1.992588e+02
      vertex   3.407417e-02 2.614815e+01 -1.992588e+02
    endloop
  endfacet
  facet normal -9.914449e-01 -0.000000e+00 -1.305262e-01
    outer loop
      vertex   3.407417e-02 2.614815e+01 -1.992588e+02
      vertex   3.407417e-02 2.051852e+01 -1.992588e+02
      vertex   0.000000e+00 -2.000000e+00 -1.990000e+02
    endloop
  endfacet
  facet normal -9.238795e-01 -0.000000e+00 -3.826834e-01
    outer loop
      vertex   3.407417e-02 2.051852e+01 -1.992588e+02
      vertex   1.339746e-01 1.488889e+01 -1.995000e+02
      vertex   3.407417e-02 1.488889e+01 -1.992588e+02
    endloop
  endfacet
  facet normal -9.238795e-01 0.000000e+00 -3.826834e-01
    outer loop
      vertex   3.407417e-02 4.303704e+01 -1.992588e+02
      vertex   1.339746e-01 4.303704e+01 -1.995000e+02
      vertex   1.339746e-01 3.740741e+01 -1.995000e+02
    endloop
  endfacet
  facet normal -9.238795e-01 -0.000000e+00 -3.826834e-01
    outer loop
      vertex   3.407417e-02 4.303704e+01 -1.992588e+02
      vertex   1.339746e-01 3.740741e+01 -1.995000e+02
      vertex   3.407417e-02 3.740741e+01 -1.992588e+02
    endloop
  endfacet
  facet normal -9.238795e-01 0.000000e+00 -3.826834e-01
    outer loop
      vertex   3.407417e-02 3.740741e+01 -1.992588e+02
      vertex   1.339746e-01 3.740741e+01 -1.995000e+02
      vertex   1.339746e-01 3.177778e+01 -1.995000e+02
    endloop
  endfacet
  facet normal -9.238795e-01 -0.000000e+00 -3.826834e-01
    outer loop
      vertex   1.339746e-01 5.429630e+01 -1.995000e+02
      vertex   1.339746e-01 4.866667e+01 -1.995000e+02
      vertex   3.407417e-02 5.429630e+01 -1.992588e+02
    endloop
  endfacet
  facet normal -9.238795e-01 -0.000000e+00 -3.826834e-01
    outer loop
      vertex   3.407417e-02 5.429630e+01 -1.992588e+02
      vertex   1.339746e-01 4.866667e+01 -1.995000e+02
      vertex   3.407417e-02 4.866667e+01 -1.992588e+02
    endloop
  endfacet
  facet normal -9.914449e-01 -0.000000e+00 -1.305262e-01
    outer loop
      vertex   3.407417e-02 5.429630e+01 -1.992588e+02
      vertex   3.407417e-02 4.866667e+01 -1.992588e+02
      vertex   0.000000e+00 -2.000000e+00 -1.990000e+02
    endloop
  endfacet
  facet normal -9.238795e-01 -0.000000e+00 -3.826834e-01
    outer loop
      vertex   3.407417e-02 7.118519e+01 -1.992588e+02
      vertex   1.339746e-01 6.555556e+01 -1.995000e+02
      vertex   3.407417e-02 6.555556e+01 -1.992588e+02
    endloop
  endfacet
  facet normal -9.238795e-01 0.000000e+00 -3.826834e-01
    outer loop
      vertex   3.407417e-02 6.555556e+01 -1.992588e+02
      vertex   1.339746e-01 6.555556e+01 -1.995000e+02
      vertex   1.339746e-01 5.992593e+01 -1.995000e+02
    endloop
  endfacet
  facet normal -9.238795e-01 0.000000e+00 -3.826834e-01
    outer loop
      vertex   3.407417e-02 8.807407e+01 -1.992588e+02
      vertex   1.339746e-01 8.807407e+01 -1.995000e+02
      vertex   1.339746e-01 8.244444e+01 -1.995000e+02
    endloop
  endfacet
  facet normal -9.238795e-01 -0.000000e+00 -3.826834e-01
    outer loop
      vertex   3.407417e-02 8.807407e+01 -1.992588e+02
      vertex   1.339746e-01 8.244444e+01 -1.995000e+02
      vertex   3.407417e-02 8.244444e+01 -1.992588e+02
    endloop
  endfacet
  facet normal -9.238795e-01 0.000000e+00 -3.826834e-01
    outer loop
      vertex   3.407417e-02 8.244444e+01 -1.992588e+02
      vertex   1.339746e-01 8.244444e+01 -1.995000e+02
      vertex   1.339746e-01 7.681481e+01 -1.995000e+02
    endloop
  endfacet
  facet normal -7.933533e-01 0.000000e+00 -6.087614e-01
    outer loop
      vertex   2.928932e-01 1.049630e+02 -1.997071e+02
      vertex   1.339746e-01 1.049630e+02 -1.995000e+02
      vertex   1.339746e-01 1.105926e+02 -1.995000e+02
    endloop
  endfacet
  facet normal -9.238795e-01 -0.000000e+00 -3.826834e-01
    outer loop
      vertex   1.339746e-01 1.105926e+02 -1.995000e+02
      vertex   1.339746e-01 1.049630e+02 -1.995000e+02
      vertex   3.407417e-02 1.105926e+02 -1.992588e+02
    endloop
  endfacet
  facet normal -9.238795e-01 0.000000e+00 -3.826834e-01
    outer loop
      vertex   1.339746e-01 1.105926e+02 -1.995000e+02
      vertex   3.407417e-02 1.105926e+02 -1.992588e+02
      vertex   3.407417e-02 1.162222e+02 -1.992588e+02
    endloop
  endfacet
  facet normal -9.914449e-01 -0.000000e+00 -1.305262e-01
    outer loop
      vertex   3.407417e-02 1.162222e+02 -1.992588e+02
      vertex   3.407417e-02 1.105926e+02 -1.992588e+02
      vertex   0.000000e+00 1.500000e+02 -1.990000e+02
    endloop
  endfacet
  facet normal -9.238795e-01 -0.000000e+00 -3.826834e-01
    outer loop
      vertex   3.407417e-02 1.105926e+02 -1.992588e+02
      vertex   1.339746e-01 1.049630e+02 -1.995000e+02
      vertex   3.407417e-02 1.049630e+02 -1.992588e+02
    endloop
  endfacet
  facet normal -9.238795e-01 0.000000e+00 -3.826834e-01
    outer loop
      vertex   3.407417e-02 1.331111e+02 -1.992588e+02
      vertex   1.339746e-01 1.331111e+02 -1.995000e+02
      vertex   1.339746e-01 1.274815e+02 -1.995000e+02
    endloop
  endfacet
  facet normal -9.238795e-01 -0.000000e+00 -3.826834e-01
    outer loop
      vertex   3.407417e-02 1.331111e+02 -1.992588e+02
      vertex   1.339746e-01 1.274815e+02 -1.995000e+02
      vertex   3.407417e-02 1.274815e+02 -1.992588e+02
    endloop
  endfacet
  facet normal -9.238795e-01 0.000000e+00 -3.826834e-01
    outer loop
      vertex   3.407417e-02 1.274815e+02 -1.992588e+02
      vertex   1.339746e-01 1.274815e+02 -1.995000e+02
      vertex   1.339746e-01 1.218519e+02 -1.995000e+02
    endloop
  endfacet
  facet normal -9.238795e-01 0.000000e+00 -3.826834e-01
    outer loop
      vertex   3.407417e-02 1.443704e+02 -1.992588e+02
      vertex   1.339746e-01 1.443704e+02 -1.995000e+02
      vertex   1.339746e-01 1.387407e+02 -1.995000e+02
    endloop
  endfacet
  facet normal -9.238795e-01 -0.000000e+00 -3.826834e-01
    outer loop
      vertex   3.407417e-02 1.443704e+02 -1.992588e+02
      vertex   1.339746e-01 1.387407e+02 -1.995000e+02
      vertex   3.407417e-02 1.387407e+02 -1.992588e+02
    endloop
  endfacet
  facet normal -9.914449e-01 0.000000e+00 -1.305262e-01
    outer loop
      vertex   0.000000e+00 -2.000000e+00 -1.990000e+02
      vertex   3.407417e-02 2.051852e+01 -1.992588e+02
      vertex   3.407417e-02 1.488889e+01 -1.992588e+02
    endloop
  endfacet
  facet normal -9.914449e-01 0.000000e+00 -1.305262e-01
    outer loop
      vertex   0.000000e+00 -2.000000e+00 -1.990000e+02
      vertex   3.407417e-02 5.992593e+01 -1.992588e+02
      vertex   3.407417e-02 5.429630e+01 -1.992588e+02
    endloop
  endfacet
  facet normal -9.238795e-01 0.000000e+00 -3.826834e-01
    outer loop
      vertex   3.407417e-02 5.429630e+01 -1.992588e+02
      vertex   3.407417e-02 5.992593e+01 -1.992588e+02
      vertex   1.339746e-01 5.429630e+01 -1.995000e+02
    endloop
  endfacet
  facet normal -9.914449e-01 0.000000e+00 -1.305262e-01
    outer loop
      vertex   0.000000e+00 1.500000e+02 -1.990000e+02
      vertex   3.407417e-02 1.105926e+02 -1.992588e+02
      vertex   3.407417e-02 1.049630e+02 -1.992588e+02
    endloop
  endfacet
  facet normal -0.000000e+00 -0.000000e+00 -1.000000e+00
    outer loop
      vertex   2.080846e+01 1.436830e+02 -2.000000e+02
      vertex   2.080846e+01 1.283428e+02 -2.000000e+02
      vertex   2.069772e+01 1.445241e+02 -2.000000e+02
    endloop
  endfacet
  facet normal 0.000000e+00 0.000000e+00 -1.000000e+00
    outer loop
      vertex   2.069772e+01 1.445241e+02 -2.000000e+02
      vertex   2.080846e+01 1.283428e+02 -2.000000e+02
      vertex   2.069772e+01 1.275016e+02 -2.000000e+02
    endloop
  endfacet
  facet normal -0.000000e+00 -0.000000e+00 -1.000000e+00
    outer loop
      vertex   2.069772e+01 1.445241e+02 -2.000000e+02
      vertex   2.069772e+01 1.275016e+02 -2.000000e+02
      vertex   9.733707e+00 1.445241e+02 -2.000000e+02
    endloop
  endfacet
  facet normal 0.000000e+00 0.000000e+00 -1.000000e+00
    outer loop
      vertex   9.733707e+00 1.445241e+02 -2.000000e+02
      vertex   2.069772e+01 1.275016e+02 -2.000000e+02
      vertex   9.733707e+00 1.275016e+02 -2.000000e+02
    endloop
  endfacet
  facet normal 0.000000e+00 -0.000000e+00 -1.000000e+00
    outer loop
      vertex   9.733707e+00 1.445241e+02 -2.000000e+02
      vertex   9.733707e+00 1.275016e+02 -2.000000e+02
      vertex   9.622966e+00 1.436830e+02 -2.000000e+02
    endloop
  endfacet
  facet normal 0.000000e+00 0.000000e+00 -1.000000e+00
    outer loop
      vertex   9.622966e+00 1.436830e+02 -2.000000e+02
      vertex   9.733707e+00 1.275016e+02 -2.000000e+02
      vertex   9.622966e+00 1.283428e+02 -2.000000e+02
    endloop
  endfacet
  facet normal 0.000000e+00 -0.000000e+00 -1.000000e+00
    outer loop
      vertex   9.622966e+00 1.436830e+02 -2.000000e+02
      vertex   9.622966e+00 1.283428e+02 -2.000000e+02
      vertex   9.298290e+00 1.428991e+02 -2.000000e+02
    endloop
  endfacet
  facet normal 0.000000e+00 0.000000e+00 -1.000000e+00
    outer loop
      vertex   9.298290e+00 1.428991e+02 -2.000000e+02
      vertex   9.622966e+00 1.283428e+02 -2.000000e+02
      vertex   9.298290e+00 1.291266e+02 -2.000000e+02
    endloop
  endfacet
  facet normal 0.000000e+00 -0.000000e+00 -1.000000e+00
    outer loop
      vertex   9.298290e+00 1.428991e+02 -2.000000e+02
      vertex   9.298290e+00 1.291266e+02 -2.000000e+02
      vertex   8.781804e+00 1.422260e+02 -2.000000e+02
    endloop
  endfacet
  facet normal 0.000000e+00 0.000000e+00 -1.000000e+00
    outer loop
      vertex   8.781804e+00 1.422260e+02 -2.000000e+02
      vertex   9.298290e+00 1.291266e+02 -2.000000e+02
      vertex   8.781804e+00 1.297997e+02 -2.000000e+02
    endloop
  endfacet
  facet normal 0.000000e+00 -0.000000e+00 -1.000000e+00
    outer loop
      vertex   8.781804e+00 1.422260e+02 -2.000000e+02
      vertex   8.781804e+00 1.297997e+02 -2.000000e+02
      vertex   8.108707e+00 1.417095e+02 -2.000000e+02
    endloop
  endfacet
  facet normal 0.000000e+00 0.000000e+00 -1.000000e+00
    outer loop
      vertex   8.108707e+00 1.417095e+02 -2.000000e+02
      vertex   8.781804e+00 1.297997e+02 -2.000000e+02
      vertex   8.108707e+00 1.303162e+02 -2.000000e+02
    endloop
  endfacet
  facet normal 0.000000e+00 -0.000000e+00 -1.000000e+00
    outer loop
      vertex   8.108707e+00 1.417095e+02 -2.000000e+02
      vertex   8.108707e+00 1.303162e+02 -2.000000e+02
      vertex   7.324869e+00 1.413849e+02 -2.000000e+02
    endloop
  endfacet
  facet normal 0.000000e+00 0.000000e+00 -1.000000e+00
    outer loop
      vertex   7.324869e+00 1.413849e+02 -2.000000e+02
      vertex   8.108707e+00 1.303162e+02 -2.000000e+02
      vertex   7.324869e+00 1.306409e+02 -2.000000e+02
    endloop
  endfacet
  facet normal 0.000000e+00 -0.000000e+00 -1.000000e+00
    outer loop
      vertex   7.324869e+00 1.413849e+02 -2.000000e+02
      vertex   7.324869e+00 1.306409e+02 -2.000000e+02
      vertex   6.483707e+00 1.412741e+02 -2.000000e+02
    endloop
  endfacet
  facet normal 0.000000e+00 0.000000e+00 -1.000000e+00
    outer loop
      vertex   6.483707e+00 1.412741e+02 -2.000000e+02
      vertex   7.324869e+00 1.306409e+02 -2.000000e+02
      vertex   6.483707e+00 1.307516e+02 -2.000000e+02
    endloop
  endfacet
  facet normal -0.000000e+00 -0.000000e+00 -1.000000e+00
    outer loop
      vertex   6.483707e+00 1.412741e+02 -2.000000e+02
      vertex   6.483707e+00 1.307516e+02 -2.000000e+02
      vertex   5.642545e+00 1.413849e+02 -2.000000e+02
    endloop
  endfacet
  facet normal 0.000000e+00 0.000000e+00 -1.000000e+00
    outer loop
      vertex   5.642545e+00 1.413849e+02 -2.000000e+02
      vertex   6.483707e+00 1.307516e+02 -2.000000e+02
      vertex   5.642545e+00 1.306409e+02 -2.000000e+02
    endloop
  endfacet
  facet normal -0.000000e+00 -0.000000e+00 -1.000000e+00
    outer loop
      vertex   5.642545e+00 1.413849e+02 -2.000000e+02
      vertex   5.642545e+00 1.306409e+02 -2.000000e+02
      vertex   4.858707e+00 1.417095e+02 -2.000000e+02
    endloop
  endfacet
  facet normal 0.000000e+00 0.000000e+00 -1.000000e+00
    outer loop
      vertex   4.858707e+00 1.417095e+02 -2.000000e+02
      vertex   5.642545e+00 1.306409e+02 -2.000000e+02
      vertex   4.858707e+00 1.303162e+02 -2.000000e+02
    endloop
  endfacet
  facet normal -0.000000e+00 -0.000000e+00 -1.000000e+00
    outer loop
      vertex   4.858707e+00 1.417095e+02 -2.000000e+02
      vertex   4.858707e+00 1.303162e+02 -2.000000e+02
      vertex   4.185610e+00 1.422260e+02 -2.000000e+02
    endloop
  endfacet
  facet normal 0.000000e+00 0.000000e+00 -1.000000e+00
    outer loop
      vertex   4.185610e+00 1.422260e+02 -2.000000e+02
      vertex   4.858707e+00 1.303162e+02 -2.000000e+02
      vertex   4.185610e+00 1.297997e+02 -2.000000e+02
    endloop
  endfacet
  facet normal -0.000000e+00 -0.000000e+00 -1.000000e+00
    outer loop
      vertex   4.185610e+00 1.422260e+02 -2.000000e+02
      vertex   4.185610e+00 1.297997e+02 -2.000000e+02
      vertex   3.669125e+00 1.428991e+02 -2.000000e+02
    endloop
  endfacet
  facet normal 0.000000e+00 0.000000e+00 -1.000000e+00
    outer loop
      vertex   3.669125e+00 1.428991e+02 -2.000000e+02
      vertex   4.185610e+00 1.297997e+02 -2.000000e+02
      vertex   3.669125e+00 1.291266e+02 -2.000000e+02
    endloop
  endfacet
  facet normal -0.000000e+00 -0.000000e+00 -1.000000e+00
    outer loop
      vertex   3.669125e+00 1.428991e+02 -2.000000e+02
      vertex   3.669125e+00 1.291266e+02 -2.000000e+02
      vertex   3.344448e+00 1.436830e+02 -2.000000e+02
    endloop
  endfacet
  facet normal 0.000000e+00 0.000000e+00 -1.000000e+00
    outer loop
      vertex   3.344448e+00 1.436830e+02 -2.000000e+02
      vertex   3.669125e+00 1.291266e+02 -2.000000e+02
      vertex   3.344448e+00 1.283428e+02 -2.000000e+02
    endloop
  endfacet
  facet normal -0.000000e+00 -0.000000e+00 -1.000000e+00
    outer loop
      vertex   3.344448e+00 1.436830e+02 -2.000000e+02
      vertex   3.344448e+00 1.283428e+02 -2.000000e+02
      vertex   3.233707e+00 1.445241e+02 -2.000000e+02
    endloop
  endfacet
  facet normal 0.000000e+00 0.000000e+00 -1.000000e+00
    outer loop
      vertex   3.233707e+00 1.445241e+02 -2.000000e+02
      vertex   3.344448e+00 1.283428e+02 -2.000000e+02
      vertex   3.233707e+00 1.275016e+02 -2.000000e+02
    endloop
  endfacet
  facet normal -0.000000e+00 -0.000000e+00 -1.000000e+00
    outer loop
      vertex   3.233707e+00 1.445241e+02 -2.000000e+02
      vertex   3.233707e+00 1.275016e+02 -2.000000e+02
      vertex   1.000000e+00 1.500000e+02 -2.000000e+02
    endloop
  endfacet
  facet normal 0.000000e+00 0.000000e+00 -1.000000e+00
    outer loop
      vertex   1.000000e+00 1.500000e+02 -2.000000e+02
      vertex   3.233707e+00 1.275016e+02 -2.000000e+02
      vertex   3.233707e+00 1.104791e+02 -2.000000e+02
    endloop
  endfacet
  facet normal 0.000000e+00 0.000000e+00 -1.000000e+00
    outer loop
      vertex   1.000000e+00 1.500000e+02 -2.000000e+02
      vertex   3.233707e+00 1.104791e+02 -2.000000e+02
      vertex   3.233707e+00 9.345663e+01 -2.000000e+02
    endloop
  endfacet
  facet normal 0.000000e+00 0.000000e+00 -1.000000e+00
    outer loop
      vertex   3.233707e+00 9.345663e+01 -2.000000e+02
      vertex   3.233707e+00 1.104791e+02 -2.000000e+02
      vertex   3.344448e+00 9.429779e+01 -2.000000e+02
    endloop
  endfacet
  facet normal 0.000000e+00 0.000000e+00 -1.000000e+00
    outer loop
      vertex   3.344448e+00 9.429779e+01 -2.000000e+02
      vertex   3.233707e+00 1.104791e+02 -2.000000e+02
      vertex   3.344448e+00 1.096380e+02 -2.000000e+02
    endloop
  endfacet
  facet normal 0.000000e+00 0.000000e+00 -1.000000e+00
    outer loop
      vertex   3.344448e+00 9.429779e+01 -2.000000e+02
      vertex   3.344448e+00 1.096380e+02 -2.000000e+02
      vertex   3.669125e+00 9.508163e+01 -2.000000e+02
    endloop
  endfacet
  facet normal 0.000000e+00 0.000000e+00 -1.000000e+00
    outer loop
      vertex   3.669125e+00 9.508163e+01 -2.000000e+02
      vertex   3.344448e+00 1.096380e+02 -2.000000e+02
      vertex   3.669125e+00 1.088541e+02 -2.000000e+02
    endloop
  endfacet
  facet normal 0.000000e+00 0.000000e+00 -1.000000e+00
    outer loop
      vertex   3.669125e+00 9.508163e+01 -2.000000e+02
      vertex   3.669125e+00 1.088541e+02 -2.000000e+02
      vertex   4.185610e+00 9.575472e+01 -2.000000e+02
    endloop
  endfacet
  facet normal 0.000000e+00 0.000000e+00 -1.000000e+00
    outer loop
      vertex   4.185610e+00 9.575472e+01 -2.000000e+02
      vertex   3.669125e+00 1.088541e+02 -2.000000e+02
      vertex   4.185610e+00 1.081810e+02 -2.000000e+02
    endloop
  endfacet
  facet normal 0.000000e+00 0.000000e+00 -1.000000e+00
    outer loop
      vertex   4.185610e+00 9.575472e+01 -2.000000e+02
      vertex   4.185610e+00 1.081810e+02 -2.000000e+02
      vertex   4.858707e+00 9.627121e+01 -2.000000e+02
    endloop
  endfacet
  facet normal 0.000000e+00 0.000000e+00 -1.000000e+00
    outer loop
      vertex   4.858707e+00 9.627121e+01 -2.000000e+02
      vertex   4.185610e+00 1.081810e+02 -2.000000e+02
      vertex   4.858707e+00 1.076645e+02 -2.000000e+02
    endloop
  endfacet
  facet normal 0.000000e+00 0.000000e+00 -1.000000e+00
    outer loop
      vertex   4.858707e+00 9.627121e+01 -2.000000e+02
      vertex   4.858707e+00 1.076645e+02 -2.000000e+02
      vertex   5.642545e+00 9.659589e+01 -2.000000e+02
    endloop
  endfacet
  facet normal 0.000000e+00 0.000000e+00 -1.000000e+00
    outer loop
      vertex   5.642545e+00 9.659589e+01 -2.000000e+02
      vertex   4.858707e+00 1.076645e+02 -2.000000e+02
      vertex   5.642545e+00 1.073399e+02 -2.000000e+02
    endloop
  endfacet
  facet normal 0.000000e+00 0.000000e+00 -1.000000e+00
    outer loop
      vertex   5.642545e+00 9.659589e+01 -2.000000e+02
      vertex   5.642545e+00 1.073399e+02 -2.000000e+02
      vertex   6.483707e+00 9.670663e+01 -2.000000e+02
    endloop
  endfacet
  facet normal 0.000000e+00 0.000000e+00 -1.000000e+00
    outer loop
      vertex   6.483707e+00 9.670663e+01 -2.000000e+02
      vertex   5.642545e+00 1.073399e+02 -2.000000e+02
      vertex   6.483707e+00 1.072291e+02 -2.000000e+02
    endloop
  endfacet
  facet normal 0.000000e+00 0.000000e+00 -1.000000e+00
    outer loop
      vertex   6.483707e+00 9.670663e+01 -2.000000e+02
      vertex   6.483707e+00 1.072291e+02 -2.000000e+02
      vertex   7.324869e+00 9.659589e+01 -2.000000e+02
    endloop
  endfacet
  facet normal 0.000000e+00 0.000000e+00 -1.000000e+00
    outer loop
      vertex   7.324869e+00 9.659589e+01 -2.000000e+02
      vertex   6.483707e+00 1.072291e+02 -2.000000e+02
      vertex   7.324869e+00 1.073399e+02 -2.000000e+02
    endloop
  endfacet
  facet normal 0.000000e+00 0.000000e+00 -1.000000e+00
    outer loop
      vertex   7.324869e+00 9.659589e+01 -2.000000e+02
      vertex   7.324869e+00 1.073399e+02 -2.000000e+02
      vertex   8.108707e+00 9.627121e+01 -2.000000e+02
    endloop
  endfacet
  facet normal 0.000000e+00 0.000000e+00 -1.000000e+00
    outer loop
      vertex   8.108707e+00 9.627121e+01 -2.000000e+02
      vertex   7.324869e+00 1.073399e+02 -2.000000e+02
      vertex   8.108707e+00 1.076645e+02 -2.000000e+02
    endloop
  endfacet
  facet normal 0.000000e+00 0.000000e+00 -1.000000e+00
    outer loop
      vertex   8.108707e+00 9.627121e+01 -2.000000e+02
      vertex   8.108707e+00 1.076645e+02 -2.000000e+02
      vertex   8.781804e+00 9.575472e+01 -2.000000e+02
    endloop
  endfacet
  facet normal 0.000000e+00 0.000000e+00 -1.000000e+00
    outer loop
      vertex   8.781804e+00 9.575472e+01 -2.000000e+02
      vertex   8.108707e+00 1.076645e+02 -2.000000e+02
      vertex   8.781804e+00 1.081810e+02 -2.000000e+02
    endloop
  endfacet
  facet normal 0.000000e+00 0.000000e+00 -1.000000e+00
    outer loop
      vertex   8.781804e+00 9.575472e+01 -2.000000e+02
      vertex   8.781804e+00 1.081810e+02 -2.000000e+02
      vertex   9.298290e+00 9.508163e+01 -2.000000e+02
    endloop
  endfacet
  facet normal 0.000000e+00 0.000000e+00 -1.000000e+00
    outer loop
      vertex   9.298290e+00 9.508163e+01 -2.000000e+02
      vertex   8.781804e+00 1.081810e+02 -2.000000e+02
      vertex   9.298290e+00 1.088541e+02 -2.000000e+02
    endloop
  endfacet
  facet normal 0.000000e+00 0.000000e+00 -1.000000e+00
    outer loop
      vertex   9.298290e+00 9.508163e+01 -2.000000e+02
      vertex   9.298290e+00 1.088541e+02 -2.000000e+02
      vertex   9.622966e+00 9.429779e+01 -2.000000e+02
    endloop
  endfacet
  facet normal 0.000000e+00 0.000000e+00 -1.000000e+00
    outer loop
      vertex   9.622966e+00 9.429779e+01 -2.000000e+02
      vertex   9.298290e+00 1.088541e+02 -2.000000e+02
      vertex   9.622966e+00 1.096380e+02 -2.000000e+02
    endloop
  endfacet
  facet normal 0.000000e+00 0.000000e+00 -1.000000e+00
    outer loop
      vertex   9.622966e+00 9.429779e+01 -2.000000e+02
      vertex   9.622966e+00 1.096380e+02 -2.000000e+02
      vertex   9.733707e+00 9.345663e+01 -2.000000e+02
    endloop
  endfacet
  facet normal 0.000000e+00 0.000000e+00 -1.000000e+00
    outer loop
      vertex   9.733707e+00 9.345663e+01 -2.000000e+02
      vertex   9.622966e+00 1.096380e+02 -2.000000e+02
      vertex   9.733707e+00 1.104791e+02 -2.000000e+02
    endloop
  endfacet
  facet normal 0.000000e+00 0.000000e+00 -1.000000e+00
    outer loop
      vertex   9.733707e+00 9.345663e+01 -2.000000e+02
      vertex   9.733707e+00 1.104791e+02 -2.000000e+02
      vertex   2.069772e+01 9.345663e+01 -2.000000e+02
    endloop
  endfacet
  facet normal 0.000000e+00 0.000000e+00 -1.000000e+00
    outer loop
      vertex   2.069772e+01 9.345663e+01 -2.000000e+02
      vertex   9.733707e+00 1.104791e+02 -2.000000e+02
      vertex   2.069772e+01 1.104791e+02 -2.000000e+02
    endloop
  endfacet
  facet normal 0.000000e+00 0.000000e+00 -1.000000e+00
    outer loop
      vertex   2.069772e+01 9.345663e+01 -2.000000e+02
      vertex   2.069772e+01 1.104791e+02 -2.000000e+02
      vertex   2.080846e+01 9.429779e+01 -2.000000e+02
    endloop
  endfacet
  facet normal 0.000000e+00 0.000000e+00 -1.000000e+00
    outer loop
      vertex   2.080846e+01 9.429779e+01 -2.000000e+02
      vertex   2.069772e+01 1.104791e+02 -2.000000e+02
      vertex   2.080846e+01 1.096380e+02 -2.000000e+02
    endloop
  endfacet
  facet normal 0.000000e+00 0.000000e+00 -1.000000e+00
    outer loop
      vertex   2.080846e+01 9.429779e+01 -2.000000e+02
      vertex   2.080846e+01 1.096380e+02 -2.000000e+02
      vertex   2.113314e+01 9.508163e+01 -2.000000e+02
    endloop
  endfacet
  facet normal 0.000000e+00 0.000000e+00 -1.000000e+00
    outer loop
      vertex   2.113314e+01 9.508163e+01 -2.000000e+02
      vertex   2.080846e+01 1.096380e+02 -2.000000e+02
      vertex   2.113314e+01 1.088541e+02 -2.000000e+02
    endloop
  endfacet
  facet normal 0.000000e+00 0.000000e+00 -1.000000e+00
    outer loop
      vertex   2.113314e+01 9.508163e+01 -2.000000e+02
      vertex   2.113314e+01 1.088541e+02 -2.000000e+02
      vertex   2.164962e+01 9.575472e+01 -2.000000e+02
    endloop
  endfacet
  facet normal 0.000000e+00 0.000000e+00 -1.000000e+00
    outer loop
      vertex   2.164962e+01 9.575472e+01 -2.000000e+02
      vertex   2.113314e+01 1.088541e+02 -2.000000e+02
      vertex   2.164962e+01 1.081810e+02 -2.000000e+02
    endloop
  endfacet
  facet normal 0.000000e+00 0.000000e+00 -1.000000e+00
    outer loop
      vertex   2.164962e+01 9.575472e+01 -2.000000e+02
      vertex   2.164962e+01 1.081810e+02 -2.000000e+02
      vertex   2.232272e+01 9.627121e+01 -2.000000e+02
    endloop
  endfacet
  facet normal 0.000000e+00 0.000000e+00 -1.000000e+00
    outer loop
      vertex   2.232272e+01 9.627121e+01 -2.000000e+02
      vertex   2.164962e+01 1.081810e+02 -2.000000e+02
      vertex   2.232272e+01 1.076645e+02 -2.000000e+02
    endloop
  endfacet
  facet normal 0.000000e+00 0.000000e+00 -1.000000e+00
    outer loop
      vertex   2.232272e+01 9.627121e+01 -2.000000e+02
      vertex   2.232272e+01 1.076645e+02 -2.000000e+02
      vertex   2.310656e+01 9.659589e+01 -2.000000e+02
    endloop
  endfacet
  facet normal 0.000000e+00 0.000000e+00 -1.000000e+00
    outer loop
      vertex   2.310656e+01 9.659589e+01 -2.000000e+02
      vertex   2.232272e+01 1.076645e+02 -2.000000e+02
      vertex   2.310656e+01 1.073399e+02 -2.000000e+02
    endloop
  endfacet
  facet normal 0.000000e+00 0.000000e+00 -1.000000e+00
    outer loop
      vertex   2.310656e+01 9.659589e+01 -2.000000e+02
      vertex   2.310656e+01 1.073399e+02 -2.000000e+02
      vertex   2.394772e+01 9.670663e+01 -2.000000e+02
    endloop
  endfacet
  facet normal 0.000000e+00 0.000000e+00 -1.000000e+00
    outer loop
      vertex   2.394772e+01 9.670663e+01 -2.000000e+02
      vertex   2.310656e+01 1.073399e+02 -2.000000e+02
      vertex   2.394772e+01 1.072291e+02 -2.000000e+02
    endloop
  endfacet
  facet normal 0.000000e+00 0.000000e+00 -1.000000e+00
    outer loop
      vertex   2.394772e+01 9.670663e+01 -2.000000e+02
      vertex   2.394772e+01 1.072291e+02 -2.000000e+02
      vertex   2.478888e+01 9.659589e+01 -2.000000e+02
    endloop
  endfacet
  facet normal 0.000000e+00 0.000000e+00 -1.000000e+00
    outer loop
      vertex   2.478888e+01 9.659589e+01 -2.000000e+02
      vertex   2.394772e+01 1.072291e+02 -2.000000e+02
      vertex   2.478888e+01 1.073399e+02 -2.000000e+02
    endloop
  endfacet
  facet normal 0.000000e+00 0.000000e+00 -1.000000e+00
    outer loop
      vertex   2.478888e+01 9.659589e+01 -2.000000e+02
      vertex   2.478888e+01 1.073399e+02 -2.000000e+02
      vertex   2.557272e+01 9.627121e+01 -2.000000e+02
    endloop
  endfacet
  facet normal 0.000000e+00 0.000000e+00 -1.000000e+00
    outer loop
      vertex   2.557272e+01 9.627121e+01 -2.000000e+02
      vertex   2.478888e+01 1.073399e+02 -2.000000e+02
      vertex   2.557272e+01 1.076645e+02 -2.000000e+02
    endloop
  endfacet
  facet normal 0.000000e+00 0.000000e+00 -1.000000e+00
    outer loop
      vertex   2.557272e+01 9.627121e+01 -2.000000e+02
      vertex   2.557272e+01 1.076645e+02 -2.000000e+02
      vertex   2.624582e+01 9.575472e+01 -2.000000e+02
    endloop
  endfacet
  facet normal 0.000000e+00 0.000000e+00 -1.000000e+00
    outer loop
      vertex   2.624582e+01 9.575472e+01 -2.000000e+02
      vertex   2.557272e+01 1.076645e+02 -2.000000e+02
      vertex   2.624582e+01 1.081810e+02 -2.000000e+02
    endloop
  endfacet
  facet normal 0.000000e+00 0.000000e+00 -1.000000e+00
    outer loop
      vertex   2.624582e+01 9.575472e+01 -2.000000e+02
      vertex   2.624582e+01 1.081810e+02 -2.000000e+02
      vertex   2.676230e+01 9.508163e+01 -2.000000e+02
    endloop
  endfacet
  facet normal 0.000000e+00 0.000000e+00 -1.000000e+00
    outer loop
      vertex   2.676230e+01 9.508163e+01 -2.000000e+02
      vertex   2.624582e+01 1.081810e+02 -2.000000e+02
      vertex   2.676230e+01 1.088541e+02 -2.000000e+02
    endloop
  endfacet
  facet normal 0.000000e+00 0.000000e+00 -1.000000e+00
    outer loop
      vertex   2.676230e+01 9.508163e+01 -2.000000e+02
      vertex   2.676230e+01 1.088541e+02 -2.000000e+02
      vertex   2.708698e+01 9.429779e+01 -2.000000e+02
    endloop
  endfacet
  facet normal 0.000000e+00 0.000000e+00 -1.000000e+00
    outer loop
      vertex   2.708698e+01 9.429779e+01 -2.000000e+02
      vertex   2.676230e+01 1.088541e+02 -2.000000e+02
      vertex   2.708698e+01 1.096380e+02 -2.000000e+02
    endloop
  endfacet
  facet normal 0.000000e+00 0.000000e+00 -1.000000e+00
    outer loop
      vertex   2.708698e+01 9.429779e+01 -2.000000e+02
      vertex   2.708698e+01 1.096380e+02 -2.000000e+02
      vertex   2.719772e+01 9.345663e+01 -2.000000e+02
    endloop
  endfacet
  facet normal 0.000000e+00 0.000000e+00 -1.000000e+00
    outer loop
      vertex   2.719772e+01 9.345663e+01 -2.000000e+02
      vertex   2.708698e+01 1.096380e+02 -2.000000e+02
      vertex   2.719772e+01 1.104791e+02 -2.000000e+02
    endloop
  endfacet
  facet normal 0.000000e+00 0.000000e+00 -1.000000e+00
    outer loop
      vertex   2.719772e+01 9.345663e+01 -2.000000e+02
      vertex   2.719772e+01 1.104791e+02 -2.000000e+02
      vertex   2.900000e+01 1.500000e+02 -2.000000e+02
    endloop
  endfacet
  facet normal 0.000000e+00 0.000000e+00 -1.000000e+00
    outer loop
      vertex   2.900000e+01 1.500000e+02 -2.000000e+02
      vertex   2.719772e+01 1.104791e+02 -2.000000e+02
      vertex   2.719772e+01 1.275016e+02 -2.000000e+02
    endloop
  endfacet
  facet normal 0.000000e+00 0.000000e+00 -1.000000e+00
    outer loop
      vertex   2.900000e+01 1.500000e+02 -2.000000e+02
      vertex   2.719772e+01 1.275016e+02 -2.000000e+02
      vertex   2.719772e+01 1.445241e+02 -2.000000e+02
    endloop
  endfacet
  facet normal 0.000000e+00 -0.000000e+00 -1.000000e+00
    outer loop
      vertex   2.719772e+01 1.445241e+02 -2.000000e+02
      vertex   2.719772e+01 1.275016e+02 -2.000000e+02
      vertex   2.708698e+01 1.436830e+02 -2.000000e+02
    endloop
  endfacet
  facet normal 0.000000e+00 0.000000e+00 -1.000000e+00
    outer loop
      vertex   2.708698e+01 1.436830e+02 -2.000000e+02
      vertex   2.719772e+01 1.275016e+02 -2.000000e+02
      vertex   2.708698e+01 1.283428e+02 -2.000000e+02
    endloop
  endfacet
  facet normal 0.000000e+00 -0.000000e+00 -1.000000e+00
    outer loop
      vertex   2.708698e+01 1.436830e+02 -2.000000e+02
      vertex   2.708698e+01 1.283428e+02 -2.000000e+02
      vertex   2.676230e+01 1.428991e+02 -2.000000e+02
    endloop
  endfacet
  facet normal 0.000000e+00 0.000000e+00 -1.000000e+00
    outer loop
      vertex   2.676230e+01 1.428991e+02 -2.000000e+02
      vertex   2.708698e+01 1.283428e+02 -2.000000e+02
      vertex   2.676230e+01 1.291266e+02 -2.000000e+02
    endloop
  endfacet
  facet normal 0.000000e+00 -0.000000e+00 -1.000000e+00
    outer loop
      vertex   2.676230e+01 1.428991e+02 -2.000000e+02
      vertex   2.676230e+01 1.291266e+02 -2.000000e+02
      vertex   2.624582e+01 1.422260e+02 -2.000000e+02
    endloop
  endfacet
  facet normal 0.000000e+00 0.000000e+00 -1.000000e+00
    outer loop
      vertex   2.624582e+01 1.422260e+02 -2.000000e+02
      vertex   2.676230e+01 1.291266e+02 -2.000000e+02
      vertex   2.624582e+01 1.297997e+02 -2.000000e+02
    endloop
  endfacet
  facet normal 0.000000e+00 -0.000000e+00 -1.000000e+00
    outer loop
      vertex   2.624582e+01 1.422260e+02 -2.000000e+02
      vertex   2.624582e+01 1.297997e+02 -2.000000e+02
      vertex   2.557272e+01 1.417095e+02 -2.000000e+02
    endloop
  endfacet
  facet normal 0.000000e+00 0.000000e+00 -1.000000e+00
    outer loop
      vertex   2.557272e+01 1.417095e+02 -2.000000e+02
      vertex   2.624582e+01 1.297997e+02 -2.000000e+02
      vertex   2.557272e+01 1.303162e+02 -2.000000e+02
    endloop
  endfacet
  facet normal 0.000000e+00 -0.000000e+00 -1.000000e+00
    outer loop
      vertex   2.557272e+01 1.417095e+02 -2.000000e+02
      vertex   2.557272e+01 1.303162e+02 -2.000000e+02
      vertex   2.478888e+01 1.413849e+02 -2.000000e+02
    endloop
  endfacet
  facet normal 0.000000e+00 0.000000e+00 -1.000000e+00
    outer loop
      vertex   2.478888e+01 1.413849e+02 -2.000000e+02
      vertex   2.557272e+01 1.303162e+02 -2.000000e+02
      vertex   2.478888e+01 1.306409e+02 -2.000000e+02
    endloop
  endfacet
  facet normal 0.000000e+00 -0.000000e+00 -1.000000e+00
    outer loop
      vertex   2.478888e+01 1.413849e+02 -2.000000e+02
      vertex   2.478888e+01 1.306409e+02 -2.000000e+02
      vertex   2.394772e+01 1.412741e+02 -2.000000e+02
    endloop
  endfacet
  facet normal 0.000000e+00 0.000000e+00 -1.000000e+00
    outer loop
      vertex   2.394772e+01 1.412741e+02 -2.000000e+02
      vertex   2.478888e+01 1.306409e+02 -2.000000e+02
      vertex   2.394772e+01 1.307516e+02 -2.000000e+02
    endloop
  endfacet
  facet normal -0.000000e+00 -0.000000e+00 -1.000000e+00
    outer loop
      vertex   2.394772e+01 1.412741e+02 -2.000000e+02
      vertex   2.394772e+01 1.307516e+02 -2.000000e+02
      vertex   2.310656e+01 1.413849e+02 -2.000000e+02
    endloop
  endfacet
  facet normal 0.000000e+00 0.000000e+00 -1.000000e+00
    outer loop
      vertex   2.310656e+01 1.413849e+02 -2.000000e+02
      vertex   2.394772e+01 1.307516e+02 -2.000000e+02
      vertex   2.310656e+01 1.306409e+02 -2.000000e+02
    endloop
  endfacet
  facet normal -0.000000e+00 -0.000000e+00 -1.000000e+00
    outer loop
      vertex   2.310656e+01 1.413849e+02 -2.000000e+02
      vertex   2.310656e+01 1.306409e+02 -2.000000e+02
      vertex   2.232272e+01 1.417095e+02 -2.000000e+02
    endloop
  endfacet
  facet normal 0.000000e+00 0.000000e+00 -1.000000e+00
    outer loop
      vertex   2.232272e+01 1.417095e+02 -2.000000e+02
      vertex   2.310656e+01 1.306409e+02 -2.000000e+02
      vertex   2.232272e+01 1.303162e+02 -2.000000e+02
    endloop
  endfacet
  facet normal -0.000000e+00 -0.000000e+00 -1.000000e+00
    outer loop
      vertex   2.232272e+01 1.417095e+02 -2.000000e+02
      vertex   2.232272e+01 1.303162e+02 -2.000000e+02
      vertex   2.164962e+01 1.422260e+02 -2.000000e+02
    endloop
  endfacet
  facet normal 0.000000e+00 0.000000e+00 -1.000000e+00
    outer loop
      vertex   2.164962e+01 1.422260e+02 -2.000000e+02
      vertex   2.232272e+01 1.303162e+02 -2.000000e+02
      vertex   2.164962e+01 1.297997e+02 -2.000000e+02
    endloop
  endfacet
  facet normal -0.000000e+00 -0.000000e+00 -1.000000e+00
    outer loop
      vertex   2.164962e+01 1.422260e+02 -2.000000e+02
      vertex   2.164962e+01 1.297997e+02 -2.000000e+02
      vertex   2.113314e+01 1.428991e+02 -2.000000e+02
    endloop
  endfacet
  facet normal 0.000000e+00 0.000000e+00 -1.000000e+00
    outer loop
      vertex   2.113314e+01 1.428991e+02 -2.000000e+02
      vertex   2.164962e+01 1.297997e+02 -2.000000e+02
      vertex   2.113314e+01 1.291266e+02 -2.000000e+02
    endloop
  endfacet
  facet normal -0.000000e+00 -0.000000e+00 -1.000000e+00
    outer loop
      vertex   2.113314e+01 1.428991e+02 -2.000000e+02
      vertex   2.113314e+01 1.291266e+02 -2.000000e+02
      vertex   2.080846e+01 1.436830e+02 -2.000000e+02
    endloop
  endfacet
  facet normal 0.000000e+00 0.000000e+00 -1.000000e+00
    outer loop
      vertex   2.080846e+01 1.436830e+02 -2.000000e+02
      vertex   2.113314e+01 1.291266e+02 -2.000000e+02
      vertex   2.080846e+01 1.283428e+02 -2.000000e+02
    endloop
  endfacet
  facet normal 0.000000e+00 0.000000e+00 -1.000000e+00
    outer loop
      vertex   2.719772e+01 1.445241e+02 -2.000000e+02
      vertex   2.708698e+01 1.453653e+02 -2.000000e+02
      vertex   2.900000e+01 1.500000e+02 -2.000000e+02
    endloop
  endfacet
  facet normal 0.000000e+00 0.000000e+00 -1.000000e+00
    outer loop
      vertex   2.900000e+01 1.500000e+02 -2.000000e+02
      vertex   2.708698e+01 1.453653e+02 -2.000000e+02
      vertex   2.676230e+01 1.461491e+02 -2.000000e+02
    endloop
  endfacet
  facet normal 0.000000e+00 0.000000e+00 -1.000000e+00
    outer loop
      vertex   2.900000e+01 1.500000e+02 -2.000000e+02
      vertex   2.676230e+01 1.461491e+02 -2.000000e+02
      vertex   2.624582e+01 1.468222e+02 -2.000000e+02
    endloop
  endfacet
  facet normal 0.000000e+00 0.000000e+00 -1.000000e+00
    outer loop
      vertex   2.624582e+01 1.468222e+02 -2.000000e+02
      vertex   2.557272e+01 1.473387e+02 -2.000000e+02
      vertex   2.900000e+01 1.500000e+02 -2.000000e+02
    endloop
  endfacet
  facet normal 0.000000e+00 0.000000e+00 -1.000000e+00
    outer loop
      vertex   2.900000e+01 1.500000e+02 -2.000000e+02
      vertex   2.557272e+01 1.473387e+02 -2.000000e+02
      vertex   2.478888e+01 1.476634e+02 -2.000000e+02
    endloop
  endfacet
  facet normal 0.000000e+00 0.000000e+00 -1.000000e+00
    outer loop
      vertex   2.900000e+01 1.500000e+02 -2.000000e+02
      vertex   2.478888e+01 1.476634e+02 -2.000000e+02
      vertex   2.394772e+01 1.477741e+02 -2.000000e+02
    endloop
  endfacet
  facet normal -0.000000e+00 0.000000e+00 -1.000000e+00
    outer loop
      vertex   2.394772e+01 1.477741e+02 -2.000000e+02
      vertex   2.310656e+01 1.476634e+02 -2.000000e+02
      vertex   2.900000e+01 1.500000e+02 -2.000000e+02
    endloop
  endfacet
  facet normal 0.000000e+00 0.000000e+00 -1.000000e+00
    outer loop
      vertex   2.900000e+01 1.500000e+02 -2.000000e+02
      vertex   2.310656e+01 1.476634e+02 -2.000000e+02
      vertex   7.324869e+00 1.476634e+02 -2.000000e+02
    endloop
  endfacet
  facet normal -0.000000e+00 0.000000e+00 -1.000000e+00
    outer loop
      vertex   2.900000e+01 1.500000e+02 -2.000000e+02
      vertex   7.324869e+00 1.476634e+02 -2.000000e+02
      vertex   1.000000e+00 1.500000e+02 -2.000000e+02
    endloop
  endfacet
  facet normal 0.000000e+00 0.000000e+00 -1.000000e+00
    outer loop
      vertex   1.000000e+00 1.500000e+02 -2.000000e+02
      vertex   7.324869e+00 1.476634e+02 -2.000000e+02
      vertex   6.483707e+00 1.477741e+02 -2.000000e+02
    endloop
  endfacet
  facet normal 0.000000e+00 0.000000e+00 -1.000000e+00
    outer loop
      vertex   1.000000e+00 1.500000e+02 -2.000000e+02
      vertex   6.483707e+00 1.477741e+02 -2.000000e+02
      vertex   5.642545e+00 1.476634e+02 -2.000000e+02
    endloop
  endfacet
  facet normal 0.000000e+00 0.000000e+00 -1.000000e+00
    outer loop
      vertex   7.324869e+00 1.476634e+02 -2.000000e+02
      vertex   2.310656e+01 1.476634e+02 -2.000000e+02
      vertex   8.108707e+00 1.473387e+02 -2.000000e+02
    endloop
  endfacet
  facet normal 0.000000e+00 0.000000e+00 -1.000000e+00
    outer loop
      vertex   8.108707e+00 1.473387e+02 -2.000000e+02
      vertex   2.310656e+01 1.476634e+02 -2.000000e+02
      vertex   2.232272e+01 1.473387e+02 -2.000000e+02
    endloop
  endfacet
  facet normal 0.000000e+00 0.000000e+00 -1.000000e+00
    outer loop
      vertex   8.108707e+00 1.473387e+02 -2.000000e+02
      vertex   2.232272e+01 1.473387e+02 -2.000000e+02
      vertex   8.781804e+00 1.468222e+02 -2.000000e+02
    endloop
  endfacet
  facet normal 0.000000e+00 0.000000e+00 -1.000000e+00
    outer loop
      vertex   8.781804e+00 1.468222e+02 -2.000000e+02
      vertex   2.232272e+01 1.473387e+02 -2.000000e+02
      vertex   2.164962e+01 1.468222e+02 -2.000000e+02
    endloop
  endfacet
  facet normal 0.000000e+00 0.000000e+00 -1.000000e+00
    outer loop
      vertex   8.781804e+00 1.468222e+02 -2.000000e+02
      vertex   2.164962e+01 1.468222e+02 -2.000000e+02
      vertex   9.298290e+00 1.461491e+02 -2.000000e+02
    endloop
  endfacet
  facet normal 0.000000e+00 0.000000e+00 -1.000000e+00
    outer loop
      vertex   9.298290e+00 1.461491e+02 -2.000000e+02
      vertex   2.164962e+01 1.468222e+02 -2.000000e+02
      vertex   2.113314e+01 1.461491e+02 -2.000000e+02
    endloop
  endfacet
  facet normal 0.000000e+00 0.000000e+00 -1.000000e+00
    outer loop
      vertex   9.298290e+00 1.461491e+02 -2.000000e+02
      vertex   2.113314e+01 1.461491e+02 -2.000000e+02
      vertex   9.622966e+00 1.453653e+02 -2.000000e+02
    endloop
  endfacet
  facet normal 0.000000e+00 0.000000e+00 -1.000000e+00
    outer loop
      vertex   9.622966e+00 1.453653e+02 -2.000000e+02
      vertex   2.113314e+01 1.461491e+02 -2.000000e+02
      vertex   2.080846e+01 1.453653e+02 -2.000000e+02
    endloop
  endfacet
  facet normal 0.000000e+00 0.000000e+00 -1.000000e+00
    outer loop
      vertex   9.622966e+00 1.453653e+02 -2.000000e+02
      vertex   2.080846e+01 1.453653e+02 -2.000000e+02
      vertex   9.733707e+00 1.445241e+02 -2.000000e+02
    endloop
  endfacet
  facet normal 0.000000e+00 0.000000e+00 -1.000000e+00
    outer loop
      vertex   9.733707e+00 1.445241e+02 -2.000000e+02
      vertex   2.080846e+01 1.453653e+02 -2.000000e+02
      vertex   2.069772e+01 1.445241e+02 -2.000000e+02
    endloop
  endfacet
  facet normal -0.000000e+00 -0.000000e+00 -1.000000e+00
    outer loop
      vertex   2.080846e+01 1.266605e+02 -2.000000e+02
      vertex   2.080846e+01 1.113203e+02 -2.000000e+02
      vertex   2.069772e+01 1.275016e+02 -2.000000e+02
    endloop
  endfacet
  facet normal 0.000000e+00 0.000000e+00 -1.000000e+00
    outer loop
      vertex   2.069772e+01 1.275016e+02 -2.000000e+02
      vertex   2.080846e+01 1.113203e+02 -2.000000e+02
      vertex   2.069772e+01 1.104791e+02 -2.000000e+02
    endloop
  endfacet
  facet normal -0.000000e+00 -0.000000e+00 -1.000000e+00
    outer loop
      vertex   2.069772e+01 1.275016e+02 -2.000000e+02
      vertex   2.069772e+01 1.104791e+02 -2.000000e+02
      vertex   9.733707e+00 1.275016e+02 -2.000000e+02
    endloop
  endfacet
  facet normal 0.000000e+00 0.000000e+00 -1.000000e+00
    outer loop
      vertex   9.733707e+00 1.275016e+02 -2.000000e+02
      vertex   2.069772e+01 1.104791e+02 -2.000000e+02
      vertex   9.733707e+00 1.104791e+02 -2.000000e+02
    endloop
  endfacet
  facet normal 0.000000e+00 -0.000000e+00 -1.000000e+00
    outer loop
      vertex   9.733707e+00 1.275016e+02 -2.000000e+02
      vertex   9.733707e+00 1.104791e+02 -2.000000e+02
      vertex   9.622966e+00 1.266605e+02 -2.000000e+02
    endloop
  endfacet
  facet normal 0.000000e+00 0.000000e+00 -1.000000e+00
    outer loop
      vertex   9.622966e+00 1.266605e+02 -2.000000e+02
      vertex   9.733707e+00 1.104791e+02 -2.000000e+02
      vertex   9.622966e+00 1.113203e+02 -2.000000e+02
    endloop
  endfacet
  facet normal 0.000000e+00 -0.000000e+00 -1.000000e+00
    outer loop
      vertex   9.622966e+00 1.266605e+02 -2.000000e+02
      vertex   9.622966e+00 1.113203e+02 -2.000000e+02
      vertex   9.298290e+00 1.258766e+02 -2.000000e+02
    endloop
  endfacet
  facet normal 0.000000e+00 0.000000e+00 -1.000000e+00
    outer loop
      vertex   9.298290e+00 1.258766e+02 -2.000000e+02
      vertex   9.622966e+00 1.113203e+02 -2.000000e+02
      vertex   9.298290e+00 1.121041e+02 -2.000000e+02
    endloop
  endfacet
  facet normal 0.000000e+00 -0.000000e+00 -1.000000e+00
    outer loop
      vertex   9.298290e+00 1.258766e+02 -2.000000e+02
      vertex   9.298290e+00 1.121041e+02 -2.000000e+02
      vertex   8.781804e+00 1.252035e+02 -2.000000e+02
    endloop
  endfacet
  facet normal 0.000000e+00 0.000000e+00 -1.000000e+00
    outer loop
      vertex   8.781804e+00 1.252035e+02 -2.000000e+02
      vertex   9.298290e+00 1.121041e+02 -2.000000e+02
      vertex   8.781804e+00 1.127772e+02 -2.000000e+02
    endloop
  endfacet
  facet normal 0.000000e+00 -0.000000e+00 -1.000000e+00
    outer loop
      vertex   8.781804e+00 1.252035e+02 -2.000000e+02
      vertex   8.781804e+00 1.127772e+02 -2.000000e+02
      vertex   8.108707e+00 1.246870e+02 -2.000000e+02
    endloop
  endfacet
  facet normal 0.000000e+00 0.000000e+00 -1.000000e+00
    outer loop
      vertex   8.108707e+00 1.246870e+02 -2.000000e+02
      vertex   8.781804e+00 1.127772e+02 -2.000000e+02
      vertex   8.108707e+00 1.132937e+02 -2.000000e+02
    endloop
  endfacet
  facet normal 0.000000e+00 -0.000000e+00 -1.000000e+00
    outer loop
      vertex   8.108707e+00 1.246870e+02 -2.000000e+02
      vertex   8.108707e+00 1.132937e+02 -2.000000e+02
      vertex   7.324869e+00 1.243624e+02 -2.000000e+02
    endloop
  endfacet
  facet normal 0.000000e+00 0.000000e+00 -1.000000e+00
    outer loop
      vertex   7.324869e+00 1.243624e+02 -2.000000e+02
      vertex   8.108707e+00 1.132937e+02 -2.000000e+02
      vertex   7.324869e+00 1.136184e+02 -2.000000e+02
    endloop
  endfacet
  facet normal 0.000000e+00 -0.000000e+00 -1.000000e+00
    outer loop
      vertex   7.324869e+00 1.243624e+02 -2.000000e+02
      vertex   7.324869e+00 1.136184e+02 -2.000000e+02
      vertex   6.483707e+00 1.242516e+02 -2.000000e+02
    endloop
  endfacet
  facet normal 0.000000e+00 0.000000e+00 -1.000000e+00
    outer loop
      vertex   6.483707e+00 1.242516e+02 -2.000000e+02
      vertex   7.324869e+00 1.136184e+02 -2.000000e+02
      vertex   6.483707e+00 1.137291e+02 -2.000000e+02
    endloop
  endfacet
  facet normal -0.000000e+00 -0.000000e+00 -1.000000e+00
    outer loop
      vertex   6.483707e+00 1.242516e+02 -2.000000e+02
      vertex   6.483707e+00 1.137291e+02 -2.000000e+02
      vertex   5.642545e+00 1.243624e+02 -2.000000e+02
    endloop
  endfacet
  facet normal 0.000000e+00 0.000000e+00 -1.000000e+00
    outer loop
      vertex   5.642545e+00 1.243624e+02 -2.000000e+02
      vertex   6.483707e+00 1.137291e+02 -2.000000e+02
      vertex   5.642545e+00 1.136184e+02 -2.000000e+02
    endloop
  endfacet
  facet normal -0.000000e+00 -0.000000e+00 -1.000000e+00
    outer loop
      vertex   5.642545e+00 1.243624e+02 -2.000000e+02
      vertex   5.642545e+00 1.136184e+02 -2.000000e+02
      vertex   4.858707e+00 1.246870e+02 -2.000000e+02
    endloop
  endfacet
  facet normal 0.000000e+00 0.000000e+00 -1.000000e+00
    outer loop
      vertex   4.858707e+00 1.246870e+02 -2.000000e+02
      vertex   5.642545e+00 1.136184e+02 -2.000000e+02
      vertex   4.858707e+00 1.132937e+02 -2.000000e+02
    endloop
  endfacet
  facet normal -0.000000e+00 -0.000000e+00 -1.000000e+00
    outer loop
      vertex   4.858707e+00 1.246870e+02 -2.000000e+02
      vertex   4.858707e+00 1.132937e+02 -2.000000e+02
      vertex   4.185610e+00 1.252035e+02 -2.000000e+02
    endloop
  endfacet
  facet normal 0.000000e+00 0.000000e+00 -1.000000e+00
    outer loop
      vertex   4.185610e+00 1.252035e+02 -2.000000e+02
      vertex   4.858707e+00 1.132937e+02 -2.000000e+02
      vertex   4.185610e+00 1.127772e+02 -2.000000e+02
    endloop
  endfacet
  facet normal -0.000000e+00 -0.000000e+00 -1.000000e+00
    outer loop
      vertex   4.185610e+00 1.252035e+02 -2.000000e+02
      vertex   4.185610e+00 1.127772e+02 -2.000000e+02
      vertex   3.669125e+00 1.258766e+02 -2.000000e+02
    endloop
  endfacet
  facet normal 0.000000e+00 0.000000e+00 -1.000000e+00
    outer loop
      vertex   3.669125e+00 1.258766e+02 -2.000000e+02
      vertex   4.185610e+00 1.127772e+02 -2.000000e+02
      vertex   3.669125e+00 1.121041e+02 -2.000000e+02
    endloop
  endfacet
  facet normal -0.000000e+00 -0.000000e+00 -1.000000e+00
    outer loop
      vertex   3.669125e+00 1.258766e+02 -2.000000e+02
      vertex   3.669125e+00 1.121041e+02 -2.000000e+02
      vertex   3.344448e+00 1.266605e+02 -2.000000e+02
    endloop
  endfacet
  facet normal 0.000000e+00 0.000000e+00 -1.000000e+00
    outer loop
      vertex   3.344448e+00 1.266605e+02 -2.000000e+02
      vertex   3.669125e+00 1.121041e+02 -2.000000e+02
      vertex   3.344448e+00 1.113203e+02 -2.000000e+02
    endloop
  endfacet
  facet normal -0.000000e+00 -0.000000e+00 -1.000000e+00
    outer loop
      vertex   3.344448e+00 1.266605e+02 -2.000000e+02
      vertex   3.344448e+00 1.113203e+02 -2.000000e+02
      vertex   3.233707e+00 1.275016e+02 -2.000000e+02
    endloop
  endfacet
  facet normal 0.000000e+00 0.000000e+00 -1.000000e+00
    outer loop
      vertex   3.233707e+00 1.275016e+02 -2.000000e+02
      vertex   3.344448e+00 1.113203e+02 -2.000000e+02
      vertex   3.233707e+00 1.104791e+02 -2.000000e+02
    endloop
  endfacet
  facet normal 0.000000e+00 0.000000e+00 -1.000000e+00
    outer loop
      vertex   2.080846e+01 1.113203e+02 -2.000000e+02
      vertex   2.080846e+01 1.266605e+02 -2.000000e+02
      vertex   2.113314e+01 1.121041e+02 -2.000000e+02
    endloop
  endfacet
  facet normal 0.000000e+00 0.000000e+00 -1.000000e+00
    outer loop
      vertex   2.113314e+01 1.121041e+02 -2.000000e+02
      vertex   2.080846e+01 1.266605e+02 -2.000000e+02
      vertex   2.113314e+01 1.258766e+02 -2.000000e+02
    endloop
  endfacet
  facet normal 0.000000e+00 0.000000e+00 -1.000000e+00
    outer loop
      vertex   2.113314e+01 1.121041e+02 -2.000000e+02
      vertex   2.113314e+01 1.258766e+02 -2.000000e+02
      vertex   2.164962e+01 1.127772e+02 -2.000000e+02
    endloop
  endfacet
  facet normal 0.000000e+00 0.000000e+00 -1.000000e+00
    outer loop
      vertex   2.164962e+01 1.127772e+02 -2.000000e+02
      vertex   2.113314e+01 1.258766e+02 -2.000000e+02
      vertex   2.164962e+01 1.252035e+02 -2.000000e+02
    endloop
  endfacet
  facet normal 0.000000e+00 0.000000e+00 -1.000000e+00
    outer loop
      vertex   2.164962e+01 1.127772e+02 -2.000000e+02
      vertex   2.164962e+01 1.252035e+02 -2.000000e+02
      vertex   2.232272e+01 1.132937e+02 -2.000000e+02
    endloop
  endfacet
  facet normal 0.000000e+00 0.000000e+00 -1.000000e+00
    outer loop
      vertex   2.232272e+01 1.132937e+02 -2.000000e+02
      vertex   2.164962e+01 1.252035e+02 -2.000000e+02
      vertex   2.232272e+01 1.246870e+02 -2.000000e+02
    endloop
  endfacet
  facet normal 0.000000e+00 0.000000e+00 -1.000000e+00
    outer loop
      vertex   2.232272e+01 1.132937e+02 -2.000000e+02
      vertex   2.232272e+01 1.246870e+02 -2.000000e+02
      vertex   2.310656e+01 1.136184e+02 -2.000000e+02
    endloop
  endfacet
  facet normal 0.000000e+00 0.000000e+00 -1.000000e+00
    outer loop
      vertex   2.310656e+01 1.136184e+02 -2.000000e+02
      vertex   2.232272e+01 1.246870e+02 -2.000000e+02
      vertex   2.310656e+01 1.243624e+02 -2.000000e+02
    endloop
  endfacet
  facet normal 0.000000e+00 0.000000e+00 -1.000000e+00
    outer loop
      vertex   2.310656e+01 1.136184e+02 -2.000000e+02
      vertex   2.310656e+01 1.243624e+02 -2.000000e+02
      vertex   2.394772e+01 1.137291e+02 -2.000000e+02
    endloop
  endfacet
  facet normal 0.000000e+00 0.000000e+00 -1.000000e+00
    outer loop
      vertex   2.394772e+01 1.137291e+02 -2.000000e+02
      vertex   2.310656e+01 1.243624e+02 -2.000000e+02
      vertex   2.394772e+01 1.242516e+02 -2.000000e+02
    endloop
  endfacet
  facet normal 0.000000e+00 0.000000e+00 -1.000000e+00
    outer loop
      vertex   2.394772e+01 1.137291e+02 -2.000000e+02
      vertex   2.394772e+01 1.242516e+02 -2.000000e+02
      vertex   2.478888e+01 1.136184e+02 -2.000000e+02
    endloop
  endfacet
  facet normal 0.000000e+00 0.000000e+00 -1.000000e+00
    outer loop
      vertex   2.478888e+01 1.136184e+02 -2.000000e+02
      vertex   2.394772e+01 1.242516e+02 -2.000000e+02
      vertex   2.478888e+01 1.243624e+02 -2.000000e+02
    endloop
  endfacet
  facet normal 0.000000e+00 0.000000e+00 -1.000000e+00
    outer loop
      vertex   2.478888e+01 1.136184e+02 -2.000000e+02
      vertex   2.478888e+01 1.243624e+02 -2.000000e+02
      vertex   2.557272e+01 1.132937e+02 -2.000000e+02
    endloop
  endfacet
  facet normal 0.000000e+00 0.000000e+00 -1.000000e+00
    outer loop
      vertex   2.557272e+01 1.132937e+02 -2.000000e+02
      vertex   2.478888e+01 1.243624e+02 -2.000000e+02
      vertex   2.557272e+01 1.246870e+02 -2.000000e+02
    endloop
  endfacet
  facet normal 0.000000e+00 0.000000e+00 -1.000000e+00
    outer loop
      vertex   2.557272e+01 1.132937e+02 -2.000000e+02
      vertex   2.557272e+01 1.246870e+02 -2.000000e+02
      vertex   2.624582e+01 1.127772e+02 -2.000000e+02
    endloop
  endfacet
  facet normal 0.000000e+00 0.000000e+00 -1.000000e+00
    outer loop
      vertex   2.624582e+01 1.127772e+02 -2.000000e+02
      vertex   2.557272e+01 1.246870e+02 -2.000000e+02
      vertex   2.624582e+01 1.252035e+02 -2.000000e+02
    endloop
  endfacet
  facet normal 0.000000e+00 0.000000e+00 -1.000000e+00
    outer loop
      vertex   2.624582e+01 1.127772e+02 -2.000000e+02
      vertex   2.624582e+01 1.252035e+02 -2.000000e+02
      vertex   2.676230e+01 1.121041e+02 -2.000000e+02
    endloop
  endfacet
  facet normal 0.000000e+00 0.000000e+00 -1.000000e+00
    outer loop
      vertex   2.676230e+01 1.121041e+02 -2.000000e+02
      vertex   2.624582e+01 1.252035e+02 -2.000000e+02
      vertex   2.676230e+01 1.258766e+02 -2.000000e+02
    endloop
  endfacet
  facet normal 0.000000e+00 0.000000e+00 -1.000000e+00
    outer loop
      vertex   2.676230e+01 1.121041e+02 -2.000000e+02
      vertex   2.676230e+01 1.258766e+02 -2.000000e+02
      vertex   2.708698e+01 1.113203e+02 -2.000000e+02
    endloop
  endfacet
  facet normal 0.000000e+00 0.000000e+00 -1.000000e+00
    outer loop
      vertex   2.708698e+01 1.113203e+02 -2.000000e+02
      vertex   2.676230e+01 1.258766e+02 -2.000000e+02
      vertex   2.708698e+01 1.266605e+02 -2.000000e+02
    endloop
  endfacet
  facet normal 0.000000e+00 0.000000e+00 -1.000000e+00
    outer loop
      vertex   2.708698e+01 1.113203e+02 -2.000000e+02
      vertex   2.708698e+01 1.266605e+02 -2.000000e+02
      vertex   2.719772e+01 1.104791e+02 -2.000000e+02
    endloop
  endfacet
  facet normal 0.000000e+00 0.000000e+00 -1.000000e+00
    outer loop
      vertex   2.719772e+01 1.104791e+02 -2.000000e+02
      vertex   2.708698e+01 1.266605e+02 -2.000000e+02
      vertex   2.719772e+01 1.275016e+02 -2.000000e+02
    endloop
  endfacet
  facet normal -0.000000e+00 -0.000000e+00 -1.000000e+00
    outer loop
      vertex   2.080846e+01 9.261546e+01 -2.000000e+02
      vertex   2.080846e+01 7.727529e+01 -2.000000e+02
      vertex   2.069772e+01 9.345663e+01 -2.000000e+02
    endloop
  endfacet
  facet normal 0.000000e+00 0.000000e+00 -1.000000e+00
    outer loop
      vertex   2.069772e+01 9.345663e+01 -2.000000e+02
      vertex   2.080846e+01 7.727529e+01 -2.000000e+02
      vertex   2.069772e+01 7.643413e+01 -2.000000e+02
    endloop
  endfacet
  facet normal -0.000000e+00 -0.000000e+00 -1.000000e+00
    outer loop
      vertex   2.069772e+01 9.345663e+01 -2.000000e+02
      vertex   2.069772e+01 7.643413e+01 -2.000000e+02
      vertex   9.733707e+00 9.345663e+01 -2.000000e+02
    endloop
  endfacet
  facet normal 0.000000e+00 0.000000e+00 -1.000000e+00
    outer loop
      vertex   9.733707e+00 9.345663e+01 -2.000000e+02
      vertex   2.069772e+01 7.643413e+01 -2.000000e+02
      vertex   9.733707e+00 7.643413e+01 -2.000000e+02
    endloop
  endfacet
  facet normal 0.000000e+00 -0.000000e+00 -1.000000e+00
    outer loop
      vertex   9.733707e+00 9.345663e+01 -2.000000e+02
      vertex   9.733707e+00 7.643413e+01 -2.000000e+02
      vertex   9.622966e+00 9.261546e+01 -2.000000e+02
    endloop
  endfacet
  facet normal 0.000000e+00 0.000000e+00 -1.000000e+00
    outer loop
      vertex   9.622966e+00 9.261546e+01 -2.000000e+02
      vertex   9.733707e+00 7.643413e+01 -2.000000e+02
      vertex   9.622966e+00 7.727529e+01 -2.000000e+02
    endloop
  endfacet
  facet normal 0.000000e+00 -0.000000e+00 -1.000000e+00
    outer loop
      vertex   9.622966e+00 9.261546e+01 -2.000000e+02
      vertex   9.622966e+00 7.727529e+01 -2.000000e+02
      vertex   9.298290e+00 9.183163e+01 -2.000000e+02
    endloop
  endfacet
  facet normal 0.000000e+00 0.000000e+00 -1.000000e+00
    outer loop
      vertex   9.298290e+00 9.183163e+01 -2.000000e+02
      vertex   9.622966e+00 7.727529e+01 -2.000000e+02
      vertex   9.298290e+00 7.805913e+01 -2.000000e+02
    endloop
  endfacet
  facet normal 0.000000e+00 -0.000000e+00 -1.000000e+00
    outer loop
      vertex   9.298290e+00 9.183163e+01 -2.000000e+02
      vertex   9.298290e+00 7.805913e+01 -2.000000e+02
      vertex   8.781804e+00 9.115853e+01 -2.000000e+02
    endloop
  endfacet
  facet normal 0.000000e+00 0.000000e+00 -1.000000e+00
    outer loop
      vertex   8.781804e+00 9.115853e+01 -2.000000e+02
      vertex   9.298290e+00 7.805913e+01 -2.000000e+02
      vertex   8.781804e+00 7.873222e+01 -2.000000e+02
    endloop
  endfacet
  facet normal 0.000000e+00 -0.000000e+00 -1.000000e+00
    outer loop
      vertex   8.781804e+00 9.115853e+01 -2.000000e+02
      vertex   8.781804e+00 7.873222e+01 -2.000000e+02
      vertex   8.108707e+00 9.064204e+01 -2.000000e+02
    endloop
  endfacet
  facet normal 0.000000e+00 0.000000e+00 -1.000000e+00
    outer loop
      vertex   8.108707e+00 9.064204e+01 -2.000000e+02
      vertex   8.781804e+00 7.873222e+01 -2.000000e+02
      vertex   8.108707e+00 7.924871e+01 -2.000000e+02
    endloop
  endfacet
  facet normal 0.000000e+00 -0.000000e+00 -1.000000e+00
    outer loop
      vertex   8.108707e+00 9.064204e+01 -2.000000e+02
      vertex   8.108707e+00 7.924871e+01 -2.000000e+02
      vertex   7.324869e+00 9.031737e+01 -2.000000e+02
    endloop
  endfacet
  facet normal 0.000000e+00 0.000000e+00 -1.000000e+00
    outer loop
      vertex   7.324869e+00 9.031737e+01 -2.000000e+02
      vertex   8.108707e+00 7.924871e+01 -2.000000e+02
      vertex   7.324869e+00 7.957339e+01 -2.000000e+02
    endloop
  endfacet
  facet normal 0.000000e+00 -0.000000e+00 -1.000000e+00
    outer loop
      vertex   7.324869e+00 9.031737e+01 -2.000000e+02
      vertex   7.324869e+00 7.957339e+01 -2.000000e+02
      vertex   6.483707e+00 9.020663e+01 -2.000000e+02
    endloop
  endfacet
  facet normal 0.000000e+00 0.000000e+00 -1.000000e+00
    outer loop
      vertex   6.483707e+00 9.020663e+01 -2.000000e+02
      vertex   7.324869e+00 7.957339e+01 -2.000000e+02
      vertex   6.483707e+00 7.968413e+01 -2.000000e+02
    endloop
  endfacet
  facet normal -0.000000e+00 -0.000000e+00 -1.000000e+00
    outer loop
      vertex   6.483707e+00 9.020663e+01 -2.000000e+02
      vertex   6.483707e+00 7.968413e+01 -2.000000e+02
      vertex   5.642545e+00 9.031737e+01 -2.000000e+02
    endloop
  endfacet
  facet normal 0.000000e+00 0.000000e+00 -1.000000e+00
    outer loop
      vertex   5.642545e+00 9.031737e+01 -2.000000e+02
      vertex   6.483707e+00 7.968413e+01 -2.000000e+02
      vertex   5.642545e+00 7.957339e+01 -2.000000e+02
    endloop
  endfacet
  facet normal -0.000000e+00 -0.000000e+00 -1.000000e+00
    outer loop
      vertex   5.642545e+00 9.031737e+01 -2.000000e+02
      vertex   5.642545e+00 7.957339e+01 -2.000000e+02
      vertex   4.858707e+00 9.064204e+01 -2.000000e+02
    endloop
  endfacet
  facet normal 0.000000e+00 0.000000e+00 -1.000000e+00
    outer loop
      vertex   4.858707e+00 9.064204e+01 -2.000000e+02
      vertex   5.642545e+00 7.957339e+01 -2.000000e+02
      vertex   4.858707e+00 7.924871e+01 -2.000000e+02
    endloop
  endfacet
  facet normal -0.000000e+00 -0.000000e+00 -1.000000e+00
    outer loop
      vertex   4.858707e+00 9.064204e+01 -2.000000e+02
      vertex   4.858707e+00 7.924871e+01 -2.000000e+02
      vertex   4.185610e+00 9.115853e+01 -2.000000e+02
    endloop
  endfacet
  facet normal 0.000000e+00 0.000000e+00 -1.000000e+00
    outer loop
      vertex   4.185610e+00 9.115853e+01 -2.000000e+02
      vertex   4.858707e+00 7.924871e+01 -2.000000e+02
      vertex   4.185610e+00 7.873222e+01 -2.000000e+02
    endloop
  endfacet
  facet normal -0.000000e+00 -0.000000e+00 -1.000000e+00
    outer loop
      vertex   4.185610e+00 9.115853e+01 -2.000000e+02
      vertex   4.185610e+00 7.873222e+01 -2.000000e+02
      vertex   3.669125e+00 9.183163e+01 -2.000000e+02
    endloop
  endfacet
  facet normal 0.000000e+00 0.000000e+00 -1.000000e+00
    outer loop
      vertex   3.669125e+00 9.183163e+01 -2.000000e+02
      vertex   4.185610e+00 7.873222e+01 -2.000000e+02
      vertex   3.669125e+00 7.805913e+01 -2.000000e+02
    endloop
  endfacet
  facet normal -0.000000e+00 -0.000000e+00 -1.000000e+00
    outer loop
      vertex   3.669125e+00 9.183163e+01 -2.000000e+02
      vertex   3.669125e+00 7.805913e+01 -2.000000e+02
      vertex   3.344448e+00 9.261546e+01 -2.000000e+02
    endloop
  endfacet
  facet normal 0.000000e+00 0.000000e+00 -1.000000e+00
    outer loop
      vertex   3.344448e+00 9.261546e+01 -2.000000e+02
      vertex   3.669125e+00 7.805913e+01 -2.000000e+02
      vertex   3.344448e+00 7.727529e+01 -2.000000e+02
    endloop
  endfacet
  facet normal -0.000000e+00 -0.000000e+00 -1.000000e+00
    outer loop
      vertex   3.344448e+00 9.261546e+01 -2.000000e+02
      vertex   3.344448e+00 7.727529e+01 -2.000000e+02
      vertex   3.233707e+00 9.345663e+01 -2.000000e+02
    endloop
  endfacet
  facet normal 0.000000e+00 0.000000e+00 -1.000000e+00
    outer loop
      vertex   3.233707e+00 9.345663e+01 -2.000000e+02
      vertex   3.344448e+00 7.727529e+01 -2.000000e+02
      vertex   3.233707e+00 7.643413e+01 -2.000000e+02
    endloop
  endfacet
  facet normal -0.000000e+00 -0.000000e+00 -1.000000e+00
    outer loop
      vertex   3.233707e+00 9.345663e+01 -2.000000e+02
      vertex   3.233707e+00 7.643413e+01 -2.000000e+02
      vertex   1.000000e+00 1.500000e+02 -2.000000e+02
    endloop
  endfacet
  facet normal 0.000000e+00 0.000000e+00 -1.000000e+00
    outer loop
      vertex   1.000000e+00 1.500000e+02 -2.000000e+02
      vertex   3.233707e+00 7.643413e+01 -2.000000e+02
      vertex   1.000000e+00 -2.000000e+00 -2.000000e+02
    endloop
  endfacet
  facet normal 0.000000e+00 0.000000e+00 -1.000000e+00
    outer loop
      vertex   1.000000e+00 -2.000000e+00 -2.000000e+02
      vertex   3.233707e+00 7.643413e+01 -2.000000e+02
      vertex   3.233707e+00 5.941163e+01 -2.000000e+02
    endloop
  endfacet
  facet normal 0.000000e+00 0.000000e+00 -1.000000e+00
    outer loop
      vertex   1.000000e+00 -2.000000e+00 -2.000000e+02
      vertex   3.233707e+00 5.941163e+01 -2.000000e+02
      vertex   3.233707e+00 4.238913e+01 -2.000000e+02
    endloop
  endfacet
  facet normal 0.000000e+00 0.000000e+00 -1.000000e+00
    outer loop
      vertex   3.233707e+00 4.238913e+01 -2.000000e+02
      vertex   3.233707e+00 5.941163e+01 -2.000000e+02
      vertex   3.344448e+00 4.323029e+01 -2.000000e+02
    endloop
  endfacet
  facet normal 0.000000e+00 0.000000e+00 -1.000000e+00
    outer loop
      vertex   3.344448e+00 4.323029e+01 -2.000000e+02
      vertex   3.233707e+00 5.941163e+01 -2.000000e+02
      vertex   3.344448e+00 5.857046e+01 -2.000000e+02
    endloop
  endfacet
  facet normal 0.000000e+00 0.000000e+00 -1.000000e+00
    outer loop
      vertex   3.344448e+00 4.323029e+01 -2.000000e+02
      vertex   3.344448e+00 5.857046e+01 -2.000000e+02
      vertex   3.669125e+00 4.401413e+01 -2.000000e+02
    endloop
  endfacet
  facet normal 0.000000e+00 0.000000e+00 -1.000000e+00
    outer loop
      vertex   3.669125e+00 4.401413e+01 -2.000000e+02
      vertex   3.344448e+00 5.857046e+01 -2.000000e+02
      vertex   3.669125e+00 5.778663e+01 -2.000000e+02
    endloop
  endfacet
  facet normal 0.000000e+00 0.000000e+00 -1.000000e+00
    outer loop
      vertex   3.669125e+00 4.401413e+01 -2.000000e+02
      vertex   3.669125e+00 5.778663e+01 -2.000000e+02
      vertex   4.185610e+00 4.468722e+01 -2.000000e+02
    endloop
  endfacet
  facet normal 0.000000e+00 0.000000e+00 -1.000000e+00
    outer loop
      vertex   4.185610e+00 4.468722e+01 -2.000000e+02
      vertex   3.669125e+00 5.778663e+01 -2.000000e+02
      vertex   4.185610e+00 5.711353e+01 -2.000000e+02
    endloop
  endfacet
  facet normal 0.000000e+00 0.000000e+00 -1.000000e+00
    outer loop
      vertex   4.185610e+00 4.468722e+01 -2.000000e+02
      vertex   4.185610e+00 5.711353e+01 -2.000000e+02
      vertex   4.858707e+00 4.520371e+01 -2.000000e+02
    endloop
  endfacet
  facet normal 0.000000e+00 0.000000e+00 -1.000000e+00
    outer loop
      vertex   4.858707e+00 4.520371e+01 -2.000000e+02
      vertex   4.185610e+00 5.711353e+01 -2.000000e+02
      vertex   4.858707e+00 5.659704e+01 -2.000000e+02
    endloop
  endfacet
  facet normal 0.000000e+00 0.000000e+00 -1.000000e+00
    outer loop
      vertex   4.858707e+00 4.520371e+01 -2.000000e+02
      vertex   4.858707e+00 5.659704e+01 -2.000000e+02
      vertex   5.642545e+00 4.552839e+01 -2.000000e+02
    endloop
  endfacet
  facet normal 0.000000e+00 0.000000e+00 -1.000000e+00
    outer loop
      vertex   5.642545e+00 4.552839e+01 -2.000000e+02
      vertex   4.858707e+00 5.659704e+01 -2.000000e+02
      vertex   5.642545e+00 5.627237e+01 -2.000000e+02
    endloop
  endfacet
  facet normal 0.000000e+00 0.000000e+00 -1.000000e+00
    outer loop
      vertex   5.642545e+00 4.552839e+01 -2.000000e+02
      vertex   5.642545e+00 5.627237e+01 -2.000000e+02
      vertex   6.483707e+00 4.563913e+01 -2.000000e+02
    endloop
  endfacet
  facet normal 0.000000e+00 0.000000e+00 -1.000000e+00
    outer loop
      vertex   6.483707e+00 4.563913e+01 -2.000000e+02
      vertex   5.642545e+00 5.627237e+01 -2.000000e+02
      vertex   6.483707e+00 5.616163e+01 -2.000000e+02
    endloop
  endfacet
  facet normal 0.000000e+00 0.000000e+00 -1.000000e+00
    outer loop
      vertex   6.483707e+00 4.563913e+01 -2.000000e+02
      vertex   6.483707e+00 5.616163e+01 -2.000000e+02
      vertex   7.324869e+00 4.552839e+01 -2.000000e+02
    endloop
  endfacet
  facet normal 0.000000e+00 0.000000e+00 -1.000000e+00
    outer loop
      vertex   7.324869e+00 4.552839e+01 -2.000000e+02
      vertex   6.483707e+00 5.616163e+01 -2.000000e+02
      vertex   7.324869e+00 5.627237e+01 -2.000000e+02
    endloop
  endfacet
  facet normal 0.000000e+00 0.000000e+00 -1.000000e+00
    outer loop
      vertex   7.324869e+00 4.552839e+01 -2.000000e+02
      vertex   7.324869e+00 5.627237e+01 -2.000000e+02
      vertex   8.108707e+00 4.520371e+01 -2.000000e+02
    endloop
  endfacet
  facet normal 0.000000e+00 0.000000e+00 -1.000000e+00
    outer loop
      vertex   8.108707e+00 4.520371e+01 -2.000000e+02
      vertex   7.324869e+00 5.627237e+01 -2.000000e+02
      vertex   8.108707e+00 5.659704e+01 -2.000000e+02
    endloop
  endfacet
  facet normal 0.000000e+00 0.000000e+00 -1.000000e+00
    outer loop
      vertex   8.108707e+00 4.520371e+01 -2.000000e+02
      vertex   8.108707e+00 5.659704e+01 -2.000000e+02
      vertex   8.781804e+00 4.468722e+01 -2.000000e+02
    endloop
  endfacet
  facet normal 0.000000e+00 0.000000e+00 -1.000000e+00
    outer loop
      vertex   8.781804e+00 4.468722e+01 -2.000000e+02
      vertex   8.108707e+00 5.659704e+01 -2.000000e+02
      vertex   8.781804e+00 5.711353e+01 -2.000000e+02
    endloop
  endfacet
  facet normal 0.000000e+00 0.000000e+00 -1.000000e+00
    outer loop
      vertex   8.781804e+00 4.468722e+01 -2.000000e+02
      vertex   8.781804e+00 5.711353e+01 -2.000000e+02
      vertex   9.298290e+00 4.401413e+01 -2.000000e+02
    endloop
  endfacet
  facet normal 0.000000e+00 0.000000e+00 -1.000000e+00
    outer loop
      vertex   9.298290e+00 4.401413e+01 -2.000000e+02
      vertex   8.781804e+00 5.711353e+01 -2.000000e+02
      vertex   9.298290e+00 5.778663e+01 -2.000000e+02
    endloop
  endfacet
  facet normal 0.000000e+00 0.000000e+00 -1.000000e+00
    outer loop
      vertex   9.298290e+00 4.401413e+01 -2.000000e+02
      vertex   9.298290e+00 5.778663e+01 -2.000000e+02
      vertex   9.622966e+00 4.323029e+01 -2.000000e+02
    endloop
  endfacet
  facet normal 0.000000e+00 0.000000e+00 -1.000000e+00
    outer loop
      vertex   9.622966e+00 4.323029e+01 -2.000000e+02
      vertex   9.298290e+00 5.778663e+01 -2.000000e+02
      vertex   9.622966e+00 5.857046e+01 -2.000000e+02
    endloop
  endfacet
  facet normal 0.000000e+00 0.000000e+00 -1.000000e+00
    outer loop
      vertex   9.622966e+00 4.323029e+01 -2.000000e+02
      vertex   9.622966e+00 5.857046e+01 -2.000000e+02
      vertex   9.733707e+00 4.238913e+01 -2.000000e+02
    endloop
  endfacet
  facet normal 0.000000e+00 0.000000e+00 -1.000000e+00
    outer loop
      vertex   9.733707e+00 4.238913e+01 -2.000000e+02
      vertex   9.622966e+00 5.857046e+01 -2.000000e+02
      vertex   9.733707e+00 5.941163e+01 -2.000000e+02
    endloop
  endfacet
  facet normal 0.000000e+00 0.000000e+00 -1.000000e+00
    outer loop
      vertex   9.733707e+00 4.238913e+01 -2.000000e+02
      vertex   9.733707e+00 5.941163e+01 -2.000000e+02
      vertex   2.069772e+01 4.238913e+01 -2.000000e+02
    endloop
  endfacet
  facet normal 0.000000e+00 0.000000e+00 -1.000000e+00
    outer loop
      vertex   2.069772e+01 4.238913e+01 -2.000000e+02
      vertex   9.733707e+00 5.941163e+01 -2.000000e+02
      vertex   2.069772e+01 5.941163e+01 -2.000000e+02
    endloop
  endfacet
  facet normal 0.000000e+00 0.000000e+00 -1.000000e+00
    outer loop
      vertex   2.069772e+01 4.238913e+01 -2.000000e+02
      vertex   2.069772e+01 5.941163e+01 -2.000000e+02
      vertex   2.080846e+01 4.323029e+01 -2.000000e+02
    endloop
  endfacet
  facet normal 0.000000e+00 0.000000e+00 -1.000000e+00
    outer loop
      vertex   2.080846e+01 4.323029e+01 -2.000000e+02
      vertex   2.069772e+01 5.941163e+01 -2.000000e+02
      vertex   2.080846e+01 5.857046e+01 -2.000000e+02
    endloop
  endfacet
  facet normal 0.000000e+00 0.000000e+00 -1.000000e+00
    outer loop
      vertex   2.080846e+01 4.323029e+01 -2.000000e+02
      vertex   2.080846e+01 5.857046e+01 -2.000000e+02
      vertex   2.113314e+01 4.401413e+01 -2.000000e+02
    endloop
  endfacet
  facet normal 0.000000e+00 0.000000e+00 -1.000000e+00
    outer loop
      vertex   2.113314e+01 4.401413e+01 -2.000000e+02
      vertex   2.080846e+01 5.857046e+01 -2.000000e+02
      vertex   2.113314e+01 5.778663e+01 -2.000000e+02
    endloop
  endfacet
  facet normal 0.000000e+00 0.000000e+00 -1.000000e+00
    outer loop
      vertex   2.113314e+01 4.401413e+01 -2.000000e+02
      vertex   2.113314e+01 5.778663e+01 -2.000000e+02
      vertex   2.164962e+01 4.468722e+01 -2.000000e+02
    endloop
  endfacet
  facet normal 0.000000e+00 0.000000e+00 -1.000000e+00
    outer loop
      vertex   2.164962e+01 4.468722e+01 -2.000000e+02
      vertex   2.113314e+01 5.778663e+01 -2.000000e+02
      vertex   2.164962e+01 5.711353e+01 -2.000000e+02
    endloop
  endfacet
  facet normal 0.000000e+00 0.000000e+00 -1.000000e+00
    outer loop
      vertex   2.164962e+01 4.468722e+01 -2.000000e+02
      vertex   2.164962e+01 5.711353e+01 -2.000000e+02
      vertex   2.232272e+01 4.520371e+01 -2.000000e+02
    endloop
  endfacet
  facet normal 0.000000e+00 0.000000e+00 -1.000000e+00
    outer loop
      vertex   2.232272e+01 4.520371e+01 -2.000000e+02
      vertex   2.164962e+01 5.711353e+01 -2.000000e+02
      vertex   2.232272e+01 5.659704e+01 -2.000000e+02
    endloop
  endfacet
  facet normal 0.000000e+00 0.000000e+00 -1.000000e+00
    outer loop
      vertex   2.232272e+01 4.520371e+01 -2.000000e+02
      vertex   2.232272e+01 5.659704e+01 -2.000000e+02
      vertex   2.310656e+01 4.552839e+01 -2.000000e+02
    endloop
  endfacet
  facet normal 0.000000e+00 0.000000e+00 -1.000000e+00
    outer loop
      vertex   2.310656e+01 4.552839e+01 -2.000000e+02
      vertex   2.232272e+01 5.659704e+01 -2.000000e+02
      vertex   2.310656e+01 5.627237e+01 -2.000000e+02
    endloop
  endfacet
  facet normal 0.000000e+00 0.000000e+00 -1.000000e+00
    outer loop
      vertex   2.310656e+01 4.552839e+01 -2.000000e+02
      vertex   2.310656e+01 5.627237e+01 -2.000000e+02
      vertex   2.394772e+01 4.563913e+01 -2.000000e+02
    endloop
  endfacet
  facet normal 0.000000e+00 0.000000e+00 -1.000000e+00
    outer loop
      vertex   2.394772e+01 4.563913e+01 -2.000000e+02
      vertex   2.310656e+01 5.627237e+01 -2.000000e+02
      vertex   2.394772e+01 5.616163e+01 -2.000000e+02
    endloop
  endfacet
  facet normal 0.000000e+00 0.000000e+00 -1.000000e+00
    outer loop
      vertex   2.394772e+01 4.563913e+01 -2.000000e+02
      vertex   2.394772e+01 5.616163e+01 -2.000000e+02
      vertex   2.478888e+01 4.552839e+01 -2.000000e+02
    endloop
  endfacet
  facet normal 0.000000e+00 0.000000e+00 -1.000000e+00
    outer loop
      vertex   2.478888e+01 4.552839e+01 -2.000000e+02
      vertex   2.394772e+01 5.616163e+01 -2.000000e+02
      vertex   2.478888e+01 5.627237e+01 -2.000000e+02
    endloop
  endfacet
  facet normal 0.000000e+00 0.000000e+00 -1.000000e+00
    outer loop
      vertex   2.478888e+01 4.552839e+01 -2.000000e+02
      vertex   2.478888e+01 5.627237e+01 -2.000000e+02
      vertex   2.557272e+01 4.520371e+01 -2.000000e+02
    endloop
  endfacet
  facet normal 0.000000e+00 0.000000e+00 -1.000000e+00
    outer loop
      vertex   2.557272e+01 4.520371e+01 -2.000000e+02
      vertex   2.478888e+01 5.627237e+01 -2.000000e+02
      vertex   2.557272e+01 5.659704e+01 -2.000000e+02
    endloop
  endfacet
  facet normal 0.000000e+00 0.000000e+00 -1.000000e+00
    outer loop
      vertex   2.557272e+01 4.520371e+01 -2.000000e+02
      vertex   2.557272e+01 5.659704e+01 -2.000000e+02
      vertex   2.624582e+01 4.468722e+01 -2.000000e+02
    endloop
  endfacet
  facet normal 0.000000e+00 0.000000e+00 -1.000000e+00
    outer loop
      vertex   2.624582e+01 4.468722e+01 -2.000000e+02
      vertex   2.557272e+01 5.659704e+01 -2.000000e+02
      vertex   2.624582e+01 5.711353e+01 -2.000000e+02
    endloop
  endfacet
  facet normal 0.000000e+00 0.000000e+00 -1.000000e+00
    outer loop
      vertex   2.624582e+01 4.468722e+01 -2.000000e+02
      vertex   2.624582e+01 5.711353e+01 -2.000000e+02
      vertex   2.676230e+01 4.401413e+01 -2.000000e+02
    endloop
  endfacet
  facet normal 0.000000e+00 0.000000e+00 -1.000000e+00
    outer loop
      vertex   2.676230e+01 4.401413e+01 -2.000000e+02
      vertex   2.624582e+01 5.711353e+01 -2.000000e+02
      vertex   2.676230e+01 5.778663e+01 -2.000000e+02
    endloop
  endfacet
  facet normal 0.000000e+00 0.000000e+00 -1.000000e+00
    outer loop
      vertex   2.676230e+01 4.401413e+01 -2.000000e+02
      vertex   2.676230e+01 5.778663e+01 -2.000000e+02
      vertex   2.708698e+01 4.323029e+01 -2.000000e+02
    endloop
  endfacet
  facet normal 0.000000e+00 0.000000e+00 -1.000000e+00
    outer loop
      vertex   2.708698e+01 4.323029e+01 -2.000000e+02
      vertex   2.676230e+01 5.778663e+01 -2.000000e+02
      vertex   2.708698e+01 5.857046e+01 -2.000000e+02
    endloop
  endfacet
  facet normal 0.000000e+00 0.000000e+00 -1.000000e+00
    outer loop
      vertex   2.708698e+01 4.323029e+01 -2.000000e+02
      vertex   2.708698e+01 5.857046e+01 -2.000000e+02
      vertex   2.719772e+01 4.238913e+01 -2.000000e+02
    endloop
  endfacet
  facet normal 0.000000e+00 0.000000e+00 -1.000000e+00
    outer loop
      vertex   2.719772e+01 4.238913e+01 -2.000000e+02
      vertex   2.708698e+01 5.857046e+01 -2.000000e+02
      vertex   2.719772e+01 5.941163e+01 -2.000000e+02
    endloop
  endfacet
  facet normal 0.000000e+00 0.000000e+00 -1.000000e+00
    outer loop
      vertex   2.719772e+01 4.238913e+01 -2.000000e+02
      vertex   2.719772e+01 5.941163e+01 -2.000000e+02
      vertex   2.900000e+01 -2.000000e+00 -2.000000e+02
    endloop
  endfacet
  facet normal 0.000000e+00 0.000000e+00 -1.000000e+00
    outer loop
      vertex   2.900000e+01 -2.000000e+00 -2.000000e+02
      vertex   2.719772e+01 5.941163e+01 -2.000000e+02
      vertex   2.719772e+01 7.643413e+01 -2.000000e+02
    endloop
  endfacet
  facet normal 0.000000e+00 0.000000e+00 -1.000000e+00
    outer loop
      vertex   2.900000e+01 -2.000000e+00 -2.000000e+02
      vertex   2.719772e+01 7.643413e+01 -2.000000e+02
      vertex   2.900000e+01 1.500000e+02 -2.000000e+02
    endloop
  endfacet
  facet normal 0.000000e+00 0.000000e+00 -1.000000e+00
    outer loop
      vertex   2.900000e+01 1.500000e+02 -2.000000e+02
      vertex   2.719772e+01 7.643413e+01 -2.000000e+02
      vertex   2.719772e+01 9.345663e+01 -2.000000e+02
    endloop
  endfacet
  facet normal 0.000000e+00 0.000000e+00 -1.000000e+00
    outer loop
      vertex   2.080846e+01 7.727529e+01 -2.000000e+02
      vertex   2.080846e+01 9.261546e+01 -2.000000e+02
      vertex   2.113314e+01 7.805913e+01 -2.000000e+02
    endloop
  endfacet
  facet normal 0.000000e+00 0.000000e+00 -1.000000e+00
    outer loop
      vertex   2.113314e+01 7.805913e+01 -2.000000e+02
      vertex   2.080846e+01 9.261546e+01 -2.000000e+02
      vertex   2.113314e+01 9.183163e+01 -2.000000e+02
    endloop
  endfacet
  facet normal 0.000000e+00 0.000000e+00 -1.000000e+00
    outer loop
      vertex   2.113314e+01 7.805913e+01 -2.000000e+02
      vertex   2.113314e+01 9.183163e+01 -2.000000e+02
      vertex   2.164962e+01 7.873222e+01 -2.000000e+02
    endloop
  endfacet
  facet normal 0.000000e+00 0.000000e+00 -1.000000e+00
    outer loop
      vertex   2.164962e+01 7.873222e+01 -2.000000e+02
      vertex   2.113314e+01 9.183163e+01 -2.000000e+02
      vertex   2.164962e+01 9.115853e+01 -2.000000e+02
    endloop
  endfacet
  facet normal 0.000000e+00 0.000000e+00 -1.000000e+00
    outer loop
      vertex   2.164962e+01 7.873222e+01 -2.000000e+02
      vertex   2.164962e+01 9.115853e+01 -2.000000e+02
      vertex   2.232272e+01 7.924871e+01 -2.000000e+02
    endloop
  endfacet
  facet normal 0.000000e+00 0.000000e+00 -1.000000e+00
    outer loop
      vertex   2.232272e+01 7.924871e+01 -2.000000e+02
      vertex   2.164962e+01 9.115853e+01 -2.000000e+02
      vertex   2.232272e+01 9.064204e+01 -2.000000e+02
    endloop
  endfacet
  facet normal 0.000000e+00 0.000000e+00 -1.000000e+00
    outer loop
      vertex   2.232272e+01 7.924871e+01 -2.000000e+02
      vertex   2.232272e+01 9.064204e+01 -2.000000e+02
      vertex   2.310656e+01 7.957339e+01 -2.000000e+02
    endloop
  endfacet
  facet normal 0.000000e+00 0.000000e+00 -1.000000e+00
    outer loop
      vertex   2.310656e+01 7.957339e+01 -2.000000e+02
      vertex   2.232272e+01 9.064204e+01 -2.000000e+02
      vertex   2.310656e+01 9.031737e+01 -2.000000e+02
    endloop
  endfacet
  facet normal 0.000000e+00 0.000000e+00 -1.000000e+00
    outer loop
      vertex   2.310656e+01 7.957339e+01 -2.000000e+02
      vertex   2.310656e+01 9.031737e+01 -2.000000e+02
      vertex   2.394772e+01 7.968413e+01 -2.000000e+02
    endloop
  endfacet
  facet normal 0.000000e+00 0.000000e+00 -1.000000e+00
    outer loop
      vertex   2.394772e+01 7.968413e+01 -2.000000e+02
      vertex   2.310656e+01 9.031737e+01 -2.000000e+02
      vertex   2.394772e+01 9.020663e+01 -2.000000e+02
    endloop
  endfacet
  facet normal 0.000000e+00 0.000000e+00 -1.000000e+00
    outer loop
      vertex   2.394772e+01 7.968413e+01 -2.000000e+02
      vertex   2.394772e+01 9.020663e+01 -2.000000e+02
      vertex   2.478888e+01 7.957339e+01 -2.000000e+02
    endloop
  endfacet
  facet normal 0.000000e+00 0.000000e+00 -1.000000e+00
    outer loop
      vertex   2.478888e+01 7.957339e+01 -2.000000e+02
      vertex   2.394772e+01 9.020663e+01 -2.000000e+02
      vertex   2.478888e+01 9.031737e+01 -2.000000e+02
    endloop
  endfacet
  facet normal 0.000000e+00 0.000000e+00 -1.000000e+00
    outer loop
      vertex   2.478888e+01 7.957339e+01 -2.000000e+02
      vertex   2.478888e+01 9.031737e+01 -2.000000e+02
      vertex   2.557272e+01 7.924871e+01 -2.000000e+02
    endloop
  endfacet
  facet normal 0.000000e+00 0.000000e+00 -1.000000e+00
    outer loop
      vertex   2.557272e+01 7.924871e+01 -2.000000e+02
      vertex   2.478888e+01 9.031737e+01 -2.000000e+02
      vertex   2.557272e+01 9.064204e+01 -2.000000e+02
    endloop
  endfacet
  facet normal 0.000000e+00 0.000000e+00 -1.000000e+00
    outer loop
      vertex   2.557272e+01 7.924871e+01 -2.000000e+02
      vertex   2.557272e+01 9.064204e+01 -2.000000e+02
      vertex   2.624582e+01 7.873222e+01 -2.000000e+02
    endloop
  endfacet
  facet normal 0.000000e+00 0.000000e+00 -1.000000e+00
    outer loop
      vertex   2.624582e+01 7.873222e+01 -2.000000e+02
      vertex   2.557272e+01 9.064204e+01 -2.000000e+02
      vertex   2.624582e+01 9.115853e+01 -2.000000e+02
    endloop
  endfacet
  facet normal 0.000000e+00 0.000000e+00 -1.000000e+00
    outer loop
      vertex   2.624582e+01 7.873222e+01 -2.000000e+02
      vertex   2.624582e+01 9.115853e+01 -2.000000e+02
      vertex   2.676230e+01 7.805913e+01 -2.000000e+02
    endloop
  endfacet
  facet normal 0.000000e+00 0.000000e+00 -1.000000e+00
    outer loop
      vertex   2.676230e+01 7.805913e+01 -2.000000e+02
      vertex   2.624582e+01 9.115853e+01 -2.000000e+02
      vertex   2.676230e+01 9.183163e+01 -2.000000e+02
    endloop
  endfacet
  facet normal 0.000000e+00 0.000000e+00 -1.000000e+00
    outer loop
      vertex   2.676230e+01 7.805913e+01 -2.000000e+02
      vertex   2.676230e+01 9.183163e+01 -2.000000e+02
      vertex   2.708698e+01 7.727529e+01 -2.000000e+02
    endloop
  endfacet
  facet normal 0.000000e+00 0.000000e+00 -1.000000e+00
    outer loop
      vertex   2.708698e+01 7.727529e+01 -2.000000e+02
      vertex   2.676230e+01 9.183163e+01 -2.000000e+02
      vertex   2.708698e+01 9.261546e+01 -2.000000e+02
    endloop
  endfacet
  facet normal 0.000000e+00 0.000000e+00 -1.000000e+00
    outer loop
      vertex   2.708698e+01 7.727529e+01 -2.000000e+02
      vertex   2.708698e+01 9.261546e+01 -2.000000e+02
      vertex   2.719772e+01 7.643413e+01 -2.000000e+02
    endloop
  endfacet
  facet normal 0.000000e+00 0.000000e+00 -1.000000e+00
    outer loop
      vertex   2.719772e+01 7.643413e+01 -2.000000e+02
      vertex   2.708698e+01 9.261546e+01 -2.000000e+02
      vertex   2.719772e+01 9.345663e+01 -2.000000e+02
    endloop
  endfacet
  facet normal -0.000000e+00 -0.000000e+00 -1.000000e+00
    outer loop
      vertex   2.080846e+01 7.559296e+01 -2.000000e+02
      vertex   2.080846e+01 6.025279e+01 -2.000000e+02
      vertex   2.069772e+01 7.643413e+01 -2.000000e+02
    endloop
  endfacet
  facet normal 0.000000e+00 0.000000e+00 -1.000000e+00
    outer loop
      vertex   2.069772e+01 7.643413e+01 -2.000000e+02
      vertex   2.080846e+01 6.025279e+01 -2.000000e+02
      vertex   2.069772e+01 5.941163e+01 -2.000000e+02
    endloop
  endfacet
  facet normal -0.000000e+00 -0.000000e+00 -1.000000e+00
    outer loop
      vertex   2.069772e+01 7.643413e+01 -2.000000e+02
      vertex   2.069772e+01 5.941163e+01 -2.000000e+02
      vertex   9.733707e+00 7.643413e+01 -2.000000e+02
    endloop
  endfacet
  facet normal 0.000000e+00 0.000000e+00 -1.000000e+00
    outer loop
      vertex   9.733707e+00 7.643413e+01 -2.000000e+02
      vertex   2.069772e+01 5.941163e+01 -2.000000e+02
      vertex   9.733707e+00 5.941163e+01 -2.000000e+02
    endloop
  endfacet
  facet normal 0.000000e+00 -0.000000e+00 -1.000000e+00
    outer loop
      vertex   9.733707e+00 7.643413e+01 -2.000000e+02
      vertex   9.733707e+00 5.941163e+01 -2.000000e+02
      vertex   9.622966e+00 7.559296e+01 -2.000000e+02
    endloop
  endfacet
  facet normal 0.000000e+00 0.000000e+00 -1.000000e+00
    outer loop
      vertex   9.622966e+00 7.559296e+01 -2.000000e+02
      vertex   9.733707e+00 5.941163e+01 -2.000000e+02
      vertex   9.622966e+00 6.025279e+01 -2.000000e+02
    endloop
  endfacet
  facet normal 0.000000e+00 -0.000000e+00 -1.000000e+00
    outer loop
      vertex   9.622966e+00 7.559296e+01 -2.000000e+02
      vertex   9.622966e+00 6.025279e+01 -2.000000e+02
      vertex   9.298290e+00 7.480913e+01 -2.000000e+02
    endloop
  endfacet
  facet normal 0.000000e+00 0.000000e+00 -1.000000e+00
    outer loop
      vertex   9.298290e+00 7.480913e+01 -2.000000e+02
      vertex   9.622966e+00 6.025279e+01 -2.000000e+02
      vertex   9.298290e+00 6.103663e+01 -2.000000e+02
    endloop
  endfacet
  facet normal 0.000000e+00 -0.000000e+00 -1.000000e+00
    outer loop
      vertex   9.298290e+00 7.480913e+01 -2.000000e+02
      vertex   9.298290e+00 6.103663e+01 -2.000000e+02
      vertex   8.781804e+00 7.413603e+01 -2.000000e+02
    endloop
  endfacet
  facet normal 0.000000e+00 0.000000e+00 -1.000000e+00
    outer loop
      vertex   8.781804e+00 7.413603e+01 -2.000000e+02
      vertex   9.298290e+00 6.103663e+01 -2.000000e+02
      vertex   8.781804e+00 6.170972e+01 -2.000000e+02
    endloop
  endfacet
  facet normal 0.000000e+00 -0.000000e+00 -1.000000e+00
    outer loop
      vertex   8.781804e+00 7.413603e+01 -2.000000e+02
      vertex   8.781804e+00 6.170972e+01 -2.000000e+02
      vertex   8.108707e+00 7.361954e+01 -2.000000e+02
    endloop
  endfacet
  facet normal 0.000000e+00 0.000000e+00 -1.000000e+00
    outer loop
      vertex   8.108707e+00 7.361954e+01 -2.000000e+02
      vertex   8.781804e+00 6.170972e+01 -2.000000e+02
      vertex   8.108707e+00 6.222621e+01 -2.000000e+02
    endloop
  endfacet
  facet normal 0.000000e+00 -0.000000e+00 -1.000000e+00
    outer loop
      vertex   8.108707e+00 7.361954e+01 -2.000000e+02
      vertex   8.108707e+00 6.222621e+01 -2.000000e+02
      vertex   7.324869e+00 7.329487e+01 -2.000000e+02
    endloop
  endfacet
  facet normal 0.000000e+00 0.000000e+00 -1.000000e+00
    outer loop
      vertex   7.324869e+00 7.329487e+01 -2.000000e+02
      vertex   8.108707e+00 6.222621e+01 -2.000000e+02
      vertex   7.324869e+00 6.255089e+01 -2.000000e+02
    endloop
  endfacet
  facet normal 0.000000e+00 -0.000000e+00 -1.000000e+00
    outer loop
      vertex   7.324869e+00 7.329487e+01 -2.000000e+02
      vertex   7.324869e+00 6.255089e+01 -2.000000e+02
      vertex   6.483707e+00 7.318413e+01 -2.000000e+02
    endloop
  endfacet
  facet normal 0.000000e+00 0.000000e+00 -1.000000e+00
    outer loop
      vertex   6.483707e+00 7.318413e+01 -2.000000e+02
      vertex   7.324869e+00 6.255089e+01 -2.000000e+02
      vertex   6.483707e+00 6.266163e+01 -2.000000e+02
    endloop
  endfacet
  facet normal -0.000000e+00 -0.000000e+00 -1.000000e+00
    outer loop
      vertex   6.483707e+00 7.318413e+01 -2.000000e+02
      vertex   6.483707e+00 6.266163e+01 -2.000000e+02
      vertex   5.642545e+00 7.329487e+01 -2.000000e+02
    endloop
  endfacet
  facet normal 0.000000e+00 0.000000e+00 -1.000000e+00
    outer loop
      vertex   5.642545e+00 7.329487e+01 -2.000000e+02
      vertex   6.483707e+00 6.266163e+01 -2.000000e+02
      vertex   5.642545e+00 6.255089e+01 -2.000000e+02
    endloop
  endfacet
  facet normal -0.000000e+00 -0.000000e+00 -1.000000e+00
    outer loop
      vertex   5.642545e+00 7.329487e+01 -2.000000e+02
      vertex   5.642545e+00 6.255089e+01 -2.000000e+02
      vertex   4.858707e+00 7.361954e+01 -2.000000e+02
    endloop
  endfacet
  facet normal 0.000000e+00 0.000000e+00 -1.000000e+00
    outer loop
      vertex   4.858707e+00 7.361954e+01 -2.000000e+02
      vertex   5.642545e+00 6.255089e+01 -2.000000e+02
      vertex   4.858707e+00 6.222621e+01 -2.000000e+02
    endloop
  endfacet
  facet normal -0.000000e+00 -0.000000e+00 -1.000000e+00
    outer loop
      vertex   4.858707e+00 7.361954e+01 -2.000000e+02
      vertex   4.858707e+00 6.222621e+01 -2.000000e+02
      vertex   4.185610e+00 7.413603e+01 -2.000000e+02
    endloop
  endfacet
  facet normal 0.000000e+00 0.000000e+00 -1.000000e+00
    outer loop
      vertex   4.185610e+00 7.413603e+01 -2.000000e+02
      vertex   4.858707e+00 6.222621e+01 -2.000000e+02
      vertex   4.185610e+00 6.170972e+01 -2.000000e+02
    endloop
  endfacet
  facet normal -0.000000e+00 -0.000000e+00 -1.000000e+00
    outer loop
      vertex   4.185610e+00 7.413603e+01 -2.000000e+02
      vertex   4.185610e+00 6.170972e+01 -2.000000e+02
      vertex   3.669125e+00 7.480913e+01 -2.000000e+02
    endloop
  endfacet
  facet normal 0.000000e+00 0.000000e+00 -1.000000e+00
    outer loop
      vertex   3.669125e+00 7.480913e+01 -2.000000e+02
      vertex   4.185610e+00 6.170972e+01 -2.000000e+02
      vertex   3.669125e+00 6.103663e+01 -2.000000e+02
    endloop
  endfacet
  facet normal -0.000000e+00 -0.000000e+00 -1.000000e+00
    outer loop
      vertex   3.669125e+00 7.480913e+01 -2.000000e+02
      vertex   3.669125e+00 6.103663e+01 -2.000000e+02
      vertex   3.344448e+00 7.559296e+01 -2.000000e+02
    endloop
  endfacet
  facet normal 0.000000e+00 0.000000e+00 -1.000000e+00
    outer loop
      vertex   3.344448e+00 7.559296e+01 -2.000000e+02
      vertex   3.669125e+00 6.103663e+01 -2.000000e+02
      vertex   3.344448e+00 6.025279e+01 -2.000000e+02
    endloop
  endfacet
  facet normal -0.000000e+00 -0.000000e+00 -1.000000e+00
    outer loop
      vertex   3.344448e+00 7.559296e+01 -2.000000e+02
      vertex   3.344448e+00 6.025279e+01 -2.000000e+02
      vertex   3.233707e+00 7.643413e+01 -2.000000e+02
    endloop
  endfacet
  facet normal 0.000000e+00 0.000000e+00 -1.000000e+00
    outer loop
      vertex   3.233707e+00 7.643413e+01 -2.000000e+02
      vertex   3.344448e+00 6.025279e+01 -2.000000e+02
      vertex   3.233707e+00 5.941163e+01 -2.000000e+02
    endloop
  endfacet
  facet normal 0.000000e+00 0.000000e+00 -1.000000e+00
    outer loop
      vertex   2.080846e+01 6.025279e+01 -2.000000e+02
      vertex   2.080846e+01 7.559296e+01 -2.000000e+02
      vertex   2.113314e+01 6.103663e+01 -2.000000e+02
    endloop
  endfacet
  facet normal 0.000000e+00 0.000000e+00 -1.000000e+00
    outer loop
      vertex   2.113314e+01 6.103663e+01 -2.000000e+02
      vertex   2.080846e+01 7.559296e+01 -2.000000e+02
      vertex   2.113314e+01 7.480913e+01 -2.000000e+02
    endloop
  endfacet
  facet normal 0.000000e+00 0.000000e+00 -1.000000e+00
    outer loop
      vertex   2.113314e+01 6.103663e+01 -2.000000e+02
      vertex   2.113314e+01 7.480913e+01 -2.000000e+02
      vertex   2.164962e+01 6.170972e+01 -2.000000e+02
    endloop
  endfacet
  facet normal 0.000000e+00 0.000000e+00 -1.000000e+00
    outer loop
      vertex   2.164962e+01 6.170972e+01 -2.000000e+02
      vertex   2.113314e+01 7.480913e+01 -2.000000e+02
      vertex   2.164962e+01 7.413603e+01 -2.000000e+02
    endloop
  endfacet
  facet normal 0.000000e+00 0.000000e+00 -1.000000e+00
    outer loop
      vertex   2.164962e+01 6.170972e+01 -2.000000e+02
      vertex   2.164962e+01 7.413603e+01 -2.000000e+02
      vertex   2.232272e+01 6.222621e+01 -2.000000e+02
    endloop
  endfacet
  facet normal 0.000000e+00 0.000000e+00 -1.000000e+00
    outer loop
      vertex   2.232272e+01 6.222621e+01 -2.000000e+02
      vertex   2.164962e+01 7.413603e+01 -2.000000e+02
      vertex   2.232272e+01 7.361954e+01 -2.000000e+02
    endloop
  endfacet
  facet normal 0.000000e+00 0.000000e+00 -1.000000e+00
    outer loop
      vertex   2.232272e+01 6.222621e+01 -2.000000e+02
      vertex   2.232272e+01 7.361954e+01 -2.000000e+02
      vertex   2.310656e+01 6.255089e+01 -2.000000e+02
    endloop
  endfacet
  facet normal 0.000000e+00 0.000000e+00 -1.000000e+00
    outer loop
      vertex   2.310656e+01 6.255089e+01 -2.000000e+02
      vertex   2.232272e+01 7.361954e+01 -2.000000e+02
      vertex   2.310656e+01 7.329487e+01 -2.000000e+02
    endloop
  endfacet
  facet normal 0.000000e+00 0.000000e+00 -1.000000e+00
    outer loop
      vertex   2.310656e+01 6.255089e+01 -2.000000e+02
      vertex   2.310656e+01 7.329487e+01 -2.000000e+02
      vertex   2.394772e+01 6.266163e+01 -2.000000e+02
    endloop
  endfacet
  facet normal 0.000000e+00 0.000000e+00 -1.000000e+00
    outer loop
      vertex   2.394772e+01 6.266163e+01 -2.000000e+02
      vertex   2.310656e+01 7.329487e+01 -2.000000e+02
      vertex   2.394772e+01 7.318413e+01 -2.000000e+02
    endloop
  endfacet
  facet normal 0.000000e+00 0.000000e+00 -1.000000e+00
    outer loop
      vertex   2.394772e+01 6.266163e+01 -2.000000e+02
      vertex   2.394772e+01 7.318413e+01 -2.000000e+02
      vertex   2.478888e+01 6.255089e+01 -2.000000e+02
    endloop
  endfacet
  facet normal 0.000000e+00 0.000000e+00 -1.000000e+00
    outer loop
      vertex   2.478888e+01 6.255089e+01 -2.000000e+02
      vertex   2.394772e+01 7.318413e+01 -2.000000e+02
      vertex   2.478888e+01 7.329487e+01 -2.000000e+02
    endloop
  endfacet
  facet normal 0.000000e+00 0.000000e+00 -1.000000e+00
    outer loop
      vertex   2.478888e+01 6.255089e+01 -2.000000e+02
      vertex   2.478888e+01 7.329487e+01 -2.000000e+02
      vertex   2.557272e+01 6.222621e+01 -2.000000e+02
    endloop
  endfacet
  facet normal 0.000000e+00 0.000000e+00 -1.000000e+00
    outer loop
      vertex   2.557272e+01 6.222621e+01 -2.000000e+02
      vertex   2.478888e+01 7.329487e+01 -2.000000e+02
      vertex   2.557272e+01 7.361954e+01 -2.000000e+02
    endloop
  endfacet
  facet normal 0.000000e+00 0.000000e+00 -1.000000e+00
    outer loop
      vertex   2.557272e+01 6.222621e+01 -2.000000e+02
      vertex   2.557272e+01 7.361954e+01 -2.000000e+02
      vertex   2.624582e+01 6.170972e+01 -2.000000e+02
    endloop
  endfacet
  facet normal 0.000000e+00 0.000000e+00 -1.000000e+00
    outer loop
      vertex   2.624582e+01 6.170972e+01 -2.000000e+02
      vertex   2.557272e+01 7.361954e+01 -2.000000e+02
      vertex   2.624582e+01 7.413603e+01 -2.000000e+02
    endloop
  endfacet
  facet normal 0.000000e+00 0.000000e+00 -1.000000e+00
    outer loop
      vertex   2.624582e+01 6.170972e+01 -2.000000e+02
      vertex   2.624582e+01 7.413603e+01 -2.000000e+02
      vertex   2.676230e+01 6.103663e+01 -2.000000e+02
    endloop
  endfacet
  facet normal 0.000000e+00 0.000000e+00 -1.000000e+00
    outer loop
      vertex   2.676230e+01 6.103663e+01 -2.000000e+02
      vertex   2.624582e+01 7.413603e+01 -2.000000e+02
      vertex   2.676230e+01 7.480913e+01 -2.000000e+02
    endloop
  endfacet
  facet normal 0.000000e+00 0.000000e+00 -1.000000e+00
    outer loop
      vertex   2.676230e+01 6.103663e+01 -2.000000e+02
      vertex   2.676230e+01 7.480913e+01 -2.000000e+02
      vertex   2.708698e+01 6.025279e+01 -2.000000e+02
    endloop
  endfacet
  facet normal 0.000000e+00 0.000000e+00 -1.000000e+00
    outer loop
      vertex   2.708698e+01 6.025279e+01 -2.000000e+02
      vertex   2.676230e+01 7.480913e+01 -2.000000e+02
      vertex   2.708698e+01 7.559296e+01 -2.000000e+02
    endloop
  endfacet
  facet normal 0.000000e+00 0.000000e+00 -1.000000e+00
    outer loop
      vertex   2.708698e+01 6.025279e+01 -2.000000e+02
      vertex   2.708698e+01 7.559296e+01 -2.000000e+02
      vertex   2.719772e+01 5.941163e+01 -2.000000e+02
    endloop
  endfacet
  facet normal 0.000000e+00 0.000000e+00 -1.000000e+00
    outer loop
      vertex   2.719772e+01 5.941163e+01 -2.000000e+02
      vertex   2.708698e+01 7.559296e+01 -2.000000e+02
      vertex   2.719772e+01 7.643413e+01 -2.000000e+02
    endloop
  endfacet
  facet normal -0.000000e+00 -0.000000e+00 -1.000000e+00
    outer loop
      vertex   2.080846e+01 4.154796e+01 -2.000000e+02
      vertex   2.080846e+01 2.620779e+01 -2.000000e+02
      vertex   2.069772e+01 4.238913e+01 -2.000000e+02
    endloop
  endfacet
  facet normal 0.000000e+00 0.000000e+00 -1.000000e+00
    outer loop
      vertex   2.069772e+01 4.238913e+01 -2.000000e+02
      vertex   2.080846e+01 2.620779e+01 -2.000000e+02
      vertex   2.069772e+01 2.536663e+01 -2.000000e+02
    endloop
  endfacet
  facet normal -0.000000e+00 -0.000000e+00 -1.000000e+00
    outer loop
      vertex   2.069772e+01 4.238913e+01 -2.000000e+02
      vertex   2.069772e+01 2.536663e+01 -2.000000e+02
      vertex   9.733707e+00 4.238913e+01 -2.000000e+02
    endloop
  endfacet
  facet normal 0.000000e+00 0.000000e+00 -1.000000e+00
    outer loop
      vertex   9.733707e+00 4.238913e+01 -2.000000e+02
      vertex   2.069772e+01 2.536663e+01 -2.000000e+02
      vertex   9.733707e+00 2.536663e+01 -2.000000e+02
    endloop
  endfacet
  facet normal 0.000000e+00 -0.000000e+00 -1.000000e+00
    outer loop
      vertex   9.733707e+00 4.238913e+01 -2.000000e+02
      vertex   9.733707e+00 2.536663e+01 -2.000000e+02
      vertex   9.622966e+00 4.154796e+01 -2.000000e+02
    endloop
  endfacet
  facet normal 0.000000e+00 0.000000e+00 -1.000000e+00
    outer loop
      vertex   9.622966e+00 4.154796e+01 -2.000000e+02
      vertex   9.733707e+00 2.536663e+01 -2.000000e+02
      vertex   9.622966e+00 2.620779e+01 -2.000000e+02
    endloop
  endfacet
  facet normal 0.000000e+00 -0.000000e+00 -1.000000e+00
    outer loop
      vertex   9.622966e+00 4.154796e+01 -2.000000e+02
      vertex   9.622966e+00 2.620779e+01 -2.000000e+02
      vertex   9.298290e+00 4.076413e+01 -2.000000e+02
    endloop
  endfacet
  facet normal 0.000000e+00 0.000000e+00 -1.000000e+00
    outer loop
      vertex   9.298290e+00 4.076413e+01 -2.000000e+02
      vertex   9.622966e+00 2.620779e+01 -2.000000e+02
      vertex   9.298290e+00 2.699163e+01 -2.000000e+02
    endloop
  endfacet
  facet normal 0.000000e+00 -0.000000e+00 -1.000000e+00
    outer loop
      vertex   9.298290e+00 4.076413e+01 -2.000000e+02
      vertex   9.298290e+00 2.699163e+01 -2.000000e+02
      vertex   8.781804e+00 4.009103e+01 -2.000000e+02
    endloop
  endfacet
  facet normal 0.000000e+00 0.000000e+00 -1.000000e+00
    outer loop
      vertex   8.781804e+00 4.009103e+01 -2.000000e+02
      vertex   9.298290e+00 2.699163e+01 -2.000000e+02
      vertex   8.781804e+00 2.766472e+01 -2.000000e+02
    endloop
  endfacet
  facet normal 0.000000e+00 -0.000000e+00 -1.000000e+00
    outer loop
      vertex   8.781804e+00 4.009103e+01 -2.000000e+02
      vertex   8.781804e+00 2.766472e+01 -2.000000e+02
      vertex   8.108707e+00 3.957454e+01 -2.000000e+02
    endloop
  endfacet
  facet normal 0.000000e+00 0.000000e+00 -1.000000e+00
    outer loop
      vertex   8.108707e+00 3.957454e+01 -2.000000e+02
      vertex   8.781804e+00 2.766472e+01 -2.000000e+02
      vertex   8.108707e+00 2.818121e+01 -2.000000e+02
    endloop
  endfacet
  facet normal 0.000000e+00 -0.000000e+00 -1.000000e+00
    outer loop
      vertex   8.108707e+00 3.957454e+01 -2.000000e+02
      vertex   8.108707e+00 2.818121e+01 -2.000000e+02
      vertex   7.324869e+00 3.924987e+01 -2.000000e+02
    endloop
  endfacet
  facet normal 0.000000e+00 0.000000e+00 -1.000000e+00
    outer loop
      vertex   7.324869e+00 3.924987e+01 -2.000000e+02
      vertex   8.108707e+00 2.818121e+01 -2.000000e+02
      vertex   7.324869e+00 2.850589e+01 -2.000000e+02
    endloop
  endfacet
  facet normal 0.000000e+00 -0.000000e+00 -1.000000e+00
    outer loop
      vertex   7.324869e+00 3.924987e+01 -2.000000e+02
      vertex   7.324869e+00 2.850589e+01 -2.000000e+02
      vertex   6.483707e+00 3.913913e+01 -2.000000e+02
    endloop
  endfacet
  facet normal 0.000000e+00 0.000000e+00 -1.000000e+00
    outer loop
      vertex   6.483707e+00 3.913913e+01 -2.000000e+02
      vertex   7.324869e+00 2.850589e+01 -2.000000e+02
      vertex   6.483707e+00 2.861663e+01 -2.000000e+02
    endloop
  endfacet
  facet normal -0.000000e+00 -0.000000e+00 -1.000000e+00
    outer loop
      vertex   6.483707e+00 3.913913e+01 -2.000000e+02
      vertex   6.483707e+00 2.861663e+01 -2.000000e+02
      vertex   5.642545e+00 3.924987e+01 -2.000000e+02
    endloop
  endfacet
  facet normal 0.000000e+00 0.000000e+00 -1.000000e+00
    outer loop
      vertex   5.642545e+00 3.924987e+01 -2.000000e+02
      vertex   6.483707e+00 2.861663e+01 -2.000000e+02
      vertex   5.642545e+00 2.850589e+01 -2.000000e+02
    endloop
  endfacet
  facet normal -0.000000e+00 -0.000000e+00 -1.000000e+00
    outer loop
      vertex   5.642545e+00 3.924987e+01 -2.000000e+02
      vertex   5.642545e+00 2.850589e+01 -2.000000e+02
      vertex   4.858707e+00 3.957454e+01 -2.000000e+02
    endloop
  endfacet
  facet normal 0.000000e+00 0.000000e+00 -1.000000e+00
    outer loop
      vertex   4.858707e+00 3.957454e+01 -2.000000e+02
      vertex   5.642545e+00 2.850589e+01 -2.000000e+02
      vertex   4.858707e+00 2.818121e+01 -2.000000e+02
    endloop
  endfacet
  facet normal -0.000000e+00 -0.000000e+00 -1.000000e+00
    outer loop
      vertex   4.858707e+00 3.957454e+01 -2.000000e+02
      vertex   4.858707e+00 2.818121e+01 -2.000000e+02
      vertex   4.185610e+00 4.009103e+01 -2.000000e+02
    endloop
  endfacet
  facet normal 0.000000e+00 0.000000e+00 -1.000000e+00
    outer loop
      vertex   4.185610e+00 4.009103e+01 -2.000000e+02
      vertex   4.858707e+00 2.818121e+01 -2.000000e+02
      vertex   4.185610e+00 2.766472e+01 -2.000000e+02
    endloop
  endfacet
  facet normal -0.000000e+00 -0.000000e+00 -1.000000e+00
    outer loop
      vertex   4.185610e+00 4.009103e+01 -2.000000e+02
      vertex   4.185610e+00 2.766472e+01 -2.000000e+02
      vertex   3.669125e+00 4.076413e+01 -2.000000e+02
    endloop
  endfacet
  facet normal 0.000000e+00 0.000000e+00 -1.000000e+00
    outer loop
      vertex   3.669125e+00 4.076413e+01 -2.000000e+02
      vertex   4.185610e+00 2.766472e+01 -2.000000e+02
      vertex   3.669125e+00 2.699163e+01 -2.000000e+02
    endloop
  endfacet
  facet normal -0.000000e+00 -0.000000e+00 -1.000000e+00
    outer loop
      vertex   3.669125e+00 4.076413e+01 -2.000000e+02
      vertex   3.669125e+00 2.699163e+01 -2.000000e+02
      vertex   3.344448e+00 4.154796e+01 -2.000000e+02
    endloop
  endfacet
  facet normal 0.000000e+00 0.000000e+00 -1.000000e+00
    outer loop
      vertex   3.344448e+00 4.154796e+01 -2.000000e+02
      vertex   3.669125e+00 2.699163e+01 -2.000000e+02
      vertex   3.344448e+00 2.620779e+01 -2.000000e+02
    endloop
  endfacet
  facet normal -0.000000e+00 -0.000000e+00 -1.000000e+00
    outer loop
      vertex   3.344448e+00 4.154796e+01 -2.000000e+02
      vertex   3.344448e+00 2.620779e+01 -2.000000e+02
      vertex   3.233707e+00 4.238913e+01 -2.000000e+02
    endloop
  endfacet
  facet normal 0.000000e+00 0.000000e+00 -1.000000e+00
    outer loop
      vertex   3.233707e+00 4.238913e+01 -2.000000e+02
      vertex   3.344448e+00 2.620779e+01 -2.000000e+02
      vertex   3.233707e+00 2.536663e+01 -2.000000e+02
    endloop
  endfacet
  facet normal 0.000000e+00 -0.000000e+00 -1.000000e+00
    outer loop
      vertex   3.233707e+00 4.238913e+01 -2.000000e+02
      vertex   3.233707e+00 2.536663e+01 -2.000000e+02
      vertex   1.000000e+00 -2.000000e+00 -2.000000e+02
    endloop
  endfacet
  facet normal 0.000000e+00 0.000000e+00 -1.000000e+00
    outer loop
      vertex   1.000000e+00 -2.000000e+00 -2.000000e+02
      vertex   3.233707e+00 2.536663e+01 -2.000000e+02
      vertex   3.233707e+00 8.344126e+00 -2.000000e+02
    endloop
  endfacet
  facet normal 0.000000e+00 0.000000e+00 -1.000000e+00
    outer loop
      vertex   1.000000e+00 -2.000000e+00 -2.000000e+02
      vertex   3.233707e+00 8.344126e+00 -2.000000e+02
      vertex   3.344448e+00 7.502965e+00 -2.000000e+02
    endloop
  endfacet
  facet normal 0.000000e+00 0.000000e+00 -1.000000e+00
    outer loop
      vertex   2.080846e+01 2.620779e+01 -2.000000e+02
      vertex   2.080846e+01 4.154796e+01 -2.000000e+02
      vertex   2.113314e+01 2.699163e+01 -2.000000e+02
    endloop
  endfacet
  facet normal 0.000000e+00 0.000000e+00 -1.000000e+00
    outer loop
      vertex   2.113314e+01 2.699163e+01 -2.000000e+02
      vertex   2.080846e+01 4.154796e+01 -2.000000e+02
      vertex   2.113314e+01 4.076413e+01 -2.000000e+02
    endloop
  endfacet
  facet normal 0.000000e+00 0.000000e+00 -1.000000e+00
    outer loop
      vertex   2.113314e+01 2.699163e+01 -2.000000e+02
      vertex   2.113314e+01 4.076413e+01 -2.000000e+02
      vertex   2.164962e+01 2.766472e+01 -2.000000e+02
    endloop
  endfacet
  facet normal 0.000000e+00 0.000000e+00 -1.000000e+00
    outer loop
      vertex   2.164962e+01 2.766472e+01 -2.000000e+02
      vertex   2.113314e+01 4.076413e+01 -2.000000e+02
      vertex   2.164962e+01 4.009103e+01 -2.000000e+02
    endloop
  endfacet
  facet normal 0.000000e+00 0.000000e+00 -1.000000e+00
    outer loop
      vertex   2.164962e+01 2.766472e+01 -2.000000e+02
      vertex   2.164962e+01 4.009103e+01 -2.000000e+02
      vertex   2.232272e+01 2.818121e+01 -2.000000e+02
    endloop
  endfacet
  facet normal 0.000000e+00 0.000000e+00 -1.000000e+00
    outer loop
      vertex   2.232272e+01 2.818121e+01 -2.000000e+02
      vertex   2.164962e+01 4.009103e+01 -2.000000e+02
      vertex   2.232272e+01 3.957454e+01 -2.000000e+02
    endloop
  endfacet
  facet normal 0.000000e+00 0.000000e+00 -1.000000e+00
    outer loop
      vertex   2.232272e+01 2.818121e+01 -2.000000e+02
      vertex   2.232272e+01 3.957454e+01 -2.000000e+02
      vertex   2.310656e+01 2.850589e+01 -2.000000e+02
    endloop
  endfacet
  facet normal 0.000000e+00 0.000000e+00 -1.000000e+00
    outer loop
      vertex   2.310656e+01 2.850589e+01 -2.000000e+02
      vertex   2.232272e+01 3.957454e+01 -2.000000e+02
      vertex   2.310656e+01 3.924987e+01 -2.000000e+02
    endloop
  endfacet
  facet normal 0.000000e+00 0.000000e+00 -1.000000e+00
    outer loop
      vertex   2.310656e+01 2.850589e+01 -2.000000e+02
      vertex   2.310656e+01 3.924987e+01 -2.000000e+02
      vertex   2.394772e+01 2.861663e+01 -2.000000e+02
    endloop
  endfacet
  facet normal 0.000000e+00 0.000000e+00 -1.000000e+00
    outer loop
      vertex   2.394772e+01 2.861663e+01 -2.000000e+02
      vertex   2.310656e+01 3.924987e+01 -2.000000e+02
      vertex   2.394772e+01 3.913913e+01 -2.000000e+02
    endloop
  endfacet
  facet normal 0.000000e+00 0.000000e+00 -1.000000e+00
    outer loop
      vertex   2.394772e+01 2.861663e+01 -2.000000e+02
      vertex   2.394772e+01 3.913913e+01 -2.000000e+02
      vertex   2.478888e+01 2.850589e+01 -2.000000e+02
    endloop
  endfacet
  facet normal 0.000000e+00 0.000000e+00 -1.000000e+00
    outer loop
      vertex   2.478888e+01 2.850589e+01 -2.000000e+02
      vertex   2.394772e+01 3.913913e+01 -2.000000e+02
      vertex   2.478888e+01 3.924987e+01 -2.000000e+02
    endloop
  endfacet
  facet normal 0.000000e+00 0.000000e+00 -1.000000e+00
    outer loop
      vertex   2.478888e+01 2.850589e+01 -2.000000e+02
      vertex   2.478888e+01 3.924987e+01 -2.000000e+02
      vertex   2.557272e+01 2.818121e+01 -2.000000e+02
    endloop
  endfacet
  facet normal 0.000000e+00 0.000000e+00 -1.000000e+00
    outer loop
      vertex   2.557272e+01 2.818121e+01 -2.000000e+02
      vertex   2.478888e+01 3.924987e+01 -2.000000e+02
      vertex   2.557272e+01 3.957454e+01 -2.000000e+02
    endloop
  endfacet
  facet normal 0.000000e+00 0.000000e+00 -1.000000e+00
    outer loop
      vertex   2.557272e+01 2.818121e+01 -2.000000e+02
      vertex   2.557272e+01 3.957454e+01 -2.000000e+02
      vertex   2.624582e+01 2.766472e+01 -2.000000e+02
    endloop
  endfacet
  facet normal 0.000000e+00 0.000000e+00 -1.000000e+00
    outer loop
      vertex   2.624582e+01 2.766472e+01 -2.000000e+02
      vertex   2.557272e+01 3.957454e+01 -2.000000e+02
      vertex   2.624582e+01 4.009103e+01 -2.000000e+02
    endloop
  endfacet
  facet normal 0.000000e+00 0.000000e+00 -1.000000e+00
    outer loop
      vertex   2.624582e+01 2.766472e+01 -2.000000e+02
      vertex   2.624582e+01 4.009103e+01 -2.000000e+02
      vertex   2.676230e+01 2.699163e+01 -2.000000e+02
    endloop
  endfacet
  facet normal 0.000000e+00 0.000000e+00 -1.000000e+00
    outer loop
      vertex   2.676230e+01 2.699163e+01 -2.000000e+02
      vertex   2.624582e+01 4.009103e+01 -2.000000e+02
      vertex   2.676230e+01 4.076413e+01 -2.000000e+02
    endloop
  endfacet
  facet normal 0.000000e+00 0.000000e+00 -1.000000e+00
    outer loop
      vertex   2.676230e+01 2.699163e+01 -2.000000e+02
      vertex   2.676230e+01 4.076413e+01 -2.000000e+02
      vertex   2.708698e+01 2.620779e+01 -2.000000e+02
    endloop
  endfacet
  facet normal 0.000000e+00 0.000000e+00 -1.000000e+00
    outer loop
      vertex   2.708698e+01 2.620779e+01 -2.000000e+02
      vertex   2.676230e+01 4.076413e+01 -2.000000e+02
      vertex   2.708698e+01 4.154796e+01 -2.000000e+02
    endloop
  endfacet
  facet normal 0.000000e+00 0.000000e+00 -1.000000e+00
    outer loop
      vertex   2.708698e+01 2.620779e+01 -2.000000e+02
      vertex   2.708698e+01 4.154796e+01 -2.000000e+02
      vertex   2.719772e+01 2.536663e+01 -2.000000e+02
    endloop
  endfacet
  facet normal 0.000000e+00 0.000000e+00 -1.000000e+00
    outer loop
      vertex   2.719772e+01 2.536663e+01 -2.000000e+02
      vertex   2.708698e+01 4.154796e+01 -2.000000e+02
      vertex   2.719772e+01 4.238913e+01 -2.000000e+02
    endloop
  endfacet
  facet normal 0.000000e+00 0.000000e+00 -1.000000e+00
    outer loop
      vertex   2.719772e+01 2.536663e+01 -2.000000e+02
      vertex   2.719772e+01 4.238913e+01 -2.000000e+02
      vertex   2.900000e+01 -2.000000e+00 -2.000000e+02
    endloop
  endfacet
  facet normal -0.000000e+00 -0.000000e+00 -1.000000e+00
    outer loop
      vertex   2.080846e+01 2.452546e+01 -2.000000e+02
      vertex   2.080846e+01 9.185288e+00 -2.000000e+02
      vertex   2.069772e+01 2.536663e+01 -2.000000e+02
    endloop
  endfacet
  facet normal 0.000000e+00 0.000000e+00 -1.000000e+00
    outer loop
      vertex   2.069772e+01 2.536663e+01 -2.000000e+02
      vertex   2.080846e+01 9.185288e+00 -2.000000e+02
      vertex   2.069772e+01 8.344126e+00 -2.000000e+02
    endloop
  endfacet
  facet normal -0.000000e+00 -0.000000e+00 -1.000000e+00
    outer loop
      vertex   2.069772e+01 2.536663e+01 -2.000000e+02
      vertex   2.069772e+01 8.344126e+00 -2.000000e+02
      vertex   9.733707e+00 2.536663e+01 -2.000000e+02
    endloop
  endfacet
  facet normal 0.000000e+00 0.000000e+00 -1.000000e+00
    outer loop
      vertex   9.733707e+00 2.536663e+01 -2.000000e+02
      vertex   2.069772e+01 8.344126e+00 -2.000000e+02
      vertex   9.733707e+00 8.344126e+00 -2.000000e+02
    endloop
  endfacet
  facet normal 0.000000e+00 -0.000000e+00 -1.000000e+00
    outer loop
      vertex   9.733707e+00 2.536663e+01 -2.000000e+02
      vertex   9.733707e+00 8.344126e+00 -2.000000e+02
      vertex   9.622966e+00 2.452546e+01 -2.000000e+02
    endloop
  endfacet
  facet normal 0.000000e+00 0.000000e+00 -1.000000e+00
    outer loop
      vertex   9.622966e+00 2.452546e+01 -2.000000e+02
      vertex   9.733707e+00 8.344126e+00 -2.000000e+02
      vertex   9.622966e+00 9.185288e+00 -2.000000e+02
    endloop
  endfacet
  facet normal 0.000000e+00 -0.000000e+00 -1.000000e+00
    outer loop
      vertex   9.622966e+00 2.452546e+01 -2.000000e+02
      vertex   9.622966e+00 9.185288e+00 -2.000000e+02
      vertex   9.298290e+00 2.374163e+01 -2.000000e+02
    endloop
  endfacet
  facet normal 0.000000e+00 0.000000e+00 -1.000000e+00
    outer loop
      vertex   9.298290e+00 2.374163e+01 -2.000000e+02
      vertex   9.622966e+00 9.185288e+00 -2.000000e+02
      vertex   9.298290e+00 9.969126e+00 -2.000000e+02
    endloop
  endfacet
  facet normal 0.000000e+00 -0.000000e+00 -1.000000e+00
    outer loop
      vertex   9.298290e+00 2.374163e+01 -2.000000e+02
      vertex   9.298290e+00 9.969126e+00 -2.000000e+02
      vertex   8.781804e+00 2.306853e+01 -2.000000e+02
    endloop
  endfacet
  facet normal 0.000000e+00 0.000000e+00 -1.000000e+00
    outer loop
      vertex   8.781804e+00 2.306853e+01 -2.000000e+02
      vertex   9.298290e+00 9.969126e+00 -2.000000e+02
      vertex   8.781804e+00 1.064222e+01 -2.000000e+02
    endloop
  endfacet
  facet normal 0.000000e+00 -0.000000e+00 -1.000000e+00
    outer loop
      vertex   8.781804e+00 2.306853e+01 -2.000000e+02
      vertex   8.781804e+00 1.064222e+01 -2.000000e+02
      vertex   8.108707e+00 2.255204e+01 -2.000000e+02
    endloop
  endfacet
  facet normal 0.000000e+00 0.000000e+00 -1.000000e+00
    outer loop
      vertex   8.108707e+00 2.255204e+01 -2.000000e+02
      vertex   8.781804e+00 1.064222e+01 -2.000000e+02
      vertex   8.108707e+00 1.115871e+01 -2.000000e+02
    endloop
  endfacet
  facet normal 0.000000e+00 -0.000000e+00 -1.000000e+00
    outer loop
      vertex   8.108707e+00 2.255204e+01 -2.000000e+02
      vertex   8.108707e+00 1.115871e+01 -2.000000e+02
      vertex   7.324869e+00 2.222737e+01 -2.000000e+02
    endloop
  endfacet
  facet normal 0.000000e+00 0.000000e+00 -1.000000e+00
    outer loop
      vertex   7.324869e+00 2.222737e+01 -2.000000e+02
      vertex   8.108707e+00 1.115871e+01 -2.000000e+02
      vertex   7.324869e+00 1.148339e+01 -2.000000e+02
    endloop
  endfacet
  facet normal 0.000000e+00 -0.000000e+00 -1.000000e+00
    outer loop
      vertex   7.324869e+00 2.222737e+01 -2.000000e+02
      vertex   7.324869e+00 1.148339e+01 -2.000000e+02
      vertex   6.483707e+00 2.211663e+01 -2.000000e+02
    endloop
  endfacet
  facet normal 0.000000e+00 0.000000e+00 -1.000000e+00
    outer loop
      vertex   6.483707e+00 2.211663e+01 -2.000000e+02
      vertex   7.324869e+00 1.148339e+01 -2.000000e+02
      vertex   6.483707e+00 1.159413e+01 -2.000000e+02
    endloop
  endfacet
  facet normal -0.000000e+00 -0.000000e+00 -1.000000e+00
    outer loop
      vertex   6.483707e+00 2.211663e+01 -2.000000e+02
      vertex   6.483707e+00 1.159413e+01 -2.000000e+02
      vertex   5.642545e+00 2.222737e+01 -2.000000e+02
    endloop
  endfacet
  facet normal 0.000000e+00 0.000000e+00 -1.000000e+00
    outer loop
      vertex   5.642545e+00 2.222737e+01 -2.000000e+02
      vertex   6.483707e+00 1.159413e+01 -2.000000e+02
      vertex   5.642545e+00 1.148339e+01 -2.000000e+02
    endloop
  endfacet
  facet normal -0.000000e+00 -0.000000e+00 -1.000000e+00
    outer loop
      vertex   5.642545e+00 2.222737e+01 -2.000000e+02
      vertex   5.642545e+00 1.148339e+01 -2.000000e+02
      vertex   4.858707e+00 2.255204e+01 -2.000000e+02
    endloop
  endfacet
  facet normal 0.000000e+00 0.000000e+00 -1.000000e+00
    outer loop
      vertex   4.858707e+00 2.255204e+01 -2.000000e+02
      vertex   5.642545e+00 1.148339e+01 -2.000000e+02
      vertex   4.858707e+00 1.115871e+01 -2.000000e+02
    endloop
  endfacet
  facet normal -0.000000e+00 -0.000000e+00 -1.000000e+00
    outer loop
      vertex   4.858707e+00 2.255204e+01 -2.000000e+02
      vertex   4.858707e+00 1.115871e+01 -2.000000e+02
      vertex   4.185610e+00 2.306853e+01 -2.000000e+02
    endloop
  endfacet
  facet normal 0.000000e+00 0.000000e+00 -1.000000e+00
    outer loop
      vertex   4.185610e+00 2.306853e+01 -2.000000e+02
      vertex   4.858707e+00 1.115871e+01 -2.000000e+02
      vertex   4.185610e+00 1.064222e+01 -2.000000e+02
    endloop
  endfacet
  facet normal -0.000000e+00 -0.000000e+00 -1.000000e+00
    outer loop
      vertex   4.185610e+00 2.306853e+01 -2.000000e+02
      vertex   4.185610e+00 1.064222e+01 -2.000000e+02
      vertex   3.669125e+00 2.374163e+01 -2.000000e+02
    endloop
  endfacet
  facet normal 0.000000e+00 0.000000e+00 -1.000000e+00
    outer loop
      vertex   3.669125e+00 2.374163e+01 -2.000000e+02
      vertex   4.185610e+00 1.064222e+01 -2.000000e+02
      vertex   3.669125e+00 9.969126e+00 -2.000000e+02
    endloop
  endfacet
  facet normal -0.000000e+00 -0.000000e+00 -1.000000e+00
    outer loop
      vertex   3.669125e+00 2.374163e+01 -2.000000e+02
      vertex   3.669125e+00 9.969126e+00 -2.000000e+02
      vertex   3.344448e+00 2.452546e+01 -2.000000e+02
    endloop
  endfacet
  facet normal 0.000000e+00 0.000000e+00 -1.000000e+00
    outer loop
      vertex   3.344448e+00 2.452546e+01 -2.000000e+02
      vertex   3.669125e+00 9.969126e+00 -2.000000e+02
      vertex   3.344448e+00 9.185288e+00 -2.000000e+02
    endloop
  endfacet
  facet normal -0.000000e+00 -0.000000e+00 -1.000000e+00
    outer loop
      vertex   3.344448e+00 2.452546e+01 -2.000000e+02
      vertex   3.344448e+00 9.185288e+00 -2.000000e+02
      vertex   3.233707e+00 2.536663e+01 -2.000000e+02
    endloop
  endfacet
  facet normal 0.000000e+00 0.000000e+00 -1.000000e+00
    outer loop
      vertex   3.233707e+00 2.536663e+01 -2.000000e+02
      vertex   3.344448e+00 9.185288e+00 -2.000000e+02
      vertex   3.233707e+00 8.344126e+00 -2.000000e+02
    endloop
  endfacet
  facet normal 0.000000e+00 0.000000e+00 -1.000000e+00
    outer loop
      vertex   2.080846e+01 9.185288e+00 -2.000000e+02
      vertex   2.080846e+01 2.452546e+01 -2.000000e+02
      vertex   2.113314e+01 9.969126e+00 -2.000000e+02
    endloop
  endfacet
  facet normal 0.000000e+00 0.000000e+00 -1.000000e+00
    outer loop
      vertex   2.113314e+01 9.969126e+00 -2.000000e+02
      vertex   2.080846e+01 2.452546e+01 -2.000000e+02
      vertex   2.113314e+01 2.374163e+01 -2.000000e+02
    endloop
  endfacet
  facet normal 0.000000e+00 0.000000e+00 -1.000000e+00
    outer loop
      vertex   2.113314e+01 9.969126e+00 -2.000000e+02
      vertex   2.113314e+01 2.374163e+01 -2.000000e+02
      vertex   2.164962e+01 1.064222e+01 -2.000000e+02
    endloop
  endfacet
  facet normal 0.000000e+00 0.000000e+00 -1.000000e+00
    outer loop
      vertex   2.164962e+01 1.064222e+01 -2.000000e+02
      vertex   2.113314e+01 2.374163e+01 -2.000000e+02
      vertex   2.164962e+01 2.306853e+01 -2.000000e+02
    endloop
  endfacet
  facet normal 0.000000e+00 0.000000e+00 -1.000000e+00
    outer loop
      vertex   2.164962e+01 1.064222e+01 -2.000000e+02
      vertex   2.164962e+01 2.306853e+01 -2.000000e+02
      vertex   2.232272e+01 1.115871e+01 -2.000000e+02
    endloop
  endfacet
  facet normal 0.000000e+00 0.000000e+00 -1.000000e+00
    outer loop
      vertex   2.232272e+01 1.115871e+01 -2.000000e+02
      vertex   2.164962e+01 2.306853e+01 -2.000000e+02
      vertex   2.232272e+01 2.255204e+01 -2.000000e+02
    endloop
  endfacet
  facet normal 0.000000e+00 0.000000e+00 -1.000000e+00
    outer loop
      vertex   2.232272e+01 1.115871e+01 -2.000000e+02
      vertex   2.232272e+01 2.255204e+01 -2.000000e+02
      vertex   2.310656e+01 1.148339e+01 -2.000000e+02
    endloop
  endfacet
  facet normal 0.000000e+00 0.000000e+00 -1.000000e+00
    outer loop
      vertex   2.310656e+01 1.148339e+01 -2.000000e+02
      vertex   2.232272e+01 2.255204e+01 -2.000000e+02
      vertex   2.310656e+01 2.222737e+01 -2.000000e+02
    endloop
  endfacet
  facet normal 0.000000e+00 0.000000e+00 -1.000000e+00
    outer loop
      vertex   2.310656e+01 1.148339e+01 -2.000000e+02
      vertex   2.310656e+01 2.222737e+01 -2.000000e+02
      vertex   2.394772e+01 1.159413e+01 -2.000000e+02
    endloop
  endfacet
  facet normal 0.000000e+00 0.000000e+00 -1.000000e+00
    outer loop
      vertex   2.394772e+01 1.159413e+01 -2.000000e+02
      vertex   2.310656e+01 2.222737e+01 -2.000000e+02
      vertex   2.394772e+01 2.211663e+01 -2.000000e+02
    endloop
  endfacet
  facet normal 0.000000e+00 0.000000e+00 -1.000000e+00
    outer loop
      vertex   2.394772e+01 1.159413e+01 -2.000000e+02
      vertex   2.394772e+01 2.211663e+01 -2.000000e+02
      vertex   2.478888e+01 1.148339e+01 -2.000000e+02
    endloop
  endfacet
  facet normal 0.000000e+00 0.000000e+00 -1.000000e+00
    outer loop
      vertex   2.478888e+01 1.148339e+01 -2.000000e+02
      vertex   2.394772e+01 2.211663e+01 -2.000000e+02
      vertex   2.478888e+01 2.222737e+01 -2.000000e+02
    endloop
  endfacet
  facet normal 0.000000e+00 0.000000e+00 -1.000000e+00
    outer loop
      vertex   2.478888e+01 1.148339e+01 -2.000000e+02
      vertex   2.478888e+01 2.222737e+01 -2.000000e+02
      vertex   2.557272e+01 1.115871e+01 -2.000000e+02
    endloop
  endfacet
  facet normal 0.000000e+00 0.000000e+00 -1.000000e+00
    outer loop
      vertex   2.557272e+01 1.115871e+01 -2.000000e+02
      vertex   2.478888e+01 2.222737e+01 -2.000000e+02
      vertex   2.557272e+01 2.255204e+01 -2.000000e+02
    endloop
  endfacet
  facet normal 0.000000e+00 0.000000e+00 -1.000000e+00
    outer loop
      vertex   2.557272e+01 1.115871e+01 -2.000000e+02
      vertex   2.557272e+01 2.255204e+01 -2.000000e+02
      vertex   2.624582e+01 1.064222e+01 -2.000000e+02
    endloop
  endfacet
  facet normal 0.000000e+00 0.000000e+00 -1.000000e+00
    outer loop
      vertex   2.624582e+01 1.064222e+01 -2.000000e+02
      vertex   2.557272e+01 2.255204e+01 -2.000000e+02
      vertex   2.624582e+01 2.306853e+01 -2.000000e+02
    endloop
  endfacet
  facet normal 0.000000e+00 0.000000e+00 -1.000000e+00
    outer loop
      vertex   2.624582e+01 1.064222e+01 -2.000000e+02
      vertex   2.624582e+01 2.306853e+01 -2.000000e+02
      vertex   2.676230e+01 9.969126e+00 -2.000000e+02
    endloop
  endfacet
  facet normal 0.000000e+00 0.000000e+00 -1.000000e+00
    outer loop
      vertex   2.676230e+01 9.969126e+00 -2.000000e+02
      vertex   2.624582e+01 2.306853e+01 -2.000000e+02
      vertex   2.676230e+01 2.374163e+01 -2.000000e+02
    endloop
  endfacet
  facet normal 0.000000e+00 0.000000e+00 -1.000000e+00
    outer loop
      vertex   2.676230e+01 9.969126e+00 -2.000000e+02
      vertex   2.676230e+01 2.374163e+01 -2.000000e+02
      vertex   2.708698e+01 9.185288e+00 -2.000000e+02
    endloop
  endfacet
  facet normal 0.000000e+00 0.000000e+00 -1.000000e+00
    outer loop
      vertex   2.708698e+01 9.185288e+00 -2.000000e+02
      vertex   2.676230e+01 2.374163e+01 -2.000000e+02
      vertex   2.708698e+01 2.452546e+01 -2.000000e+02
    endloop
  endfacet
  facet normal 0.000000e+00 0.000000e+00 -1.000000e+00
    outer loop
      vertex   2.708698e+01 9.185288e+00 -2.000000e+02
      vertex   2.708698e+01 2.452546e+01 -2.000000e+02
      vertex   2.719772e+01 8.344126e+00 -2.000000e+02
    endloop
  endfacet
  facet normal 0.000000e+00 0.000000e+00 -1.000000e+00
    outer loop
      vertex   2.719772e+01 8.344126e+00 -2.000000e+02
      vertex   2.708698e+01 2.452546e+01 -2.000000e+02
      vertex   2.719772e+01 2.536663e+01 -2.000000e+02
    endloop
  endfacet
  facet normal 0.000000e+00 0.000000e+00 -1.000000e+00
    outer loop
      vertex   2.719772e+01 8.344126e+00 -2.000000e+02
      vertex   2.719772e+01 2.536663e+01 -2.000000e+02
      vertex   2.900000e+01 -2.000000e+00 -2.000000e+02
    endloop
  endfacet
  facet normal -0.000000e+00 -0.000000e+00 -1.000000e+00
    outer loop
      vertex   2.069772e+01 8.344126e+00 -2.000000e+02
      vertex   2.080846e+01 7.502965e+00 -2.000000e+02
      vertex   9.733707e+00 8.344126e+00 -2.000000e+02
    endloop
  endfacet
  facet normal 0.000000e+00 -0.000000e+00 -1.000000e+00
    outer loop
      vertex   9.733707e+00 8.344126e+00 -2.000000e+02
      vertex   2.080846e+01 7.502965e+00 -2.000000e+02
      vertex   9.622966e+00 7.502965e+00 -2.000000e+02
    endloop
  endfacet
  facet normal 0.000000e+00 0.000000e+00 -1.000000e+00
    outer loop
      vertex   9.622966e+00 7.502965e+00 -2.000000e+02
      vertex   2.080846e+01 7.502965e+00 -2.000000e+02
      vertex   2.113314e+01 6.719126e+00 -2.000000e+02
    endloop
  endfacet
  facet normal 0.000000e+00 -0.000000e+00 -1.000000e+00
    outer loop
      vertex   9.622966e+00 7.502965e+00 -2.000000e+02
      vertex   2.113314e+01 6.719126e+00 -2.000000e+02
      vertex   9.298290e+00 6.719126e+00 -2.000000e+02
    endloop
  endfacet
  facet normal 0.000000e+00 0.000000e+00 -1.000000e+00
    outer loop
      vertex   9.298290e+00 6.719126e+00 -2.000000e+02
      vertex   2.113314e+01 6.719126e+00 -2.000000e+02
      vertex   2.164962e+01 6.046029e+00 -2.000000e+02
    endloop
  endfacet
  facet normal 0.000000e+00 -0.000000e+00 -1.000000e+00
    outer loop
      vertex   9.298290e+00 6.719126e+00 -2.000000e+02
      vertex   2.164962e+01 6.046029e+00 -2.000000e+02
      vertex   8.781804e+00 6.046029e+00 -2.000000e+02
    endloop
  endfacet
  facet normal 0.000000e+00 -0.000000e+00 -1.000000e+00
    outer loop
      vertex   8.781804e+00 6.046029e+00 -2.000000e+02
      vertex   2.164962e+01 6.046029e+00 -2.000000e+02
      vertex   8.108707e+00 5.529544e+00 -2.000000e+02
    endloop
  endfacet
  facet normal 0.000000e+00 0.000000e+00 -1.000000e+00
    outer loop
      vertex   8.108707e+00 5.529544e+00 -2.000000e+02
      vertex   2.164962e+01 6.046029e+00 -2.000000e+02
      vertex   2.232272e+01 5.529544e+00 -2.000000e+02
    endloop
  endfacet
  facet normal 0.000000e+00 0.000000e+00 -1.000000e+00
    outer loop
      vertex   8.108707e+00 5.529544e+00 -2.000000e+02
      vertex   2.232272e+01 5.529544e+00 -2.000000e+02
      vertex   2.900000e+01 -2.000000e+00 -2.000000e+02
    endloop
  endfacet
  facet normal 0.000000e+00 0.000000e+00 -1.000000e+00
    outer loop
      vertex   2.900000e+01 -2.000000e+00 -2.000000e+02
      vertex   2.232272e+01 5.529544e+00 -2.000000e+02
      vertex   2.310656e+01 5.204867e+00 -2.000000e+02
    endloop
  endfacet
  facet normal 0.000000e+00 0.000000e+00 -1.000000e+00
    outer loop
      vertex   2.900000e+01 -2.000000e+00 -2.000000e+02
      vertex   2.310656e+01 5.204867e+00 -2.000000e+02
      vertex   2.394772e+01 5.094126e+00 -2.000000e+02
    endloop
  endfacet
  facet normal 0.000000e+00 0.000000e+00 -1.000000e+00
    outer loop
      vertex   2.394772e+01 5.094126e+00 -2.000000e+02
      vertex   2.478888e+01 5.204867e+00 -2.000000e+02
      vertex   2.900000e+01 -2.000000e+00 -2.000000e+02
    endloop
  endfacet
  facet normal 0.000000e+00 0.000000e+00 -1.000000e+00
    outer loop
      vertex   2.900000e+01 -2.000000e+00 -2.000000e+02
      vertex   2.478888e+01 5.204867e+00 -2.000000e+02
      vertex   2.557272e+01 5.529544e+00 -2.000000e+02
    endloop
  endfacet
  facet normal 0.000000e+00 0.000000e+00 -1.000000e+00
    outer loop
      vertex   2.900000e+01 -2.000000e+00 -2.000000e+02
      vertex   2.557272e+01 5.529544e+00 -2.000000e+02
      vertex   2.624582e+01 6.046029e+00 -2.000000e+02
    endloop
  endfacet
  facet normal 0.000000e+00 0.000000e+00 -1.000000e+00
    outer loop
      vertex   2.624582e+01 6.046029e+00 -2.000000e+02
      vertex   2.676230e+01 6.719126e+00 -2.000000e+02
      vertex   2.900000e+01 -2.000000e+00 -2.000000e+02
    endloop
  endfacet
  facet normal 0.000000e+00 0.000000e+00 -1.000000e+00
    outer loop
      vertex   2.900000e+01 -2.000000e+00 -2.000000e+02
      vertex   2.676230e+01 6.719126e+00 -2.000000e+02
      vertex   2.708698e+01 7.502965e+00 -2.000000e+02
    endloop
  endfacet
  facet normal 0.000000e+00 0.000000e+00 -1.000000e+00
    outer loop
      vertex   2.900000e+01 -2.000000e+00 -2.000000e+02
      vertex   2.708698e+01 7.502965e+00 -2.000000e+02
      vertex   2.719772e+01 8.344126e+00 -2.000000e+02
    endloop
  endfacet
  facet normal -0.000000e+00 0.000000e+00 -1.000000e+00
    outer loop
      vertex   5.642545e+00 1.476634e+02 -2.000000e+02
      vertex   4.858707e+00 1.473387e+02 -2.000000e+02
      vertex   1.000000e+00 1.500000e+02 -2.000000e+02
    endloop
  endfacet
  facet normal 0.000000e+00 0.000000e+00 -1.000000e+00
    outer loop
      vertex   1.000000e+00 1.500000e+02 -2.000000e+02
      vertex   4.858707e+00 1.473387e+02 -2.000000e+02
      vertex   4.185610e+00 1.468222e+02 -2.000000e+02
    endloop
  endfacet
  facet normal 0.000000e+00 0.000000e+00 -1.000000e+00
    outer loop
      vertex   1.000000e+00 1.500000e+02 -2.000000e+02
      vertex   4.185610e+00 1.468222e+02 -2.000000e+02
      vertex   3.669125e+00 1.461491e+02 -2.000000e+02
    endloop
  endfacet
  facet normal -0.000000e+00 0.000000e+00 -1.000000e+00
    outer loop
      vertex   3.669125e+00 1.461491e+02 -2.000000e+02
      vertex   3.344448e+00 1.453653e+02 -2.000000e+02
      vertex   1.000000e+00 1.500000e+02 -2.000000e+02
    endloop
  endfacet
  facet normal 0.000000e+00 0.000000e+00 -1.000000e+00
    outer loop
      vertex   1.000000e+00 1.500000e+02 -2.000000e+02
      vertex   3.344448e+00 1.453653e+02 -2.000000e+02
      vertex   3.233707e+00 1.445241e+02 -2.000000e+02
    endloop
  endfacet
  facet normal 0.000000e+00 -0.000000e+00 -1.000000e+00
    outer loop
      vertex   3.344448e+00 7.502965e+00 -2.000000e+02
      vertex   3.669125e+00 6.719126e+00 -2.000000e+02
      vertex   1.000000e+00 -2.000000e+00 -2.000000e+02
    endloop
  endfacet
  facet normal 0.000000e+00 0.000000e+00 -1.000000e+00
    outer loop
      vertex   1.000000e+00 -2.000000e+00 -2.000000e+02
      vertex   3.669125e+00 6.719126e+00 -2.000000e+02
      vertex   4.185610e+00 6.046029e+00 -2.000000e+02
    endloop
  endfacet
  facet normal 0.000000e+00 0.000000e+00 -1.000000e+00
    outer loop
      vertex   1.000000e+00 -2.000000e+00 -2.000000e+02
      vertex   4.185610e+00 6.046029e+00 -2.000000e+02
      vertex   4.858707e+00 5.529544e+00 -2.000000e+02
    endloop
  endfacet
  facet normal 0.000000e+00 -0.000000e+00 -1.000000e+00
    outer loop
      vertex   4.858707e+00 5.529544e+00 -2.000000e+02
      vertex   5.642545e+00 5.204867e+00 -2.000000e+02
      vertex   1.000000e+00 -2.000000e+00 -2.000000e+02
    endloop
  endfacet
  facet normal 0.000000e+00 0.000000e+00 -1.000000e+00
    outer loop
      vertex   1.000000e+00 -2.000000e+00 -2.000000e+02
      vertex   5.642545e+00 5.204867e+00 -2.000000e+02
      vertex   6.483707e+00 5.094126e+00 -2.000000e+02
    endloop
  endfacet
  facet normal 0.000000e+00 0.000000e+00 -1.000000e+00
    outer loop
      vertex   1.000000e+00 -2.000000e+00 -2.000000e+02
      vertex   6.483707e+00 5.094126e+00 -2.000000e+02
      vertex   7.324869e+00 5.204867e+00 -2.000000e+02
    endloop
  endfacet
  facet normal 0.000000e+00 -0.000000e+00 -1.000000e+00
    outer loop
      vertex   7.324869e+00 5.204867e+00 -2.000000e+02
      vertex   8.108707e+00 5.529544e+00 -2.000000e+02
      vertex   1.000000e+00 -2.000000e+00 -2.000000e+02
    endloop
  endfacet
  facet normal 0.000000e+00 0.000000e+00 -1.000000e+00
    outer loop
      vertex   1.000000e+00 -2.000000e+00 -2.000000e+02
      vertex   8.108707e+00 5.529544e+00 -2.000000e+02
      vertex   2.900000e+01 -2.000000e+00 -2.000000e+02
    endloop
  endfacet
  facet normal -0.000000e+00 1.000000e+00 -0.000000e+00
    outer loop
      vertex   7.411810e-01 1.500000e+02 -1.999659e+02
      vertex   5.000000e-01 1.500000e+02 -1.998660e+02
      vertex   1.000000e+00 1.500000e+02 -2.000000e+02
    endloop
  endfacet
  facet normal 0.000000e+00 1.000000e+00 0.000000e+00
    outer loop
      vertex   1.000000e+00 1.500000e+02 -2.000000e+02
      vertex   5.000000e-01 1.500000e+02 -1.998660e+02
      vertex   2.928932e-01 1.500000e+02 -1.997071e+02
    endloop
  endfacet
  facet normal 0.000000e+00 1.000000e+00 0.000000e+00
    outer loop
      vertex   1.000000e+00 1.500000e+02 -2.000000e+02
      vertex   2.928932e-01 1.500000e+02 -1.997071e+02
      vertex   1.339746e-01 1.500000e+02 -1.995000e+02
    endloop
  endfacet
  facet normal -0.000000e+00 1.000000e+00 -0.000000e+00
    outer loop
      vertex   1.339746e-01 1.500000e+02 -1.995000e+02
      vertex   3.407417e-02 1.500000e+02 -1.992588e+02
      vertex   1.000000e+00 1.500000e+02 -2.000000e+02
    endloop
  endfacet
  facet normal 0.000000e+00 1.000000e+00 0.000000e+00
    outer loop
      vertex   1.000000e+00 1.500000e+02 -2.000000e+02
      vertex   3.407417e-02 1.500000e+02 -1.992588e+02
      vertex   0.000000e+00 1.500000e+02 -1.990000e+02
    endloop
  endfacet
  facet normal 0.000000e+00 1.000000e+00 -0.000000e+00
    outer loop
      vertex   1.000000e+00 1.500000e+02 -2.000000e+02
      vertex   0.000000e+00 1.500000e+02 -1.990000e+02
      vertex   3.000000e+01 1.500000e+02 -1.990000e+02
    endloop
  endfacet
  facet normal 0.000000e+00 1.000000e+00 0.000000e+00
    outer loop
      vertex   3.000000e+01 1.500000e+02 -1.990000e+02
      vertex   0.000000e+00 1.500000e+02 -1.990000e+02
      vertex   0.000000e+00 1.500000e+02 -1.858500e+02
    endloop
  endfacet
  facet normal 0.000000e+00 1.000000e+00 -0.000000e+00
    outer loop
      vertex   3.000000e+01 1.500000e+02 -1.990000e+02
      vertex   0.000000e+00 1.500000e+02 -1.858500e+02
      vertex   3.000000e+01 1.500000e+02 -1.858500e+02
    endloop
  endfacet
  facet normal 0.000000e+00 1.000000e+00 0.000000e+00
    outer loop
      vertex   1.000000e+00 1.500000e+02 -2.000000e+02
      vertex   3.000000e+01 1.500000e+02 -1.990000e+02
      vertex   2.900000e+01 1.500000e+02 -2.000000e+02
    endloop
  endfacet
  facet normal 0.000000e+00 1.000000e+00 0.000000e+00
    outer loop
      vertex   2.900000e+01 1.500000e+02 -2.000000e+02
      vertex   3.000000e+01 1.500000e+02 -1.990000e+02
      vertex   2.996593e+01 1.500000e+02 -1.992588e+02
    endloop
  endfacet
  facet normal 0.000000e+00 1.000000e+00 0.000000e+00
    outer loop
      vertex   2.900000e+01 1.500000e+02 -2.000000e+02
      vertex   2.996593e+01 1.500000e+02 -1.992588e+02
      vertex   2.986603e+01 1.500000e+02 -1.995000e+02
    endloop
  endfacet
  facet normal 0.000000e+00 1.000000e+00 0.000000e+00
    outer loop
      vertex   2.986603e+01 1.500000e+02 -1.995000e+02
      vertex   2.970711e+01 1.500000e+02 -1.997071e+02
      vertex   2.900000e+01 1.500000e+02 -2.000000e+02
    endloop
  endfacet
  facet normal 0.000000e+00 1.000000e+00 0.000000e+00
    outer loop
      vertex   2.900000e+01 1.500000e+02 -2.000000e+02
      vertex   2.970711e+01 1.500000e+02 -1.997071e+02
      vertex   2.950000e+01 1.500000e+02 -1.998660e+02
    endloop
  endfacet
  facet normal 0.000000e+00 1.000000e+00 0.000000e+00
    outer loop
      vertex   2.900000e+01 1.500000e+02 -2.000000e+02
      vertex   2.950000e+01 1.500000e+02 -1.998660e+02
      vertex   2.925882e+01 1.500000e+02 -1.999659e+02
    endloop
  endfacet
  facet normal 9.914449e-01 -1.251350e-15 -1.305262e-01
    outer loop
      vertex   2.996593e+01 -2.000000e+00 -1.992588e+02
      vertex   2.996593e+01 3.629630e+00 -1.992588e+02
      vertex   3.000000e+01 -2.000000e+00 -1.990000e+02
    endloop
  endfacet
  facet normal 9.914449e-01 0.000000e+00 -1.305262e-01
    outer loop
      vertex   3.000000e+01 -2.000000e+00 -1.990000e+02
      vertex   2.996593e+01 3.629630e+00 -1.992588e+02
      vertex   2.996593e+01 9.259259e+00 -1.992588e+02
    endloop
  endfacet
  facet normal 9.914449e-01 0.000000e+00 -1.305262e-01
    outer loop
      vertex   3.000000e+01 -2.000000e+00 -1.990000e+02
      vertex   2.996593e+01 9.259259e+00 -1.992588e+02
      vertex   2.996593e+01 1.488889e+01 -1.992588e+02
    endloop
  endfacet
  facet normal 9.238795e-01 0.000000e+00 -3.826834e-01
    outer loop
      vertex   2.996593e+01 1.488889e+01 -1.992588e+02
      vertex   2.996593e+01 9.259259e+00 -1.992588e+02
      vertex   2.986603e+01 1.488889e+01 -1.995000e+02
    endloop
  endfacet
  facet normal 9.238795e-01 0.000000e+00 -3.826834e-01
    outer loop
      vertex   2.996593e+01 1.488889e+01 -1.992588e+02
      vertex   2.986603e+01 1.488889e+01 -1.995000e+02
      vertex   2.986603e+01 2.051852e+01 -1.995000e+02
    endloop
  endfacet
  facet normal 7.933533e-01 0.000000e+00 -6.087614e-01
    outer loop
      vertex   2.986603e+01 2.051852e+01 -1.995000e+02
      vertex   2.986603e+01 1.488889e+01 -1.995000e+02
      vertex   2.970711e+01 2.051852e+01 -1.997071e+02
    endloop
  endfacet
  facet normal 7.933533e-01 0.000000e+00 -6.087614e-01
    outer loop
      vertex   2.986603e+01 2.051852e+01 -1.995000e+02
      vertex   2.970711e+01 2.051852e+01 -1.997071e+02
      vertex   2.970711e+01 2.614815e+01 -1.997071e+02
    endloop
  endfacet
  facet normal 6.087614e-01 0.000000e+00 -7.933533e-01
    outer loop
      vertex   2.970711e+01 2.614815e+01 -1.997071e+02
      vertex   2.970711e+01 2.051852e+01 -1.997071e+02
      vertex   2.950000e+01 2.614815e+01 -1.998660e+02
    endloop
  endfacet
  facet normal 6.087614e-01 0.000000e+00 -7.933533e-01
    outer loop
      vertex   2.970711e+01 2.614815e+01 -1.997071e+02
      vertex   2.950000e+01 2.614815e+01 -1.998660e+02
      vertex   2.950000e+01 3.177778e+01 -1.998660e+02
    endloop
  endfacet
  facet normal 3.826834e-01 0.000000e+00 -9.238795e-01
    outer loop
      vertex   2.950000e+01 3.177778e+01 -1.998660e+02
      vertex   2.950000e+01 2.614815e+01 -1.998660e+02
      vertex   2.925882e+01 3.177778e+01 -1.999659e+02
    endloop
  endfacet
  facet normal 3.826834e-01 0.000000e+00 -9.238795e-01
    outer loop
      vertex   2.950000e+01 3.177778e+01 -1.998660e+02
      vertex   2.925882e+01 3.177778e+01 -1.999659e+02
      vertex   2.925882e+01 3.740741e+01 -1.999659e+02
    endloop
  endfacet
  facet normal 1.305262e-01 0.000000e+00 -9.914449e-01
    outer loop
      vertex   2.925882e+01 3.740741e+01 -1.999659e+02
      vertex   2.925882e+01 3.177778e+01 -1.999659e+02
      vertex   2.900000e+01 -2.000000e+00 -2.000000e+02
    endloop
  endfacet
  facet normal 1.305262e-01 0.000000e+00 -9.914449e-01
    outer loop
      vertex   2.925882e+01 3.740741e+01 -1.999659e+02
      vertex   2.900000e+01 -2.000000e+00 -2.000000e+02
      vertex   2.925882e+01 4.303704e+01 -1.999659e+02
    endloop
  endfacet
  facet normal 1.305262e-01 0.000000e+00 -9.914449e-01
    outer loop
      vertex   2.925882e+01 4.303704e+01 -1.999659e+02
      vertex   2.900000e+01 -2.000000e+00 -2.000000e+02
      vertex   2.925882e+01 4.866667e+01 -1.999659e+02
    endloop
  endfacet
  facet normal 3.826834e-01 0.000000e+00 -9.238795e-01
    outer loop
      vertex   2.925882e+01 4.303704e+01 -1.999659e+02
      vertex   2.925882e+01 4.866667e+01 -1.999659e+02
      vertex   2.950000e+01 4.303704e+01 -1.998660e+02
    endloop
  endfacet
  facet normal 3.826834e-01 0.000000e+00 -9.238795e-01
    outer loop
      vertex   2.950000e+01 4.303704e+01 -1.998660e+02
      vertex   2.925882e+01 4.866667e+01 -1.999659e+02
      vertex   2.950000e+01 4.866667e+01 -1.998660e+02
    endloop
  endfacet
  facet normal 6.087614e-01 0.000000e+00 -7.933533e-01
    outer loop
      vertex   2.950000e+01 4.303704e+01 -1.998660e+02
      vertex   2.950000e+01 4.866667e+01 -1.998660e+02
      vertex   2.970711e+01 4.303704e+01 -1.997071e+02
    endloop
  endfacet
  facet normal 6.087614e-01 0.000000e+00 -7.933533e-01
    outer loop
      vertex   2.970711e+01 4.303704e+01 -1.997071e+02
      vertex   2.950000e+01 4.866667e+01 -1.998660e+02
      vertex   2.970711e+01 4.866667e+01 -1.997071e+02
    endloop
  endfacet
  facet normal 7.933533e-01 0.000000e+00 -6.087614e-01
    outer loop
      vertex   2.970711e+01 4.303704e+01 -1.997071e+02
      vertex   2.970711e+01 4.866667e+01 -1.997071e+02
      vertex   2.986603e+01 4.303704e+01 -1.995000e+02
    endloop
  endfacet
  facet normal 7.933533e-01 0.000000e+00 -6.087614e-01
    outer loop
      vertex   2.986603e+01 4.303704e+01 -1.995000e+02
      vertex   2.970711e+01 4.866667e+01 -1.997071e+02
      vertex   2.986603e+01 4.866667e+01 -1.995000e+02
    endloop
  endfacet
  facet normal 9.238795e-01 0.000000e+00 -3.826834e-01
    outer loop
      vertex   2.986603e+01 4.303704e+01 -1.995000e+02
      vertex   2.986603e+01 4.866667e+01 -1.995000e+02
      vertex   2.996593e+01 4.303704e+01 -1.992588e+02
    endloop
  endfacet
  facet normal 9.238795e-01 0.000000e+00 -3.826834e-01
    outer loop
      vertex   2.996593e+01 4.303704e+01 -1.992588e+02
      vertex   2.986603e+01 4.866667e+01 -1.995000e+02
      vertex   2.996593e+01 4.866667e+01 -1.992588e+02
    endloop
  endfacet
  facet normal 9.914449e-01 0.000000e+00 -1.305262e-01
    outer loop
      vertex   2.996593e+01 4.303704e+01 -1.992588e+02
      vertex   2.996593e+01 4.866667e+01 -1.992588e+02
      vertex   3.000000e+01 -2.000000e+00 -1.990000e+02
    endloop
  endfacet
  facet normal 9.914449e-01 0.000000e+00 -1.305262e-01
    outer loop
      vertex   3.000000e+01 -2.000000e+00 -1.990000e+02
      vertex   2.996593e+01 4.866667e+01 -1.992588e+02
      vertex   2.996593e+01 5.429630e+01 -1.992588e+02
    endloop
  endfacet
  facet normal 9.914449e-01 0.000000e+00 -1.305262e-01
    outer loop
      vertex   3.000000e+01 -2.000000e+00 -1.990000e+02
      vertex   2.996593e+01 5.429630e+01 -1.992588e+02
      vertex   2.996593e+01 5.992593e+01 -1.992588e+02
    endloop
  endfacet
  facet normal 9.238795e-01 0.000000e+00 -3.826834e-01
    outer loop
      vertex   2.996593e+01 5.992593e+01 -1.992588e+02
      vertex   2.996593e+01 5.429630e+01 -1.992588e+02
      vertex   2.986603e+01 5.992593e+01 -1.995000e+02
    endloop
  endfacet
  facet normal 9.238795e-01 0.000000e+00 -3.826834e-01
    outer loop
      vertex   2.996593e+01 5.992593e+01 -1.992588e+02
      vertex   2.986603e+01 5.992593e+01 -1.995000e+02
      vertex   2.986603e+01 6.555556e+01 -1.995000e+02
    endloop
  endfacet
  facet normal 7.933533e-01 0.000000e+00 -6.087614e-01
    outer loop
      vertex   2.986603e+01 6.555556e+01 -1.995000e+02
      vertex   2.986603e+01 5.992593e+01 -1.995000e+02
      vertex   2.970711e+01 6.555556e+01 -1.997071e+02
    endloop
  endfacet
  facet normal 7.933533e-01 0.000000e+00 -6.087614e-01
    outer loop
      vertex   2.986603e+01 6.555556e+01 -1.995000e+02
      vertex   2.970711e+01 6.555556e+01 -1.997071e+02
      vertex   2.970711e+01 7.118519e+01 -1.997071e+02
    endloop
  endfacet
  facet normal 6.087614e-01 0.000000e+00 -7.933533e-01
    outer loop
      vertex   2.970711e+01 7.118519e+01 -1.997071e+02
      vertex   2.970711e+01 6.555556e+01 -1.997071e+02
      vertex   2.950000e+01 7.118519e+01 -1.998660e+02
    endloop
  endfacet
  facet normal 6.087614e-01 0.000000e+00 -7.933533e-01
    outer loop
      vertex   2.970711e+01 7.118519e+01 -1.997071e+02
      vertex   2.950000e+01 7.118519e+01 -1.998660e+02
      vertex   2.950000e+01 7.681481e+01 -1.998660e+02
    endloop
  endfacet
  facet normal 3.826834e-01 0.000000e+00 -9.238795e-01
    outer loop
      vertex   2.950000e+01 7.681481e+01 -1.998660e+02
      vertex   2.950000e+01 7.118519e+01 -1.998660e+02
      vertex   2.925882e+01 7.681481e+01 -1.999659e+02
    endloop
  endfacet
  facet normal 3.826834e-01 0.000000e+00 -9.238795e-01
    outer loop
      vertex   2.950000e+01 7.681481e+01 -1.998660e+02
      vertex   2.925882e+01 7.681481e+01 -1.999659e+02
      vertex   2.925882e+01 8.244444e+01 -1.999659e+02
    endloop
  endfacet
  facet normal 1.305262e-01 0.000000e+00 -9.914449e-01
    outer loop
      vertex   2.925882e+01 8.244444e+01 -1.999659e+02
      vertex   2.925882e+01 7.681481e+01 -1.999659e+02
      vertex   2.900000e+01 1.500000e+02 -2.000000e+02
    endloop
  endfacet
  facet normal 1.305262e-01 0.000000e+00 -9.914449e-01
    outer loop
      vertex   2.925882e+01 8.244444e+01 -1.999659e+02
      vertex   2.900000e+01 1.500000e+02 -2.000000e+02
      vertex   2.925882e+01 8.807407e+01 -1.999659e+02
    endloop
  endfacet
  facet normal 1.305262e-01 0.000000e+00 -9.914449e-01
    outer loop
      vertex   2.925882e+01 8.807407e+01 -1.999659e+02
      vertex   2.900000e+01 1.500000e+02 -2.000000e+02
      vertex   2.925882e+01 9.370370e+01 -1.999659e+02
    endloop
  endfacet
  facet normal 3.826834e-01 0.000000e+00 -9.238795e-01
    outer loop
      vertex   2.925882e+01 8.807407e+01 -1.999659e+02
      vertex   2.925882e+01 9.370370e+01 -1.999659e+02
      vertex   2.950000e+01 8.807407e+01 -1.998660e+02
    endloop
  endfacet
  facet normal 3.826834e-01 0.000000e+00 -9.238795e-01
    outer loop
      vertex   2.950000e+01 8.807407e+01 -1.998660e+02
      vertex   2.925882e+01 9.370370e+01 -1.999659e+02
      vertex   2.950000e+01 9.370370e+01 -1.998660e+02
    endloop
  endfacet
  facet normal 6.087614e-01 0.000000e+00 -7.933533e-01
    outer loop
      vertex   2.950000e+01 8.807407e+01 -1.998660e+02
      vertex   2.950000e+01 9.370370e+01 -1.998660e+02
      vertex   2.970711e+01 8.807407e+01 -1.997071e+02
    endloop
  endfacet
  facet normal 6.087614e-01 0.000000e+00 -7.933533e-01
    outer loop
      vertex   2.970711e+01 8.807407e+01 -1.997071e+02
      vertex   2.950000e+01 9.370370e+01 -1.998660e+02
      vertex   2.970711e+01 9.370370e+01 -1.997071e+02
    endloop
  endfacet
  facet normal 7.933533e-01 0.000000e+00 -6.087614e-01
    outer loop
      vertex   2.970711e+01 8.807407e+01 -1.997071e+02
      vertex   2.970711e+01 9.370370e+01 -1.997071e+02
      vertex   2.986603e+01 8.807407e+01 -1.995000e+02
    endloop
  endfacet
  facet normal 7.933533e-01 0.000000e+00 -6.087614e-01
    outer loop
      vertex   2.986603e+01 8.807407e+01 -1.995000e+02
      vertex   2.970711e+01 9.370370e+01 -1.997071e+02
      vertex   2.986603e+01 9.370370e+01 -1.995000e+02
    endloop
  endfacet
  facet normal 9.238795e-01 0.000000e+00 -3.826834e-01
    outer loop
      vertex   2.986603e+01 8.807407e+01 -1.995000e+02
      vertex   2.986603e+01 9.370370e+01 -1.995000e+02
      vertex   2.996593e+01 8.807407e+01 -1.992588e+02
    endloop
  endfacet
  facet normal 9.238795e-01 0.000000e+00 -3.826834e-01
    outer loop
      vertex   2.996593e+01 8.807407e+01 -1.992588e+02
      vertex   2.986603e+01 9.370370e+01 -1.995000e+02
      vertex   2.996593e+01 9.370370e+01 -1.992588e+02
    endloop
  endfacet
  facet normal 9.914449e-01 0.000000e+00 -1.305262e-01
    outer loop
      vertex   2.996593e+01 8.807407e+01 -1.992588e+02
      vertex   2.996593e+01 9.370370e+01 -1.992588e+02
      vertex   3.000000e+01 1.500000e+02 -1.990000e+02
    endloop
  endfacet
  facet normal 9.914449e-01 0.000000e+00 -1.305262e-01
    outer loop
      vertex   3.000000e+01 1.500000e+02 -1.990000e+02
      vertex   2.996593e+01 9.370370e+01 -1.992588e+02
      vertex   2.996593e+01 9.933333e+01 -1.992588e+02
    endloop
  endfacet
  facet normal 9.914449e-01 0.000000e+00 -1.305262e-01
    outer loop
      vertex   3.000000e+01 1.500000e+02 -1.990000e+02
      vertex   2.996593e+01 9.933333e+01 -1.992588e+02
      vertex   2.996593e+01 1.049630e+02 -1.992588e+02
    endloop
  endfacet
  facet normal 9.238795e-01 0.000000e+00 -3.826834e-01
    outer loop
      vertex   2.996593e+01 1.049630e+02 -1.992588e+02
      vertex   2.996593e+01 9.933333e+01 -1.992588e+02
      vertex   2.986603e+01 1.049630e+02 -1.995000e+02
    endloop
  endfacet
  facet normal 9.238795e-01 0.000000e+00 -3.826834e-01
    outer loop
      vertex   2.996593e+01 1.049630e+02 -1.992588e+02
      vertex   2.986603e+01 1.049630e+02 -1.995000e+02
      vertex   2.986603e+01 1.105926e+02 -1.995000e+02
    endloop
  endfacet
  facet normal 7.933533e-01 0.000000e+00 -6.087614e-01
    outer loop
      vertex   2.986603e+01 1.105926e+02 -1.995000e+02
      vertex   2.986603e+01 1.049630e+02 -1.995000e+02
      vertex   2.970711e+01 1.105926e+02 -1.997071e+02
    endloop
  endfacet
  facet normal 7.933533e-01 0.000000e+00 -6.087614e-01
    outer loop
      vertex   2.986603e+01 1.105926e+02 -1.995000e+02
      vertex   2.970711e+01 1.105926e+02 -1.997071e+02
      vertex   2.970711e+01 1.162222e+02 -1.997071e+02
    endloop
  endfacet
  facet normal 6.087614e-01 0.000000e+00 -7.933533e-01
    outer loop
      vertex   2.970711e+01 1.162222e+02 -1.997071e+02
      vertex   2.970711e+01 1.105926e+02 -1.997071e+02
      vertex   2.950000e+01 1.162222e+02 -1.998660e+02
    endloop
  endfacet
  facet normal 6.087614e-01 0.000000e+00 -7.933533e-01
    outer loop
      vertex   2.970711e+01 1.162222e+02 -1.997071e+02
      vertex   2.950000e+01 1.162222e+02 -1.998660e+02
      vertex   2.950000e+01 1.218519e+02 -1.998660e+02
    endloop
  endfacet
  facet normal 3.826834e-01 0.000000e+00 -9.238795e-01
    outer loop
      vertex   2.950000e+01 1.218519e+02 -1.998660e+02
      vertex   2.950000e+01 1.162222e+02 -1.998660e+02
      vertex   2.925882e+01 1.218519e+02 -1.999659e+02
    endloop
  endfacet
  facet normal 3.826834e-01 0.000000e+00 -9.238795e-01
    outer loop
      vertex   2.950000e+01 1.218519e+02 -1.998660e+02
      vertex   2.925882e+01 1.218519e+02 -1.999659e+02
      vertex   2.925882e+01 1.274815e+02 -1.999659e+02
    endloop
  endfacet
  facet normal 1.305262e-01 0.000000e+00 -9.914449e-01
    outer loop
      vertex   2.925882e+01 1.274815e+02 -1.999659e+02
      vertex   2.925882e+01 1.218519e+02 -1.999659e+02
      vertex   2.900000e+01 1.500000e+02 -2.000000e+02
    endloop
  endfacet
  facet normal 1.305262e-01 0.000000e+00 -9.914449e-01
    outer loop
      vertex   2.925882e+01 1.274815e+02 -1.999659e+02
      vertex   2.900000e+01 1.500000e+02 -2.000000e+02
      vertex   2.925882e+01 1.331111e+02 -1.999659e+02
    endloop
  endfacet
  facet normal 1.305262e-01 0.000000e+00 -9.914449e-01
    outer loop
      vertex   2.925882e+01 1.331111e+02 -1.999659e+02
      vertex   2.900000e+01 1.500000e+02 -2.000000e+02
      vertex   2.925882e+01 1.387407e+02 -1.999659e+02
    endloop
  endfacet
  facet normal 3.826834e-01 0.000000e+00 -9.238795e-01
    outer loop
      vertex   2.925882e+01 1.331111e+02 -1.999659e+02
      vertex   2.925882e+01 1.387407e+02 -1.999659e+02
      vertex   2.950000e+01 1.331111e+02 -1.998660e+02
    endloop
  endfacet
  facet normal 3.826834e-01 0.000000e+00 -9.238795e-01
    outer loop
      vertex   2.950000e+01 1.331111e+02 -1.998660e+02
      vertex   2.925882e+01 1.387407e+02 -1.999659e+02
      vertex   2.950000e+01 1.387407e+02 -1.998660e+02
    endloop
  endfacet
  facet normal 6.087614e-01 0.000000e+00 -7.933533e-01
    outer loop
      vertex   2.950000e+01 1.331111e+02 -1.998660e+02
      vertex   2.950000e+01 1.387407e+02 -1.998660e+02
      vertex   2.970711e+01 1.331111e+02 -1.997071e+02
    endloop
  endfacet
  facet normal 6.087614e-01 0.000000e+00 -7.933533e-01
    outer loop
      vertex   2.970711e+01 1.331111e+02 -1.997071e+02
      vertex   2.950000e+01 1.387407e+02 -1.998660e+02
      vertex   2.970711e+01 1.387407e+02 -1.997071e+02
    endloop
  endfacet
  facet normal 7.933533e-01 0.000000e+00 -6.087614e-01
    outer loop
      vertex   2.970711e+01 1.331111e+02 -1.997071e+02
      vertex   2.970711e+01 1.387407e+02 -1.997071e+02
      vertex   2.986603e+01 1.331111e+02 -1.995000e+02
    endloop
  endfacet
  facet normal 7.933533e-01 0.000000e+00 -6.087614e-01
    outer loop
      vertex   2.986603e+01 1.331111e+02 -1.995000e+02
      vertex   2.970711e+01 1.387407e+02 -1.997071e+02
      vertex   2.986603e+01 1.387407e+02 -1.995000e+02
    endloop
  endfacet
  facet normal 9.238795e-01 0.000000e+00 -3.826834e-01
    outer loop
      vertex   2.986603e+01 1.331111e+02 -1.995000e+02
      vertex   2.986603e+01 1.387407e+02 -1.995000e+02
      vertex   2.996593e+01 1.331111e+02 -1.992588e+02
    endloop
  endfacet
  facet normal 9.238795e-01 0.000000e+00 -3.826834e-01
    outer loop
      vertex   2.996593e+01 1.331111e+02 -1.992588e+02
      vertex   2.986603e+01 1.387407e+02 -1.995000e+02
      vertex   2.996593e+01 1.387407e+02 -1.992588e+02
    endloop
  endfacet
  facet normal 9.914449e-01 0.000000e+00 -1.305262e-01
    outer loop
      vertex   2.996593e+01 1.331111e+02 -1.992588e+02
      vertex   2.996593e+01 1.387407e+02 -1.992588e+02
      vertex   3.000000e+01 1.500000e+02 -1.990000e+02
    endloop
  endfacet
  facet normal 9.914449e-01 0.000000e+00 -1.305262e-01
    outer loop
      vertex   3.000000e+01 1.500000e+02 -1.990000e+02
      vertex   2.996593e+01 1.387407e+02 -1.992588e+02
      vertex   2.996593e+01 1.443704e+02 -1.992588e+02
    endloop
  endfacet
  facet normal 9.914449e-01 1.252386e-15 -1.305262e-01
    outer loop
      vertex   3.000000e+01 1.500000e+02 -1.990000e+02
      vertex   2.996593e+01 1.443704e+02 -1.992588e+02
      vertex   2.996593e+01 1.500000e+02 -1.992588e+02
    endloop
  endfacet
  facet normal 9.238795e-01 1.166073e-15 -3.826834e-01
    outer loop
      vertex   2.996593e+01 1.500000e+02 -1.992588e+02
      vertex   2.996593e+01 1.443704e+02 -1.992588e+02
      vertex   2.986603e+01 1.500000e+02 -1.995000e+02
    endloop
  endfacet
  facet normal 9.238795e-01 -5.830365e-16 -3.826834e-01
    outer loop
      vertex   2.986603e+01 1.500000e+02 -1.995000e+02
      vertex   2.996593e+01 1.443704e+02 -1.992588e+02
      vertex   2.986603e+01 1.443704e+02 -1.995000e+02
    endloop
  endfacet
  facet normal 7.933533e-01 -5.006648e-16 -6.087614e-01
    outer loop
      vertex   2.986603e+01 1.500000e+02 -1.995000e+02
      vertex   2.986603e+01 1.443704e+02 -1.995000e+02
      vertex   2.970711e+01 1.500000e+02 -1.997071e+02
    endloop
  endfacet
  facet normal 7.933533e-01 0.000000e+00 -6.087614e-01
    outer loop
      vertex   2.970711e+01 1.500000e+02 -1.997071e+02
      vertex   2.986603e+01 1.443704e+02 -1.995000e+02
      vertex   2.970711e+01 1.443704e+02 -1.997071e+02
    endloop
  endfacet
  facet normal 6.087614e-01 0.000000e+00 -7.933533e-01
    outer loop
      vertex   2.970711e+01 1.500000e+02 -1.997071e+02
      vertex   2.970711e+01 1.443704e+02 -1.997071e+02
      vertex   2.950000e+01 1.500000e+02 -1.998660e+02
    endloop
  endfacet
  facet normal 6.087614e-01 -5.157839e-15 -7.933533e-01
    outer loop
      vertex   2.950000e+01 1.500000e+02 -1.998660e+02
      vertex   2.970711e+01 1.443704e+02 -1.997071e+02
      vertex   2.950000e+01 1.443704e+02 -1.998660e+02
    endloop
  endfacet
  facet normal 3.826834e-01 -5.388797e-15 -9.238795e-01
    outer loop
      vertex   2.950000e+01 1.500000e+02 -1.998660e+02
      vertex   2.950000e+01 1.443704e+02 -1.998660e+02
      vertex   2.925882e+01 1.500000e+02 -1.999659e+02
    endloop
  endfacet
  facet normal 3.826834e-01 4.905793e-15 -9.238795e-01
    outer loop
      vertex   2.925882e+01 1.500000e+02 -1.999659e+02
      vertex   2.950000e+01 1.443704e+02 -1.998660e+02
      vertex   2.925882e+01 1.443704e+02 -1.999659e+02
    endloop
  endfacet
  facet normal 1.305262e-01 5.087773e-15 -9.914449e-01
    outer loop
      vertex   2.925882e+01 1.500000e+02 -1.999659e+02
      vertex   2.925882e+01 1.443704e+02 -1.999659e+02
      vertex   2.900000e+01 1.500000e+02 -2.000000e+02
    endloop
  endfacet
  facet normal 1.305262e-01 0.000000e+00 -9.914449e-01
    outer loop
      vertex   2.900000e+01 1.500000e+02 -2.000000e+02
      vertex   2.925882e+01 1.443704e+02 -1.999659e+02
      vertex   2.925882e+01 1.387407e+02 -1.999659e+02
    endloop
  endfacet
  facet normal 9.238795e-01 -1.166073e-15 -3.826834e-01
    outer loop
      vertex   2.996593e+01 3.629630e+00 -1.992588e+02
      vertex   2.996593e+01 -2.000000e+00 -1.992588e+02
      vertex   2.986603e+01 3.629630e+00 -1.995000e+02
    endloop
  endfacet
  facet normal 9.238795e-01 5.830365e-16 -3.826834e-01
    outer loop
      vertex   2.986603e+01 3.629630e+00 -1.995000e+02
      vertex   2.996593e+01 -2.000000e+00 -1.992588e+02
      vertex   2.986603e+01 -2.000000e+00 -1.995000e+02
    endloop
  endfacet
  facet normal 7.933533e-01 5.006648e-16 -6.087614e-01
    outer loop
      vertex   2.986603e+01 3.629630e+00 -1.995000e+02
      vertex   2.986603e+01 -2.000000e+00 -1.995000e+02
      vertex   2.970711e+01 3.629630e+00 -1.997071e+02
    endloop
  endfacet
  facet normal 7.933533e-01 0.000000e+00 -6.087614e-01
    outer loop
      vertex   2.970711e+01 3.629630e+00 -1.997071e+02
      vertex   2.986603e+01 -2.000000e+00 -1.995000e+02
      vertex   2.970711e+01 -2.000000e+00 -1.997071e+02
    endloop
  endfacet
  facet normal 6.087614e-01 0.000000e+00 -7.933533e-01
    outer loop
      vertex   2.970711e+01 3.629630e+00 -1.997071e+02
      vertex   2.970711e+01 -2.000000e+00 -1.997071e+02
      vertex   2.950000e+01 3.629630e+00 -1.998660e+02
    endloop
  endfacet
  facet normal 6.087614e-01 5.157839e-15 -7.933533e-01
    outer loop
      vertex   2.950000e+01 3.629630e+00 -1.998660e+02
      vertex   2.970711e+01 -2.000000e+00 -1.997071e+02
      vertex   2.950000e+01 -2.000000e+00 -1.998660e+02
    endloop
  endfacet
  facet normal 3.826834e-01 5.388797e-15 -9.238795e-01
    outer loop
      vertex   2.950000e+01 3.629630e+00 -1.998660e+02
      vertex   2.950000e+01 -2.000000e+00 -1.998660e+02
      vertex   2.925882e+01 3.629630e+00 -1.999659e+02
    endloop
  endfacet
  facet normal 3.826834e-01 -4.905793e-15 -9.238795e-01
    outer loop
      vertex   2.925882e+01 3.629630e+00 -1.999659e+02
      vertex   2.950000e+01 -2.000000e+00 -1.998660e+02
      vertex   2.925882e+01 -2.000000e+00 -1.999659e+02
    endloop
  endfacet
  facet normal 1.305262e-01 -5.087773e-15 -9.914449e-01
    outer loop
      vertex   2.925882e+01 3.629630e+00 -1.999659e+02
      vertex   2.925882e+01 -2.000000e+00 -1.999659e+02
      vertex   2.900000e+01 -2.000000e+00 -2.000000e+02
    endloop
  endfacet
  facet normal 1.305262e-01 0.000000e+00 -9.914449e-01
    outer loop
      vertex   2.900000e+01 1.500000e+02 -2.000000e+02
      vertex   2.925882e+01 7.118519e+01 -1.999659e+02
      vertex   2.900000e+01 -2.000000e+00 -2.000000e+02
    endloop
  endfacet
  facet normal 1.305262e-01 0.000000e+00 -9.914449e-01
    outer loop
      vertex   2.900000e+01 -2.000000e+00 -2.000000e+02
      vertex   2.925882e+01 7.118519e+01 -1.999659e+02
      vertex   2.925882e+01 6.555556e+01 -1.999659e+02
    endloop
  endfacet
  facet normal 1.305262e-01 0.000000e+00 -9.914449e-01
    outer loop
      vertex   2.900000e+01 -2.000000e+00 -2.000000e+02
      vertex   2.925882e+01 6.555556e+01 -1.999659e+02
      vertex   2.925882e+01 5.992593e+01 -1.999659e+02
    endloop
  endfacet
  facet normal 3.826834e-01 0.000000e+00 -9.238795e-01
    outer loop
      vertex   2.925882e+01 5.992593e+01 -1.999659e+02
      vertex   2.925882e+01 6.555556e+01 -1.999659e+02
      vertex   2.950000e+01 5.992593e+01 -1.998660e+02
    endloop
  endfacet
  facet normal 3.826834e-01 0.000000e+00 -9.238795e-01
    outer loop
      vertex   2.925882e+01 5.992593e+01 -1.999659e+02
      vertex   2.950000e+01 5.992593e+01 -1.998660e+02
      vertex   2.950000e+01 5.429630e+01 -1.998660e+02
    endloop
  endfacet
  facet normal 6.087614e-01 0.000000e+00 -7.933533e-01
    outer loop
      vertex   2.950000e+01 5.429630e+01 -1.998660e+02
      vertex   2.950000e+01 5.992593e+01 -1.998660e+02
      vertex   2.970711e+01 5.429630e+01 -1.997071e+02
    endloop
  endfacet
  facet normal 6.087614e-01 0.000000e+00 -7.933533e-01
    outer loop
      vertex   2.950000e+01 5.429630e+01 -1.998660e+02
      vertex   2.970711e+01 5.429630e+01 -1.997071e+02
      vertex   2.970711e+01 4.866667e+01 -1.997071e+02
    endloop
  endfacet
  facet normal 7.933533e-01 0.000000e+00 -6.087614e-01
    outer loop
      vertex   2.970711e+01 4.866667e+01 -1.997071e+02
      vertex   2.970711e+01 5.429630e+01 -1.997071e+02
      vertex   2.986603e+01 4.866667e+01 -1.995000e+02
    endloop
  endfacet
  facet normal 9.914449e-01 0.000000e+00 -1.305262e-01
    outer loop
      vertex   3.000000e+01 -2.000000e+00 -1.990000e+02
      vertex   2.996593e+01 7.681481e+01 -1.992588e+02
      vertex   3.000000e+01 1.500000e+02 -1.990000e+02
    endloop
  endfacet
  facet normal 9.914449e-01 0.000000e+00 -1.305262e-01
    outer loop
      vertex   3.000000e+01 1.500000e+02 -1.990000e+02
      vertex   2.996593e+01 7.681481e+01 -1.992588e+02
      vertex   2.996593e+01 8.244444e+01 -1.992588e+02
    endloop
  endfacet
  facet normal 9.914449e-01 0.000000e+00 -1.305262e-01
    outer loop
      vertex   3.000000e+01 1.500000e+02 -1.990000e+02
      vertex   2.996593e+01 8.244444e+01 -1.992588e+02
      vertex   2.996593e+01 8.807407e+01 -1.992588e+02
    endloop
  endfacet
  facet normal 9.238795e-01 0.000000e+00 -3.826834e-01
    outer loop
      vertex   2.996593e+01 8.807407e+01 -1.992588e+02
      vertex   2.996593e+01 8.244444e+01 -1.992588e+02
      vertex   2.986603e+01 8.807407e+01 -1.995000e+02
    endloop
  endfacet
  facet normal 9.238795e-01 0.000000e+00 -3.826834e-01
    outer loop
      vertex   2.996593e+01 9.259259e+00 -1.992588e+02
      vertex   2.996593e+01 3.629630e+00 -1.992588e+02
      vertex   2.986603e+01 9.259259e+00 -1.995000e+02
    endloop
  endfacet
  facet normal 9.238795e-01 0.000000e+00 -3.826834e-01
    outer loop
      vertex   2.986603e+01 9.259259e+00 -1.995000e+02
      vertex   2.996593e+01 3.629630e+00 -1.992588e+02
      vertex   2.986603e+01 3.629630e+00 -1.995000e+02
    endloop
  endfacet
  facet normal 7.933533e-01 0.000000e+00 -6.087614e-01
    outer loop
      vertex   2.986603e+01 9.259259e+00 -1.995000e+02
      vertex   2.986603e+01 3.629630e+00 -1.995000e+02
      vertex   2.970711e+01 9.259259e+00 -1.997071e+02
    endloop
  endfacet
  facet normal 7.933533e-01 0.000000e+00 -6.087614e-01
    outer loop
      vertex   2.970711e+01 9.259259e+00 -1.997071e+02
      vertex   2.986603e+01 3.629630e+00 -1.995000e+02
      vertex   2.970711e+01 3.629630e+00 -1.997071e+02
    endloop
  endfacet
  facet normal 6.087614e-01 0.000000e+00 -7.933533e-01
    outer loop
      vertex   2.970711e+01 9.259259e+00 -1.997071e+02
      vertex   2.970711e+01 3.629630e+00 -1.997071e+02
      vertex   2.950000e+01 9.259259e+00 -1.998660e+02
    endloop
  endfacet
  facet normal 6.087614e-01 0.000000e+00 -7.933533e-01
    outer loop
      vertex   2.950000e+01 9.259259e+00 -1.998660e+02
      vertex   2.970711e+01 3.629630e+00 -1.997071e+02
      vertex   2.950000e+01 3.629630e+00 -1.998660e+02
    endloop
  endfacet
  facet normal 3.826834e-01 0.000000e+00 -9.238795e-01
    outer loop
      vertex   2.950000e+01 9.259259e+00 -1.998660e+02
      vertex   2.950000e+01 3.629630e+00 -1.998660e+02
      vertex   2.925882e+01 9.259259e+00 -1.999659e+02
    endloop
  endfacet
  facet normal 3.826834e-01 0.000000e+00 -9.238795e-01
    outer loop
      vertex   2.925882e+01 9.259259e+00 -1.999659e+02
      vertex   2.950000e+01 3.629630e+00 -1.998660e+02
      vertex   2.925882e+01 3.629630e+00 -1.999659e+02
    endloop
  endfacet
  facet normal 1.305262e-01 0.000000e+00 -9.914449e-01
    outer loop
      vertex   2.925882e+01 9.259259e+00 -1.999659e+02
      vertex   2.925882e+01 3.629630e+00 -1.999659e+02
      vertex   2.900000e+01 -2.000000e+00 -2.000000e+02
    endloop
  endfacet
  facet normal 9.914449e-01 0.000000e+00 -1.305262e-01
    outer loop
      vertex   2.996593e+01 1.488889e+01 -1.992588e+02
      vertex   2.996593e+01 2.051852e+01 -1.992588e+02
      vertex   3.000000e+01 -2.000000e+00 -1.990000e+02
    endloop
  endfacet
  facet normal 9.914449e-01 0.000000e+00 -1.305262e-01
    outer loop
      vertex   3.000000e+01 -2.000000e+00 -1.990000e+02
      vertex   2.996593e+01 2.051852e+01 -1.992588e+02
      vertex   2.996593e+01 2.614815e+01 -1.992588e+02
    endloop
  endfacet
  facet normal 9.914449e-01 0.000000e+00 -1.305262e-01
    outer loop
      vertex   3.000000e+01 -2.000000e+00 -1.990000e+02
      vertex   2.996593e+01 2.614815e+01 -1.992588e+02
      vertex   2.996593e+01 3.177778e+01 -1.992588e+02
    endloop
  endfacet
  facet normal 9.238795e-01 0.000000e+00 -3.826834e-01
    outer loop
      vertex   2.996593e+01 3.177778e+01 -1.992588e+02
      vertex   2.996593e+01 2.614815e+01 -1.992588e+02
      vertex   2.986603e+01 3.177778e+01 -1.995000e+02
    endloop
  endfacet
  facet normal 9.238795e-01 0.000000e+00 -3.826834e-01
    outer loop
      vertex   2.996593e+01 3.177778e+01 -1.992588e+02
      vertex   2.986603e+01 3.177778e+01 -1.995000e+02
      vertex   2.986603e+01 3.740741e+01 -1.995000e+02
    endloop
  endfacet
  facet normal 7.933533e-01 0.000000e+00 -6.087614e-01
    outer loop
      vertex   2.986603e+01 3.740741e+01 -1.995000e+02
      vertex   2.986603e+01 3.177778e+01 -1.995000e+02
      vertex   2.970711e+01 3.740741e+01 -1.997071e+02
    endloop
  endfacet
  facet normal 7.933533e-01 0.000000e+00 -6.087614e-01
    outer loop
      vertex   2.986603e+01 3.740741e+01 -1.995000e+02
      vertex   2.970711e+01 3.740741e+01 -1.997071e+02
      vertex   2.970711e+01 4.303704e+01 -1.997071e+02
    endloop
  endfacet
  facet normal 6.087614e-01 0.000000e+00 -7.933533e-01
    outer loop
      vertex   2.970711e+01 4.303704e+01 -1.997071e+02
      vertex   2.970711e+01 3.740741e+01 -1.997071e+02
      vertex   2.950000e+01 4.303704e+01 -1.998660e+02
    endloop
  endfacet
  facet normal 9.238795e-01 0.000000e+00 -3.826834e-01
    outer loop
      vertex   2.996593e+01 1.488889e+01 -1.992588e+02
      vertex   2.986603e+01 2.051852e+01 -1.995000e+02
      vertex   2.996593e+01 2.051852e+01 -1.992588e+02
    endloop
  endfacet
  facet normal 9.238795e-01 0.000000e+00 -3.826834e-01
    outer loop
      vertex   2.996593e+01 2.051852e+01 -1.992588e+02
      vertex   2.986603e+01 2.051852e+01 -1.995000e+02
      vertex   2.986603e+01 2.614815e+01 -1.995000e+02
    endloop
  endfacet
  facet normal 9.238795e-01 0.000000e+00 -3.826834e-01
    outer loop
      vertex   2.996593e+01 2.051852e+01 -1.992588e+02
      vertex   2.986603e+01 2.614815e+01 -1.995000e+02
      vertex   2.996593e+01 2.614815e+01 -1.992588e+02
    endloop
  endfacet
  facet normal 9.238795e-01 0.000000e+00 -3.826834e-01
    outer loop
      vertex   2.996593e+01 2.614815e+01 -1.992588e+02
      vertex   2.986603e+01 2.614815e+01 -1.995000e+02
      vertex   2.986603e+01 3.177778e+01 -1.995000e+02
    endloop
  endfacet
  facet normal 9.914449e-01 0.000000e+00 -1.305262e-01
    outer loop
      vertex   2.996593e+01 4.303704e+01 -1.992588e+02
      vertex   3.000000e+01 -2.000000e+00 -1.990000e+02
      vertex   2.996593e+01 3.740741e+01 -1.992588e+02
    endloop
  endfacet
  facet normal 9.914449e-01 0.000000e+00 -1.305262e-01
    outer loop
      vertex   2.996593e+01 3.740741e+01 -1.992588e+02
      vertex   3.000000e+01 -2.000000e+00 -1.990000e+02
      vertex   2.996593e+01 3.177778e+01 -1.992588e+02
    endloop
  endfacet
  facet normal 9.238795e-01 0.000000e+00 -3.826834e-01
    outer loop
      vertex   2.996593e+01 3.740741e+01 -1.992588e+02
      vertex   2.996593e+01 3.177778e+01 -1.992588e+02
      vertex   2.986603e+01 3.740741e+01 -1.995000e+02
    endloop
  endfacet
  facet normal 9.238795e-01 0.000000e+00 -3.826834e-01
    outer loop
      vertex   2.986603e+01 4.303704e+01 -1.995000e+02
      vertex   2.996593e+01 4.303704e+01 -1.992588e+02
      vertex   2.996593e+01 3.740741e+01 -1.992588e+02
    endloop
  endfacet
  facet normal 9.238795e-01 0.000000e+00 -3.826834e-01
    outer loop
      vertex   2.986603e+01 4.303704e+01 -1.995000e+02
      vertex   2.996593e+01 3.740741e+01 -1.992588e+02
      vertex   2.986603e+01 3.740741e+01 -1.995000e+02
    endloop
  endfacet
  facet normal 9.238795e-01 0.000000e+00 -3.826834e-01
    outer loop
      vertex   2.996593e+01 5.429630e+01 -1.992588e+02
      vertex   2.996593e+01 4.866667e+01 -1.992588e+02
      vertex   2.986603e+01 5.429630e+01 -1.995000e+02
    endloop
  endfacet
  facet normal 9.238795e-01 0.000000e+00 -3.826834e-01
    outer loop
      vertex   2.986603e+01 5.429630e+01 -1.995000e+02
      vertex   2.996593e+01 4.866667e+01 -1.992588e+02
      vertex   2.986603e+01 4.866667e+01 -1.995000e+02
    endloop
  endfacet
  facet normal 7.933533e-01 0.000000e+00 -6.087614e-01
    outer loop
      vertex   2.986603e+01 5.429630e+01 -1.995000e+02
      vertex   2.986603e+01 4.866667e+01 -1.995000e+02
      vertex   2.970711e+01 5.429630e+01 -1.997071e+02
    endloop
  endfacet
  facet normal 9.914449e-01 0.000000e+00 -1.305262e-01
    outer loop
      vertex   2.996593e+01 5.992593e+01 -1.992588e+02
      vertex   2.996593e+01 6.555556e+01 -1.992588e+02
      vertex   3.000000e+01 -2.000000e+00 -1.990000e+02
    endloop
  endfacet
  facet normal 9.914449e-01 0.000000e+00 -1.305262e-01
    outer loop
      vertex   3.000000e+01 -2.000000e+00 -1.990000e+02
      vertex   2.996593e+01 6.555556e+01 -1.992588e+02
      vertex   2.996593e+01 7.118519e+01 -1.992588e+02
    endloop
  endfacet
  facet normal 9.914449e-01 0.000000e+00 -1.305262e-01
    outer loop
      vertex   3.000000e+01 -2.000000e+00 -1.990000e+02
      vertex   2.996593e+01 7.118519e+01 -1.992588e+02
      vertex   2.996593e+01 7.681481e+01 -1.992588e+02
    endloop
  endfacet
  facet normal 9.238795e-01 0.000000e+00 -3.826834e-01
    outer loop
      vertex   2.996593e+01 7.681481e+01 -1.992588e+02
      vertex   2.996593e+01 7.118519e+01 -1.992588e+02
      vertex   2.986603e+01 7.681481e+01 -1.995000e+02
    endloop
  endfacet
  facet normal 9.238795e-01 0.000000e+00 -3.826834e-01
    outer loop
      vertex   2.996593e+01 7.681481e+01 -1.992588e+02
      vertex   2.986603e+01 7.681481e+01 -1.995000e+02
      vertex   2.986603e+01 8.244444e+01 -1.995000e+02
    endloop
  endfacet
  facet normal 7.933533e-01 0.000000e+00 -6.087614e-01
    outer loop
      vertex   2.986603e+01 8.244444e+01 -1.995000e+02
      vertex   2.986603e+01 7.681481e+01 -1.995000e+02
      vertex   2.970711e+01 8.244444e+01 -1.997071e+02
    endloop
  endfacet
  facet normal 7.933533e-01 0.000000e+00 -6.087614e-01
    outer loop
      vertex   2.986603e+01 8.244444e+01 -1.995000e+02
      vertex   2.970711e+01 8.244444e+01 -1.997071e+02
      vertex   2.970711e+01 8.807407e+01 -1.997071e+02
    endloop
  endfacet
  facet normal 6.087614e-01 0.000000e+00 -7.933533e-01
    outer loop
      vertex   2.970711e+01 8.807407e+01 -1.997071e+02
      vertex   2.970711e+01 8.244444e+01 -1.997071e+02
      vertex   2.950000e+01 8.807407e+01 -1.998660e+02
    endloop
  endfacet
  facet normal 9.238795e-01 0.000000e+00 -3.826834e-01
    outer loop
      vertex   2.996593e+01 5.992593e+01 -1.992588e+02
      vertex   2.986603e+01 6.555556e+01 -1.995000e+02
      vertex   2.996593e+01 6.555556e+01 -1.992588e+02
    endloop
  endfacet
  facet normal 9.238795e-01 0.000000e+00 -3.826834e-01
    outer loop
      vertex   2.996593e+01 6.555556e+01 -1.992588e+02
      vertex   2.986603e+01 6.555556e+01 -1.995000e+02
      vertex   2.986603e+01 7.118519e+01 -1.995000e+02
    endloop
  endfacet
  facet normal 9.238795e-01 0.000000e+00 -3.826834e-01
    outer loop
      vertex   2.996593e+01 6.555556e+01 -1.992588e+02
      vertex   2.986603e+01 7.118519e+01 -1.995000e+02
      vertex   2.996593e+01 7.118519e+01 -1.992588e+02
    endloop
  endfacet
  facet normal 9.238795e-01 0.000000e+00 -3.826834e-01
    outer loop
      vertex   2.996593e+01 7.118519e+01 -1.992588e+02
      vertex   2.986603e+01 7.118519e+01 -1.995000e+02
      vertex   2.986603e+01 7.681481e+01 -1.995000e+02
    endloop
  endfacet
  facet normal 9.238795e-01 0.000000e+00 -3.826834e-01
    outer loop
      vertex   2.986603e+01 8.807407e+01 -1.995000e+02
      vertex   2.996593e+01 8.244444e+01 -1.992588e+02
      vertex   2.986603e+01 8.244444e+01 -1.995000e+02
    endloop
  endfacet
  facet normal 9.238795e-01 0.000000e+00 -3.826834e-01
    outer loop
      vertex   2.986603e+01 8.244444e+01 -1.995000e+02
      vertex   2.996593e+01 8.244444e+01 -1.992588e+02
      vertex   2.996593e+01 7.681481e+01 -1.992588e+02
    endloop
  endfacet
  facet normal 9.238795e-01 0.000000e+00 -3.826834e-01
    outer loop
      vertex   2.996593e+01 9.933333e+01 -1.992588e+02
      vertex   2.996593e+01 9.370370e+01 -1.992588e+02
      vertex   2.986603e+01 9.933333e+01 -1.995000e+02
    endloop
  endfacet
  facet normal 9.238795e-01 0.000000e+00 -3.826834e-01
    outer loop
      vertex   2.986603e+01 9.933333e+01 -1.995000e+02
      vertex   2.996593e+01 9.370370e+01 -1.992588e+02
      vertex   2.986603e+01 9.370370e+01 -1.995000e+02
    endloop
  endfacet
  facet normal 7.933533e-01 0.000000e+00 -6.087614e-01
    outer loop
      vertex   2.986603e+01 9.933333e+01 -1.995000e+02
      vertex   2.986603e+01 9.370370e+01 -1.995000e+02
      vertex   2.970711e+01 9.933333e+01 -1.997071e+02
    endloop
  endfacet
  facet normal 7.933533e-01 0.000000e+00 -6.087614e-01
    outer loop
      vertex   2.970711e+01 9.933333e+01 -1.997071e+02
      vertex   2.986603e+01 9.370370e+01 -1.995000e+02
      vertex   2.970711e+01 9.370370e+01 -1.997071e+02
    endloop
  endfacet
  facet normal 6.087614e-01 0.000000e+00 -7.933533e-01
    outer loop
      vertex   2.970711e+01 9.933333e+01 -1.997071e+02
      vertex   2.970711e+01 9.370370e+01 -1.997071e+02
      vertex   2.950000e+01 9.933333e+01 -1.998660e+02
    endloop
  endfacet
  facet normal 6.087614e-01 0.000000e+00 -7.933533e-01
    outer loop
      vertex   2.950000e+01 9.933333e+01 -1.998660e+02
      vertex   2.970711e+01 9.370370e+01 -1.997071e+02
      vertex   2.950000e+01 9.370370e+01 -1.998660e+02
    endloop
  endfacet
  facet normal 3.826834e-01 0.000000e+00 -9.238795e-01
    outer loop
      vertex   2.950000e+01 9.933333e+01 -1.998660e+02
      vertex   2.950000e+01 9.370370e+01 -1.998660e+02
      vertex   2.925882e+01 9.933333e+01 -1.999659e+02
    endloop
  endfacet
  facet normal 3.826834e-01 0.000000e+00 -9.238795e-01
    outer loop
      vertex   2.925882e+01 9.933333e+01 -1.999659e+02
      vertex   2.950000e+01 9.370370e+01 -1.998660e+02
      vertex   2.925882e+01 9.370370e+01 -1.999659e+02
    endloop
  endfacet
  facet normal 1.305262e-01 0.000000e+00 -9.914449e-01
    outer loop
      vertex   2.925882e+01 9.933333e+01 -1.999659e+02
      vertex   2.925882e+01 9.370370e+01 -1.999659e+02
      vertex   2.900000e+01 1.500000e+02 -2.000000e+02
    endloop
  endfacet
  facet normal 9.914449e-01 0.000000e+00 -1.305262e-01
    outer loop
      vertex   2.996593e+01 1.049630e+02 -1.992588e+02
      vertex   2.996593e+01 1.105926e+02 -1.992588e+02
      vertex   3.000000e+01 1.500000e+02 -1.990000e+02
    endloop
  endfacet
  facet normal 9.914449e-01 0.000000e+00 -1.305262e-01
    outer loop
      vertex   3.000000e+01 1.500000e+02 -1.990000e+02
      vertex   2.996593e+01 1.105926e+02 -1.992588e+02
      vertex   2.996593e+01 1.162222e+02 -1.992588e+02
    endloop
  endfacet
  facet normal 9.914449e-01 0.000000e+00 -1.305262e-01
    outer loop
      vertex   3.000000e+01 1.500000e+02 -1.990000e+02
      vertex   2.996593e+01 1.162222e+02 -1.992588e+02
      vertex   2.996593e+01 1.218519e+02 -1.992588e+02
    endloop
  endfacet
  facet normal 9.238795e-01 0.000000e+00 -3.826834e-01
    outer loop
      vertex   2.996593e+01 1.218519e+02 -1.992588e+02
      vertex   2.996593e+01 1.162222e+02 -1.992588e+02
      vertex   2.986603e+01 1.218519e+02 -1.995000e+02
    endloop
  endfacet
  facet normal 9.238795e-01 0.000000e+00 -3.826834e-01
    outer loop
      vertex   2.996593e+01 1.218519e+02 -1.992588e+02
      vertex   2.986603e+01 1.218519e+02 -1.995000e+02
      vertex   2.986603e+01 1.274815e+02 -1.995000e+02
    endloop
  endfacet
  facet normal 7.933533e-01 0.000000e+00 -6.087614e-01
    outer loop
      vertex   2.986603e+01 1.274815e+02 -1.995000e+02
      vertex   2.986603e+01 1.218519e+02 -1.995000e+02
      vertex   2.970711e+01 1.274815e+02 -1.997071e+02
    endloop
  endfacet
  facet normal 7.933533e-01 0.000000e+00 -6.087614e-01
    outer loop
      vertex   2.986603e+01 1.274815e+02 -1.995000e+02
      vertex   2.970711e+01 1.274815e+02 -1.997071e+02
      vertex   2.970711e+01 1.331111e+02 -1.997071e+02
    endloop
  endfacet
  facet normal 6.087614e-01 0.000000e+00 -7.933533e-01
    outer loop
      vertex   2.970711e+01 1.331111e+02 -1.997071e+02
      vertex   2.970711e+01 1.274815e+02 -1.997071e+02
      vertex   2.950000e+01 1.331111e+02 -1.998660e+02
    endloop
  endfacet
  facet normal 9.238795e-01 0.000000e+00 -3.826834e-01
    outer loop
      vertex   2.996593e+01 1.049630e+02 -1.992588e+02
      vertex   2.986603e+01 1.105926e+02 -1.995000e+02
      vertex   2.996593e+01 1.105926e+02 -1.992588e+02
    endloop
  endfacet
  facet normal 9.238795e-01 0.000000e+00 -3.826834e-01
    outer loop
      vertex   2.996593e+01 1.105926e+02 -1.992588e+02
      vertex   2.986603e+01 1.105926e+02 -1.995000e+02
      vertex   2.986603e+01 1.162222e+02 -1.995000e+02
    endloop
  endfacet
  facet normal 9.238795e-01 0.000000e+00 -3.826834e-01
    outer loop
      vertex   2.996593e+01 1.105926e+02 -1.992588e+02
      vertex   2.986603e+01 1.162222e+02 -1.995000e+02
      vertex   2.996593e+01 1.162222e+02 -1.992588e+02
    endloop
  endfacet
  facet normal 9.238795e-01 0.000000e+00 -3.826834e-01
    outer loop
      vertex   2.996593e+01 1.162222e+02 -1.992588e+02
      vertex   2.986603e+01 1.162222e+02 -1.995000e+02
      vertex   2.986603e+01 1.218519e+02 -1.995000e+02
    endloop
  endfacet
  facet normal 9.914449e-01 0.000000e+00 -1.305262e-01
    outer loop
      vertex   2.996593e+01 1.331111e+02 -1.992588e+02
      vertex   3.000000e+01 1.500000e+02 -1.990000e+02
      vertex   2.996593e+01 1.274815e+02 -1.992588e+02
    endloop
  endfacet
  facet normal 9.914449e-01 0.000000e+00 -1.305262e-01
    outer loop
      vertex   2.996593e+01 1.274815e+02 -1.992588e+02
      vertex   3.000000e+01 1.500000e+02 -1.990000e+02
      vertex   2.996593e+01 1.218519e+02 -1.992588e+02
    endloop
  endfacet
  facet normal 9.238795e-01 0.000000e+00 -3.826834e-01
    outer loop
      vertex   2.996593e+01 1.274815e+02 -1.992588e+02
      vertex   2.996593e+01 1.218519e+02 -1.992588e+02
      vertex   2.986603e+01 1.274815e+02 -1.995000e+02
    endloop
  endfacet
  facet normal 9.238795e-01 0.000000e+00 -3.826834e-01
    outer loop
      vertex   2.986603e+01 1.331111e+02 -1.995000e+02
      vertex   2.996593e+01 1.331111e+02 -1.992588e+02
      vertex   2.996593e+01 1.274815e+02 -1.992588e+02
    endloop
  endfacet
  facet normal 9.238795e-01 0.000000e+00 -3.826834e-01
    outer loop
      vertex   2.986603e+01 1.331111e+02 -1.995000e+02
      vertex   2.996593e+01 1.274815e+02 -1.992588e+02
      vertex   2.986603e+01 1.274815e+02 -1.995000e+02
    endloop
  endfacet
  facet normal 9.238795e-01 0.000000e+00 -3.826834e-01
    outer loop
      vertex   2.986603e+01 1.443704e+02 -1.995000e+02
      vertex   2.996593e+01 1.443704e+02 -1.992588e+02
      vertex   2.996593e+01 1.387407e+02 -1.992588e+02
    endloop
  endfacet
  facet normal 9.238795e-01 0.000000e+00 -3.826834e-01
    outer loop
      vertex   2.986603e+01 1.443704e+02 -1.995000e+02
      vertex   2.996593e+01 1.387407e+02 -1.992588e+02
      vertex   2.986603e+01 1.387407e+02 -1.995000e+02
    endloop
  endfacet
  facet normal 9.238795e-01 0.000000e+00 -3.826834e-01
    outer loop
      vertex   2.996593e+01 9.259259e+00 -1.992588e+02
      vertex   2.986603e+01 9.259259e+00 -1.995000e+02
      vertex   2.986603e+01 1.488889e+01 -1.995000e+02
    endloop
  endfacet
  facet normal 7.933533e-01 0.000000e+00 -6.087614e-01
    outer loop
      vertex   2.986603e+01 1.488889e+01 -1.995000e+02
      vertex   2.986603e+01 9.259259e+00 -1.995000e+02
      vertex   2.970711e+01 1.488889e+01 -1.997071e+02
    endloop
  endfacet
  facet normal 7.933533e-01 0.000000e+00 -6.087614e-01
    outer loop
      vertex   2.986603e+01 1.488889e+01 -1.995000e+02
      vertex   2.970711e+01 1.488889e+01 -1.997071e+02
      vertex   2.970711e+01 2.051852e+01 -1.997071e+02
    endloop
  endfacet
  facet normal 6.087614e-01 0.000000e+00 -7.933533e-01
    outer loop
      vertex   2.970711e+01 2.051852e+01 -1.997071e+02
      vertex   2.970711e+01 1.488889e+01 -1.997071e+02
      vertex   2.950000e+01 2.051852e+01 -1.998660e+02
    endloop
  endfacet
  facet normal 6.087614e-01 0.000000e+00 -7.933533e-01
    outer loop
      vertex   2.970711e+01 2.051852e+01 -1.997071e+02
      vertex   2.950000e+01 2.051852e+01 -1.998660e+02
      vertex   2.950000e+01 2.614815e+01 -1.998660e+02
    endloop
  endfacet
  facet normal 3.826834e-01 0.000000e+00 -9.238795e-01
    outer loop
      vertex   2.950000e+01 2.614815e+01 -1.998660e+02
      vertex   2.950000e+01 2.051852e+01 -1.998660e+02
      vertex   2.925882e+01 2.614815e+01 -1.999659e+02
    endloop
  endfacet
  facet normal 3.826834e-01 0.000000e+00 -9.238795e-01
    outer loop
      vertex   2.950000e+01 2.614815e+01 -1.998660e+02
      vertex   2.925882e+01 2.614815e+01 -1.999659e+02
      vertex   2.925882e+01 3.177778e+01 -1.999659e+02
    endloop
  endfacet
  facet normal 1.305262e-01 0.000000e+00 -9.914449e-01
    outer loop
      vertex   2.925882e+01 3.177778e+01 -1.999659e+02
      vertex   2.925882e+01 2.614815e+01 -1.999659e+02
      vertex   2.900000e+01 -2.000000e+00 -2.000000e+02
    endloop
  endfacet
  facet normal 7.933533e-01 0.000000e+00 -6.087614e-01
    outer loop
      vertex   2.970711e+01 1.488889e+01 -1.997071e+02
      vertex   2.986603e+01 9.259259e+00 -1.995000e+02
      vertex   2.970711e+01 9.259259e+00 -1.997071e+02
    endloop
  endfacet
  facet normal 7.933533e-01 0.000000e+00 -6.087614e-01
    outer loop
      vertex   2.986603e+01 2.051852e+01 -1.995000e+02
      vertex   2.970711e+01 2.614815e+01 -1.997071e+02
      vertex   2.986603e+01 2.614815e+01 -1.995000e+02
    endloop
  endfacet
  facet normal 7.933533e-01 0.000000e+00 -6.087614e-01
    outer loop
      vertex   2.986603e+01 2.614815e+01 -1.995000e+02
      vertex   2.970711e+01 2.614815e+01 -1.997071e+02
      vertex   2.970711e+01 3.177778e+01 -1.997071e+02
    endloop
  endfacet
  facet normal 7.933533e-01 0.000000e+00 -6.087614e-01
    outer loop
      vertex   2.986603e+01 2.614815e+01 -1.995000e+02
      vertex   2.970711e+01 3.177778e+01 -1.997071e+02
      vertex   2.986603e+01 3.177778e+01 -1.995000e+02
    endloop
  endfacet
  facet normal 7.933533e-01 0.000000e+00 -6.087614e-01
    outer loop
      vertex   2.986603e+01 3.177778e+01 -1.995000e+02
      vertex   2.970711e+01 3.177778e+01 -1.997071e+02
      vertex   2.970711e+01 3.740741e+01 -1.997071e+02
    endloop
  endfacet
  facet normal 7.933533e-01 0.000000e+00 -6.087614e-01
    outer loop
      vertex   2.970711e+01 4.303704e+01 -1.997071e+02
      vertex   2.986603e+01 4.303704e+01 -1.995000e+02
      vertex   2.986603e+01 3.740741e+01 -1.995000e+02
    endloop
  endfacet
  facet normal 9.238795e-01 0.000000e+00 -3.826834e-01
    outer loop
      vertex   2.996593e+01 5.429630e+01 -1.992588e+02
      vertex   2.986603e+01 5.429630e+01 -1.995000e+02
      vertex   2.986603e+01 5.992593e+01 -1.995000e+02
    endloop
  endfacet
  facet normal 7.933533e-01 0.000000e+00 -6.087614e-01
    outer loop
      vertex   2.986603e+01 5.992593e+01 -1.995000e+02
      vertex   2.986603e+01 5.429630e+01 -1.995000e+02
      vertex   2.970711e+01 5.992593e+01 -1.997071e+02
    endloop
  endfacet
  facet normal 7.933533e-01 0.000000e+00 -6.087614e-01
    outer loop
      vertex   2.986603e+01 5.992593e+01 -1.995000e+02
      vertex   2.970711e+01 5.992593e+01 -1.997071e+02
      vertex   2.970711e+01 6.555556e+01 -1.997071e+02
    endloop
  endfacet
  facet normal 6.087614e-01 0.000000e+00 -7.933533e-01
    outer loop
      vertex   2.970711e+01 6.555556e+01 -1.997071e+02
      vertex   2.970711e+01 5.992593e+01 -1.997071e+02
      vertex   2.950000e+01 6.555556e+01 -1.998660e+02
    endloop
  endfacet
  facet normal 6.087614e-01 0.000000e+00 -7.933533e-01
    outer loop
      vertex   2.970711e+01 6.555556e+01 -1.997071e+02
      vertex   2.950000e+01 6.555556e+01 -1.998660e+02
      vertex   2.950000e+01 7.118519e+01 -1.998660e+02
    endloop
  endfacet
  facet normal 3.826834e-01 0.000000e+00 -9.238795e-01
    outer loop
      vertex   2.950000e+01 7.118519e+01 -1.998660e+02
      vertex   2.950000e+01 6.555556e+01 -1.998660e+02
      vertex   2.925882e+01 7.118519e+01 -1.999659e+02
    endloop
  endfacet
  facet normal 3.826834e-01 0.000000e+00 -9.238795e-01
    outer loop
      vertex   2.950000e+01 7.118519e+01 -1.998660e+02
      vertex   2.925882e+01 7.118519e+01 -1.999659e+02
      vertex   2.925882e+01 7.681481e+01 -1.999659e+02
    endloop
  endfacet
  facet normal 1.305262e-01 0.000000e+00 -9.914449e-01
    outer loop
      vertex   2.925882e+01 7.681481e+01 -1.999659e+02
      vertex   2.925882e+01 7.118519e+01 -1.999659e+02
      vertex   2.900000e+01 1.500000e+02 -2.000000e+02
    endloop
  endfacet
  facet normal 7.933533e-01 0.000000e+00 -6.087614e-01
    outer loop
      vertex   2.970711e+01 5.992593e+01 -1.997071e+02
      vertex   2.986603e+01 5.429630e+01 -1.995000e+02
      vertex   2.970711e+01 5.429630e+01 -1.997071e+02
    endloop
  endfacet
  facet normal 7.933533e-01 0.000000e+00 -6.087614e-01
    outer loop
      vertex   2.986603e+01 6.555556e+01 -1.995000e+02
      vertex   2.970711e+01 7.118519e+01 -1.997071e+02
      vertex   2.986603e+01 7.118519e+01 -1.995000e+02
    endloop
  endfacet
  facet normal 7.933533e-01 0.000000e+00 -6.087614e-01
    outer loop
      vertex   2.986603e+01 7.118519e+01 -1.995000e+02
      vertex   2.970711e+01 7.118519e+01 -1.997071e+02
      vertex   2.970711e+01 7.681481e+01 -1.997071e+02
    endloop
  endfacet
  facet normal 7.933533e-01 0.000000e+00 -6.087614e-01
    outer loop
      vertex   2.986603e+01 7.118519e+01 -1.995000e+02
      vertex   2.970711e+01 7.681481e+01 -1.997071e+02
      vertex   2.986603e+01 7.681481e+01 -1.995000e+02
    endloop
  endfacet
  facet normal 7.933533e-01 0.000000e+00 -6.087614e-01
    outer loop
      vertex   2.986603e+01 7.681481e+01 -1.995000e+02
      vertex   2.970711e+01 7.681481e+01 -1.997071e+02
      vertex   2.970711e+01 8.244444e+01 -1.997071e+02
    endloop
  endfacet
  facet normal 7.933533e-01 0.000000e+00 -6.087614e-01
    outer loop
      vertex   2.970711e+01 8.807407e+01 -1.997071e+02
      vertex   2.986603e+01 8.807407e+01 -1.995000e+02
      vertex   2.986603e+01 8.244444e+01 -1.995000e+02
    endloop
  endfacet
  facet normal 9.238795e-01 0.000000e+00 -3.826834e-01
    outer loop
      vertex   2.996593e+01 9.933333e+01 -1.992588e+02
      vertex   2.986603e+01 9.933333e+01 -1.995000e+02
      vertex   2.986603e+01 1.049630e+02 -1.995000e+02
    endloop
  endfacet
  facet normal 7.933533e-01 0.000000e+00 -6.087614e-01
    outer loop
      vertex   2.986603e+01 1.049630e+02 -1.995000e+02
      vertex   2.986603e+01 9.933333e+01 -1.995000e+02
      vertex   2.970711e+01 1.049630e+02 -1.997071e+02
    endloop
  endfacet
  facet normal 7.933533e-01 0.000000e+00 -6.087614e-01
    outer loop
      vertex   2.986603e+01 1.049630e+02 -1.995000e+02
      vertex   2.970711e+01 1.049630e+02 -1.997071e+02
      vertex   2.970711e+01 1.105926e+02 -1.997071e+02
    endloop
  endfacet
  facet normal 6.087614e-01 0.000000e+00 -7.933533e-01
    outer loop
      vertex   2.970711e+01 1.105926e+02 -1.997071e+02
      vertex   2.970711e+01 1.049630e+02 -1.997071e+02
      vertex   2.950000e+01 1.105926e+02 -1.998660e+02
    endloop
  endfacet
  facet normal 6.087614e-01 0.000000e+00 -7.933533e-01
    outer loop
      vertex   2.970711e+01 1.105926e+02 -1.997071e+02
      vertex   2.950000e+01 1.105926e+02 -1.998660e+02
      vertex   2.950000e+01 1.162222e+02 -1.998660e+02
    endloop
  endfacet
  facet normal 3.826834e-01 0.000000e+00 -9.238795e-01
    outer loop
      vertex   2.950000e+01 1.162222e+02 -1.998660e+02
      vertex   2.950000e+01 1.105926e+02 -1.998660e+02
      vertex   2.925882e+01 1.162222e+02 -1.999659e+02
    endloop
  endfacet
  facet normal 3.826834e-01 0.000000e+00 -9.238795e-01
    outer loop
      vertex   2.950000e+01 1.162222e+02 -1.998660e+02
      vertex   2.925882e+01 1.162222e+02 -1.999659e+02
      vertex   2.925882e+01 1.218519e+02 -1.999659e+02
    endloop
  endfacet
  facet normal 1.305262e-01 0.000000e+00 -9.914449e-01
    outer loop
      vertex   2.925882e+01 1.218519e+02 -1.999659e+02
      vertex   2.925882e+01 1.162222e+02 -1.999659e+02
      vertex   2.900000e+01 1.500000e+02 -2.000000e+02
    endloop
  endfacet
  facet normal 7.933533e-01 0.000000e+00 -6.087614e-01
    outer loop
      vertex   2.970711e+01 1.049630e+02 -1.997071e+02
      vertex   2.986603e+01 9.933333e+01 -1.995000e+02
      vertex   2.970711e+01 9.933333e+01 -1.997071e+02
    endloop
  endfacet
  facet normal 7.933533e-01 0.000000e+00 -6.087614e-01
    outer loop
      vertex   2.986603e+01 1.105926e+02 -1.995000e+02
      vertex   2.970711e+01 1.162222e+02 -1.997071e+02
      vertex   2.986603e+01 1.162222e+02 -1.995000e+02
    endloop
  endfacet
  facet normal 7.933533e-01 0.000000e+00 -6.087614e-01
    outer loop
      vertex   2.986603e+01 1.162222e+02 -1.995000e+02
      vertex   2.970711e+01 1.162222e+02 -1.997071e+02
      vertex   2.970711e+01 1.218519e+02 -1.997071e+02
    endloop
  endfacet
  facet normal 7.933533e-01 0.000000e+00 -6.087614e-01
    outer loop
      vertex   2.986603e+01 1.162222e+02 -1.995000e+02
      vertex   2.970711e+01 1.218519e+02 -1.997071e+02
      vertex   2.986603e+01 1.218519e+02 -1.995000e+02
    endloop
  endfacet
  facet normal 7.933533e-01 0.000000e+00 -6.087614e-01
    outer loop
      vertex   2.986603e+01 1.218519e+02 -1.995000e+02
      vertex   2.970711e+01 1.218519e+02 -1.997071e+02
      vertex   2.970711e+01 1.274815e+02 -1.997071e+02
    endloop
  endfacet
  facet normal 7.933533e-01 0.000000e+00 -6.087614e-01
    outer loop
      vertex   2.970711e+01 1.331111e+02 -1.997071e+02
      vertex   2.986603e+01 1.331111e+02 -1.995000e+02
      vertex   2.986603e+01 1.274815e+02 -1.995000e+02
    endloop
  endfacet
  facet normal 7.933533e-01 0.000000e+00 -6.087614e-01
    outer loop
      vertex   2.970711e+01 1.443704e+02 -1.997071e+02
      vertex   2.986603e+01 1.443704e+02 -1.995000e+02
      vertex   2.986603e+01 1.387407e+02 -1.995000e+02
    endloop
  endfacet
  facet normal 7.933533e-01 0.000000e+00 -6.087614e-01
    outer loop
      vertex   2.970711e+01 1.443704e+02 -1.997071e+02
      vertex   2.986603e+01 1.387407e+02 -1.995000e+02
      vertex   2.970711e+01 1.387407e+02 -1.997071e+02
    endloop
  endfacet
  facet normal 6.087614e-01 0.000000e+00 -7.933533e-01
    outer loop
      vertex   2.970711e+01 1.488889e+01 -1.997071e+02
      vertex   2.970711e+01 9.259259e+00 -1.997071e+02
      vertex   2.950000e+01 1.488889e+01 -1.998660e+02
    endloop
  endfacet
  facet normal 6.087614e-01 0.000000e+00 -7.933533e-01
    outer loop
      vertex   2.950000e+01 1.488889e+01 -1.998660e+02
      vertex   2.970711e+01 9.259259e+00 -1.997071e+02
      vertex   2.950000e+01 9.259259e+00 -1.998660e+02
    endloop
  endfacet
  facet normal 3.826834e-01 0.000000e+00 -9.238795e-01
    outer loop
      vertex   2.950000e+01 1.488889e+01 -1.998660e+02
      vertex   2.950000e+01 9.259259e+00 -1.998660e+02
      vertex   2.925882e+01 1.488889e+01 -1.999659e+02
    endloop
  endfacet
  facet normal 3.826834e-01 0.000000e+00 -9.238795e-01
    outer loop
      vertex   2.925882e+01 1.488889e+01 -1.999659e+02
      vertex   2.950000e+01 9.259259e+00 -1.998660e+02
      vertex   2.925882e+01 9.259259e+00 -1.999659e+02
    endloop
  endfacet
  facet normal 1.305262e-01 0.000000e+00 -9.914449e-01
    outer loop
      vertex   2.925882e+01 1.488889e+01 -1.999659e+02
      vertex   2.925882e+01 9.259259e+00 -1.999659e+02
      vertex   2.900000e+01 -2.000000e+00 -2.000000e+02
    endloop
  endfacet
  facet normal 6.087614e-01 0.000000e+00 -7.933533e-01
    outer loop
      vertex   2.970711e+01 2.614815e+01 -1.997071e+02
      vertex   2.950000e+01 3.177778e+01 -1.998660e+02
      vertex   2.970711e+01 3.177778e+01 -1.997071e+02
    endloop
  endfacet
  facet normal 6.087614e-01 0.000000e+00 -7.933533e-01
    outer loop
      vertex   2.970711e+01 3.177778e+01 -1.997071e+02
      vertex   2.950000e+01 3.177778e+01 -1.998660e+02
      vertex   2.950000e+01 3.740741e+01 -1.998660e+02
    endloop
  endfacet
  facet normal 6.087614e-01 0.000000e+00 -7.933533e-01
    outer loop
      vertex   2.970711e+01 3.177778e+01 -1.997071e+02
      vertex   2.950000e+01 3.740741e+01 -1.998660e+02
      vertex   2.970711e+01 3.740741e+01 -1.997071e+02
    endloop
  endfacet
  facet normal 6.087614e-01 0.000000e+00 -7.933533e-01
    outer loop
      vertex   2.970711e+01 3.740741e+01 -1.997071e+02
      vertex   2.950000e+01 3.740741e+01 -1.998660e+02
      vertex   2.950000e+01 4.303704e+01 -1.998660e+02
    endloop
  endfacet
  facet normal 6.087614e-01 0.000000e+00 -7.933533e-01
    outer loop
      vertex   2.950000e+01 5.429630e+01 -1.998660e+02
      vertex   2.970711e+01 4.866667e+01 -1.997071e+02
      vertex   2.950000e+01 4.866667e+01 -1.998660e+02
    endloop
  endfacet
  facet normal 6.087614e-01 0.000000e+00 -7.933533e-01
    outer loop
      vertex   2.950000e+01 6.555556e+01 -1.998660e+02
      vertex   2.970711e+01 5.992593e+01 -1.997071e+02
      vertex   2.950000e+01 5.992593e+01 -1.998660e+02
    endloop
  endfacet
  facet normal 6.087614e-01 0.000000e+00 -7.933533e-01
    outer loop
      vertex   2.950000e+01 5.992593e+01 -1.998660e+02
      vertex   2.970711e+01 5.992593e+01 -1.997071e+02
      vertex   2.970711e+01 5.429630e+01 -1.997071e+02
    endloop
  endfacet
  facet normal 6.087614e-01 0.000000e+00 -7.933533e-01
    outer loop
      vertex   2.970711e+01 7.118519e+01 -1.997071e+02
      vertex   2.950000e+01 7.681481e+01 -1.998660e+02
      vertex   2.970711e+01 7.681481e+01 -1.997071e+02
    endloop
  endfacet
  facet normal 6.087614e-01 0.000000e+00 -7.933533e-01
    outer loop
      vertex   2.970711e+01 7.681481e+01 -1.997071e+02
      vertex   2.950000e+01 7.681481e+01 -1.998660e+02
      vertex   2.950000e+01 8.244444e+01 -1.998660e+02
    endloop
  endfacet
  facet normal 6.087614e-01 0.000000e+00 -7.933533e-01
    outer loop
      vertex   2.970711e+01 7.681481e+01 -1.997071e+02
      vertex   2.950000e+01 8.244444e+01 -1.998660e+02
      vertex   2.970711e+01 8.244444e+01 -1.997071e+02
    endloop
  endfacet
  facet normal 6.087614e-01 0.000000e+00 -7.933533e-01
    outer loop
      vertex   2.970711e+01 8.244444e+01 -1.997071e+02
      vertex   2.950000e+01 8.244444e+01 -1.998660e+02
      vertex   2.950000e+01 8.807407e+01 -1.998660e+02
    endloop
  endfacet
  facet normal 6.087614e-01 0.000000e+00 -7.933533e-01
    outer loop
      vertex   2.970711e+01 1.049630e+02 -1.997071e+02
      vertex   2.970711e+01 9.933333e+01 -1.997071e+02
      vertex   2.950000e+01 1.049630e+02 -1.998660e+02
    endloop
  endfacet
  facet normal 6.087614e-01 0.000000e+00 -7.933533e-01
    outer loop
      vertex   2.950000e+01 1.049630e+02 -1.998660e+02
      vertex   2.970711e+01 9.933333e+01 -1.997071e+02
      vertex   2.950000e+01 9.933333e+01 -1.998660e+02
    endloop
  endfacet
  facet normal 3.826834e-01 0.000000e+00 -9.238795e-01
    outer loop
      vertex   2.950000e+01 1.049630e+02 -1.998660e+02
      vertex   2.950000e+01 9.933333e+01 -1.998660e+02
      vertex   2.925882e+01 1.049630e+02 -1.999659e+02
    endloop
  endfacet
  facet normal 3.826834e-01 0.000000e+00 -9.238795e-01
    outer loop
      vertex   2.925882e+01 1.049630e+02 -1.999659e+02
      vertex   2.950000e+01 9.933333e+01 -1.998660e+02
      vertex   2.925882e+01 9.933333e+01 -1.999659e+02
    endloop
  endfacet
  facet normal 1.305262e-01 0.000000e+00 -9.914449e-01
    outer loop
      vertex   2.925882e+01 1.049630e+02 -1.999659e+02
      vertex   2.925882e+01 9.933333e+01 -1.999659e+02
      vertex   2.900000e+01 1.500000e+02 -2.000000e+02
    endloop
  endfacet
  facet normal 6.087614e-01 0.000000e+00 -7.933533e-01
    outer loop
      vertex   2.970711e+01 1.162222e+02 -1.997071e+02
      vertex   2.950000e+01 1.218519e+02 -1.998660e+02
      vertex   2.970711e+01 1.218519e+02 -1.997071e+02
    endloop
  endfacet
  facet normal 6.087614e-01 0.000000e+00 -7.933533e-01
    outer loop
      vertex   2.970711e+01 1.218519e+02 -1.997071e+02
      vertex   2.950000e+01 1.218519e+02 -1.998660e+02
      vertex   2.950000e+01 1.274815e+02 -1.998660e+02
    endloop
  endfacet
  facet normal 6.087614e-01 0.000000e+00 -7.933533e-01
    outer loop
      vertex   2.970711e+01 1.218519e+02 -1.997071e+02
      vertex   2.950000e+01 1.274815e+02 -1.998660e+02
      vertex   2.970711e+01 1.274815e+02 -1.997071e+02
    endloop
  endfacet
  facet normal 6.087614e-01 0.000000e+00 -7.933533e-01
    outer loop
      vertex   2.970711e+01 1.274815e+02 -1.997071e+02
      vertex   2.950000e+01 1.274815e+02 -1.998660e+02
      vertex   2.950000e+01 1.331111e+02 -1.998660e+02
    endloop
  endfacet
  facet normal 6.087614e-01 0.000000e+00 -7.933533e-01
    outer loop
      vertex   2.950000e+01 1.443704e+02 -1.998660e+02
      vertex   2.970711e+01 1.443704e+02 -1.997071e+02
      vertex   2.970711e+01 1.387407e+02 -1.997071e+02
    endloop
  endfacet
  facet normal 6.087614e-01 0.000000e+00 -7.933533e-01
    outer loop
      vertex   2.950000e+01 1.443704e+02 -1.998660e+02
      vertex   2.970711e+01 1.387407e+02 -1.997071e+02
      vertex   2.950000e+01 1.387407e+02 -1.998660e+02
    endloop
  endfacet
  facet normal 6.087614e-01 0.000000e+00 -7.933533e-01
    outer loop
      vertex   2.970711e+01 1.488889e+01 -1.997071e+02
      vertex   2.950000e+01 1.488889e+01 -1.998660e+02
      vertex   2.950000e+01 2.051852e+01 -1.998660e+02
    endloop
  endfacet
  facet normal 3.826834e-01 0.000000e+00 -9.238795e-01
    outer loop
      vertex   2.950000e+01 2.051852e+01 -1.998660e+02
      vertex   2.950000e+01 1.488889e+01 -1.998660e+02
      vertex   2.925882e+01 2.051852e+01 -1.999659e+02
    endloop
  endfacet
  facet normal 3.826834e-01 0.000000e+00 -9.238795e-01
    outer loop
      vertex   2.950000e+01 2.051852e+01 -1.998660e+02
      vertex   2.925882e+01 2.051852e+01 -1.999659e+02
      vertex   2.925882e+01 2.614815e+01 -1.999659e+02
    endloop
  endfacet
  facet normal 1.305262e-01 0.000000e+00 -9.914449e-01
    outer loop
      vertex   2.925882e+01 2.614815e+01 -1.999659e+02
      vertex   2.925882e+01 2.051852e+01 -1.999659e+02
      vertex   2.900000e+01 -2.000000e+00 -2.000000e+02
    endloop
  endfacet
  facet normal 3.826834e-01 0.000000e+00 -9.238795e-01
    outer loop
      vertex   2.925882e+01 2.051852e+01 -1.999659e+02
      vertex   2.950000e+01 1.488889e+01 -1.998660e+02
      vertex   2.925882e+01 1.488889e+01 -1.999659e+02
    endloop
  endfacet
  facet normal 3.826834e-01 0.000000e+00 -9.238795e-01
    outer loop
      vertex   2.925882e+01 4.303704e+01 -1.999659e+02
      vertex   2.950000e+01 4.303704e+01 -1.998660e+02
      vertex   2.950000e+01 3.740741e+01 -1.998660e+02
    endloop
  endfacet
  facet normal 3.826834e-01 0.000000e+00 -9.238795e-01
    outer loop
      vertex   2.925882e+01 4.303704e+01 -1.999659e+02
      vertex   2.950000e+01 3.740741e+01 -1.998660e+02
      vertex   2.925882e+01 3.740741e+01 -1.999659e+02
    endloop
  endfacet
  facet normal 3.826834e-01 0.000000e+00 -9.238795e-01
    outer loop
      vertex   2.925882e+01 3.740741e+01 -1.999659e+02
      vertex   2.950000e+01 3.740741e+01 -1.998660e+02
      vertex   2.950000e+01 3.177778e+01 -1.998660e+02
    endloop
  endfacet
  facet normal 3.826834e-01 0.000000e+00 -9.238795e-01
    outer loop
      vertex   2.950000e+01 5.429630e+01 -1.998660e+02
      vertex   2.950000e+01 4.866667e+01 -1.998660e+02
      vertex   2.925882e+01 5.429630e+01 -1.999659e+02
    endloop
  endfacet
  facet normal 3.826834e-01 0.000000e+00 -9.238795e-01
    outer loop
      vertex   2.925882e+01 5.429630e+01 -1.999659e+02
      vertex   2.950000e+01 4.866667e+01 -1.998660e+02
      vertex   2.925882e+01 4.866667e+01 -1.999659e+02
    endloop
  endfacet
  facet normal 1.305262e-01 0.000000e+00 -9.914449e-01
    outer loop
      vertex   2.925882e+01 5.429630e+01 -1.999659e+02
      vertex   2.925882e+01 4.866667e+01 -1.999659e+02
      vertex   2.900000e+01 -2.000000e+00 -2.000000e+02
    endloop
  endfacet
  facet normal 3.826834e-01 0.000000e+00 -9.238795e-01
    outer loop
      vertex   2.925882e+01 7.118519e+01 -1.999659e+02
      vertex   2.950000e+01 6.555556e+01 -1.998660e+02
      vertex   2.925882e+01 6.555556e+01 -1.999659e+02
    endloop
  endfacet
  facet normal 3.826834e-01 0.000000e+00 -9.238795e-01
    outer loop
      vertex   2.925882e+01 6.555556e+01 -1.999659e+02
      vertex   2.950000e+01 6.555556e+01 -1.998660e+02
      vertex   2.950000e+01 5.992593e+01 -1.998660e+02
    endloop
  endfacet
  facet normal 3.826834e-01 0.000000e+00 -9.238795e-01
    outer loop
      vertex   2.925882e+01 8.807407e+01 -1.999659e+02
      vertex   2.950000e+01 8.807407e+01 -1.998660e+02
      vertex   2.950000e+01 8.244444e+01 -1.998660e+02
    endloop
  endfacet
  facet normal 3.826834e-01 0.000000e+00 -9.238795e-01
    outer loop
      vertex   2.925882e+01 8.807407e+01 -1.999659e+02
      vertex   2.950000e+01 8.244444e+01 -1.998660e+02
      vertex   2.925882e+01 8.244444e+01 -1.999659e+02
    endloop
  endfacet
  facet normal 3.826834e-01 0.000000e+00 -9.238795e-01
    outer loop
      vertex   2.925882e+01 8.244444e+01 -1.999659e+02
      vertex   2.950000e+01 8.244444e+01 -1.998660e+02
      vertex   2.950000e+01 7.681481e+01 -1.998660e+02
    endloop
  endfacet
  facet normal 6.087614e-01 0.000000e+00 -7.933533e-01
    outer loop
      vertex   2.970711e+01 1.049630e+02 -1.997071e+02
      vertex   2.950000e+01 1.049630e+02 -1.998660e+02
      vertex   2.950000e+01 1.105926e+02 -1.998660e+02
    endloop
  endfacet
  facet normal 3.826834e-01 0.000000e+00 -9.238795e-01
    outer loop
      vertex   2.950000e+01 1.105926e+02 -1.998660e+02
      vertex   2.950000e+01 1.049630e+02 -1.998660e+02
      vertex   2.925882e+01 1.105926e+02 -1.999659e+02
    endloop
  endfacet
  facet normal 3.826834e-01 0.000000e+00 -9.238795e-01
    outer loop
      vertex   2.950000e+01 1.105926e+02 -1.998660e+02
      vertex   2.925882e+01 1.105926e+02 -1.999659e+02
      vertex   2.925882e+01 1.162222e+02 -1.999659e+02
    endloop
  endfacet
  facet normal 1.305262e-01 0.000000e+00 -9.914449e-01
    outer loop
      vertex   2.925882e+01 1.162222e+02 -1.999659e+02
      vertex   2.925882e+01 1.105926e+02 -1.999659e+02
      vertex   2.900000e+01 1.500000e+02 -2.000000e+02
    endloop
  endfacet
  facet normal 3.826834e-01 0.000000e+00 -9.238795e-01
    outer loop
      vertex   2.925882e+01 1.105926e+02 -1.999659e+02
      vertex   2.950000e+01 1.049630e+02 -1.998660e+02
      vertex   2.925882e+01 1.049630e+02 -1.999659e+02
    endloop
  endfacet
  facet normal 3.826834e-01 0.000000e+00 -9.238795e-01
    outer loop
      vertex   2.925882e+01 1.331111e+02 -1.999659e+02
      vertex   2.950000e+01 1.331111e+02 -1.998660e+02
      vertex   2.950000e+01 1.274815e+02 -1.998660e+02
    endloop
  endfacet
  facet normal 3.826834e-01 0.000000e+00 -9.238795e-01
    outer loop
      vertex   2.925882e+01 1.331111e+02 -1.999659e+02
      vertex   2.950000e+01 1.274815e+02 -1.998660e+02
      vertex   2.925882e+01 1.274815e+02 -1.999659e+02
    endloop
  endfacet
  facet normal 3.826834e-01 0.000000e+00 -9.238795e-01
    outer loop
      vertex   2.925882e+01 1.274815e+02 -1.999659e+02
      vertex   2.950000e+01 1.274815e+02 -1.998660e+02
      vertex   2.950000e+01 1.218519e+02 -1.998660e+02
    endloop
  endfacet
  facet normal 3.826834e-01 0.000000e+00 -9.238795e-01
    outer loop
      vertex   2.925882e+01 1.443704e+02 -1.999659e+02
      vertex   2.950000e+01 1.443704e+02 -1.998660e+02
      vertex   2.950000e+01 1.387407e+02 -1.998660e+02
    endloop
  endfacet
  facet normal 3.826834e-01 0.000000e+00 -9.238795e-01
    outer loop
      vertex   2.925882e+01 1.443704e+02 -1.999659e+02
      vertex   2.950000e+01 1.387407e+02 -1.998660e+02
      vertex   2.925882e+01 1.387407e+02 -1.999659e+02
    endloop
  endfacet
  facet normal 1.305262e-01 0.000000e+00 -9.914449e-01
    outer loop
      vertex   2.900000e+01 -2.000000e+00 -2.000000e+02
      vertex   2.925882e+01 2.051852e+01 -1.999659e+02
      vertex   2.925882e+01 1.488889e+01 -1.999659e+02
    endloop
  endfacet
  facet normal 1.305262e-01 0.000000e+00 -9.914449e-01
    outer loop
      vertex   2.900000e+01 -2.000000e+00 -2.000000e+02
      vertex   2.925882e+01 5.992593e+01 -1.999659e+02
      vertex   2.925882e+01 5.429630e+01 -1.999659e+02
    endloop
  endfacet
  facet normal 3.826834e-01 0.000000e+00 -9.238795e-01
    outer loop
      vertex   2.925882e+01 5.429630e+01 -1.999659e+02
      vertex   2.925882e+01 5.992593e+01 -1.999659e+02
      vertex   2.950000e+01 5.429630e+01 -1.998660e+02
    endloop
  endfacet
  facet normal 1.305262e-01 0.000000e+00 -9.914449e-01
    outer loop
      vertex   2.900000e+01 1.500000e+02 -2.000000e+02
      vertex   2.925882e+01 1.105926e+02 -1.999659e+02
      vertex   2.925882e+01 1.049630e+02 -1.999659e+02
    endloop
  endfacet
  facet normal 1.000000e+00 -0.000000e+00 0.000000e+00
    outer loop
      vertex   3.000000e+01 2.294809e+01 -7.473195e+01
      vertex   3.000000e+01 3.184930e+01 -9.706007e+01
      vertex   3.000000e+01 2.310494e+01 -7.298923e+01
    endloop
  endfacet
  facet normal 1.000000e+00 0.000000e+00 0.000000e+00
    outer loop
      vertex   3.000000e+01 2.310494e+01 -7.298923e+01
      vertex   3.000000e+01 3.184930e+01 -9.706007e+01
      vertex   3.000000e+01 3.341821e+01 -9.873996e+01
    endloop
  endfacet
  facet normal 1.000000e+00 -0.000000e+00 -0.000000e+00
    outer loop
      vertex   3.000000e+01 2.310494e+01 -7.298923e+01
      vertex   3.000000e+01 3.341821e+01 -9.873996e+01
      vertex   3.000000e+01 2.294809e+01 -7.124652e+01
    endloop
  endfacet
  facet normal 1.000000e+00 0.000000e+00 0.000000e+00
    outer loop
      vertex   3.000000e+01 2.294809e+01 -7.124652e+01
      vertex   3.000000e+01 3.341821e+01 -9.873996e+01
      vertex   3.000000e+01 3.474376e+01 -1.006178e+02
    endloop
  endfacet
  facet normal 1.000000e+00 0.000000e+00 0.000000e+00
    outer loop
      vertex   3.000000e+01 2.294809e+01 -7.124652e+01
      vertex   3.000000e+01 3.474376e+01 -1.006178e+02
      vertex   3.000000e+01 5.000000e+01 -1.199067e+02
    endloop
  endfacet
  facet normal 1.000000e+00 0.000000e+00 0.000000e+00
    outer loop
      vertex   3.000000e+01 5.000000e+01 -1.199067e+02
      vertex   3.000000e+01 3.474376e+01 -1.006178e+02
      vertex   3.000000e+01 3.580126e+01 -1.026587e+02
    endloop
  endfacet
  facet normal 1.000000e+00 0.000000e+00 0.000000e+00
    outer loop
      vertex   3.000000e+01 5.000000e+01 -1.199067e+02
      vertex   3.000000e+01 3.580126e+01 -1.026587e+02
      vertex   3.000000e+01 3.657102e+01 -1.048246e+02
    endloop
  endfacet
  facet normal 1.000000e+00 0.000000e+00 0.000000e+00
    outer loop
      vertex   3.000000e+01 3.184930e+01 -9.706007e+01
      vertex   3.000000e+01 2.294809e+01 -7.473195e+01
      vertex   3.000000e+01 3.006626e+01 -9.560946e+01
    endloop
  endfacet
  facet normal 1.000000e+00 0.000000e+00 0.000000e+00
    outer loop
      vertex   3.000000e+01 3.006626e+01 -9.560946e+01
      vertex   3.000000e+01 2.294809e+01 -7.473195e+01
      vertex   3.000000e+01 2.248259e+01 -7.641865e+01
    endloop
  endfacet
  facet normal 1.000000e+00 0.000000e+00 0.000000e+00
    outer loop
      vertex   3.000000e+01 3.006626e+01 -9.560946e+01
      vertex   3.000000e+01 2.248259e+01 -7.641865e+01
      vertex   3.000000e+01 2.810230e+01 -9.441515e+01
    endloop
  endfacet
  facet normal 1.000000e+00 0.000000e+00 0.000000e+00
    outer loop
      vertex   3.000000e+01 2.810230e+01 -9.441515e+01
      vertex   3.000000e+01 2.248259e+01 -7.641865e+01
      vertex   3.000000e+01 2.172340e+01 -7.799513e+01
    endloop
  endfacet
  facet normal 1.000000e+00 0.000000e+00 0.000000e+00
    outer loop
      vertex   3.000000e+01 2.810230e+01 -9.441515e+01
      vertex   3.000000e+01 2.172340e+01 -7.799513e+01
      vertex   3.000000e+01 2.599401e+01 -9.349939e+01
    endloop
  endfacet
  facet normal 1.000000e+00 0.000000e+00 0.000000e+00
    outer loop
      vertex   3.000000e+01 2.599401e+01 -9.349939e+01
      vertex   3.000000e+01 2.172340e+01 -7.799513e+01
      vertex   3.000000e+01 2.069491e+01 -7.941072e+01
    endloop
  endfacet
  facet normal 1.000000e+00 0.000000e+00 0.000000e+00
    outer loop
      vertex   3.000000e+01 2.599401e+01 -9.349939e+01
      vertex   3.000000e+01 2.069491e+01 -7.941072e+01
      vertex   3.000000e+01 2.378066e+01 -9.287924e+01
    endloop
  endfacet
  facet normal 1.000000e+00 0.000000e+00 0.000000e+00
    outer loop
      vertex   3.000000e+01 2.378066e+01 -9.287924e+01
      vertex   3.000000e+01 2.069491e+01 -7.941072e+01
      vertex   3.000000e+01 1.943020e+01 -8.061991e+01
    endloop
  endfacet
  facet normal 1.000000e+00 0.000000e+00 0.000000e+00
    outer loop
      vertex   3.000000e+01 2.378066e+01 -9.287924e+01
      vertex   3.000000e+01 1.943020e+01 -8.061991e+01
      vertex   3.000000e+01 2.150348e+01 -9.256625e+01
    endloop
  endfacet
  facet normal 1.000000e+00 0.000000e+00 0.000000e+00
    outer loop
      vertex   3.000000e+01 2.150348e+01 -9.256625e+01
      vertex   3.000000e+01 1.943020e+01 -8.061991e+01
      vertex   3.000000e+01 1.796989e+01 -8.158385e+01
    endloop
  endfacet
  facet normal 1.000000e+00 0.000000e+00 0.000000e+00
    outer loop
      vertex   3.000000e+01 2.150348e+01 -9.256625e+01
      vertex   3.000000e+01 1.796989e+01 -8.158385e+01
      vertex   3.000000e+01 1.920489e+01 -9.256625e+01
    endloop
  endfacet
  facet normal 1.000000e+00 0.000000e+00 0.000000e+00
    outer loop
      vertex   3.000000e+01 1.920489e+01 -9.256625e+01
      vertex   3.000000e+01 1.796989e+01 -8.158385e+01
      vertex   3.000000e+01 1.636094e+01 -8.227154e+01
    endloop
  endfacet
  facet normal 1.000000e+00 0.000000e+00 0.000000e+00
    outer loop
      vertex   3.000000e+01 1.920489e+01 -9.256625e+01
      vertex   3.000000e+01 1.636094e+01 -8.227154e+01
      vertex   3.000000e+01 1.692771e+01 -9.287924e+01
    endloop
  endfacet
  facet normal 1.000000e+00 0.000000e+00 0.000000e+00
    outer loop
      vertex   3.000000e+01 1.692771e+01 -9.287924e+01
      vertex   3.000000e+01 1.636094e+01 -8.227154e+01
      vertex   3.000000e+01 1.465505e+01 -8.266090e+01
    endloop
  endfacet
  facet normal 1.000000e+00 0.000000e+00 0.000000e+00
    outer loop
      vertex   3.000000e+01 1.692771e+01 -9.287924e+01
      vertex   3.000000e+01 1.465505e+01 -8.266090e+01
      vertex   3.000000e+01 1.471436e+01 -9.349939e+01
    endloop
  endfacet
  facet normal 1.000000e+00 0.000000e+00 0.000000e+00
    outer loop
      vertex   3.000000e+01 1.471436e+01 -9.349939e+01
      vertex   3.000000e+01 1.465505e+01 -8.266090e+01
      vertex   3.000000e+01 1.290706e+01 -8.273941e+01
    endloop
  endfacet
  facet normal 1.000000e+00 0.000000e+00 0.000000e+00
    outer loop
      vertex   3.000000e+01 1.471436e+01 -9.349939e+01
      vertex   3.000000e+01 1.290706e+01 -8.273941e+01
      vertex   3.000000e+01 1.260607e+01 -9.441515e+01
    endloop
  endfacet
  facet normal 1.000000e+00 0.000000e+00 -0.000000e+00
    outer loop
      vertex   3.000000e+01 1.260607e+01 -9.441515e+01
      vertex   3.000000e+01 1.290706e+01 -8.273941e+01
      vertex   3.000000e+01 1.117313e+01 -8.250453e+01
    endloop
  endfacet
  facet normal 1.000000e+00 0.000000e+00 0.000000e+00
    outer loop
      vertex   3.000000e+01 1.260607e+01 -9.441515e+01
      vertex   3.000000e+01 1.117313e+01 -8.250453e+01
      vertex   3.000000e+01 1.064211e+01 -9.560946e+01
    endloop
  endfacet
  facet normal 1.000000e+00 0.000000e+00 -0.000000e+00
    outer loop
      vertex   3.000000e+01 1.064211e+01 -9.560946e+01
      vertex   3.000000e+01 1.117313e+01 -8.250453e+01
      vertex   3.000000e+01 9.509012e+00 -8.196382e+01
    endloop
  endfacet
  facet normal 1.000000e+00 0.000000e+00 0.000000e+00
    outer loop
      vertex   3.000000e+01 1.064211e+01 -9.560946e+01
      vertex   3.000000e+01 9.509012e+00 -8.196382e+01
      vertex   3.000000e+01 8.859072e+00 -9.706007e+01
    endloop
  endfacet
  facet normal 1.000000e+00 0.000000e+00 -0.000000e+00
    outer loop
      vertex   3.000000e+01 8.859072e+00 -9.706007e+01
      vertex   3.000000e+01 9.509012e+00 -8.196382e+01
      vertex   3.000000e+01 7.968182e+00 -8.113467e+01
    endloop
  endfacet
  facet normal 1.000000e+00 0.000000e+00 0.000000e+00
    outer loop
      vertex   3.000000e+01 8.859072e+00 -9.706007e+01
      vertex   3.000000e+01 7.968182e+00 -8.113467e+01
      vertex   3.000000e+01 6.600165e+00 -8.004371e+01
    endloop
  endfacet
  facet normal 1.000000e+00 0.000000e+00 0.000000e+00
    outer loop
      vertex   3.000000e+01 8.859072e+00 -9.706007e+01
      vertex   3.000000e+01 6.600165e+00 -8.004371e+01
      vertex   3.000000e+01 7.290164e+00 -9.873996e+01
    endloop
  endfacet
  facet normal 1.000000e+00 0.000000e+00 0.000000e+00
    outer loop
      vertex   3.000000e+01 7.290164e+00 -9.873996e+01
      vertex   3.000000e+01 6.600165e+00 -8.004371e+01
      vertex   3.000000e+01 5.448931e+00 -7.872602e+01
    endloop
  endfacet
  facet normal 1.000000e+00 0.000000e+00 0.000000e+00
    outer loop
      vertex   3.000000e+01 7.290164e+00 -9.873996e+01
      vertex   3.000000e+01 5.448931e+00 -7.872602e+01
      vertex   3.000000e+01 5.964613e+00 -1.006178e+02
    endloop
  endfacet
  facet normal 1.000000e+00 0.000000e+00 0.000000e+00
    outer loop
      vertex   3.000000e+01 5.964613e+00 -1.006178e+02
      vertex   3.000000e+01 5.448931e+00 -7.872602e+01
      vertex   3.000000e+01 4.551480e+00 -7.722394e+01
    endloop
  endfacet
  facet normal 1.000000e+00 0.000000e+00 0.000000e+00
    outer loop
      vertex   3.000000e+01 5.964613e+00 -1.006178e+02
      vertex   3.000000e+01 4.551480e+00 -7.722394e+01
      vertex   3.000000e+01 4.907112e+00 -1.026587e+02
    endloop
  endfacet
  facet normal 1.000000e+00 0.000000e+00 0.000000e+00
    outer loop
      vertex   3.000000e+01 4.907112e+00 -1.026587e+02
      vertex   3.000000e+01 4.551480e+00 -7.722394e+01
      vertex   3.000000e+01 4.137362e+00 -1.048246e+02
    endloop
  endfacet
  facet normal 1.000000e+00 0.000000e+00 -0.000000e+00
    outer loop
      vertex   3.000000e+01 4.137362e+00 -1.048246e+02
      vertex   3.000000e+01 4.551480e+00 -7.722394e+01
      vertex   3.000000e+01 3.936659e+00 -7.558575e+01
    endloop
  endfacet
  facet normal 1.000000e+00 0.000000e+00 0.000000e+00
    outer loop
      vertex   3.000000e+01 4.137362e+00 -1.048246e+02
      vertex   3.000000e+01 3.936659e+00 -7.558575e+01
      vertex   3.000000e+01 3.669700e+00 -1.070751e+02
    endloop
  endfacet
  facet normal 1.000000e+00 0.000000e+00 -0.000000e+00
    outer loop
      vertex   3.000000e+01 3.669700e+00 -1.070751e+02
      vertex   3.000000e+01 3.936659e+00 -7.558575e+01
      vertex   3.000000e+01 3.624227e+00 -7.386411e+01
    endloop
  endfacet
  facet normal 1.000000e+00 0.000000e+00 0.000000e+00
    outer loop
      vertex   3.000000e+01 3.669700e+00 -1.070751e+02
      vertex   3.000000e+01 3.624227e+00 -7.386411e+01
      vertex   3.000000e+01 3.512839e+00 -1.093683e+02
    endloop
  endfacet
  facet normal 1.000000e+00 0.000000e+00 -0.000000e+00
    outer loop
      vertex   3.000000e+01 3.512839e+00 -1.093683e+02
      vertex   3.000000e+01 3.624227e+00 -7.386411e+01
      vertex   3.000000e+01 -2.000000e+00 -1.500000e+01
    endloop
  endfacet
  facet normal 1.000000e+00 0.000000e+00 0.000000e+00
    outer loop
      vertex   3.000000e+01 3.512839e+00 -1.093683e+02
      vertex   3.000000e+01 -2.000000e+00 -1.500000e+01
      vertex   3.000000e+01 -2.000000e+00 -1.990000e+02
    endloop
  endfacet
  facet normal 1.000000e+00 0.000000e+00 -0.000000e+00
    outer loop
      vertex   3.000000e+01 3.624227e+00 -7.386411e+01
      vertex   3.000000e+01 3.624227e+00 -7.211435e+01
      vertex   3.000000e+01 -2.000000e+00 -1.500000e+01
    endloop
  endfacet
  facet normal 1.000000e+00 0.000000e+00 0.000000e+00
    outer loop
      vertex   3.000000e+01 -2.000000e+00 -1.500000e+01
      vertex   3.000000e+01 3.624227e+00 -7.211435e+01
      vertex   3.000000e+01 3.936659e+00 -7.039271e+01
    endloop
  endfacet
  facet normal 1.000000e+00 0.000000e+00 0.000000e+00
    outer loop
      vertex   3.000000e+01 -2.000000e+00 -1.500000e+01
      vertex   3.000000e+01 3.936659e+00 -7.039271e+01
      vertex   3.000000e+01 4.551480e+00 -6.875453e+01
    endloop
  endfacet
  facet normal 1.000000e+00 0.000000e+00 0.000000e+00
    outer loop
      vertex   3.000000e+01 -2.000000e+00 -1.500000e+01
      vertex   3.000000e+01 4.551480e+00 -6.875453e+01
      vertex   3.000000e+01 2.500000e+00 -2.000000e+01
    endloop
  endfacet
  facet normal 1.000000e+00 0.000000e+00 0.000000e+00
    outer loop
      vertex   3.000000e+01 2.500000e+00 -2.000000e+01
      vertex   3.000000e+01 4.551480e+00 -6.875453e+01
      vertex   3.000000e+01 5.448931e+00 -6.725245e+01
    endloop
  endfacet
  facet normal 1.000000e+00 0.000000e+00 0.000000e+00
    outer loop
      vertex   3.000000e+01 2.500000e+00 -2.000000e+01
      vertex   3.000000e+01 5.448931e+00 -6.725245e+01
      vertex   3.000000e+01 6.600165e+00 -6.593476e+01
    endloop
  endfacet
  facet normal 1.000000e+00 0.000000e+00 -0.000000e+00
    outer loop
      vertex   3.000000e+01 6.600165e+00 -6.593476e+01
      vertex   3.000000e+01 7.968182e+00 -6.484380e+01
      vertex   3.000000e+01 2.500000e+00 -2.000000e+01
    endloop
  endfacet
  facet normal 1.000000e+00 0.000000e+00 0.000000e+00
    outer loop
      vertex   3.000000e+01 2.500000e+00 -2.000000e+01
      vertex   3.000000e+01 7.968182e+00 -6.484380e+01
      vertex   3.000000e+01 9.509012e+00 -6.401464e+01
    endloop
  endfacet
  facet normal 1.000000e+00 -0.000000e+00 0.000000e+00
    outer loop
      vertex   3.000000e+01 2.500000e+00 -2.000000e+01
      vertex   3.000000e+01 9.509012e+00 -6.401464e+01
      vertex   3.000000e+01 2.524654e+00 -2.000000e+01
    endloop
  endfacet
  facet normal 1.000000e+00 0.000000e+00 0.000000e+00
    outer loop
      vertex   3.000000e+01 2.524654e+00 -2.000000e+01
      vertex   3.000000e+01 9.509012e+00 -6.401464e+01
      vertex   3.000000e+01 1.117313e+01 -6.347394e+01
    endloop
  endfacet
  facet normal 1.000000e+00 0.000000e+00 0.000000e+00
    outer loop
      vertex   3.000000e+01 2.524654e+00 -2.000000e+01
      vertex   3.000000e+01 1.117313e+01 -6.347394e+01
      vertex   3.000000e+01 1.290706e+01 -6.323906e+01
    endloop
  endfacet
  facet normal 1.000000e+00 -0.000000e+00 -0.000000e+00
    outer loop
      vertex   3.000000e+01 1.290706e+01 -6.323906e+01
      vertex   3.000000e+01 1.465505e+01 -6.331756e+01
      vertex   3.000000e+01 2.524654e+00 -2.000000e+01
    endloop
  endfacet
  facet normal 1.000000e+00 0.000000e+00 0.000000e+00
    outer loop
      vertex   3.000000e+01 2.524654e+00 -2.000000e+01
      vertex   3.000000e+01 1.465505e+01 -6.331756e+01
      vertex   3.000000e+01 1.636094e+01 -6.370692e+01
    endloop
  endfacet
  facet normal 1.000000e+00 0.000000e+00 0.000000e+00
    outer loop
      vertex   3.000000e+01 2.524654e+00 -2.000000e+01
      vertex   3.000000e+01 1.636094e+01 -6.370692e+01
      vertex   3.000000e+01 1.796989e+01 -6.439462e+01
    endloop
  endfacet
  facet normal 1.000000e+00 -0.000000e+00 -0.000000e+00
    outer loop
      vertex   3.000000e+01 1.796989e+01 -6.439462e+01
      vertex   3.000000e+01 1.943020e+01 -6.535856e+01
      vertex   3.000000e+01 2.524654e+00 -2.000000e+01
    endloop
  endfacet
  facet normal 1.000000e+00 0.000000e+00 0.000000e+00
    outer loop
      vertex   3.000000e+01 2.524654e+00 -2.000000e+01
      vertex   3.000000e+01 1.943020e+01 -6.535856e+01
      vertex   3.000000e+01 2.069491e+01 -6.656775e+01
    endloop
  endfacet
  facet normal 1.000000e+00 0.000000e+00 0.000000e+00
    outer loop
      vertex   3.000000e+01 2.524654e+00 -2.000000e+01
      vertex   3.000000e+01 2.069491e+01 -6.656775e+01
      vertex   3.000000e+01 2.172340e+01 -6.798334e+01
    endloop
  endfacet
  facet normal 1.000000e+00 -0.000000e+00 -0.000000e+00
    outer loop
      vertex   3.000000e+01 2.172340e+01 -6.798334e+01
      vertex   3.000000e+01 2.248259e+01 -6.955981e+01
      vertex   3.000000e+01 2.524654e+00 -2.000000e+01
    endloop
  endfacet
  facet normal 1.000000e+00 0.000000e+00 0.000000e+00
    outer loop
      vertex   3.000000e+01 2.524654e+00 -2.000000e+01
      vertex   3.000000e+01 2.248259e+01 -6.955981e+01
      vertex   3.000000e+01 5.000000e+01 -1.199067e+02
    endloop
  endfacet
  facet normal 1.000000e+00 0.000000e+00 0.000000e+00
    outer loop
      vertex   3.000000e+01 5.000000e+01 -1.199067e+02
      vertex   3.000000e+01 2.248259e+01 -6.955981e+01
      vertex   3.000000e+01 2.294809e+01 -7.124652e+01
    endloop
  endfacet
  facet normal 1.000000e+00 0.000000e+00 0.000000e+00
    outer loop
      vertex   3.000000e+01 1.335116e+02 -1.841269e+02
      vertex   3.000000e+01 1.336640e+02 -1.859175e+02
      vertex   3.000000e+01 1.500000e+02 -1.858500e+02
    endloop
  endfacet
  facet normal 1.000000e+00 0.000000e+00 0.000000e+00
    outer loop
      vertex   3.000000e+01 1.500000e+02 -1.858500e+02
      vertex   3.000000e+01 1.336640e+02 -1.859175e+02
      vertex   3.000000e+01 1.335116e+02 -1.877081e+02
    endloop
  endfacet
  facet normal 1.000000e+00 0.000000e+00 0.000000e+00
    outer loop
      vertex   3.000000e+01 1.500000e+02 -1.858500e+02
      vertex   3.000000e+01 1.335116e+02 -1.877081e+02
      vertex   3.000000e+01 1.330588e+02 -1.894471e+02
    endloop
  endfacet
  facet normal 1.000000e+00 0.000000e+00 0.000000e+00
    outer loop
      vertex   3.000000e+01 1.500000e+02 -1.858500e+02
      vertex   3.000000e+01 1.330588e+02 -1.894471e+02
      vertex   3.000000e+01 1.500000e+02 -1.990000e+02
    endloop
  endfacet
  facet normal 1.000000e+00 0.000000e+00 0.000000e+00
    outer loop
      vertex   3.000000e+01 1.500000e+02 -1.990000e+02
      vertex   3.000000e+01 1.330588e+02 -1.894471e+02
      vertex   3.000000e+01 1.323186e+02 -1.910846e+02
    endloop
  endfacet
  facet normal 1.000000e+00 0.000000e+00 0.000000e+00
    outer loop
      vertex   3.000000e+01 1.500000e+02 -1.990000e+02
      vertex   3.000000e+01 1.323186e+02 -1.910846e+02
      vertex   3.000000e+01 1.313123e+02 -1.925735e+02
    endloop
  endfacet
  facet normal 1.000000e+00 0.000000e+00 0.000000e+00
    outer loop
      vertex   3.000000e+01 1.313123e+02 -1.925735e+02
      vertex   3.000000e+01 1.300689e+02 -1.938709e+02
      vertex   3.000000e+01 1.500000e+02 -1.990000e+02
    endloop
  endfacet
  facet normal 1.000000e+00 0.000000e+00 0.000000e+00
    outer loop
      vertex   3.000000e+01 1.500000e+02 -1.990000e+02
      vertex   3.000000e+01 1.300689e+02 -1.938709e+02
      vertex   3.000000e+01 1.286241e+02 -1.949394e+02
    endloop
  endfacet
  facet normal 1.000000e+00 0.000000e+00 0.000000e+00
    outer loop
      vertex   3.000000e+01 1.500000e+02 -1.990000e+02
      vertex   3.000000e+01 1.286241e+02 -1.949394e+02
      vertex   3.000000e+01 1.270195e+02 -1.957485e+02
    endloop
  endfacet
  facet normal 1.000000e+00 0.000000e+00 0.000000e+00
    outer loop
      vertex   3.000000e+01 1.270195e+02 -1.957485e+02
      vertex   3.000000e+01 1.253012e+02 -1.962747e+02
      vertex   3.000000e+01 1.500000e+02 -1.990000e+02
    endloop
  endfacet
  facet normal 1.000000e+00 0.000000e+00 0.000000e+00
    outer loop
      vertex   3.000000e+01 1.500000e+02 -1.990000e+02
      vertex   3.000000e+01 1.253012e+02 -1.962747e+02
      vertex   3.000000e+01 1.235187e+02 -1.965029e+02
    endloop
  endfacet
  facet normal 1.000000e+00 0.000000e+00 0.000000e+00
    outer loop
      vertex   3.000000e+01 1.500000e+02 -1.990000e+02
      vertex   3.000000e+01 1.235187e+02 -1.965029e+02
      vertex   3.000000e+01 1.217233e+02 -1.964267e+02
    endloop
  endfacet
  facet normal 1.000000e+00 0.000000e+00 0.000000e+00
    outer loop
      vertex   3.000000e+01 1.199666e+02 -1.960481e+02
      vertex   3.000000e+01 9.118359e+01 -1.961173e+02
      vertex   3.000000e+01 1.217233e+02 -1.964267e+02
    endloop
  endfacet
  facet normal 1.000000e+00 0.000000e+00 0.000000e+00
    outer loop
      vertex   3.000000e+01 1.217233e+02 -1.964267e+02
      vertex   3.000000e+01 9.118359e+01 -1.961173e+02
      vertex   3.000000e+01 8.890740e+01 -1.964301e+02
    endloop
  endfacet
  facet normal 1.000000e+00 0.000000e+00 0.000000e+00
    outer loop
      vertex   3.000000e+01 1.217233e+02 -1.964267e+02
      vertex   3.000000e+01 8.890740e+01 -1.964301e+02
      vertex   3.000000e+01 1.500000e+02 -1.990000e+02
    endloop
  endfacet
  facet normal 1.000000e+00 0.000000e+00 0.000000e+00
    outer loop
      vertex   3.000000e+01 1.500000e+02 -1.990000e+02
      vertex   3.000000e+01 8.890740e+01 -1.964301e+02
      vertex   3.000000e+01 8.660980e+01 -1.964301e+02
    endloop
  endfacet
  facet normal 1.000000e+00 0.000000e+00 0.000000e+00
    outer loop
      vertex   3.000000e+01 1.500000e+02 -1.990000e+02
      vertex   3.000000e+01 8.660980e+01 -1.964301e+02
      vertex   3.000000e+01 -2.000000e+00 -1.990000e+02
    endloop
  endfacet
  facet normal 1.000000e+00 0.000000e+00 0.000000e+00
    outer loop
      vertex   3.000000e+01 -2.000000e+00 -1.990000e+02
      vertex   3.000000e+01 8.660980e+01 -1.964301e+02
      vertex   3.000000e+01 3.274262e+01 -1.964536e+02
    endloop
  endfacet
  facet normal 1.000000e+00 0.000000e+00 0.000000e+00
    outer loop
      vertex   3.000000e+01 -2.000000e+00 -1.990000e+02
      vertex   3.000000e+01 3.274262e+01 -1.964536e+02
      vertex   3.000000e+01 2.968583e+01 -1.962934e+02
    endloop
  endfacet
  facet normal 1.000000e+00 0.000000e+00 0.000000e+00
    outer loop
      vertex   3.000000e+01 9.118359e+01 -1.961173e+02
      vertex   3.000000e+01 1.199666e+02 -1.960481e+02
      vertex   3.000000e+01 9.339598e+01 -1.954974e+02
    endloop
  endfacet
  facet normal 1.000000e+00 -0.000000e+00 0.000000e+00
    outer loop
      vertex   3.000000e+01 9.339598e+01 -1.954974e+02
      vertex   3.000000e+01 1.199666e+02 -1.960481e+02
      vertex   3.000000e+01 1.182991e+02 -1.953780e+02
    endloop
  endfacet
  facet normal 1.000000e+00 0.000000e+00 0.000000e+00
    outer loop
      vertex   3.000000e+01 9.339598e+01 -1.954974e+02
      vertex   3.000000e+01 1.182991e+02 -1.953780e+02
      vertex   3.000000e+01 9.550336e+01 -1.945820e+02
    endloop
  endfacet
  facet normal 1.000000e+00 -0.000000e+00 0.000000e+00
    outer loop
      vertex   3.000000e+01 9.550336e+01 -1.945820e+02
      vertex   3.000000e+01 1.182991e+02 -1.953780e+02
      vertex   3.000000e+01 1.167689e+02 -1.944358e+02
    endloop
  endfacet
  facet normal 1.000000e+00 0.000000e+00 0.000000e+00
    outer loop
      vertex   3.000000e+01 9.550336e+01 -1.945820e+02
      vertex   3.000000e+01 1.167689e+02 -1.944358e+02
      vertex   3.000000e+01 9.746647e+01 -1.933882e+02
    endloop
  endfacet
  facet normal 1.000000e+00 -0.000000e+00 0.000000e+00
    outer loop
      vertex   3.000000e+01 9.746647e+01 -1.933882e+02
      vertex   3.000000e+01 1.167689e+02 -1.944358e+02
      vertex   3.000000e+01 1.154199e+02 -1.932486e+02
    endloop
  endfacet
  facet normal 1.000000e+00 0.000000e+00 0.000000e+00
    outer loop
      vertex   3.000000e+01 9.746647e+01 -1.933882e+02
      vertex   3.000000e+01 1.154199e+02 -1.932486e+02
      vertex   3.000000e+01 9.924874e+01 -1.919382e+02
    endloop
  endfacet
  facet normal 1.000000e+00 -0.000000e+00 0.000000e+00
    outer loop
      vertex   3.000000e+01 9.924874e+01 -1.919382e+02
      vertex   3.000000e+01 1.154199e+02 -1.932486e+02
      vertex   3.000000e+01 1.142910e+02 -1.918504e+02
    endloop
  endfacet
  facet normal 1.000000e+00 0.000000e+00 0.000000e+00
    outer loop
      vertex   3.000000e+01 9.924874e+01 -1.919382e+02
      vertex   3.000000e+01 1.142910e+02 -1.918504e+02
      vertex   3.000000e+01 1.008170e+02 -1.902591e+02
    endloop
  endfacet
  facet normal 1.000000e+00 0.000000e+00 0.000000e+00
    outer loop
      vertex   3.000000e+01 1.008170e+02 -1.902591e+02
      vertex   3.000000e+01 1.142910e+02 -1.918504e+02
      vertex   3.000000e+01 1.134146e+02 -1.902816e+02
    endloop
  endfacet
  facet normal 1.000000e+00 -0.000000e+00 0.000000e+00
    outer loop
      vertex   3.000000e+01 1.008170e+02 -1.902591e+02
      vertex   3.000000e+01 1.134146e+02 -1.902816e+02
      vertex   3.000000e+01 1.021419e+02 -1.883820e+02
    endloop
  endfacet
  facet normal 1.000000e+00 0.000000e+00 0.000000e+00
    outer loop
      vertex   3.000000e+01 1.021419e+02 -1.883820e+02
      vertex   3.000000e+01 1.134146e+02 -1.902816e+02
      vertex   3.000000e+01 1.128159e+02 -1.885872e+02
    endloop
  endfacet
  facet normal 1.000000e+00 -0.000000e+00 0.000000e+00
    outer loop
      vertex   3.000000e+01 1.021419e+02 -1.883820e+02
      vertex   3.000000e+01 1.128159e+02 -1.885872e+02
      vertex   3.000000e+01 1.031990e+02 -1.863420e+02
    endloop
  endfacet
  facet normal 1.000000e+00 0.000000e+00 0.000000e+00
    outer loop
      vertex   3.000000e+01 1.031990e+02 -1.863420e+02
      vertex   3.000000e+01 1.128159e+02 -1.885872e+02
      vertex   3.000000e+01 1.125122e+02 -1.868160e+02
    endloop
  endfacet
  facet normal 1.000000e+00 -0.000000e+00 0.000000e+00
    outer loop
      vertex   3.000000e+01 1.031990e+02 -1.863420e+02
      vertex   3.000000e+01 1.125122e+02 -1.868160e+02
      vertex   3.000000e+01 1.039684e+02 -1.841771e+02
    endloop
  endfacet
  facet normal 1.000000e+00 0.000000e+00 0.000000e+00
    outer loop
      vertex   3.000000e+01 1.039684e+02 -1.841771e+02
      vertex   3.000000e+01 1.125122e+02 -1.868160e+02
      vertex   3.000000e+01 1.125122e+02 -1.850190e+02
    endloop
  endfacet
  facet normal 1.000000e+00 -0.000000e+00 0.000000e+00
    outer loop
      vertex   3.000000e+01 1.039684e+02 -1.841771e+02
      vertex   3.000000e+01 1.125122e+02 -1.850190e+02
      vertex   3.000000e+01 1.044359e+02 -1.819276e+02
    endloop
  endfacet
  facet normal 1.000000e+00 0.000000e+00 0.000000e+00
    outer loop
      vertex   3.000000e+01 1.044359e+02 -1.819276e+02
      vertex   3.000000e+01 1.125122e+02 -1.850190e+02
      vertex   3.000000e+01 1.128159e+02 -1.832478e+02
    endloop
  endfacet
  facet normal 1.000000e+00 -0.000000e+00 0.000000e+00
    outer loop
      vertex   3.000000e+01 1.044359e+02 -1.819276e+02
      vertex   3.000000e+01 1.128159e+02 -1.832478e+02
      vertex   3.000000e+01 1.045927e+02 -1.796353e+02
    endloop
  endfacet
  facet normal 1.000000e+00 0.000000e+00 0.000000e+00
    outer loop
      vertex   3.000000e+01 1.045927e+02 -1.796353e+02
      vertex   3.000000e+01 1.128159e+02 -1.832478e+02
      vertex   3.000000e+01 1.134146e+02 -1.815534e+02
    endloop
  endfacet
  facet normal 1.000000e+00 -0.000000e+00 -0.000000e+00
    outer loop
      vertex   3.000000e+01 1.045927e+02 -1.796353e+02
      vertex   3.000000e+01 1.134146e+02 -1.815534e+02
      vertex   3.000000e+01 1.044359e+02 -1.773431e+02
    endloop
  endfacet
  facet normal 1.000000e+00 0.000000e+00 0.000000e+00
    outer loop
      vertex   3.000000e+01 1.044359e+02 -1.773431e+02
      vertex   3.000000e+01 1.134146e+02 -1.815534e+02
      vertex   3.000000e+01 1.142910e+02 -1.799846e+02
    endloop
  endfacet
  facet normal 1.000000e+00 -0.000000e+00 -0.000000e+00
    outer loop
      vertex   3.000000e+01 1.044359e+02 -1.773431e+02
      vertex   3.000000e+01 1.142910e+02 -1.799846e+02
      vertex   3.000000e+01 1.039684e+02 -1.750935e+02
    endloop
  endfacet
  facet normal 1.000000e+00 0.000000e+00 0.000000e+00
    outer loop
      vertex   3.000000e+01 1.039684e+02 -1.750935e+02
      vertex   3.000000e+01 1.142910e+02 -1.799846e+02
      vertex   3.000000e+01 1.154199e+02 -1.785864e+02
    endloop
  endfacet
  facet normal 1.000000e+00 -0.000000e+00 -0.000000e+00
    outer loop
      vertex   3.000000e+01 1.039684e+02 -1.750935e+02
      vertex   3.000000e+01 1.154199e+02 -1.785864e+02
      vertex   3.000000e+01 1.031990e+02 -1.729286e+02
    endloop
  endfacet
  facet normal 1.000000e+00 0.000000e+00 0.000000e+00
    outer loop
      vertex   3.000000e+01 1.031990e+02 -1.729286e+02
      vertex   3.000000e+01 1.154199e+02 -1.785864e+02
      vertex   3.000000e+01 1.167689e+02 -1.773991e+02
    endloop
  endfacet
  facet normal 1.000000e+00 -0.000000e+00 -0.000000e+00
    outer loop
      vertex   3.000000e+01 1.031990e+02 -1.729286e+02
      vertex   3.000000e+01 1.167689e+02 -1.773991e+02
      vertex   3.000000e+01 1.021419e+02 -1.708886e+02
    endloop
  endfacet
  facet normal 1.000000e+00 0.000000e+00 0.000000e+00
    outer loop
      vertex   3.000000e+01 1.021419e+02 -1.708886e+02
      vertex   3.000000e+01 1.167689e+02 -1.773991e+02
      vertex   3.000000e+01 1.182991e+02 -1.764569e+02
    endloop
  endfacet
  facet normal 1.000000e+00 0.000000e+00 0.000000e+00
    outer loop
      vertex   3.000000e+01 1.021419e+02 -1.708886e+02
      vertex   3.000000e+01 1.182991e+02 -1.764569e+02
      vertex   3.000000e+01 1.199666e+02 -1.757869e+02
    endloop
  endfacet
  facet normal 1.000000e+00 -0.000000e+00 -0.000000e+00
    outer loop
      vertex   3.000000e+01 1.021419e+02 -1.708886e+02
      vertex   3.000000e+01 1.199666e+02 -1.757869e+02
      vertex   3.000000e+01 1.008170e+02 -1.690115e+02
    endloop
  endfacet
  facet normal 1.000000e+00 0.000000e+00 0.000000e+00
    outer loop
      vertex   3.000000e+01 1.008170e+02 -1.690115e+02
      vertex   3.000000e+01 1.199666e+02 -1.757869e+02
      vertex   3.000000e+01 1.217233e+02 -1.754083e+02
    endloop
  endfacet
  facet normal 1.000000e+00 -0.000000e+00 -0.000000e+00
    outer loop
      vertex   3.000000e+01 1.008170e+02 -1.690115e+02
      vertex   3.000000e+01 1.217233e+02 -1.754083e+02
      vertex   3.000000e+01 9.924874e+01 -1.673324e+02
    endloop
  endfacet
  facet normal 1.000000e+00 0.000000e+00 0.000000e+00
    outer loop
      vertex   3.000000e+01 9.924874e+01 -1.673324e+02
      vertex   3.000000e+01 1.217233e+02 -1.754083e+02
      vertex   3.000000e+01 1.235187e+02 -1.753320e+02
    endloop
  endfacet
  facet normal 1.000000e+00 -0.000000e+00 -0.000000e+00
    outer loop
      vertex   3.000000e+01 9.924874e+01 -1.673324e+02
      vertex   3.000000e+01 1.235187e+02 -1.753320e+02
      vertex   3.000000e+01 9.746647e+01 -1.658824e+02
    endloop
  endfacet
  facet normal 1.000000e+00 0.000000e+00 0.000000e+00
    outer loop
      vertex   3.000000e+01 9.746647e+01 -1.658824e+02
      vertex   3.000000e+01 1.235187e+02 -1.753320e+02
      vertex   3.000000e+01 1.253012e+02 -1.755603e+02
    endloop
  endfacet
  facet normal 1.000000e+00 -0.000000e+00 -0.000000e+00
    outer loop
      vertex   3.000000e+01 9.746647e+01 -1.658824e+02
      vertex   3.000000e+01 1.253012e+02 -1.755603e+02
      vertex   3.000000e+01 9.550336e+01 -1.646886e+02
    endloop
  endfacet
  facet normal 1.000000e+00 -0.000000e+00 -0.000000e+00
    outer loop
      vertex   3.000000e+01 9.550336e+01 -1.646886e+02
      vertex   3.000000e+01 1.253012e+02 -1.755603e+02
      vertex   3.000000e+01 5.002936e+01 -1.200000e+02
    endloop
  endfacet
  facet normal 1.000000e+00 0.000000e+00 0.000000e+00
    outer loop
      vertex   3.000000e+01 9.550336e+01 -1.646886e+02
      vertex   3.000000e+01 5.002936e+01 -1.200000e+02
      vertex   3.000000e+01 9.339598e+01 -1.637732e+02
    endloop
  endfacet
  facet normal 1.000000e+00 0.000000e+00 0.000000e+00
    outer loop
      vertex   3.000000e+01 9.339598e+01 -1.637732e+02
      vertex   3.000000e+01 5.002936e+01 -1.200000e+02
      vertex   3.000000e+01 9.118359e+01 -1.631534e+02
    endloop
  endfacet
  facet normal 1.000000e+00 0.000000e+00 0.000000e+00
    outer loop
      vertex   3.000000e+01 9.118359e+01 -1.631534e+02
      vertex   3.000000e+01 5.002936e+01 -1.200000e+02
      vertex   3.000000e+01 8.890740e+01 -1.628405e+02
    endloop
  endfacet
  facet normal 1.000000e+00 0.000000e+00 0.000000e+00
    outer loop
      vertex   3.000000e+01 8.890740e+01 -1.628405e+02
      vertex   3.000000e+01 5.002936e+01 -1.200000e+02
      vertex   3.000000e+01 8.660980e+01 -1.628405e+02
    endloop
  endfacet
  facet normal 1.000000e+00 0.000000e+00 0.000000e+00
    outer loop
      vertex   3.000000e+01 8.660980e+01 -1.628405e+02
      vertex   3.000000e+01 5.002936e+01 -1.200000e+02
      vertex   3.000000e+01 8.433361e+01 -1.631534e+02
    endloop
  endfacet
  facet normal 1.000000e+00 0.000000e+00 0.000000e+00
    outer loop
      vertex   3.000000e+01 8.433361e+01 -1.631534e+02
      vertex   3.000000e+01 5.002936e+01 -1.200000e+02
      vertex   3.000000e+01 5.640125e+01 -1.500209e+02
    endloop
  endfacet
  facet normal 1.000000e+00 0.000000e+00 0.000000e+00
    outer loop
      vertex   3.000000e+01 8.433361e+01 -1.631534e+02
      vertex   3.000000e+01 5.640125e+01 -1.500209e+02
      vertex   3.000000e+01 5.806838e+01 -1.525881e+02
    endloop
  endfacet
  facet normal 1.000000e+00 -0.000000e+00 -0.000000e+00
    outer loop
      vertex   3.000000e+01 1.253012e+02 -1.755603e+02
      vertex   3.000000e+01 1.270195e+02 -1.760865e+02
      vertex   3.000000e+01 5.002936e+01 -1.200000e+02
    endloop
  endfacet
  facet normal 1.000000e+00 0.000000e+00 0.000000e+00
    outer loop
      vertex   3.000000e+01 5.002936e+01 -1.200000e+02
      vertex   3.000000e+01 1.270195e+02 -1.760865e+02
      vertex   3.000000e+01 1.500000e+02 -1.858500e+02
    endloop
  endfacet
  facet normal 1.000000e+00 0.000000e+00 0.000000e+00
    outer loop
      vertex   3.000000e+01 1.500000e+02 -1.858500e+02
      vertex   3.000000e+01 1.270195e+02 -1.760865e+02
      vertex   3.000000e+01 1.286241e+02 -1.768955e+02
    endloop
  endfacet
  facet normal 1.000000e+00 0.000000e+00 0.000000e+00
    outer loop
      vertex   3.000000e+01 1.500000e+02 -1.858500e+02
      vertex   3.000000e+01 1.286241e+02 -1.768955e+02
      vertex   3.000000e+01 1.300689e+02 -1.779641e+02
    endloop
  endfacet
  facet normal 1.000000e+00 0.000000e+00 0.000000e+00
    outer loop
      vertex   3.000000e+01 1.300689e+02 -1.779641e+02
      vertex   3.000000e+01 1.313123e+02 -1.792615e+02
      vertex   3.000000e+01 1.500000e+02 -1.858500e+02
    endloop
  endfacet
  facet normal 1.000000e+00 0.000000e+00 0.000000e+00
    outer loop
      vertex   3.000000e+01 1.500000e+02 -1.858500e+02
      vertex   3.000000e+01 1.313123e+02 -1.792615e+02
      vertex   3.000000e+01 1.323186e+02 -1.807504e+02
    endloop
  endfacet
  facet normal 1.000000e+00 0.000000e+00 0.000000e+00
    outer loop
      vertex   3.000000e+01 1.500000e+02 -1.858500e+02
      vertex   3.000000e+01 1.323186e+02 -1.807504e+02
      vertex   3.000000e+01 1.330588e+02 -1.823879e+02
    endloop
  endfacet
  facet normal 1.000000e+00 0.000000e+00 0.000000e+00
    outer loop
      vertex   3.000000e+01 1.330588e+02 -1.823879e+02
      vertex   3.000000e+01 1.335116e+02 -1.841269e+02
      vertex   3.000000e+01 1.500000e+02 -1.858500e+02
    endloop
  endfacet
  facet normal 1.000000e+00 0.000000e+00 0.000000e+00
    outer loop
      vertex   3.000000e+01 3.274262e+01 -1.964536e+02
      vertex   3.000000e+01 8.660980e+01 -1.964301e+02
      vertex   3.000000e+01 3.579942e+01 -1.962934e+02
    endloop
  endfacet
  facet normal 1.000000e+00 -0.000000e+00 0.000000e+00
    outer loop
      vertex   3.000000e+01 3.579942e+01 -1.962934e+02
      vertex   3.000000e+01 8.660980e+01 -1.964301e+02
      vertex   3.000000e+01 8.433361e+01 -1.961173e+02
    endloop
  endfacet
  facet normal 1.000000e+00 0.000000e+00 0.000000e+00
    outer loop
      vertex   3.000000e+01 3.579942e+01 -1.962934e+02
      vertex   3.000000e+01 8.433361e+01 -1.961173e+02
      vertex   3.000000e+01 3.882272e+01 -1.958146e+02
    endloop
  endfacet
  facet normal 1.000000e+00 -0.000000e+00 0.000000e+00
    outer loop
      vertex   3.000000e+01 3.882272e+01 -1.958146e+02
      vertex   3.000000e+01 8.433361e+01 -1.961173e+02
      vertex   3.000000e+01 8.212122e+01 -1.954974e+02
    endloop
  endfacet
  facet normal 1.000000e+00 0.000000e+00 0.000000e+00
    outer loop
      vertex   3.000000e+01 3.882272e+01 -1.958146e+02
      vertex   3.000000e+01 8.212122e+01 -1.954974e+02
      vertex   3.000000e+01 4.177941e+01 -1.950223e+02
    endloop
  endfacet
  facet normal 1.000000e+00 -0.000000e+00 0.000000e+00
    outer loop
      vertex   3.000000e+01 4.177941e+01 -1.950223e+02
      vertex   3.000000e+01 8.212122e+01 -1.954974e+02
      vertex   3.000000e+01 4.463709e+01 -1.939254e+02
    endloop
  endfacet
  facet normal 1.000000e+00 0.000000e+00 0.000000e+00
    outer loop
      vertex   3.000000e+01 4.463709e+01 -1.939254e+02
      vertex   3.000000e+01 8.212122e+01 -1.954974e+02
      vertex   3.000000e+01 8.001384e+01 -1.945820e+02
    endloop
  endfacet
  facet normal 1.000000e+00 -0.000000e+00 0.000000e+00
    outer loop
      vertex   3.000000e+01 4.463709e+01 -1.939254e+02
      vertex   3.000000e+01 8.001384e+01 -1.945820e+02
      vertex   3.000000e+01 4.736446e+01 -1.925357e+02
    endloop
  endfacet
  facet normal 1.000000e+00 0.000000e+00 0.000000e+00
    outer loop
      vertex   3.000000e+01 4.736446e+01 -1.925357e+02
      vertex   3.000000e+01 8.001384e+01 -1.945820e+02
      vertex   3.000000e+01 7.805073e+01 -1.933882e+02
    endloop
  endfacet
  facet normal 1.000000e+00 -0.000000e+00 0.000000e+00
    outer loop
      vertex   3.000000e+01 4.736446e+01 -1.925357e+02
      vertex   3.000000e+01 7.805073e+01 -1.933882e+02
      vertex   3.000000e+01 4.993162e+01 -1.908686e+02
    endloop
  endfacet
  facet normal 1.000000e+00 0.000000e+00 0.000000e+00
    outer loop
      vertex   3.000000e+01 4.993162e+01 -1.908686e+02
      vertex   3.000000e+01 7.805073e+01 -1.933882e+02
      vertex   3.000000e+01 7.626846e+01 -1.919382e+02
    endloop
  endfacet
  facet normal 1.000000e+00 -0.000000e+00 0.000000e+00
    outer loop
      vertex   3.000000e+01 4.993162e+01 -1.908686e+02
      vertex   3.000000e+01 7.626846e+01 -1.919382e+02
      vertex   3.000000e+01 5.231045e+01 -1.889422e+02
    endloop
  endfacet
  facet normal 1.000000e+00 0.000000e+00 0.000000e+00
    outer loop
      vertex   3.000000e+01 5.231045e+01 -1.889422e+02
      vertex   3.000000e+01 7.626846e+01 -1.919382e+02
      vertex   3.000000e+01 7.470023e+01 -1.902591e+02
    endloop
  endfacet
  facet normal 1.000000e+00 -0.000000e+00 0.000000e+00
    outer loop
      vertex   3.000000e+01 5.231045e+01 -1.889422e+02
      vertex   3.000000e+01 7.470023e+01 -1.902591e+02
      vertex   3.000000e+01 5.447490e+01 -1.867778e+02
    endloop
  endfacet
  facet normal 1.000000e+00 0.000000e+00 0.000000e+00
    outer loop
      vertex   3.000000e+01 5.447490e+01 -1.867778e+02
      vertex   3.000000e+01 7.470023e+01 -1.902591e+02
      vertex   3.000000e+01 7.337525e+01 -1.883820e+02
    endloop
  endfacet
  facet normal 1.000000e+00 -0.000000e+00 0.000000e+00
    outer loop
      vertex   3.000000e+01 5.447490e+01 -1.867778e+02
      vertex   3.000000e+01 7.337525e+01 -1.883820e+02
      vertex   3.000000e+01 5.640125e+01 -1.843989e+02
    endloop
  endfacet
  facet normal 1.000000e+00 0.000000e+00 0.000000e+00
    outer loop
      vertex   3.000000e+01 5.640125e+01 -1.843989e+02
      vertex   3.000000e+01 7.337525e+01 -1.883820e+02
      vertex   3.000000e+01 7.231821e+01 -1.863420e+02
    endloop
  endfacet
  facet normal 1.000000e+00 -0.000000e+00 0.000000e+00
    outer loop
      vertex   3.000000e+01 5.640125e+01 -1.843989e+02
      vertex   3.000000e+01 7.231821e+01 -1.863420e+02
      vertex   3.000000e+01 5.806838e+01 -1.818318e+02
    endloop
  endfacet
  facet normal 1.000000e+00 0.000000e+00 0.000000e+00
    outer loop
      vertex   3.000000e+01 5.806838e+01 -1.818318e+02
      vertex   3.000000e+01 7.231821e+01 -1.863420e+02
      vertex   3.000000e+01 7.154879e+01 -1.841771e+02
    endloop
  endfacet
  facet normal 1.000000e+00 0.000000e+00 0.000000e+00
    outer loop
      vertex   3.000000e+01 5.806838e+01 -1.818318e+02
      vertex   3.000000e+01 7.154879e+01 -1.841771e+02
      vertex   3.000000e+01 7.108134e+01 -1.819276e+02
    endloop
  endfacet
  facet normal 1.000000e+00 -0.000000e+00 0.000000e+00
    outer loop
      vertex   3.000000e+01 5.806838e+01 -1.818318e+02
      vertex   3.000000e+01 7.108134e+01 -1.819276e+02
      vertex   3.000000e+01 5.945804e+01 -1.791044e+02
    endloop
  endfacet
  facet normal 1.000000e+00 0.000000e+00 0.000000e+00
    outer loop
      vertex   3.000000e+01 5.945804e+01 -1.791044e+02
      vertex   3.000000e+01 7.108134e+01 -1.819276e+02
      vertex   3.000000e+01 7.092454e+01 -1.796353e+02
    endloop
  endfacet
  facet normal 1.000000e+00 -0.000000e+00 0.000000e+00
    outer loop
      vertex   3.000000e+01 5.945804e+01 -1.791044e+02
      vertex   3.000000e+01 7.092454e+01 -1.796353e+02
      vertex   3.000000e+01 6.055500e+01 -1.762467e+02
    endloop
  endfacet
  facet normal 1.000000e+00 0.000000e+00 0.000000e+00
    outer loop
      vertex   3.000000e+01 6.055500e+01 -1.762467e+02
      vertex   3.000000e+01 7.092454e+01 -1.796353e+02
      vertex   3.000000e+01 7.108134e+01 -1.773431e+02
    endloop
  endfacet
  facet normal 1.000000e+00 -0.000000e+00 0.000000e+00
    outer loop
      vertex   3.000000e+01 6.055500e+01 -1.762467e+02
      vertex   3.000000e+01 7.108134e+01 -1.773431e+02
      vertex   3.000000e+01 6.134725e+01 -1.732900e+02
    endloop
  endfacet
  facet normal 1.000000e+00 0.000000e+00 0.000000e+00
    outer loop
      vertex   3.000000e+01 6.134725e+01 -1.732900e+02
      vertex   3.000000e+01 7.108134e+01 -1.773431e+02
      vertex   3.000000e+01 7.154879e+01 -1.750935e+02
    endloop
  endfacet
  facet normal 1.000000e+00 -0.000000e+00 0.000000e+00
    outer loop
      vertex   3.000000e+01 6.134725e+01 -1.732900e+02
      vertex   3.000000e+01 7.154879e+01 -1.750935e+02
      vertex   3.000000e+01 6.182609e+01 -1.702667e+02
    endloop
  endfacet
  facet normal 1.000000e+00 0.000000e+00 0.000000e+00
    outer loop
      vertex   3.000000e+01 6.182609e+01 -1.702667e+02
      vertex   3.000000e+01 7.154879e+01 -1.750935e+02
      vertex   3.000000e+01 7.231821e+01 -1.729286e+02
    endloop
  endfacet
  facet normal 1.000000e+00 -0.000000e+00 0.000000e+00
    outer loop
      vertex   3.000000e+01 6.182609e+01 -1.702667e+02
      vertex   3.000000e+01 7.231821e+01 -1.729286e+02
      vertex   3.000000e+01 6.198629e+01 -1.672099e+02
    endloop
  endfacet
  facet normal 1.000000e+00 0.000000e+00 0.000000e+00
    outer loop
      vertex   3.000000e+01 6.198629e+01 -1.672099e+02
      vertex   3.000000e+01 7.231821e+01 -1.729286e+02
      vertex   3.000000e+01 7.337525e+01 -1.708886e+02
    endloop
  endfacet
  facet normal 1.000000e+00 -0.000000e+00 -0.000000e+00
    outer loop
      vertex   3.000000e+01 6.198629e+01 -1.672099e+02
      vertex   3.000000e+01 7.337525e+01 -1.708886e+02
      vertex   3.000000e+01 6.182609e+01 -1.641531e+02
    endloop
  endfacet
  facet normal 1.000000e+00 0.000000e+00 0.000000e+00
    outer loop
      vertex   3.000000e+01 6.182609e+01 -1.641531e+02
      vertex   3.000000e+01 7.337525e+01 -1.708886e+02
      vertex   3.000000e+01 7.470023e+01 -1.690115e+02
    endloop
  endfacet
  facet normal 1.000000e+00 -0.000000e+00 -0.000000e+00
    outer loop
      vertex   3.000000e+01 6.182609e+01 -1.641531e+02
      vertex   3.000000e+01 7.470023e+01 -1.690115e+02
      vertex   3.000000e+01 6.134725e+01 -1.611298e+02
    endloop
  endfacet
  facet normal 1.000000e+00 0.000000e+00 0.000000e+00
    outer loop
      vertex   3.000000e+01 6.134725e+01 -1.611298e+02
      vertex   3.000000e+01 7.470023e+01 -1.690115e+02
      vertex   3.000000e+01 7.626846e+01 -1.673324e+02
    endloop
  endfacet
  facet normal 1.000000e+00 -0.000000e+00 -0.000000e+00
    outer loop
      vertex   3.000000e+01 6.134725e+01 -1.611298e+02
      vertex   3.000000e+01 7.626846e+01 -1.673324e+02
      vertex   3.000000e+01 6.055500e+01 -1.581732e+02
    endloop
  endfacet
  facet normal 1.000000e+00 0.000000e+00 0.000000e+00
    outer loop
      vertex   3.000000e+01 6.055500e+01 -1.581732e+02
      vertex   3.000000e+01 7.626846e+01 -1.673324e+02
      vertex   3.000000e+01 7.805073e+01 -1.658824e+02
    endloop
  endfacet
  facet normal 1.000000e+00 0.000000e+00 0.000000e+00
    outer loop
      vertex   3.000000e+01 6.055500e+01 -1.581732e+02
      vertex   3.000000e+01 7.805073e+01 -1.658824e+02
      vertex   3.000000e+01 8.001384e+01 -1.646886e+02
    endloop
  endfacet
  facet normal 1.000000e+00 -0.000000e+00 -0.000000e+00
    outer loop
      vertex   3.000000e+01 6.055500e+01 -1.581732e+02
      vertex   3.000000e+01 8.001384e+01 -1.646886e+02
      vertex   3.000000e+01 5.945804e+01 -1.553155e+02
    endloop
  endfacet
  facet normal 1.000000e+00 0.000000e+00 0.000000e+00
    outer loop
      vertex   3.000000e+01 5.945804e+01 -1.553155e+02
      vertex   3.000000e+01 8.001384e+01 -1.646886e+02
      vertex   3.000000e+01 8.212122e+01 -1.637732e+02
    endloop
  endfacet
  facet normal 1.000000e+00 -0.000000e+00 -0.000000e+00
    outer loop
      vertex   3.000000e+01 5.945804e+01 -1.553155e+02
      vertex   3.000000e+01 8.212122e+01 -1.637732e+02
      vertex   3.000000e+01 5.806838e+01 -1.525881e+02
    endloop
  endfacet
  facet normal 1.000000e+00 0.000000e+00 0.000000e+00
    outer loop
      vertex   3.000000e+01 5.806838e+01 -1.525881e+02
      vertex   3.000000e+01 8.212122e+01 -1.637732e+02
      vertex   3.000000e+01 8.433361e+01 -1.631534e+02
    endloop
  endfacet
  facet normal 1.000000e+00 0.000000e+00 0.000000e+00
    outer loop
      vertex   3.000000e+01 2.968583e+01 -1.962934e+02
      vertex   3.000000e+01 2.666252e+01 -1.958146e+02
      vertex   3.000000e+01 -2.000000e+00 -1.990000e+02
    endloop
  endfacet
  facet normal 1.000000e+00 0.000000e+00 0.000000e+00
    outer loop
      vertex   3.000000e+01 -2.000000e+00 -1.990000e+02
      vertex   3.000000e+01 2.666252e+01 -1.958146e+02
      vertex   3.000000e+01 2.370583e+01 -1.950223e+02
    endloop
  endfacet
  facet normal 1.000000e+00 0.000000e+00 0.000000e+00
    outer loop
      vertex   3.000000e+01 -2.000000e+00 -1.990000e+02
      vertex   3.000000e+01 2.370583e+01 -1.950223e+02
      vertex   3.000000e+01 2.084815e+01 -1.939254e+02
    endloop
  endfacet
  facet normal 1.000000e+00 0.000000e+00 0.000000e+00
    outer loop
      vertex   3.000000e+01 2.084815e+01 -1.939254e+02
      vertex   3.000000e+01 1.812079e+01 -1.925357e+02
      vertex   3.000000e+01 -2.000000e+00 -1.990000e+02
    endloop
  endfacet
  facet normal 1.000000e+00 0.000000e+00 0.000000e+00
    outer loop
      vertex   3.000000e+01 -2.000000e+00 -1.990000e+02
      vertex   3.000000e+01 1.812079e+01 -1.925357e+02
      vertex   3.000000e+01 1.555362e+01 -1.908686e+02
    endloop
  endfacet
  facet normal 1.000000e+00 0.000000e+00 0.000000e+00
    outer loop
      vertex   3.000000e+01 -2.000000e+00 -1.990000e+02
      vertex   3.000000e+01 1.555362e+01 -1.908686e+02
      vertex   3.000000e+01 1.317479e+01 -1.889422e+02
    endloop
  endfacet
  facet normal 1.000000e+00 0.000000e+00 0.000000e+00
    outer loop
      vertex   3.000000e+01 1.317479e+01 -1.889422e+02
      vertex   3.000000e+01 1.101034e+01 -1.867778e+02
      vertex   3.000000e+01 -2.000000e+00 -1.990000e+02
    endloop
  endfacet
  facet normal 1.000000e+00 0.000000e+00 0.000000e+00
    outer loop
      vertex   3.000000e+01 -2.000000e+00 -1.990000e+02
      vertex   3.000000e+01 1.101034e+01 -1.867778e+02
      vertex   3.000000e+01 9.083997e+00 -1.843989e+02
    endloop
  endfacet
  facet normal 1.000000e+00 0.000000e+00 0.000000e+00
    outer loop
      vertex   3.000000e+01 -2.000000e+00 -1.990000e+02
      vertex   3.000000e+01 9.083997e+00 -1.843989e+02
      vertex   3.000000e+01 7.416862e+00 -1.818318e+02
    endloop
  endfacet
  facet normal 1.000000e+00 0.000000e+00 0.000000e+00
    outer loop
      vertex   3.000000e+01 7.416862e+00 -1.818318e+02
      vertex   3.000000e+01 6.027201e+00 -1.791044e+02
      vertex   3.000000e+01 -2.000000e+00 -1.990000e+02
    endloop
  endfacet
  facet normal 1.000000e+00 0.000000e+00 0.000000e+00
    outer loop
      vertex   3.000000e+01 -2.000000e+00 -1.990000e+02
      vertex   3.000000e+01 6.027201e+00 -1.791044e+02
      vertex   3.000000e+01 4.930240e+00 -1.762467e+02
    endloop
  endfacet
  facet normal 1.000000e+00 0.000000e+00 0.000000e+00
    outer loop
      vertex   3.000000e+01 -2.000000e+00 -1.990000e+02
      vertex   3.000000e+01 4.930240e+00 -1.762467e+02
      vertex   3.000000e+01 4.137998e+00 -1.732900e+02
    endloop
  endfacet
  facet normal 1.000000e+00 0.000000e+00 0.000000e+00
    outer loop
      vertex   3.000000e+01 4.137998e+00 -1.732900e+02
      vertex   3.000000e+01 3.659153e+00 -1.702667e+02
      vertex   3.000000e+01 -2.000000e+00 -1.990000e+02
    endloop
  endfacet
  facet normal 1.000000e+00 0.000000e+00 0.000000e+00
    outer loop
      vertex   3.000000e+01 -2.000000e+00 -1.990000e+02
      vertex   3.000000e+01 3.659153e+00 -1.702667e+02
      vertex   3.000000e+01 3.498953e+00 -1.672099e+02
    endloop
  endfacet
  facet normal 1.000000e+00 0.000000e+00 0.000000e+00
    outer loop
      vertex   3.000000e+01 -2.000000e+00 -1.990000e+02
      vertex   3.000000e+01 3.498953e+00 -1.672099e+02
      vertex   3.000000e+01 3.659153e+00 -1.641531e+02
    endloop
  endfacet
  facet normal 1.000000e+00 0.000000e+00 0.000000e+00
    outer loop
      vertex   3.000000e+01 -2.000000e+00 -1.990000e+02
      vertex   3.000000e+01 3.659153e+00 -1.641531e+02
      vertex   3.000000e+01 3.669700e+00 -1.116616e+02
    endloop
  endfacet
  facet normal 1.000000e+00 0.000000e+00 0.000000e+00
    outer loop
      vertex   3.000000e+01 3.669700e+00 -1.116616e+02
      vertex   3.000000e+01 3.659153e+00 -1.641531e+02
      vertex   3.000000e+01 4.137998e+00 -1.611298e+02
    endloop
  endfacet
  facet normal 1.000000e+00 0.000000e+00 0.000000e+00
    outer loop
      vertex   3.000000e+01 3.669700e+00 -1.116616e+02
      vertex   3.000000e+01 4.137998e+00 -1.611298e+02
      vertex   3.000000e+01 4.137362e+00 -1.139121e+02
    endloop
  endfacet
  facet normal 1.000000e+00 0.000000e+00 0.000000e+00
    outer loop
      vertex   3.000000e+01 4.137362e+00 -1.139121e+02
      vertex   3.000000e+01 4.137998e+00 -1.611298e+02
      vertex   3.000000e+01 4.930240e+00 -1.581732e+02
    endloop
  endfacet
  facet normal 1.000000e+00 0.000000e+00 0.000000e+00
    outer loop
      vertex   3.000000e+01 4.137362e+00 -1.139121e+02
      vertex   3.000000e+01 4.930240e+00 -1.581732e+02
      vertex   3.000000e+01 4.907112e+00 -1.160779e+02
    endloop
  endfacet
  facet normal 1.000000e+00 0.000000e+00 0.000000e+00
    outer loop
      vertex   3.000000e+01 4.907112e+00 -1.160779e+02
      vertex   3.000000e+01 4.930240e+00 -1.581732e+02
      vertex   3.000000e+01 6.027201e+00 -1.553155e+02
    endloop
  endfacet
  facet normal 1.000000e+00 0.000000e+00 0.000000e+00
    outer loop
      vertex   3.000000e+01 4.907112e+00 -1.160779e+02
      vertex   3.000000e+01 6.027201e+00 -1.553155e+02
      vertex   3.000000e+01 5.964613e+00 -1.181188e+02
    endloop
  endfacet
  facet normal 1.000000e+00 0.000000e+00 0.000000e+00
    outer loop
      vertex   3.000000e+01 5.964613e+00 -1.181188e+02
      vertex   3.000000e+01 6.027201e+00 -1.553155e+02
      vertex   3.000000e+01 7.416862e+00 -1.525881e+02
    endloop
  endfacet
  facet normal 1.000000e+00 0.000000e+00 0.000000e+00
    outer loop
      vertex   3.000000e+01 5.964613e+00 -1.181188e+02
      vertex   3.000000e+01 7.416862e+00 -1.525881e+02
      vertex   3.000000e+01 7.290164e+00 -1.199967e+02
    endloop
  endfacet
  facet normal 1.000000e+00 0.000000e+00 0.000000e+00
    outer loop
      vertex   3.000000e+01 7.290164e+00 -1.199967e+02
      vertex   3.000000e+01 7.416862e+00 -1.525881e+02
      vertex   3.000000e+01 9.083997e+00 -1.500209e+02
    endloop
  endfacet
  facet normal 1.000000e+00 0.000000e+00 0.000000e+00
    outer loop
      vertex   3.000000e+01 7.290164e+00 -1.199967e+02
      vertex   3.000000e+01 9.083997e+00 -1.500209e+02
      vertex   3.000000e+01 8.859072e+00 -1.216766e+02
    endloop
  endfacet
  facet normal 1.000000e+00 0.000000e+00 0.000000e+00
    outer loop
      vertex   3.000000e+01 8.859072e+00 -1.216766e+02
      vertex   3.000000e+01 9.083997e+00 -1.500209e+02
      vertex   3.000000e+01 1.101034e+01 -1.476421e+02
    endloop
  endfacet
  facet normal 1.000000e+00 0.000000e+00 0.000000e+00
    outer loop
      vertex   3.000000e+01 8.859072e+00 -1.216766e+02
      vertex   3.000000e+01 1.101034e+01 -1.476421e+02
      vertex   3.000000e+01 1.064211e+01 -1.231272e+02
    endloop
  endfacet
  facet normal 1.000000e+00 0.000000e+00 0.000000e+00
    outer loop
      vertex   3.000000e+01 1.064211e+01 -1.231272e+02
      vertex   3.000000e+01 1.101034e+01 -1.476421e+02
      vertex   3.000000e+01 1.317479e+01 -1.454777e+02
    endloop
  endfacet
  facet normal 1.000000e+00 0.000000e+00 0.000000e+00
    outer loop
      vertex   3.000000e+01 1.064211e+01 -1.231272e+02
      vertex   3.000000e+01 1.317479e+01 -1.454777e+02
      vertex   3.000000e+01 1.260607e+01 -1.243215e+02
    endloop
  endfacet
  facet normal 1.000000e+00 0.000000e+00 0.000000e+00
    outer loop
      vertex   3.000000e+01 1.260607e+01 -1.243215e+02
      vertex   3.000000e+01 1.317479e+01 -1.454777e+02
      vertex   3.000000e+01 1.555362e+01 -1.435513e+02
    endloop
  endfacet
  facet normal 1.000000e+00 0.000000e+00 0.000000e+00
    outer loop
      vertex   3.000000e+01 1.260607e+01 -1.243215e+02
      vertex   3.000000e+01 1.555362e+01 -1.435513e+02
      vertex   3.000000e+01 1.471436e+01 -1.252373e+02
    endloop
  endfacet
  facet normal 1.000000e+00 0.000000e+00 0.000000e+00
    outer loop
      vertex   3.000000e+01 1.471436e+01 -1.252373e+02
      vertex   3.000000e+01 1.555362e+01 -1.435513e+02
      vertex   3.000000e+01 1.812079e+01 -1.418842e+02
    endloop
  endfacet
  facet normal 1.000000e+00 0.000000e+00 0.000000e+00
    outer loop
      vertex   3.000000e+01 1.471436e+01 -1.252373e+02
      vertex   3.000000e+01 1.812079e+01 -1.418842e+02
      vertex   3.000000e+01 1.692771e+01 -1.258574e+02
    endloop
  endfacet
  facet normal 1.000000e+00 0.000000e+00 0.000000e+00
    outer loop
      vertex   3.000000e+01 1.692771e+01 -1.258574e+02
      vertex   3.000000e+01 1.812079e+01 -1.418842e+02
      vertex   3.000000e+01 2.084815e+01 -1.404945e+02
    endloop
  endfacet
  facet normal 1.000000e+00 0.000000e+00 0.000000e+00
    outer loop
      vertex   3.000000e+01 1.692771e+01 -1.258574e+02
      vertex   3.000000e+01 2.084815e+01 -1.404945e+02
      vertex   3.000000e+01 1.920489e+01 -1.261704e+02
    endloop
  endfacet
  facet normal 1.000000e+00 -0.000000e+00 0.000000e+00
    outer loop
      vertex   3.000000e+01 1.920489e+01 -1.261704e+02
      vertex   3.000000e+01 2.084815e+01 -1.404945e+02
      vertex   3.000000e+01 2.150348e+01 -1.261704e+02
    endloop
  endfacet
  facet normal 1.000000e+00 0.000000e+00 0.000000e+00
    outer loop
      vertex   3.000000e+01 2.150348e+01 -1.261704e+02
      vertex   3.000000e+01 2.084815e+01 -1.404945e+02
      vertex   3.000000e+01 2.370583e+01 -1.393976e+02
    endloop
  endfacet
  facet normal 1.000000e+00 -0.000000e+00 0.000000e+00
    outer loop
      vertex   3.000000e+01 2.150348e+01 -1.261704e+02
      vertex   3.000000e+01 2.370583e+01 -1.393976e+02
      vertex   3.000000e+01 2.378066e+01 -1.258574e+02
    endloop
  endfacet
  facet normal 1.000000e+00 0.000000e+00 0.000000e+00
    outer loop
      vertex   3.000000e+01 2.378066e+01 -1.258574e+02
      vertex   3.000000e+01 2.370583e+01 -1.393976e+02
      vertex   3.000000e+01 2.666252e+01 -1.386053e+02
    endloop
  endfacet
  facet normal 1.000000e+00 -0.000000e+00 0.000000e+00
    outer loop
      vertex   3.000000e+01 2.378066e+01 -1.258574e+02
      vertex   3.000000e+01 2.666252e+01 -1.386053e+02
      vertex   3.000000e+01 2.599401e+01 -1.252373e+02
    endloop
  endfacet
  facet normal 1.000000e+00 0.000000e+00 0.000000e+00
    outer loop
      vertex   3.000000e+01 2.599401e+01 -1.252373e+02
      vertex   3.000000e+01 2.666252e+01 -1.386053e+02
      vertex   3.000000e+01 2.968583e+01 -1.381265e+02
    endloop
  endfacet
  facet normal 1.000000e+00 -0.000000e+00 0.000000e+00
    outer loop
      vertex   3.000000e+01 2.599401e+01 -1.252373e+02
      vertex   3.000000e+01 2.968583e+01 -1.381265e+02
      vertex   3.000000e+01 2.810230e+01 -1.243215e+02
    endloop
  endfacet
  facet normal 1.000000e+00 0.000000e+00 0.000000e+00
    outer loop
      vertex   3.000000e+01 2.810230e+01 -1.243215e+02
      vertex   3.000000e+01 2.968583e+01 -1.381265e+02
      vertex   3.000000e+01 3.274262e+01 -1.379663e+02
    endloop
  endfacet
  facet normal 1.000000e+00 -0.000000e+00 0.000000e+00
    outer loop
      vertex   3.000000e+01 2.810230e+01 -1.243215e+02
      vertex   3.000000e+01 3.274262e+01 -1.379663e+02
      vertex   3.000000e+01 3.006626e+01 -1.231272e+02
    endloop
  endfacet
  facet normal 1.000000e+00 0.000000e+00 0.000000e+00
    outer loop
      vertex   3.000000e+01 3.006626e+01 -1.231272e+02
      vertex   3.000000e+01 3.274262e+01 -1.379663e+02
      vertex   3.000000e+01 3.579942e+01 -1.381265e+02
    endloop
  endfacet
  facet normal 1.000000e+00 -0.000000e+00 0.000000e+00
    outer loop
      vertex   3.000000e+01 3.006626e+01 -1.231272e+02
      vertex   3.000000e+01 3.579942e+01 -1.381265e+02
      vertex   3.000000e+01 3.184930e+01 -1.216766e+02
    endloop
  endfacet
  facet normal 1.000000e+00 -0.000000e+00 0.000000e+00
    outer loop
      vertex   3.000000e+01 3.184930e+01 -1.216766e+02
      vertex   3.000000e+01 3.579942e+01 -1.381265e+02
      vertex   3.000000e+01 3.341821e+01 -1.199967e+02
    endloop
  endfacet
  facet normal 1.000000e+00 0.000000e+00 0.000000e+00
    outer loop
      vertex   3.000000e+01 3.341821e+01 -1.199967e+02
      vertex   3.000000e+01 3.579942e+01 -1.381265e+02
      vertex   3.000000e+01 3.882272e+01 -1.386053e+02
    endloop
  endfacet
  facet normal 1.000000e+00 -0.000000e+00 0.000000e+00
    outer loop
      vertex   3.000000e+01 3.341821e+01 -1.199967e+02
      vertex   3.000000e+01 3.882272e+01 -1.386053e+02
      vertex   3.000000e+01 3.474376e+01 -1.181188e+02
    endloop
  endfacet
  facet normal 1.000000e+00 0.000000e+00 0.000000e+00
    outer loop
      vertex   3.000000e+01 3.474376e+01 -1.181188e+02
      vertex   3.000000e+01 3.882272e+01 -1.386053e+02
      vertex   3.000000e+01 5.000000e+01 -1.200000e+02
    endloop
  endfacet
  facet normal 1.000000e+00 -0.000000e+00 0.000000e+00
    outer loop
      vertex   3.000000e+01 3.474376e+01 -1.181188e+02
      vertex   3.000000e+01 5.000000e+01 -1.200000e+02
      vertex   3.000000e+01 3.580126e+01 -1.160779e+02
    endloop
  endfacet
  facet normal 1.000000e+00 0.000000e+00 0.000000e+00
    outer loop
      vertex   3.000000e+01 3.580126e+01 -1.160779e+02
      vertex   3.000000e+01 5.000000e+01 -1.200000e+02
      vertex   3.000000e+01 5.000000e+01 -1.199067e+02
    endloop
  endfacet
  facet normal 1.000000e+00 -0.000000e+00 0.000000e+00
    outer loop
      vertex   3.000000e+01 3.580126e+01 -1.160779e+02
      vertex   3.000000e+01 5.000000e+01 -1.199067e+02
      vertex   3.000000e+01 3.657102e+01 -1.139121e+02
    endloop
  endfacet
  facet normal 1.000000e+00 -0.000000e+00 0.000000e+00
    outer loop
      vertex   3.000000e+01 3.657102e+01 -1.139121e+02
      vertex   3.000000e+01 5.000000e+01 -1.199067e+02
      vertex   3.000000e+01 3.703868e+01 -1.116616e+02
    endloop
  endfacet
  facet normal 1.000000e+00 -0.000000e+00 0.000000e+00
    outer loop
      vertex   3.000000e+01 3.703868e+01 -1.116616e+02
      vertex   3.000000e+01 5.000000e+01 -1.199067e+02
      vertex   3.000000e+01 3.719554e+01 -1.093683e+02
    endloop
  endfacet
  facet normal 1.000000e+00 -0.000000e+00 -0.000000e+00
    outer loop
      vertex   3.000000e+01 3.719554e+01 -1.093683e+02
      vertex   3.000000e+01 5.000000e+01 -1.199067e+02
      vertex   3.000000e+01 3.703868e+01 -1.070751e+02
    endloop
  endfacet
  facet normal 1.000000e+00 -0.000000e+00 -0.000000e+00
    outer loop
      vertex   3.000000e+01 3.703868e+01 -1.070751e+02
      vertex   3.000000e+01 5.000000e+01 -1.199067e+02
      vertex   3.000000e+01 3.657102e+01 -1.048246e+02
    endloop
  endfacet
  facet normal 1.000000e+00 -0.000000e+00 0.000000e+00
    outer loop
      vertex   3.000000e+01 3.882272e+01 -1.386053e+02
      vertex   3.000000e+01 4.177941e+01 -1.393976e+02
      vertex   3.000000e+01 5.000000e+01 -1.200000e+02
    endloop
  endfacet
  facet normal 1.000000e+00 0.000000e+00 0.000000e+00
    outer loop
      vertex   3.000000e+01 5.000000e+01 -1.200000e+02
      vertex   3.000000e+01 4.177941e+01 -1.393976e+02
      vertex   3.000000e+01 4.463709e+01 -1.404945e+02
    endloop
  endfacet
  facet normal 1.000000e+00 0.000000e+00 0.000000e+00
    outer loop
      vertex   3.000000e+01 5.000000e+01 -1.200000e+02
      vertex   3.000000e+01 4.463709e+01 -1.404945e+02
      vertex   3.000000e+01 4.736446e+01 -1.418842e+02
    endloop
  endfacet
  facet normal 1.000000e+00 -0.000000e+00 0.000000e+00
    outer loop
      vertex   3.000000e+01 5.000000e+01 -1.200000e+02
      vertex   3.000000e+01 4.736446e+01 -1.418842e+02
      vertex   3.000000e+01 5.002936e+01 -1.200000e+02
    endloop
  endfacet
  facet normal 1.000000e+00 0.000000e+00 0.000000e+00
    outer loop
      vertex   3.000000e+01 5.002936e+01 -1.200000e+02
      vertex   3.000000e+01 4.736446e+01 -1.418842e+02
      vertex   3.000000e+01 4.993162e+01 -1.435513e+02
    endloop
  endfacet
  facet normal 1.000000e+00 0.000000e+00 0.000000e+00
    outer loop
      vertex   3.000000e+01 5.002936e+01 -1.200000e+02
      vertex   3.000000e+01 4.993162e+01 -1.435513e+02
      vertex   3.000000e+01 5.231045e+01 -1.454777e+02
    endloop
  endfacet
  facet normal 1.000000e+00 -0.000000e+00 -0.000000e+00
    outer loop
      vertex   3.000000e+01 5.231045e+01 -1.454777e+02
      vertex   3.000000e+01 5.447490e+01 -1.476421e+02
      vertex   3.000000e+01 5.002936e+01 -1.200000e+02
    endloop
  endfacet
  facet normal 1.000000e+00 0.000000e+00 0.000000e+00
    outer loop
      vertex   3.000000e+01 5.002936e+01 -1.200000e+02
      vertex   3.000000e+01 5.447490e+01 -1.476421e+02
      vertex   3.000000e+01 5.640125e+01 -1.500209e+02
    endloop
  endfacet
  facet normal 1.000000e+00 0.000000e+00 0.000000e+00
    outer loop
      vertex   3.000000e+01 3.669700e+00 -1.116616e+02
      vertex   3.000000e+01 3.512839e+00 -1.093683e+02
      vertex   3.000000e+01 -2.000000e+00 -1.990000e+02
    endloop
  endfacet
  facet normal 1.000000e+00 0.000000e+00 -0.000000e+00
    outer loop
      vertex   3.000000e+01 2.500000e+00 -2.000000e+01
      vertex   3.000000e+01 2.500000e+00 -1.500000e+01
      vertex   3.000000e+01 -2.000000e+00 -1.500000e+01
    endloop
  endfacet
  facet normal 9.914449e-01 -1.305262e-01 0.000000e+00
    outer loop
      vertex   3.344448e+00 9.185288e+00 -2.000000e+02
      vertex   3.344448e+00 9.185288e+00 -1.985000e+02
      vertex   3.233707e+00 8.344126e+00 -2.000000e+02
    endloop
  endfacet
  facet normal 9.914449e-01 -1.305262e-01 0.000000e+00
    outer loop
      vertex   3.233707e+00 8.344126e+00 -2.000000e+02
      vertex   3.344448e+00 9.185288e+00 -1.985000e+02
      vertex   3.233707e+00 8.344126e+00 -1.985000e+02
    endloop
  endfacet
  facet normal 9.914449e-01 1.305262e-01 -0.000000e+00
    outer loop
      vertex   3.233707e+00 8.344126e+00 -2.000000e+02
      vertex   3.233707e+00 8.344126e+00 -1.985000e+02
      vertex   3.344448e+00 7.502965e+00 -2.000000e+02
    endloop
  endfacet
  facet normal 9.914449e-01 1.305262e-01 -0.000000e+00
    outer loop
      vertex   3.344448e+00 7.502965e+00 -2.000000e+02
      vertex   3.233707e+00 8.344126e+00 -1.985000e+02
      vertex   3.344448e+00 7.502965e+00 -1.985000e+02
    endloop
  endfacet
  facet normal 9.238795e-01 3.826834e-01 -0.000000e+00
    outer loop
      vertex   3.344448e+00 7.502965e+00 -2.000000e+02
      vertex   3.344448e+00 7.502965e+00 -1.985000e+02
      vertex   3.669125e+00 6.719126e+00 -2.000000e+02
    endloop
  endfacet
  facet normal 9.238795e-01 3.826834e-01 -0.000000e+00
    outer loop
      vertex   3.669125e+00 6.719126e+00 -2.000000e+02
      vertex   3.344448e+00 7.502965e+00 -1.985000e+02
      vertex   3.669125e+00 6.719126e+00 -1.985000e+02
    endloop
  endfacet
  facet normal 7.933533e-01 6.087614e-01 -0.000000e+00
    outer loop
      vertex   3.669125e+00 6.719126e+00 -2.000000e+02
      vertex   3.669125e+00 6.719126e+00 -1.985000e+02
      vertex   4.185610e+00 6.046029e+00 -2.000000e+02
    endloop
  endfacet
  facet normal 7.933533e-01 6.087614e-01 -0.000000e+00
    outer loop
      vertex   4.185610e+00 6.046029e+00 -2.000000e+02
      vertex   3.669125e+00 6.719126e+00 -1.985000e+02
      vertex   4.185610e+00 6.046029e+00 -1.985000e+02
    endloop
  endfacet
  facet normal 6.087614e-01 7.933533e-01 -0.000000e+00
    outer loop
      vertex   4.185610e+00 6.046029e+00 -2.000000e+02
      vertex   4.185610e+00 6.046029e+00 -1.985000e+02
      vertex   4.858707e+00 5.529544e+00 -2.000000e+02
    endloop
  endfacet
  facet normal 6.087614e-01 7.933533e-01 -0.000000e+00
    outer loop
      vertex   4.858707e+00 5.529544e+00 -2.000000e+02
      vertex   4.185610e+00 6.046029e+00 -1.985000e+02
      vertex   4.858707e+00 5.529544e+00 -1.985000e+02
    endloop
  endfacet
  facet normal 3.826834e-01 9.238795e-01 -0.000000e+00
    outer loop
      vertex   4.858707e+00 5.529544e+00 -2.000000e+02
      vertex   4.858707e+00 5.529544e+00 -1.985000e+02
      vertex   5.642545e+00 5.204867e+00 -2.000000e+02
    endloop
  endfacet
  facet normal 3.826834e-01 9.238795e-01 -0.000000e+00
    outer loop
      vertex   5.642545e+00 5.204867e+00 -2.000000e+02
      vertex   4.858707e+00 5.529544e+00 -1.985000e+02
      vertex   5.642545e+00 5.204867e+00 -1.985000e+02
    endloop
  endfacet
  facet normal 1.305262e-01 9.914449e-01 -0.000000e+00
    outer loop
      vertex   5.642545e+00 5.204867e+00 -2.000000e+02
      vertex   5.642545e+00 5.204867e+00 -1.985000e+02
      vertex   6.483707e+00 5.094126e+00 -2.000000e+02
    endloop
  endfacet
  facet normal 1.305262e-01 9.914449e-01 -0.000000e+00
    outer loop
      vertex   6.483707e+00 5.094126e+00 -2.000000e+02
      vertex   5.642545e+00 5.204867e+00 -1.985000e+02
      vertex   6.483707e+00 5.094126e+00 -1.985000e+02
    endloop
  endfacet
  facet normal -1.305262e-01 9.914449e-01 0.000000e+00
    outer loop
      vertex   6.483707e+00 5.094126e+00 -2.000000e+02
      vertex   6.483707e+00 5.094126e+00 -1.985000e+02
      vertex   7.324869e+00 5.204867e+00 -2.000000e+02
    endloop
  endfacet
  facet normal -1.305262e-01 9.914449e-01 0.000000e+00
    outer loop
      vertex   7.324869e+00 5.204867e+00 -2.000000e+02
      vertex   6.483707e+00 5.094126e+00 -1.985000e+02
      vertex   7.324869e+00 5.204867e+00 -1.985000e+02
    endloop
  endfacet
  facet normal -3.826834e-01 9.238795e-01 0.000000e+00
    outer loop
      vertex   7.324869e+00 5.204867e+00 -2.000000e+02
      vertex   7.324869e+00 5.204867e+00 -1.985000e+02
      vertex   8.108707e+00 5.529544e+00 -2.000000e+02
    endloop
  endfacet
  facet normal -3.826834e-01 9.238795e-01 0.000000e+00
    outer loop
      vertex   8.108707e+00 5.529544e+00 -2.000000e+02
      vertex   7.324869e+00 5.204867e+00 -1.985000e+02
      vertex   8.108707e+00 5.529544e+00 -1.985000e+02
    endloop
  endfacet
  facet normal -6.087614e-01 7.933533e-01 0.000000e+00
    outer loop
      vertex   8.108707e+00 5.529544e+00 -2.000000e+02
      vertex   8.108707e+00 5.529544e+00 -1.985000e+02
      vertex   8.781804e+00 6.046029e+00 -2.000000e+02
    endloop
  endfacet
  facet normal -6.087614e-01 7.933533e-01 0.000000e+00
    outer loop
      vertex   8.781804e+00 6.046029e+00 -2.000000e+02
      vertex   8.108707e+00 5.529544e+00 -1.985000e+02
      vertex   8.781804e+00 6.046029e+00 -1.985000e+02
    endloop
  endfacet
  facet normal -7.933533e-01 6.087614e-01 0.000000e+00
    outer loop
      vertex   8.781804e+00 6.046029e+00 -2.000000e+02
      vertex   8.781804e+00 6.046029e+00 -1.985000e+02
      vertex   9.298290e+00 6.719126e+00 -2.000000e+02
    endloop
  endfacet
  facet normal -7.933533e-01 6.087614e-01 0.000000e+00
    outer loop
      vertex   9.298290e+00 6.719126e+00 -2.000000e+02
      vertex   8.781804e+00 6.046029e+00 -1.985000e+02
      vertex   9.298290e+00 6.719126e+00 -1.985000e+02
    endloop
  endfacet
  facet normal -9.238795e-01 3.826834e-01 0.000000e+00
    outer loop
      vertex   9.298290e+00 6.719126e+00 -2.000000e+02
      vertex   9.298290e+00 6.719126e+00 -1.985000e+02
      vertex   9.622966e+00 7.502965e+00 -2.000000e+02
    endloop
  endfacet
  facet normal -9.238795e-01 3.826834e-01 0.000000e+00
    outer loop
      vertex   9.622966e+00 7.502965e+00 -2.000000e+02
      vertex   9.298290e+00 6.719126e+00 -1.985000e+02
      vertex   9.622966e+00 7.502965e+00 -1.985000e+02
    endloop
  endfacet
  facet normal -9.914449e-01 1.305262e-01 0.000000e+00
    outer loop
      vertex   9.622966e+00 7.502965e+00 -2.000000e+02
      vertex   9.622966e+00 7.502965e+00 -1.985000e+02
      vertex   9.733707e+00 8.344126e+00 -2.000000e+02
    endloop
  endfacet
  facet normal -9.914449e-01 1.305262e-01 0.000000e+00
    outer loop
      vertex   9.733707e+00 8.344126e+00 -2.000000e+02
      vertex   9.622966e+00 7.502965e+00 -1.985000e+02
      vertex   9.733707e+00 8.344126e+00 -1.985000e+02
    endloop
  endfacet
  facet normal -9.914449e-01 -1.305262e-01 0.000000e+00
    outer loop
      vertex   9.733707e+00 8.344126e+00 -2.000000e+02
      vertex   9.733707e+00 8.344126e+00 -1.985000e+02
      vertex   9.622966e+00 9.185288e+00 -2.000000e+02
    endloop
  endfacet
  facet normal -9.914449e-01 -1.305262e-01 0.000000e+00
    outer loop
      vertex   9.622966e+00 9.185288e+00 -2.000000e+02
      vertex   9.733707e+00 8.344126e+00 -1.985000e+02
      vertex   9.622966e+00 9.185288e+00 -1.985000e+02
    endloop
  endfacet
  facet normal -9.238795e-01 -3.826834e-01 0.000000e+00
    outer loop
      vertex   9.622966e+00 9.185288e+00 -2.000000e+02
      vertex   9.622966e+00 9.185288e+00 -1.985000e+02
      vertex   9.298290e+00 9.969126e+00 -2.000000e+02
    endloop
  endfacet
  facet normal -9.238795e-01 -3.826834e-01 0.000000e+00
    outer loop
      vertex   9.298290e+00 9.969126e+00 -2.000000e+02
      vertex   9.622966e+00 9.185288e+00 -1.985000e+02
      vertex   9.298290e+00 9.969126e+00 -1.985000e+02
    endloop
  endfacet
  facet normal -7.933533e-01 -6.087614e-01 0.000000e+00
    outer loop
      vertex   9.298290e+00 9.969126e+00 -2.000000e+02
      vertex   9.298290e+00 9.969126e+00 -1.985000e+02
      vertex   8.781804e+00 1.064222e+01 -2.000000e+02
    endloop
  endfacet
  facet normal -7.933533e-01 -6.087614e-01 0.000000e+00
    outer loop
      vertex   8.781804e+00 1.064222e+01 -2.000000e+02
      vertex   9.298290e+00 9.969126e+00 -1.985000e+02
      vertex   8.781804e+00 1.064222e+01 -1.985000e+02
    endloop
  endfacet
  facet normal -6.087614e-01 -7.933533e-01 0.000000e+00
    outer loop
      vertex   8.781804e+00 1.064222e+01 -2.000000e+02
      vertex   8.781804e+00 1.064222e+01 -1.985000e+02
      vertex   8.108707e+00 1.115871e+01 -2.000000e+02
    endloop
  endfacet
  facet normal -6.087614e-01 -7.933533e-01 0.000000e+00
    outer loop
      vertex   8.108707e+00 1.115871e+01 -2.000000e+02
      vertex   8.781804e+00 1.064222e+01 -1.985000e+02
      vertex   8.108707e+00 1.115871e+01 -1.985000e+02
    endloop
  endfacet
  facet normal -3.826834e-01 -9.238795e-01 0.000000e+00
    outer loop
      vertex   8.108707e+00 1.115871e+01 -2.000000e+02
      vertex   8.108707e+00 1.115871e+01 -1.985000e+02
      vertex   7.324869e+00 1.148339e+01 -2.000000e+02
    endloop
  endfacet
  facet normal -3.826834e-01 -9.238795e-01 0.000000e+00
    outer loop
      vertex   7.324869e+00 1.148339e+01 -2.000000e+02
      vertex   8.108707e+00 1.115871e+01 -1.985000e+02
      vertex   7.324869e+00 1.148339e+01 -1.985000e+02
    endloop
  endfacet
  facet normal -1.305262e-01 -9.914449e-01 0.000000e+00
    outer loop
      vertex   7.324869e+00 1.148339e+01 -2.000000e+02
      vertex   7.324869e+00 1.148339e+01 -1.985000e+02
      vertex   6.483707e+00 1.159413e+01 -2.000000e+02
    endloop
  endfacet
  facet normal -1.305262e-01 -9.914449e-01 0.000000e+00
    outer loop
      vertex   6.483707e+00 1.159413e+01 -2.000000e+02
      vertex   7.324869e+00 1.148339e+01 -1.985000e+02
      vertex   6.483707e+00 1.159413e+01 -1.985000e+02
    endloop
  endfacet
  facet normal 1.305262e-01 -9.914449e-01 0.000000e+00
    outer loop
      vertex   6.483707e+00 1.159413e+01 -2.000000e+02
      vertex   6.483707e+00 1.159413e+01 -1.985000e+02
      vertex   5.642545e+00 1.148339e+01 -2.000000e+02
    endloop
  endfacet
  facet normal 1.305262e-01 -9.914449e-01 0.000000e+00
    outer loop
      vertex   5.642545e+00 1.148339e+01 -2.000000e+02
      vertex   6.483707e+00 1.159413e+01 -1.985000e+02
      vertex   5.642545e+00 1.148339e+01 -1.985000e+02
    endloop
  endfacet
  facet normal 3.826834e-01 -9.238795e-01 0.000000e+00
    outer loop
      vertex   5.642545e+00 1.148339e+01 -2.000000e+02
      vertex   5.642545e+00 1.148339e+01 -1.985000e+02
      vertex   4.858707e+00 1.115871e+01 -2.000000e+02
    endloop
  endfacet
  facet normal 3.826834e-01 -9.238795e-01 0.000000e+00
    outer loop
      vertex   4.858707e+00 1.115871e+01 -2.000000e+02
      vertex   5.642545e+00 1.148339e+01 -1.985000e+02
      vertex   4.858707e+00 1.115871e+01 -1.985000e+02
    endloop
  endfacet
  facet normal 6.087614e-01 -7.933533e-01 0.000000e+00
    outer loop
      vertex   4.858707e+00 1.115871e+01 -2.000000e+02
      vertex   4.858707e+00 1.115871e+01 -1.985000e+02
      vertex   4.185610e+00 1.064222e+01 -2.000000e+02
    endloop
  endfacet
  facet normal 6.087614e-01 -7.933533e-01 0.000000e+00
    outer loop
      vertex   4.185610e+00 1.064222e+01 -2.000000e+02
      vertex   4.858707e+00 1.115871e+01 -1.985000e+02
      vertex   4.185610e+00 1.064222e+01 -1.985000e+02
    endloop
  endfacet
  facet normal 7.933533e-01 -6.087614e-01 0.000000e+00
    outer loop
      vertex   4.185610e+00 1.064222e+01 -2.000000e+02
      vertex   4.185610e+00 1.064222e+01 -1.985000e+02
      vertex   3.669125e+00 9.969126e+00 -2.000000e+02
    endloop
  endfacet
  facet normal 7.933533e-01 -6.087614e-01 0.000000e+00
    outer loop
      vertex   3.669125e+00 9.969126e+00 -2.000000e+02
      vertex   4.185610e+00 1.064222e+01 -1.985000e+02
      vertex   3.669125e+00 9.969126e+00 -1.985000e+02
    endloop
  endfacet
  facet normal 9.238795e-01 -3.826834e-01 0.000000e+00
    outer loop
      vertex   3.669125e+00 9.969126e+00 -2.000000e+02
      vertex   3.669125e+00 9.969126e+00 -1.985000e+02
      vertex   3.344448e+00 9.185288e+00 -2.000000e+02
    endloop
  endfacet
  facet normal 9.238795e-01 -3.826834e-01 0.000000e+00
    outer loop
      vertex   3.344448e+00 9.185288e+00 -2.000000e+02
      vertex   3.669125e+00 9.969126e+00 -1.985000e+02
      vertex   3.344448e+00 9.185288e+00 -1.985000e+02
    endloop
  endfacet
  facet normal 0.000000e+00 -0.000000e+00 -1.000000e+00
    outer loop
      vertex   3.344448e+00 9.185288e+00 -1.985000e+02
      vertex   9.622966e+00 9.185288e+00 -1.985000e+02
      vertex   3.233707e+00 8.344126e+00 -1.985000e+02
    endloop
  endfacet
  facet normal 0.000000e+00 0.000000e+00 -1.000000e+00
    outer loop
      vertex   3.233707e+00 8.344126e+00 -1.985000e+02
      vertex   9.622966e+00 9.185288e+00 -1.985000e+02
      vertex   9.733707e+00 8.344126e+00 -1.985000e+02
    endloop
  endfacet
  facet normal 0.000000e+00 0.000000e+00 -1.000000e+00
    outer loop
      vertex   3.233707e+00 8.344126e+00 -1.985000e+02
      vertex   9.733707e+00 8.344126e+00 -1.985000e+02
      vertex   3.344448e+00 7.502965e+00 -1.985000e+02
    endloop
  endfacet
  facet normal 0.000000e+00 0.000000e+00 -1.000000e+00
    outer loop
      vertex   3.344448e+00 7.502965e+00 -1.985000e+02
      vertex   9.733707e+00 8.344126e+00 -1.985000e+02
      vertex   9.622966e+00 7.502965e+00 -1.985000e+02
    endloop
  endfacet
  facet normal 0.000000e+00 0.000000e+00 -1.000000e+00
    outer loop
      vertex   3.344448e+00 7.502965e+00 -1.985000e+02
      vertex   9.622966e+00 7.502965e+00 -1.985000e+02
      vertex   3.669125e+00 6.719126e+00 -1.985000e+02
    endloop
  endfacet
  facet normal 0.000000e+00 0.000000e+00 -1.000000e+00
    outer loop
      vertex   3.669125e+00 6.719126e+00 -1.985000e+02
      vertex   9.622966e+00 7.502965e+00 -1.985000e+02
      vertex   9.298290e+00 6.719126e+00 -1.985000e+02
    endloop
  endfacet
  facet normal 0.000000e+00 0.000000e+00 -1.000000e+00
    outer loop
      vertex   3.669125e+00 6.719126e+00 -1.985000e+02
      vertex   9.298290e+00 6.719126e+00 -1.985000e+02
      vertex   4.185610e+00 6.046029e+00 -1.985000e+02
    endloop
  endfacet
  facet normal 0.000000e+00 0.000000e+00 -1.000000e+00
    outer loop
      vertex   4.185610e+00 6.046029e+00 -1.985000e+02
      vertex   9.298290e+00 6.719126e+00 -1.985000e+02
      vertex   8.781804e+00 6.046029e+00 -1.985000e+02
    endloop
  endfacet
  facet normal 0.000000e+00 0.000000e+00 -1.000000e+00
    outer loop
      vertex   4.185610e+00 6.046029e+00 -1.985000e+02
      vertex   8.781804e+00 6.046029e+00 -1.985000e+02
      vertex   4.858707e+00 5.529544e+00 -1.985000e+02
    endloop
  endfacet
  facet normal 0.000000e+00 0.000000e+00 -1.000000e+00
    outer loop
      vertex   4.858707e+00 5.529544e+00 -1.985000e+02
      vertex   8.781804e+00 6.046029e+00 -1.985000e+02
      vertex   8.108707e+00 5.529544e+00 -1.985000e+02
    endloop
  endfacet
  facet normal 0.000000e+00 0.000000e+00 -1.000000e+00
    outer loop
      vertex   4.858707e+00 5.529544e+00 -1.985000e+02
      vertex   8.108707e+00 5.529544e+00 -1.985000e+02
      vertex   5.642545e+00 5.204867e+00 -1.985000e+02
    endloop
  endfacet
  facet normal 0.000000e+00 0.000000e+00 -1.000000e+00
    outer loop
      vertex   5.642545e+00 5.204867e+00 -1.985000e+02
      vertex   8.108707e+00 5.529544e+00 -1.985000e+02
      vertex   7.324869e+00 5.204867e+00 -1.985000e+02
    endloop
  endfacet
  facet normal 0.000000e+00 0.000000e+00 -1.000000e+00
    outer loop
      vertex   5.642545e+00 5.204867e+00 -1.985000e+02
      vertex   7.324869e+00 5.204867e+00 -1.985000e+02
      vertex   6.483707e+00 5.094126e+00 -1.985000e+02
    endloop
  endfacet
  facet normal 0.000000e+00 0.000000e+00 -1.000000e+00
    outer loop
      vertex   9.622966e+00 9.185288e+00 -1.985000e+02
      vertex   3.344448e+00 9.185288e+00 -1.985000e+02
      vertex   9.298290e+00 9.969126e+00 -1.985000e+02
    endloop
  endfacet
  facet normal -0.000000e+00 0.000000e+00 -1.000000e+00
    outer loop
      vertex   9.298290e+00 9.969126e+00 -1.985000e+02
      vertex   3.344448e+00 9.185288e+00 -1.985000e+02
      vertex   3.669125e+00 9.969126e+00 -1.985000e+02
    endloop
  endfacet
  facet normal 0.000000e+00 0.000000e+00 -1.000000e+00
    outer loop
      vertex   9.298290e+00 9.969126e+00 -1.985000e+02
      vertex   3.669125e+00 9.969126e+00 -1.985000e+02
      vertex   8.781804e+00 1.064222e+01 -1.985000e+02
    endloop
  endfacet
  facet normal -0.000000e+00 0.000000e+00 -1.000000e+00
    outer loop
      vertex   8.781804e+00 1.064222e+01 -1.985000e+02
      vertex   3.669125e+00 9.969126e+00 -1.985000e+02
      vertex   4.185610e+00 1.064222e+01 -1.985000e+02
    endloop
  endfacet
  facet normal 0.000000e+00 0.000000e+00 -1.000000e+00
    outer loop
      vertex   8.781804e+00 1.064222e+01 -1.985000e+02
      vertex   4.185610e+00 1.064222e+01 -1.985000e+02
      vertex   8.108707e+00 1.115871e+01 -1.985000e+02
    endloop
  endfacet
  facet normal -0.000000e+00 0.000000e+00 -1.000000e+00
    outer loop
      vertex   8.108707e+00 1.115871e+01 -1.985000e+02
      vertex   4.185610e+00 1.064222e+01 -1.985000e+02
      vertex   4.858707e+00 1.115871e+01 -1.985000e+02
    endloop
  endfacet
  facet normal 0.000000e+00 0.000000e+00 -1.000000e+00
    outer loop
      vertex   8.108707e+00 1.115871e+01 -1.985000e+02
      vertex   4.858707e+00 1.115871e+01 -1.985000e+02
      vertex   7.324869e+00 1.148339e+01 -1.985000e+02
    endloop
  endfacet
  facet normal -0.000000e+00 0.000000e+00 -1.000000e+00
    outer loop
      vertex   7.324869e+00 1.148339e+01 -1.985000e+02
      vertex   4.858707e+00 1.115871e+01 -1.985000e+02
      vertex   5.642545e+00 1.148339e+01 -1.985000e+02
    endloop
  endfacet
  facet normal 0.000000e+00 0.000000e+00 -1.000000e+00
    outer loop
      vertex   7.324869e+00 1.148339e+01 -1.985000e+02
      vertex   5.642545e+00 1.148339e+01 -1.985000e+02
      vertex   6.483707e+00 1.159413e+01 -1.985000e+02
    endloop
  endfacet
  facet normal 9.914449e-01 -1.305262e-01 0.000000e+00
    outer loop
      vertex   3.344448e+00 2.620779e+01 -2.000000e+02
      vertex   3.344448e+00 2.620779e+01 -1.985000e+02
      vertex   3.233707e+00 2.536663e+01 -2.000000e+02
    endloop
  endfacet
  facet normal 9.914449e-01 -1.305262e-01 0.000000e+00
    outer loop
      vertex   3.233707e+00 2.536663e+01 -2.000000e+02
      vertex   3.344448e+00 2.620779e+01 -1.985000e+02
      vertex   3.233707e+00 2.536663e+01 -1.985000e+02
    endloop
  endfacet
  facet normal 9.914449e-01 1.305262e-01 -0.000000e+00
    outer loop
      vertex   3.233707e+00 2.536663e+01 -2.000000e+02
      vertex   3.233707e+00 2.536663e+01 -1.985000e+02
      vertex   3.344448e+00 2.452546e+01 -2.000000e+02
    endloop
  endfacet
  facet normal 9.914449e-01 1.305262e-01 -0.000000e+00
    outer loop
      vertex   3.344448e+00 2.452546e+01 -2.000000e+02
      vertex   3.233707e+00 2.536663e+01 -1.985000e+02
      vertex   3.344448e+00 2.452546e+01 -1.985000e+02
    endloop
  endfacet
  facet normal 9.238795e-01 3.826834e-01 -0.000000e+00
    outer loop
      vertex   3.344448e+00 2.452546e+01 -2.000000e+02
      vertex   3.344448e+00 2.452546e+01 -1.985000e+02
      vertex   3.669125e+00 2.374163e+01 -2.000000e+02
    endloop
  endfacet
  facet normal 9.238795e-01 3.826834e-01 -0.000000e+00
    outer loop
      vertex   3.669125e+00 2.374163e+01 -2.000000e+02
      vertex   3.344448e+00 2.452546e+01 -1.985000e+02
      vertex   3.669125e+00 2.374163e+01 -1.985000e+02
    endloop
  endfacet
  facet normal 7.933533e-01 6.087614e-01 -0.000000e+00
    outer loop
      vertex   3.669125e+00 2.374163e+01 -2.000000e+02
      vertex   3.669125e+00 2.374163e+01 -1.985000e+02
      vertex   4.185610e+00 2.306853e+01 -2.000000e+02
    endloop
  endfacet
  facet normal 7.933533e-01 6.087614e-01 -0.000000e+00
    outer loop
      vertex   4.185610e+00 2.306853e+01 -2.000000e+02
      vertex   3.669125e+00 2.374163e+01 -1.985000e+02
      vertex   4.185610e+00 2.306853e+01 -1.985000e+02
    endloop
  endfacet
  facet normal 6.087614e-01 7.933533e-01 -0.000000e+00
    outer loop
      vertex   4.185610e+00 2.306853e+01 -2.000000e+02
      vertex   4.185610e+00 2.306853e+01 -1.985000e+02
      vertex   4.858707e+00 2.255204e+01 -2.000000e+02
    endloop
  endfacet
  facet normal 6.087614e-01 7.933533e-01 -0.000000e+00
    outer loop
      vertex   4.858707e+00 2.255204e+01 -2.000000e+02
      vertex   4.185610e+00 2.306853e+01 -1.985000e+02
      vertex   4.858707e+00 2.255204e+01 -1.985000e+02
    endloop
  endfacet
  facet normal 3.826834e-01 9.238795e-01 -0.000000e+00
    outer loop
      vertex   4.858707e+00 2.255204e+01 -2.000000e+02
      vertex   4.858707e+00 2.255204e+01 -1.985000e+02
      vertex   5.642545e+00 2.222737e+01 -2.000000e+02
    endloop
  endfacet
  facet normal 3.826834e-01 9.238795e-01 -0.000000e+00
    outer loop
      vertex   5.642545e+00 2.222737e+01 -2.000000e+02
      vertex   4.858707e+00 2.255204e+01 -1.985000e+02
      vertex   5.642545e+00 2.222737e+01 -1.985000e+02
    endloop
  endfacet
  facet normal 1.305262e-01 9.914449e-01 -0.000000e+00
    outer loop
      vertex   5.642545e+00 2.222737e+01 -2.000000e+02
      vertex   5.642545e+00 2.222737e+01 -1.985000e+02
      vertex   6.483707e+00 2.211663e+01 -2.000000e+02
    endloop
  endfacet
  facet normal 1.305262e-01 9.914449e-01 -0.000000e+00
    outer loop
      vertex   6.483707e+00 2.211663e+01 -2.000000e+02
      vertex   5.642545e+00 2.222737e+01 -1.985000e+02
      vertex   6.483707e+00 2.211663e+01 -1.985000e+02
    endloop
  endfacet
  facet normal -1.305262e-01 9.914449e-01 0.000000e+00
    outer loop
      vertex   6.483707e+00 2.211663e+01 -2.000000e+02
      vertex   6.483707e+00 2.211663e+01 -1.985000e+02
      vertex   7.324869e+00 2.222737e+01 -2.000000e+02
    endloop
  endfacet
  facet normal -1.305262e-01 9.914449e-01 0.000000e+00
    outer loop
      vertex   7.324869e+00 2.222737e+01 -2.000000e+02
      vertex   6.483707e+00 2.211663e+01 -1.985000e+02
      vertex   7.324869e+00 2.222737e+01 -1.985000e+02
    endloop
  endfacet
  facet normal -3.826834e-01 9.238795e-01 0.000000e+00
    outer loop
      vertex   7.324869e+00 2.222737e+01 -2.000000e+02
      vertex   7.324869e+00 2.222737e+01 -1.985000e+02
      vertex   8.108707e+00 2.255204e+01 -2.000000e+02
    endloop
  endfacet
  facet normal -3.826834e-01 9.238795e-01 0.000000e+00
    outer loop
      vertex   8.108707e+00 2.255204e+01 -2.000000e+02
      vertex   7.324869e+00 2.222737e+01 -1.985000e+02
      vertex   8.108707e+00 2.255204e+01 -1.985000e+02
    endloop
  endfacet
  facet normal -6.087614e-01 7.933533e-01 0.000000e+00
    outer loop
      vertex   8.108707e+00 2.255204e+01 -2.000000e+02
      vertex   8.108707e+00 2.255204e+01 -1.985000e+02
      vertex   8.781804e+00 2.306853e+01 -2.000000e+02
    endloop
  endfacet
  facet normal -6.087614e-01 7.933533e-01 0.000000e+00
    outer loop
      vertex   8.781804e+00 2.306853e+01 -2.000000e+02
      vertex   8.108707e+00 2.255204e+01 -1.985000e+02
      vertex   8.781804e+00 2.306853e+01 -1.985000e+02
    endloop
  endfacet
  facet normal -7.933533e-01 6.087614e-01 0.000000e+00
    outer loop
      vertex   8.781804e+00 2.306853e+01 -2.000000e+02
      vertex   8.781804e+00 2.306853e+01 -1.985000e+02
      vertex   9.298290e+00 2.374163e+01 -2.000000e+02
    endloop
  endfacet
  facet normal -7.933533e-01 6.087614e-01 0.000000e+00
    outer loop
      vertex   9.298290e+00 2.374163e+01 -2.000000e+02
      vertex   8.781804e+00 2.306853e+01 -1.985000e+02
      vertex   9.298290e+00 2.374163e+01 -1.985000e+02
    endloop
  endfacet
  facet normal -9.238795e-01 3.826834e-01 0.000000e+00
    outer loop
      vertex   9.298290e+00 2.374163e+01 -2.000000e+02
      vertex   9.298290e+00 2.374163e+01 -1.985000e+02
      vertex   9.622966e+00 2.452546e+01 -2.000000e+02
    endloop
  endfacet
  facet normal -9.238795e-01 3.826834e-01 0.000000e+00
    outer loop
      vertex   9.622966e+00 2.452546e+01 -2.000000e+02
      vertex   9.298290e+00 2.374163e+01 -1.985000e+02
      vertex   9.622966e+00 2.452546e+01 -1.985000e+02
    endloop
  endfacet
  facet normal -9.914449e-01 1.305262e-01 0.000000e+00
    outer loop
      vertex   9.622966e+00 2.452546e+01 -2.000000e+02
      vertex   9.622966e+00 2.452546e+01 -1.985000e+02
      vertex   9.733707e+00 2.536663e+01 -2.000000e+02
    endloop
  endfacet
  facet normal -9.914449e-01 1.305262e-01 0.000000e+00
    outer loop
      vertex   9.733707e+00 2.536663e+01 -2.000000e+02
      vertex   9.622966e+00 2.452546e+01 -1.985000e+02
      vertex   9.733707e+00 2.536663e+01 -1.985000e+02
    endloop
  endfacet
  facet normal -9.914449e-01 -1.305262e-01 0.000000e+00
    outer loop
      vertex   9.733707e+00 2.536663e+01 -2.000000e+02
      vertex   9.733707e+00 2.536663e+01 -1.985000e+02
      vertex   9.622966e+00 2.620779e+01 -2.000000e+02
    endloop
  endfacet
  facet normal -9.914449e-01 -1.305262e-01 0.000000e+00
    outer loop
      vertex   9.622966e+00 2.620779e+01 -2.000000e+02
      vertex   9.733707e+00 2.536663e+01 -1.985000e+02
      vertex   9.622966e+00 2.620779e+01 -1.985000e+02
    endloop
  endfacet
  facet normal -9.238795e-01 -3.826834e-01 0.000000e+00
    outer loop
      vertex   9.622966e+00 2.620779e+01 -2.000000e+02
      vertex   9.622966e+00 2.620779e+01 -1.985000e+02
      vertex   9.298290e+00 2.699163e+01 -2.000000e+02
    endloop
  endfacet
  facet normal -9.238795e-01 -3.826834e-01 0.000000e+00
    outer loop
      vertex   9.298290e+00 2.699163e+01 -2.000000e+02
      vertex   9.622966e+00 2.620779e+01 -1.985000e+02
      vertex   9.298290e+00 2.699163e+01 -1.985000e+02
    endloop
  endfacet
  facet normal -7.933533e-01 -6.087614e-01 0.000000e+00
    outer loop
      vertex   9.298290e+00 2.699163e+01 -2.000000e+02
      vertex   9.298290e+00 2.699163e+01 -1.985000e+02
      vertex   8.781804e+00 2.766472e+01 -2.000000e+02
    endloop
  endfacet
  facet normal -7.933533e-01 -6.087614e-01 0.000000e+00
    outer loop
      vertex   8.781804e+00 2.766472e+01 -2.000000e+02
      vertex   9.298290e+00 2.699163e+01 -1.985000e+02
      vertex   8.781804e+00 2.766472e+01 -1.985000e+02
    endloop
  endfacet
  facet normal -6.087614e-01 -7.933533e-01 0.000000e+00
    outer loop
      vertex   8.781804e+00 2.766472e+01 -2.000000e+02
      vertex   8.781804e+00 2.766472e+01 -1.985000e+02
      vertex   8.108707e+00 2.818121e+01 -2.000000e+02
    endloop
  endfacet
  facet normal -6.087614e-01 -7.933533e-01 0.000000e+00
    outer loop
      vertex   8.108707e+00 2.818121e+01 -2.000000e+02
      vertex   8.781804e+00 2.766472e+01 -1.985000e+02
      vertex   8.108707e+00 2.818121e+01 -1.985000e+02
    endloop
  endfacet
  facet normal -3.826834e-01 -9.238795e-01 0.000000e+00
    outer loop
      vertex   8.108707e+00 2.818121e+01 -2.000000e+02
      vertex   8.108707e+00 2.818121e+01 -1.985000e+02
      vertex   7.324869e+00 2.850589e+01 -2.000000e+02
    endloop
  endfacet
  facet normal -3.826834e-01 -9.238795e-01 0.000000e+00
    outer loop
      vertex   7.324869e+00 2.850589e+01 -2.000000e+02
      vertex   8.108707e+00 2.818121e+01 -1.985000e+02
      vertex   7.324869e+00 2.850589e+01 -1.985000e+02
    endloop
  endfacet
  facet normal -1.305262e-01 -9.914449e-01 0.000000e+00
    outer loop
      vertex   7.324869e+00 2.850589e+01 -2.000000e+02
      vertex   7.324869e+00 2.850589e+01 -1.985000e+02
      vertex   6.483707e+00 2.861663e+01 -2.000000e+02
    endloop
  endfacet
  facet normal -1.305262e-01 -9.914449e-01 0.000000e+00
    outer loop
      vertex   6.483707e+00 2.861663e+01 -2.000000e+02
      vertex   7.324869e+00 2.850589e+01 -1.985000e+02
      vertex   6.483707e+00 2.861663e+01 -1.985000e+02
    endloop
  endfacet
  facet normal 1.305262e-01 -9.914449e-01 0.000000e+00
    outer loop
      vertex   6.483707e+00 2.861663e+01 -2.000000e+02
      vertex   6.483707e+00 2.861663e+01 -1.985000e+02
      vertex   5.642545e+00 2.850589e+01 -2.000000e+02
    endloop
  endfacet
  facet normal 1.305262e-01 -9.914449e-01 0.000000e+00
    outer loop
      vertex   5.642545e+00 2.850589e+01 -2.000000e+02
      vertex   6.483707e+00 2.861663e+01 -1.985000e+02
      vertex   5.642545e+00 2.850589e+01 -1.985000e+02
    endloop
  endfacet
  facet normal 3.826834e-01 -9.238795e-01 0.000000e+00
    outer loop
      vertex   5.642545e+00 2.850589e+01 -2.000000e+02
      vertex   5.642545e+00 2.850589e+01 -1.985000e+02
      vertex   4.858707e+00 2.818121e+01 -2.000000e+02
    endloop
  endfacet
  facet normal 3.826834e-01 -9.238795e-01 0.000000e+00
    outer loop
      vertex   4.858707e+00 2.818121e+01 -2.000000e+02
      vertex   5.642545e+00 2.850589e+01 -1.985000e+02
      vertex   4.858707e+00 2.818121e+01 -1.985000e+02
    endloop
  endfacet
  facet normal 6.087614e-01 -7.933533e-01 0.000000e+00
    outer loop
      vertex   4.858707e+00 2.818121e+01 -2.000000e+02
      vertex   4.858707e+00 2.818121e+01 -1.985000e+02
      vertex   4.185610e+00 2.766472e+01 -2.000000e+02
    endloop
  endfacet
  facet normal 6.087614e-01 -7.933533e-01 0.000000e+00
    outer loop
      vertex   4.185610e+00 2.766472e+01 -2.000000e+02
      vertex   4.858707e+00 2.818121e+01 -1.985000e+02
      vertex   4.185610e+00 2.766472e+01 -1.985000e+02
    endloop
  endfacet
  facet normal 7.933533e-01 -6.087614e-01 0.000000e+00
    outer loop
      vertex   4.185610e+00 2.766472e+01 -2.000000e+02
      vertex   4.185610e+00 2.766472e+01 -1.985000e+02
      vertex   3.669125e+00 2.699163e+01 -2.000000e+02
    endloop
  endfacet
  facet normal 7.933533e-01 -6.087614e-01 0.000000e+00
    outer loop
      vertex   3.669125e+00 2.699163e+01 -2.000000e+02
      vertex   4.185610e+00 2.766472e+01 -1.985000e+02
      vertex   3.669125e+00 2.699163e+01 -1.985000e+02
    endloop
  endfacet
  facet normal 9.238795e-01 -3.826834e-01 0.000000e+00
    outer loop
      vertex   3.669125e+00 2.699163e+01 -2.000000e+02
      vertex   3.669125e+00 2.699163e+01 -1.985000e+02
      vertex   3.344448e+00 2.620779e+01 -2.000000e+02
    endloop
  endfacet
  facet normal 9.238795e-01 -3.826834e-01 0.000000e+00
    outer loop
      vertex   3.344448e+00 2.620779e+01 -2.000000e+02
      vertex   3.669125e+00 2.699163e+01 -1.985000e+02
      vertex   3.344448e+00 2.620779e+01 -1.985000e+02
    endloop
  endfacet
  facet normal 0.000000e+00 -0.000000e+00 -1.000000e+00
    outer loop
      vertex   3.344448e+00 2.620779e+01 -1.985000e+02
      vertex   9.622966e+00 2.620779e+01 -1.985000e+02
      vertex   3.233707e+00 2.536663e+01 -1.985000e+02
    endloop
  endfacet
  facet normal 0.000000e+00 0.000000e+00 -1.000000e+00
    outer loop
      vertex   3.233707e+00 2.536663e+01 -1.985000e+02
      vertex   9.622966e+00 2.620779e+01 -1.985000e+02
      vertex   9.733707e+00 2.536663e+01 -1.985000e+02
    endloop
  endfacet
  facet normal 0.000000e+00 0.000000e+00 -1.000000e+00
    outer loop
      vertex   3.233707e+00 2.536663e+01 -1.985000e+02
      vertex   9.733707e+00 2.536663e+01 -1.985000e+02
      vertex   3.344448e+00 2.452546e+01 -1.985000e+02
    endloop
  endfacet
  facet normal 0.000000e+00 0.000000e+00 -1.000000e+00
    outer loop
      vertex   3.344448e+00 2.452546e+01 -1.985000e+02
      vertex   9.733707e+00 2.536663e+01 -1.985000e+02
      vertex   9.622966e+00 2.452546e+01 -1.985000e+02
    endloop
  endfacet
  facet normal 0.000000e+00 0.000000e+00 -1.000000e+00
    outer loop
      vertex   3.344448e+00 2.452546e+01 -1.985000e+02
      vertex   9.622966e+00 2.452546e+01 -1.985000e+02
      vertex   3.669125e+00 2.374163e+01 -1.985000e+02
    endloop
  endfacet
  facet normal 0.000000e+00 0.000000e+00 -1.000000e+00
    outer loop
      vertex   3.669125e+00 2.374163e+01 -1.985000e+02
      vertex   9.622966e+00 2.452546e+01 -1.985000e+02
      vertex   9.298290e+00 2.374163e+01 -1.985000e+02
    endloop
  endfacet
  facet normal 0.000000e+00 0.000000e+00 -1.000000e+00
    outer loop
      vertex   3.669125e+00 2.374163e+01 -1.985000e+02
      vertex   9.298290e+00 2.374163e+01 -1.985000e+02
      vertex   4.185610e+00 2.306853e+01 -1.985000e+02
    endloop
  endfacet
  facet normal 0.000000e+00 0.000000e+00 -1.000000e+00
    outer loop
      vertex   4.185610e+00 2.306853e+01 -1.985000e+02
      vertex   9.298290e+00 2.374163e+01 -1.985000e+02
      vertex   8.781804e+00 2.306853e+01 -1.985000e+02
    endloop
  endfacet
  facet normal 0.000000e+00 0.000000e+00 -1.000000e+00
    outer loop
      vertex   4.185610e+00 2.306853e+01 -1.985000e+02
      vertex   8.781804e+00 2.306853e+01 -1.985000e+02
      vertex   4.858707e+00 2.255204e+01 -1.985000e+02
    endloop
  endfacet
  facet normal 0.000000e+00 0.000000e+00 -1.000000e+00
    outer loop
      vertex   4.858707e+00 2.255204e+01 -1.985000e+02
      vertex   8.781804e+00 2.306853e+01 -1.985000e+02
      vertex   8.108707e+00 2.255204e+01 -1.985000e+02
    endloop
  endfacet
  facet normal 0.000000e+00 0.000000e+00 -1.000000e+00
    outer loop
      vertex   4.858707e+00 2.255204e+01 -1.985000e+02
      vertex   8.108707e+00 2.255204e+01 -1.985000e+02
      vertex   5.642545e+00 2.222737e+01 -1.985000e+02
    endloop
  endfacet
  facet normal 0.000000e+00 0.000000e+00 -1.000000e+00
    outer loop
      vertex   5.642545e+00 2.222737e+01 -1.985000e+02
      vertex   8.108707e+00 2.255204e+01 -1.985000e+02
      vertex   7.324869e+00 2.222737e+01 -1.985000e+02
    endloop
  endfacet
  facet normal 0.000000e+00 0.000000e+00 -1.000000e+00
    outer loop
      vertex   5.642545e+00 2.222737e+01 -1.985000e+02
      vertex   7.324869e+00 2.222737e+01 -1.985000e+02
      vertex   6.483707e+00 2.211663e+01 -1.985000e+02
    endloop
  endfacet
  facet normal 0.000000e+00 0.000000e+00 -1.000000e+00
    outer loop
      vertex   9.622966e+00 2.620779e+01 -1.985000e+02
      vertex   3.344448e+00 2.620779e+01 -1.985000e+02
      vertex   9.298290e+00 2.699163e+01 -1.985000e+02
    endloop
  endfacet
  facet normal -0.000000e+00 0.000000e+00 -1.000000e+00
    outer loop
      vertex   9.298290e+00 2.699163e+01 -1.985000e+02
      vertex   3.344448e+00 2.620779e+01 -1.985000e+02
      vertex   3.669125e+00 2.699163e+01 -1.985000e+02
    endloop
  endfacet
  facet normal 0.000000e+00 0.000000e+00 -1.000000e+00
    outer loop
      vertex   9.298290e+00 2.699163e+01 -1.985000e+02
      vertex   3.669125e+00 2.699163e+01 -1.985000e+02
      vertex   8.781804e+00 2.766472e+01 -1.985000e+02
    endloop
  endfacet
  facet normal -0.000000e+00 0.000000e+00 -1.000000e+00
    outer loop
      vertex   8.781804e+00 2.766472e+01 -1.985000e+02
      vertex   3.669125e+00 2.699163e+01 -1.985000e+02
      vertex   4.185610e+00 2.766472e+01 -1.985000e+02
    endloop
  endfacet
  facet normal 0.000000e+00 0.000000e+00 -1.000000e+00
    outer loop
      vertex   8.781804e+00 2.766472e+01 -1.985000e+02
      vertex   4.185610e+00 2.766472e+01 -1.985000e+02
      vertex   8.108707e+00 2.818121e+01 -1.985000e+02
    endloop
  endfacet
  facet normal -0.000000e+00 0.000000e+00 -1.000000e+00
    outer loop
      vertex   8.108707e+00 2.818121e+01 -1.985000e+02
      vertex   4.185610e+00 2.766472e+01 -1.985000e+02
      vertex   4.858707e+00 2.818121e+01 -1.985000e+02
    endloop
  endfacet
  facet normal 0.000000e+00 0.000000e+00 -1.000000e+00
    outer loop
      vertex   8.108707e+00 2.818121e+01 -1.985000e+02
      vertex   4.858707e+00 2.818121e+01 -1.985000e+02
      vertex   7.324869e+00 2.850589e+01 -1.985000e+02
    endloop
  endfacet
  facet normal -0.000000e+00 0.000000e+00 -1.000000e+00
    outer loop
      vertex   7.324869e+00 2.850589e+01 -1.985000e+02
      vertex   4.858707e+00 2.818121e+01 -1.985000e+02
      vertex   5.642545e+00 2.850589e+01 -1.985000e+02
    endloop
  endfacet
  facet normal 0.000000e+00 0.000000e+00 -1.000000e+00
    outer loop
      vertex   7.324869e+00 2.850589e+01 -1.985000e+02
      vertex   5.642545e+00 2.850589e+01 -1.985000e+02
      vertex   6.483707e+00 2.861663e+01 -1.985000e+02
    endloop
  endfacet
  facet normal 9.914449e-01 -1.305262e-01 0.000000e+00
    outer loop
      vertex   3.344448e+00 4.323029e+01 -2.000000e+02
      vertex   3.344448e+00 4.323029e+01 -1.985000e+02
      vertex   3.233707e+00 4.238913e+01 -2.000000e+02
    endloop
  endfacet
  facet normal 9.914449e-01 -1.305262e-01 0.000000e+00
    outer loop
      vertex   3.233707e+00 4.238913e+01 -2.000000e+02
      vertex   3.344448e+00 4.323029e+01 -1.985000e+02
      vertex   3.233707e+00 4.238913e+01 -1.985000e+02
    endloop
  endfacet
  facet normal 9.914449e-01 1.305262e-01 -0.000000e+00
    outer loop
      vertex   3.233707e+00 4.238913e+01 -2.000000e+02
      vertex   3.233707e+00 4.238913e+01 -1.985000e+02
      vertex   3.344448e+00 4.154796e+01 -2.000000e+02
    endloop
  endfacet
  facet normal 9.914449e-01 1.305262e-01 -0.000000e+00
    outer loop
      vertex   3.344448e+00 4.154796e+01 -2.000000e+02
      vertex   3.233707e+00 4.238913e+01 -1.985000e+02
      vertex   3.344448e+00 4.154796e+01 -1.985000e+02
    endloop
  endfacet
  facet normal 9.238795e-01 3.826834e-01 -0.000000e+00
    outer loop
      vertex   3.344448e+00 4.154796e+01 -2.000000e+02
      vertex   3.344448e+00 4.154796e+01 -1.985000e+02
      vertex   3.669125e+00 4.076413e+01 -2.000000e+02
    endloop
  endfacet
  facet normal 9.238795e-01 3.826834e-01 -0.000000e+00
    outer loop
      vertex   3.669125e+00 4.076413e+01 -2.000000e+02
      vertex   3.344448e+00 4.154796e+01 -1.985000e+02
      vertex   3.669125e+00 4.076413e+01 -1.985000e+02
    endloop
  endfacet
  facet normal 7.933533e-01 6.087614e-01 -0.000000e+00
    outer loop
      vertex   3.669125e+00 4.076413e+01 -2.000000e+02
      vertex   3.669125e+00 4.076413e+01 -1.985000e+02
      vertex   4.185610e+00 4.009103e+01 -2.000000e+02
    endloop
  endfacet
  facet normal 7.933533e-01 6.087614e-01 -0.000000e+00
    outer loop
      vertex   4.185610e+00 4.009103e+01 -2.000000e+02
      vertex   3.669125e+00 4.076413e+01 -1.985000e+02
      vertex   4.185610e+00 4.009103e+01 -1.985000e+02
    endloop
  endfacet
  facet normal 6.087614e-01 7.933533e-01 -0.000000e+00
    outer loop
      vertex   4.185610e+00 4.009103e+01 -2.000000e+02
      vertex   4.185610e+00 4.009103e+01 -1.985000e+02
      vertex   4.858707e+00 3.957454e+01 -2.000000e+02
    endloop
  endfacet
  facet normal 6.087614e-01 7.933533e-01 -0.000000e+00
    outer loop
      vertex   4.858707e+00 3.957454e+01 -2.000000e+02
      vertex   4.185610e+00 4.009103e+01 -1.985000e+02
      vertex   4.858707e+00 3.957454e+01 -1.985000e+02
    endloop
  endfacet
  facet normal 3.826834e-01 9.238795e-01 -0.000000e+00
    outer loop
      vertex   4.858707e+00 3.957454e+01 -2.000000e+02
      vertex   4.858707e+00 3.957454e+01 -1.985000e+02
      vertex   5.642545e+00 3.924987e+01 -2.000000e+02
    endloop
  endfacet
  facet normal 3.826834e-01 9.238795e-01 -0.000000e+00
    outer loop
      vertex   5.642545e+00 3.924987e+01 -2.000000e+02
      vertex   4.858707e+00 3.957454e+01 -1.985000e+02
      vertex   5.642545e+00 3.924987e+01 -1.985000e+02
    endloop
  endfacet
  facet normal 1.305262e-01 9.914449e-01 -0.000000e+00
    outer loop
      vertex   5.642545e+00 3.924987e+01 -2.000000e+02
      vertex   5.642545e+00 3.924987e+01 -1.985000e+02
      vertex   6.483707e+00 3.913913e+01 -2.000000e+02
    endloop
  endfacet
  facet normal 1.305262e-01 9.914449e-01 -0.000000e+00
    outer loop
      vertex   6.483707e+00 3.913913e+01 -2.000000e+02
      vertex   5.642545e+00 3.924987e+01 -1.985000e+02
      vertex   6.483707e+00 3.913913e+01 -1.985000e+02
    endloop
  endfacet
  facet normal -1.305262e-01 9.914449e-01 0.000000e+00
    outer loop
      vertex   6.483707e+00 3.913913e+01 -2.000000e+02
      vertex   6.483707e+00 3.913913e+01 -1.985000e+02
      vertex   7.324869e+00 3.924987e+01 -2.000000e+02
    endloop
  endfacet
  facet normal -1.305262e-01 9.914449e-01 0.000000e+00
    outer loop
      vertex   7.324869e+00 3.924987e+01 -2.000000e+02
      vertex   6.483707e+00 3.913913e+01 -1.985000e+02
      vertex   7.324869e+00 3.924987e+01 -1.985000e+02
    endloop
  endfacet
  facet normal -3.826834e-01 9.238795e-01 0.000000e+00
    outer loop
      vertex   7.324869e+00 3.924987e+01 -2.000000e+02
      vertex   7.324869e+00 3.924987e+01 -1.985000e+02
      vertex   8.108707e+00 3.957454e+01 -2.000000e+02
    endloop
  endfacet
  facet normal -3.826834e-01 9.238795e-01 0.000000e+00
    outer loop
      vertex   8.108707e+00 3.957454e+01 -2.000000e+02
      vertex   7.324869e+00 3.924987e+01 -1.985000e+02
      vertex   8.108707e+00 3.957454e+01 -1.985000e+02
    endloop
  endfacet
  facet normal -6.087614e-01 7.933533e-01 0.000000e+00
    outer loop
      vertex   8.108707e+00 3.957454e+01 -2.000000e+02
      vertex   8.108707e+00 3.957454e+01 -1.985000e+02
      vertex   8.781804e+00 4.009103e+01 -2.000000e+02
    endloop
  endfacet
  facet normal -6.087614e-01 7.933533e-01 0.000000e+00
    outer loop
      vertex   8.781804e+00 4.009103e+01 -2.000000e+02
      vertex   8.108707e+00 3.957454e+01 -1.985000e+02
      vertex   8.781804e+00 4.009103e+01 -1.985000e+02
    endloop
  endfacet
  facet normal -7.933533e-01 6.087614e-01 0.000000e+00
    outer loop
      vertex   8.781804e+00 4.009103e+01 -2.000000e+02
      vertex   8.781804e+00 4.009103e+01 -1.985000e+02
      vertex   9.298290e+00 4.076413e+01 -2.000000e+02
    endloop
  endfacet
  facet normal -7.933533e-01 6.087614e-01 0.000000e+00
    outer loop
      vertex   9.298290e+00 4.076413e+01 -2.000000e+02
      vertex   8.781804e+00 4.009103e+01 -1.985000e+02
      vertex   9.298290e+00 4.076413e+01 -1.985000e+02
    endloop
  endfacet
  facet normal -9.238795e-01 3.826834e-01 0.000000e+00
    outer loop
      vertex   9.298290e+00 4.076413e+01 -2.000000e+02
      vertex   9.298290e+00 4.076413e+01 -1.985000e+02
      vertex   9.622966e+00 4.154796e+01 -2.000000e+02
    endloop
  endfacet
  facet normal -9.238795e-01 3.826834e-01 0.000000e+00
    outer loop
      vertex   9.622966e+00 4.154796e+01 -2.000000e+02
      vertex   9.298290e+00 4.076413e+01 -1.985000e+02
      vertex   9.622966e+00 4.154796e+01 -1.985000e+02
    endloop
  endfacet
  facet normal -9.914449e-01 1.305262e-01 0.000000e+00
    outer loop
      vertex   9.622966e+00 4.154796e+01 -2.000000e+02
      vertex   9.622966e+00 4.154796e+01 -1.985000e+02
      vertex   9.733707e+00 4.238913e+01 -2.000000e+02
    endloop
  endfacet
  facet normal -9.914449e-01 1.305262e-01 0.000000e+00
    outer loop
      vertex   9.733707e+00 4.238913e+01 -2.000000e+02
      vertex   9.622966e+00 4.154796e+01 -1.985000e+02
      vertex   9.733707e+00 4.238913e+01 -1.985000e+02
    endloop
  endfacet
  facet normal -9.914449e-01 -1.305262e-01 0.000000e+00
    outer loop
      vertex   9.733707e+00 4.238913e+01 -2.000000e+02
      vertex   9.733707e+00 4.238913e+01 -1.985000e+02
      vertex   9.622966e+00 4.323029e+01 -2.000000e+02
    endloop
  endfacet
  facet normal -9.914449e-01 -1.305262e-01 0.000000e+00
    outer loop
      vertex   9.622966e+00 4.323029e+01 -2.000000e+02
      vertex   9.733707e+00 4.238913e+01 -1.985000e+02
      vertex   9.622966e+00 4.323029e+01 -1.985000e+02
    endloop
  endfacet
  facet normal -9.238795e-01 -3.826834e-01 0.000000e+00
    outer loop
      vertex   9.622966e+00 4.323029e+01 -2.000000e+02
      vertex   9.622966e+00 4.323029e+01 -1.985000e+02
      vertex   9.298290e+00 4.401413e+01 -2.000000e+02
    endloop
  endfacet
  facet normal -9.238795e-01 -3.826834e-01 0.000000e+00
    outer loop
      vertex   9.298290e+00 4.401413e+01 -2.000000e+02
      vertex   9.622966e+00 4.323029e+01 -1.985000e+02
      vertex   9.298290e+00 4.401413e+01 -1.985000e+02
    endloop
  endfacet
  facet normal -7.933533e-01 -6.087614e-01 0.000000e+00
    outer loop
      vertex   9.298290e+00 4.401413e+01 -2.000000e+02
      vertex   9.298290e+00 4.401413e+01 -1.985000e+02
      vertex   8.781804e+00 4.468722e+01 -2.000000e+02
    endloop
  endfacet
  facet normal -7.933533e-01 -6.087614e-01 0.000000e+00
    outer loop
      vertex   8.781804e+00 4.468722e+01 -2.000000e+02
      vertex   9.298290e+00 4.401413e+01 -1.985000e+02
      vertex   8.781804e+00 4.468722e+01 -1.985000e+02
    endloop
  endfacet
  facet normal -6.087614e-01 -7.933533e-01 0.000000e+00
    outer loop
      vertex   8.781804e+00 4.468722e+01 -2.000000e+02
      vertex   8.781804e+00 4.468722e+01 -1.985000e+02
      vertex   8.108707e+00 4.520371e+01 -2.000000e+02
    endloop
  endfacet
  facet normal -6.087614e-01 -7.933533e-01 0.000000e+00
    outer loop
      vertex   8.108707e+00 4.520371e+01 -2.000000e+02
      vertex   8.781804e+00 4.468722e+01 -1.985000e+02
      vertex   8.108707e+00 4.520371e+01 -1.985000e+02
    endloop
  endfacet
  facet normal -3.826834e-01 -9.238795e-01 0.000000e+00
    outer loop
      vertex   8.108707e+00 4.520371e+01 -2.000000e+02
      vertex   8.108707e+00 4.520371e+01 -1.985000e+02
      vertex   7.324869e+00 4.552839e+01 -2.000000e+02
    endloop
  endfacet
  facet normal -3.826834e-01 -9.238795e-01 0.000000e+00
    outer loop
      vertex   7.324869e+00 4.552839e+01 -2.000000e+02
      vertex   8.108707e+00 4.520371e+01 -1.985000e+02
      vertex   7.324869e+00 4.552839e+01 -1.985000e+02
    endloop
  endfacet
  facet normal -1.305262e-01 -9.914449e-01 0.000000e+00
    outer loop
      vertex   7.324869e+00 4.552839e+01 -2.000000e+02
      vertex   7.324869e+00 4.552839e+01 -1.985000e+02
      vertex   6.483707e+00 4.563913e+01 -2.000000e+02
    endloop
  endfacet
  facet normal -1.305262e-01 -9.914449e-01 0.000000e+00
    outer loop
      vertex   6.483707e+00 4.563913e+01 -2.000000e+02
      vertex   7.324869e+00 4.552839e+01 -1.985000e+02
      vertex   6.483707e+00 4.563913e+01 -1.985000e+02
    endloop
  endfacet
  facet normal 1.305262e-01 -9.914449e-01 0.000000e+00
    outer loop
      vertex   6.483707e+00 4.563913e+01 -2.000000e+02
      vertex   6.483707e+00 4.563913e+01 -1.985000e+02
      vertex   5.642545e+00 4.552839e+01 -2.000000e+02
    endloop
  endfacet
  facet normal 1.305262e-01 -9.914449e-01 0.000000e+00
    outer loop
      vertex   5.642545e+00 4.552839e+01 -2.000000e+02
      vertex   6.483707e+00 4.563913e+01 -1.985000e+02
      vertex   5.642545e+00 4.552839e+01 -1.985000e+02
    endloop
  endfacet
  facet normal 3.826834e-01 -9.238795e-01 0.000000e+00
    outer loop
      vertex   5.642545e+00 4.552839e+01 -2.000000e+02
      vertex   5.642545e+00 4.552839e+01 -1.985000e+02
      vertex   4.858707e+00 4.520371e+01 -2.000000e+02
    endloop
  endfacet
  facet normal 3.826834e-01 -9.238795e-01 0.000000e+00
    outer loop
      vertex   4.858707e+00 4.520371e+01 -2.000000e+02
      vertex   5.642545e+00 4.552839e+01 -1.985000e+02
      vertex   4.858707e+00 4.520371e+01 -1.985000e+02
    endloop
  endfacet
  facet normal 6.087614e-01 -7.933533e-01 0.000000e+00
    outer loop
      vertex   4.858707e+00 4.520371e+01 -2.000000e+02
      vertex   4.858707e+00 4.520371e+01 -1.985000e+02
      vertex   4.185610e+00 4.468722e+01 -2.000000e+02
    endloop
  endfacet
  facet normal 6.087614e-01 -7.933533e-01 0.000000e+00
    outer loop
      vertex   4.185610e+00 4.468722e+01 -2.000000e+02
      vertex   4.858707e+00 4.520371e+01 -1.985000e+02
      vertex   4.185610e+00 4.468722e+01 -1.985000e+02
    endloop
  endfacet
  facet normal 7.933533e-01 -6.087614e-01 0.000000e+00
    outer loop
      vertex   4.185610e+00 4.468722e+01 -2.000000e+02
      vertex   4.185610e+00 4.468722e+01 -1.985000e+02
      vertex   3.669125e+00 4.401413e+01 -2.000000e+02
    endloop
  endfacet
  facet normal 7.933533e-01 -6.087614e-01 0.000000e+00
    outer loop
      vertex   3.669125e+00 4.401413e+01 -2.000000e+02
      vertex   4.185610e+00 4.468722e+01 -1.985000e+02
      vertex   3.669125e+00 4.401413e+01 -1.985000e+02
    endloop
  endfacet
  facet normal 9.238795e-01 -3.826834e-01 0.000000e+00
    outer loop
      vertex   3.669125e+00 4.401413e+01 -2.000000e+02
      vertex   3.669125e+00 4.401413e+01 -1.985000e+02
      vertex   3.344448e+00 4.323029e+01 -2.000000e+02
    endloop
  endfacet
  facet normal 9.238795e-01 -3.826834e-01 0.000000e+00
    outer loop
      vertex   3.344448e+00 4.323029e+01 -2.000000e+02
      vertex   3.669125e+00 4.401413e+01 -1.985000e+02
      vertex   3.344448e+00 4.323029e+01 -1.985000e+02
    endloop
  endfacet
  facet normal 0.000000e+00 -0.000000e+00 -1.000000e+00
    outer loop
      vertex   3.344448e+00 4.323029e+01 -1.985000e+02
      vertex   9.622966e+00 4.323029e+01 -1.985000e+02
      vertex   3.233707e+00 4.238913e+01 -1.985000e+02
    endloop
  endfacet
  facet normal 0.000000e+00 0.000000e+00 -1.000000e+00
    outer loop
      vertex   3.233707e+00 4.238913e+01 -1.985000e+02
      vertex   9.622966e+00 4.323029e+01 -1.985000e+02
      vertex   9.733707e+00 4.238913e+01 -1.985000e+02
    endloop
  endfacet
  facet normal 0.000000e+00 0.000000e+00 -1.000000e+00
    outer loop
      vertex   3.233707e+00 4.238913e+01 -1.985000e+02
      vertex   9.733707e+00 4.238913e+01 -1.985000e+02
      vertex   3.344448e+00 4.154796e+01 -1.985000e+02
    endloop
  endfacet
  facet normal 0.000000e+00 0.000000e+00 -1.000000e+00
    outer loop
      vertex   3.344448e+00 4.154796e+01 -1.985000e+02
      vertex   9.733707e+00 4.238913e+01 -1.985000e+02
      vertex   9.622966e+00 4.154796e+01 -1.985000e+02
    endloop
  endfacet
  facet normal 0.000000e+00 0.000000e+00 -1.000000e+00
    outer loop
      vertex   3.344448e+00 4.154796e+01 -1.985000e+02
      vertex   9.622966e+00 4.154796e+01 -1.985000e+02
      vertex   3.669125e+00 4.076413e+01 -1.985000e+02
    endloop
  endfacet
  facet normal 0.000000e+00 0.000000e+00 -1.000000e+00
    outer loop
      vertex   3.669125e+00 4.076413e+01 -1.985000e+02
      vertex   9.622966e+00 4.154796e+01 -1.985000e+02
      vertex   9.298290e+00 4.076413e+01 -1.985000e+02
    endloop
  endfacet
  facet normal 0.000000e+00 0.000000e+00 -1.000000e+00
    outer loop
      vertex   3.669125e+00 4.076413e+01 -1.985000e+02
      vertex   9.298290e+00 4.076413e+01 -1.985000e+02
      vertex   4.185610e+00 4.009103e+01 -1.985000e+02
    endloop
  endfacet
  facet normal 0.000000e+00 0.000000e+00 -1.000000e+00
    outer loop
      vertex   4.185610e+00 4.009103e+01 -1.985000e+02
      vertex   9.298290e+00 4.076413e+01 -1.985000e+02
      vertex   8.781804e+00 4.009103e+01 -1.985000e+02
    endloop
  endfacet
  facet normal 0.000000e+00 0.000000e+00 -1.000000e+00
    outer loop
      vertex   4.185610e+00 4.009103e+01 -1.985000e+02
      vertex   8.781804e+00 4.009103e+01 -1.985000e+02
      vertex   4.858707e+00 3.957454e+01 -1.985000e+02
    endloop
  endfacet
  facet normal 0.000000e+00 0.000000e+00 -1.000000e+00
    outer loop
      vertex   4.858707e+00 3.957454e+01 -1.985000e+02
      vertex   8.781804e+00 4.009103e+01 -1.985000e+02
      vertex   8.108707e+00 3.957454e+01 -1.985000e+02
    endloop
  endfacet
  facet normal 0.000000e+00 0.000000e+00 -1.000000e+00
    outer loop
      vertex   4.858707e+00 3.957454e+01 -1.985000e+02
      vertex   8.108707e+00 3.957454e+01 -1.985000e+02
      vertex   5.642545e+00 3.924987e+01 -1.985000e+02
    endloop
  endfacet
  facet normal 0.000000e+00 0.000000e+00 -1.000000e+00
    outer loop
      vertex   5.642545e+00 3.924987e+01 -1.985000e+02
      vertex   8.108707e+00 3.957454e+01 -1.985000e+02
      vertex   7.324869e+00 3.924987e+01 -1.985000e+02
    endloop
  endfacet
  facet normal 0.000000e+00 0.000000e+00 -1.000000e+00
    outer loop
      vertex   5.642545e+00 3.924987e+01 -1.985000e+02
      vertex   7.324869e+00 3.924987e+01 -1.985000e+02
      vertex   6.483707e+00 3.913913e+01 -1.985000e+02
    endloop
  endfacet
  facet normal 0.000000e+00 0.000000e+00 -1.000000e+00
    outer loop
      vertex   9.622966e+00 4.323029e+01 -1.985000e+02
      vertex   3.344448e+00 4.323029e+01 -1.985000e+02
      vertex   9.298290e+00 4.401413e+01 -1.985000e+02
    endloop
  endfacet
  facet normal -0.000000e+00 0.000000e+00 -1.000000e+00
    outer loop
      vertex   9.298290e+00 4.401413e+01 -1.985000e+02
      vertex   3.344448e+00 4.323029e+01 -1.985000e+02
      vertex   3.669125e+00 4.401413e+01 -1.985000e+02
    endloop
  endfacet
  facet normal 0.000000e+00 0.000000e+00 -1.000000e+00
    outer loop
      vertex   9.298290e+00 4.401413e+01 -1.985000e+02
      vertex   3.669125e+00 4.401413e+01 -1.985000e+02
      vertex   8.781804e+00 4.468722e+01 -1.985000e+02
    endloop
  endfacet
  facet normal -0.000000e+00 0.000000e+00 -1.000000e+00
    outer loop
      vertex   8.781804e+00 4.468722e+01 -1.985000e+02
      vertex   3.669125e+00 4.401413e+01 -1.985000e+02
      vertex   4.185610e+00 4.468722e+01 -1.985000e+02
    endloop
  endfacet
  facet normal 0.000000e+00 0.000000e+00 -1.000000e+00
    outer loop
      vertex   8.781804e+00 4.468722e+01 -1.985000e+02
      vertex   4.185610e+00 4.468722e+01 -1.985000e+02
      vertex   8.108707e+00 4.520371e+01 -1.985000e+02
    endloop
  endfacet
  facet normal -0.000000e+00 0.000000e+00 -1.000000e+00
    outer loop
      vertex   8.108707e+00 4.520371e+01 -1.985000e+02
      vertex   4.185610e+00 4.468722e+01 -1.985000e+02
      vertex   4.858707e+00 4.520371e+01 -1.985000e+02
    endloop
  endfacet
  facet normal 0.000000e+00 0.000000e+00 -1.000000e+00
    outer loop
      vertex   8.108707e+00 4.520371e+01 -1.985000e+02
      vertex   4.858707e+00 4.520371e+01 -1.985000e+02
      vertex   7.324869e+00 4.552839e+01 -1.985000e+02
    endloop
  endfacet
  facet normal -0.000000e+00 0.000000e+00 -1.000000e+00
    outer loop
      vertex   7.324869e+00 4.552839e+01 -1.985000e+02
      vertex   4.858707e+00 4.520371e+01 -1.985000e+02
      vertex   5.642545e+00 4.552839e+01 -1.985000e+02
    endloop
  endfacet
  facet normal 0.000000e+00 0.000000e+00 -1.000000e+00
    outer loop
      vertex   7.324869e+00 4.552839e+01 -1.985000e+02
      vertex   5.642545e+00 4.552839e+01 -1.985000e+02
      vertex   6.483707e+00 4.563913e+01 -1.985000e+02
    endloop
  endfacet
  facet normal 9.914449e-01 -1.305262e-01 0.000000e+00
    outer loop
      vertex   3.344448e+00 6.025279e+01 -2.000000e+02
      vertex   3.344448e+00 6.025279e+01 -1.985000e+02
      vertex   3.233707e+00 5.941163e+01 -2.000000e+02
    endloop
  endfacet
  facet normal 9.914449e-01 -1.305262e-01 0.000000e+00
    outer loop
      vertex   3.233707e+00 5.941163e+01 -2.000000e+02
      vertex   3.344448e+00 6.025279e+01 -1.985000e+02
      vertex   3.233707e+00 5.941163e+01 -1.985000e+02
    endloop
  endfacet
  facet normal 9.914449e-01 1.305262e-01 -0.000000e+00
    outer loop
      vertex   3.233707e+00 5.941163e+01 -2.000000e+02
      vertex   3.233707e+00 5.941163e+01 -1.985000e+02
      vertex   3.344448e+00 5.857046e+01 -2.000000e+02
    endloop
  endfacet
  facet normal 9.914449e-01 1.305262e-01 -0.000000e+00
    outer loop
      vertex   3.344448e+00 5.857046e+01 -2.000000e+02
      vertex   3.233707e+00 5.941163e+01 -1.985000e+02
      vertex   3.344448e+00 5.857046e+01 -1.985000e+02
    endloop
  endfacet
  facet normal 9.238795e-01 3.826834e-01 -0.000000e+00
    outer loop
      vertex   3.344448e+00 5.857046e+01 -2.000000e+02
      vertex   3.344448e+00 5.857046e+01 -1.985000e+02
      vertex   3.669125e+00 5.778663e+01 -2.000000e+02
    endloop
  endfacet
  facet normal 9.238795e-01 3.826834e-01 -0.000000e+00
    outer loop
      vertex   3.669125e+00 5.778663e+01 -2.000000e+02
      vertex   3.344448e+00 5.857046e+01 -1.985000e+02
      vertex   3.669125e+00 5.778663e+01 -1.985000e+02
    endloop
  endfacet
  facet normal 7.933533e-01 6.087614e-01 -0.000000e+00
    outer loop
      vertex   3.669125e+00 5.778663e+01 -2.000000e+02
      vertex   3.669125e+00 5.778663e+01 -1.985000e+02
      vertex   4.185610e+00 5.711353e+01 -2.000000e+02
    endloop
  endfacet
  facet normal 7.933533e-01 6.087614e-01 -0.000000e+00
    outer loop
      vertex   4.185610e+00 5.711353e+01 -2.000000e+02
      vertex   3.669125e+00 5.778663e+01 -1.985000e+02
      vertex   4.185610e+00 5.711353e+01 -1.985000e+02
    endloop
  endfacet
  facet normal 6.087614e-01 7.933533e-01 -0.000000e+00
    outer loop
      vertex   4.185610e+00 5.711353e+01 -2.000000e+02
      vertex   4.185610e+00 5.711353e+01 -1.985000e+02
      vertex   4.858707e+00 5.659704e+01 -2.000000e+02
    endloop
  endfacet
  facet normal 6.087614e-01 7.933533e-01 -0.000000e+00
    outer loop
      vertex   4.858707e+00 5.659704e+01 -2.000000e+02
      vertex   4.185610e+00 5.711353e+01 -1.985000e+02
      vertex   4.858707e+00 5.659704e+01 -1.985000e+02
    endloop
  endfacet
  facet normal 3.826834e-01 9.238795e-01 -0.000000e+00
    outer loop
      vertex   4.858707e+00 5.659704e+01 -2.000000e+02
      vertex   4.858707e+00 5.659704e+01 -1.985000e+02
      vertex   5.642545e+00 5.627237e+01 -2.000000e+02
    endloop
  endfacet
  facet normal 3.826834e-01 9.238795e-01 -0.000000e+00
    outer loop
      vertex   5.642545e+00 5.627237e+01 -2.000000e+02
      vertex   4.858707e+00 5.659704e+01 -1.985000e+02
      vertex   5.642545e+00 5.627237e+01 -1.985000e+02
    endloop
  endfacet
  facet normal 1.305262e-01 9.914449e-01 -0.000000e+00
    outer loop
      vertex   5.642545e+00 5.627237e+01 -2.000000e+02
      vertex   5.642545e+00 5.627237e+01 -1.985000e+02
      vertex   6.483707e+00 5.616163e+01 -2.000000e+02
    endloop
  endfacet
  facet normal 1.305262e-01 9.914449e-01 -0.000000e+00
    outer loop
      vertex   6.483707e+00 5.616163e+01 -2.000000e+02
      vertex   5.642545e+00 5.627237e+01 -1.985000e+02
      vertex   6.483707e+00 5.616163e+01 -1.985000e+02
    endloop
  endfacet
  facet normal -1.305262e-01 9.914449e-01 0.000000e+00
    outer loop
      vertex   6.483707e+00 5.616163e+01 -2.000000e+02
      vertex   6.483707e+00 5.616163e+01 -1.985000e+02
      vertex   7.324869e+00 5.627237e+01 -2.000000e+02
    endloop
  endfacet
  facet normal -1.305262e-01 9.914449e-01 0.000000e+00
    outer loop
      vertex   7.324869e+00 5.627237e+01 -2.000000e+02
      vertex   6.483707e+00 5.616163e+01 -1.985000e+02
      vertex   7.324869e+00 5.627237e+01 -1.985000e+02
    endloop
  endfacet
  facet normal -3.826834e-01 9.238795e-01 0.000000e+00
    outer loop
      vertex   7.324869e+00 5.627237e+01 -2.000000e+02
      vertex   7.324869e+00 5.627237e+01 -1.985000e+02
      vertex   8.108707e+00 5.659704e+01 -2.000000e+02
    endloop
  endfacet
  facet normal -3.826834e-01 9.238795e-01 0.000000e+00
    outer loop
      vertex   8.108707e+00 5.659704e+01 -2.000000e+02
      vertex   7.324869e+00 5.627237e+01 -1.985000e+02
      vertex   8.108707e+00 5.659704e+01 -1.985000e+02
    endloop
  endfacet
  facet normal -6.087614e-01 7.933533e-01 0.000000e+00
    outer loop
      vertex   8.108707e+00 5.659704e+01 -2.000000e+02
      vertex   8.108707e+00 5.659704e+01 -1.985000e+02
      vertex   8.781804e+00 5.711353e+01 -2.000000e+02
    endloop
  endfacet
  facet normal -6.087614e-01 7.933533e-01 0.000000e+00
    outer loop
      vertex   8.781804e+00 5.711353e+01 -2.000000e+02
      vertex   8.108707e+00 5.659704e+01 -1.985000e+02
      vertex   8.781804e+00 5.711353e+01 -1.985000e+02
    endloop
  endfacet
  facet normal -7.933533e-01 6.087614e-01 0.000000e+00
    outer loop
      vertex   8.781804e+00 5.711353e+01 -2.000000e+02
      vertex   8.781804e+00 5.711353e+01 -1.985000e+02
      vertex   9.298290e+00 5.778663e+01 -2.000000e+02
    endloop
  endfacet
  facet normal -7.933533e-01 6.087614e-01 0.000000e+00
    outer loop
      vertex   9.298290e+00 5.778663e+01 -2.000000e+02
      vertex   8.781804e+00 5.711353e+01 -1.985000e+02
      vertex   9.298290e+00 5.778663e+01 -1.985000e+02
    endloop
  endfacet
  facet normal -9.238795e-01 3.826834e-01 0.000000e+00
    outer loop
      vertex   9.298290e+00 5.778663e+01 -2.000000e+02
      vertex   9.298290e+00 5.778663e+01 -1.985000e+02
      vertex   9.622966e+00 5.857046e+01 -2.000000e+02
    endloop
  endfacet
  facet normal -9.238795e-01 3.826834e-01 0.000000e+00
    outer loop
      vertex   9.622966e+00 5.857046e+01 -2.000000e+02
      vertex   9.298290e+00 5.778663e+01 -1.985000e+02
      vertex   9.622966e+00 5.857046e+01 -1.985000e+02
    endloop
  endfacet
  facet normal -9.914449e-01 1.305262e-01 0.000000e+00
    outer loop
      vertex   9.622966e+00 5.857046e+01 -2.000000e+02
      vertex   9.622966e+00 5.857046e+01 -1.985000e+02
      vertex   9.733707e+00 5.941163e+01 -2.000000e+02
    endloop
  endfacet
  facet normal -9.914449e-01 1.305262e-01 0.000000e+00
    outer loop
      vertex   9.733707e+00 5.941163e+01 -2.000000e+02
      vertex   9.622966e+00 5.857046e+01 -1.985000e+02
      vertex   9.733707e+00 5.941163e+01 -1.985000e+02
    endloop
  endfacet
  facet normal -9.914449e-01 -1.305262e-01 0.000000e+00
    outer loop
      vertex   9.733707e+00 5.941163e+01 -2.000000e+02
      vertex   9.733707e+00 5.941163e+01 -1.985000e+02
      vertex   9.622966e+00 6.025279e+01 -2.000000e+02
    endloop
  endfacet
  facet normal -9.914449e-01 -1.305262e-01 0.000000e+00
    outer loop
      vertex   9.622966e+00 6.025279e+01 -2.000000e+02
      vertex   9.733707e+00 5.941163e+01 -1.985000e+02
      vertex   9.622966e+00 6.025279e+01 -1.985000e+02
    endloop
  endfacet
  facet normal -9.238795e-01 -3.826834e-01 0.000000e+00
    outer loop
      vertex   9.622966e+00 6.025279e+01 -2.000000e+02
      vertex   9.622966e+00 6.025279e+01 -1.985000e+02
      vertex   9.298290e+00 6.103663e+01 -2.000000e+02
    endloop
  endfacet
  facet normal -9.238795e-01 -3.826834e-01 0.000000e+00
    outer loop
      vertex   9.298290e+00 6.103663e+01 -2.000000e+02
      vertex   9.622966e+00 6.025279e+01 -1.985000e+02
      vertex   9.298290e+00 6.103663e+01 -1.985000e+02
    endloop
  endfacet
  facet normal -7.933533e-01 -6.087614e-01 0.000000e+00
    outer loop
      vertex   9.298290e+00 6.103663e+01 -2.000000e+02
      vertex   9.298290e+00 6.103663e+01 -1.985000e+02
      vertex   8.781804e+00 6.170972e+01 -2.000000e+02
    endloop
  endfacet
  facet normal -7.933533e-01 -6.087614e-01 0.000000e+00
    outer loop
      vertex   8.781804e+00 6.170972e+01 -2.000000e+02
      vertex   9.298290e+00 6.103663e+01 -1.985000e+02
      vertex   8.781804e+00 6.170972e+01 -1.985000e+02
    endloop
  endfacet
  facet normal -6.087614e-01 -7.933533e-01 0.000000e+00
    outer loop
      vertex   8.781804e+00 6.170972e+01 -2.000000e+02
      vertex   8.781804e+00 6.170972e+01 -1.985000e+02
      vertex   8.108707e+00 6.222621e+01 -2.000000e+02
    endloop
  endfacet
  facet normal -6.087614e-01 -7.933533e-01 0.000000e+00
    outer loop
      vertex   8.108707e+00 6.222621e+01 -2.000000e+02
      vertex   8.781804e+00 6.170972e+01 -1.985000e+02
      vertex   8.108707e+00 6.222621e+01 -1.985000e+02
    endloop
  endfacet
  facet normal -3.826834e-01 -9.238795e-01 0.000000e+00
    outer loop
      vertex   8.108707e+00 6.222621e+01 -2.000000e+02
      vertex   8.108707e+00 6.222621e+01 -1.985000e+02
      vertex   7.324869e+00 6.255089e+01 -2.000000e+02
    endloop
  endfacet
  facet normal -3.826834e-01 -9.238795e-01 0.000000e+00
    outer loop
      vertex   7.324869e+00 6.255089e+01 -2.000000e+02
      vertex   8.108707e+00 6.222621e+01 -1.985000e+02
      vertex   7.324869e+00 6.255089e+01 -1.985000e+02
    endloop
  endfacet
  facet normal -1.305262e-01 -9.914449e-01 0.000000e+00
    outer loop
      vertex   7.324869e+00 6.255089e+01 -2.000000e+02
      vertex   7.324869e+00 6.255089e+01 -1.985000e+02
      vertex   6.483707e+00 6.266163e+01 -2.000000e+02
    endloop
  endfacet
  facet normal -1.305262e-01 -9.914449e-01 0.000000e+00
    outer loop
      vertex   6.483707e+00 6.266163e+01 -2.000000e+02
      vertex   7.324869e+00 6.255089e+01 -1.985000e+02
      vertex   6.483707e+00 6.266163e+01 -1.985000e+02
    endloop
  endfacet
  facet normal 1.305262e-01 -9.914449e-01 0.000000e+00
    outer loop
      vertex   6.483707e+00 6.266163e+01 -2.000000e+02
      vertex   6.483707e+00 6.266163e+01 -1.985000e+02
      vertex   5.642545e+00 6.255089e+01 -2.000000e+02
    endloop
  endfacet
  facet normal 1.305262e-01 -9.914449e-01 0.000000e+00
    outer loop
      vertex   5.642545e+00 6.255089e+01 -2.000000e+02
      vertex   6.483707e+00 6.266163e+01 -1.985000e+02
      vertex   5.642545e+00 6.255089e+01 -1.985000e+02
    endloop
  endfacet
  facet normal 3.826834e-01 -9.238795e-01 0.000000e+00
    outer loop
      vertex   5.642545e+00 6.255089e+01 -2.000000e+02
      vertex   5.642545e+00 6.255089e+01 -1.985000e+02
      vertex   4.858707e+00 6.222621e+01 -2.000000e+02
    endloop
  endfacet
  facet normal 3.826834e-01 -9.238795e-01 0.000000e+00
    outer loop
      vertex   4.858707e+00 6.222621e+01 -2.000000e+02
      vertex   5.642545e+00 6.255089e+01 -1.985000e+02
      vertex   4.858707e+00 6.222621e+01 -1.985000e+02
    endloop
  endfacet
  facet normal 6.087614e-01 -7.933533e-01 0.000000e+00
    outer loop
      vertex   4.858707e+00 6.222621e+01 -2.000000e+02
      vertex   4.858707e+00 6.222621e+01 -1.985000e+02
      vertex   4.185610e+00 6.170972e+01 -2.000000e+02
    endloop
  endfacet
  facet normal 6.087614e-01 -7.933533e-01 0.000000e+00
    outer loop
      vertex   4.185610e+00 6.170972e+01 -2.000000e+02
      vertex   4.858707e+00 6.222621e+01 -1.985000e+02
      vertex   4.185610e+00 6.170972e+01 -1.985000e+02
    endloop
  endfacet
  facet normal 7.933533e-01 -6.087614e-01 0.000000e+00
    outer loop
      vertex   4.185610e+00 6.170972e+01 -2.000000e+02
      vertex   4.185610e+00 6.170972e+01 -1.985000e+02
      vertex   3.669125e+00 6.103663e+01 -2.000000e+02
    endloop
  endfacet
  facet normal 7.933533e-01 -6.087614e-01 0.000000e+00
    outer loop
      vertex   3.669125e+00 6.103663e+01 -2.000000e+02
      vertex   4.185610e+00 6.170972e+01 -1.985000e+02
      vertex   3.669125e+00 6.103663e+01 -1.985000e+02
    endloop
  endfacet
  facet normal 9.238795e-01 -3.826834e-01 0.000000e+00
    outer loop
      vertex   3.669125e+00 6.103663e+01 -2.000000e+02
      vertex   3.669125e+00 6.103663e+01 -1.985000e+02
      vertex   3.344448e+00 6.025279e+01 -2.000000e+02
    endloop
  endfacet
  facet normal 9.238795e-01 -3.826834e-01 0.000000e+00
    outer loop
      vertex   3.344448e+00 6.025279e+01 -2.000000e+02
      vertex   3.669125e+00 6.103663e+01 -1.985000e+02
      vertex   3.344448e+00 6.025279e+01 -1.985000e+02
    endloop
  endfacet
  facet normal 0.000000e+00 -0.000000e+00 -1.000000e+00
    outer loop
      vertex   3.344448e+00 6.025279e+01 -1.985000e+02
      vertex   9.622966e+00 6.025279e+01 -1.985000e+02
      vertex   3.233707e+00 5.941163e+01 -1.985000e+02
    endloop
  endfacet
  facet normal 0.000000e+00 0.000000e+00 -1.000000e+00
    outer loop
      vertex   3.233707e+00 5.941163e+01 -1.985000e+02
      vertex   9.622966e+00 6.025279e+01 -1.985000e+02
      vertex   9.733707e+00 5.941163e+01 -1.985000e+02
    endloop
  endfacet
  facet normal 0.000000e+00 0.000000e+00 -1.000000e+00
    outer loop
      vertex   3.233707e+00 5.941163e+01 -1.985000e+02
      vertex   9.733707e+00 5.941163e+01 -1.985000e+02
      vertex   3.344448e+00 5.857046e+01 -1.985000e+02
    endloop
  endfacet
  facet normal 0.000000e+00 0.000000e+00 -1.000000e+00
    outer loop
      vertex   3.344448e+00 5.857046e+01 -1.985000e+02
      vertex   9.733707e+00 5.941163e+01 -1.985000e+02
      vertex   9.622966e+00 5.857046e+01 -1.985000e+02
    endloop
  endfacet
  facet normal 0.000000e+00 0.000000e+00 -1.000000e+00
    outer loop
      vertex   3.344448e+00 5.857046e+01 -1.985000e+02
      vertex   9.622966e+00 5.857046e+01 -1.985000e+02
      vertex   3.669125e+00 5.778663e+01 -1.985000e+02
    endloop
  endfacet
  facet normal 0.000000e+00 0.000000e+00 -1.000000e+00
    outer loop
      vertex   3.669125e+00 5.778663e+01 -1.985000e+02
      vertex   9.622966e+00 5.857046e+01 -1.985000e+02
      vertex   9.298290e+00 5.778663e+01 -1.985000e+02
    endloop
  endfacet
  facet normal 0.000000e+00 0.000000e+00 -1.000000e+00
    outer loop
      vertex   3.669125e+00 5.778663e+01 -1.985000e+02
      vertex   9.298290e+00 5.778663e+01 -1.985000e+02
      vertex   4.185610e+00 5.711353e+01 -1.985000e+02
    endloop
  endfacet
  facet normal 0.000000e+00 0.000000e+00 -1.000000e+00
    outer loop
      vertex   4.185610e+00 5.711353e+01 -1.985000e+02
      vertex   9.298290e+00 5.778663e+01 -1.985000e+02
      vertex   8.781804e+00 5.711353e+01 -1.985000e+02
    endloop
  endfacet
  facet normal 0.000000e+00 0.000000e+00 -1.000000e+00
    outer loop
      vertex   4.185610e+00 5.711353e+01 -1.985000e+02
      vertex   8.781804e+00 5.711353e+01 -1.985000e+02
      vertex   4.858707e+00 5.659704e+01 -1.985000e+02
    endloop
  endfacet
  facet normal 0.000000e+00 0.000000e+00 -1.000000e+00
    outer loop
      vertex   4.858707e+00 5.659704e+01 -1.985000e+02
      vertex   8.781804e+00 5.711353e+01 -1.985000e+02
      vertex   8.108707e+00 5.659704e+01 -1.985000e+02
    endloop
  endfacet
  facet normal 0.000000e+00 0.000000e+00 -1.000000e+00
    outer loop
      vertex   4.858707e+00 5.659704e+01 -1.985000e+02
      vertex   8.108707e+00 5.659704e+01 -1.985000e+02
      vertex   5.642545e+00 5.627237e+01 -1.985000e+02
    endloop
  endfacet
  facet normal 0.000000e+00 0.000000e+00 -1.000000e+00
    outer loop
      vertex   5.642545e+00 5.627237e+01 -1.985000e+02
      vertex   8.108707e+00 5.659704e+01 -1.985000e+02
      vertex   7.324869e+00 5.627237e+01 -1.985000e+02
    endloop
  endfacet
  facet normal 0.000000e+00 0.000000e+00 -1.000000e+00
    outer loop
      vertex   5.642545e+00 5.627237e+01 -1.985000e+02
      vertex   7.324869e+00 5.627237e+01 -1.985000e+02
      vertex   6.483707e+00 5.616163e+01 -1.985000e+02
    endloop
  endfacet
  facet normal 0.000000e+00 0.000000e+00 -1.000000e+00
    outer loop
      vertex   9.622966e+00 6.025279e+01 -1.985000e+02
      vertex   3.344448e+00 6.025279e+01 -1.985000e+02
      vertex   9.298290e+00 6.103663e+01 -1.985000e+02
    endloop
  endfacet
  facet normal -0.000000e+00 0.000000e+00 -1.000000e+00
    outer loop
      vertex   9.298290e+00 6.103663e+01 -1.985000e+02
      vertex   3.344448e+00 6.025279e+01 -1.985000e+02
      vertex   3.669125e+00 6.103663e+01 -1.985000e+02
    endloop
  endfacet
  facet normal 0.000000e+00 0.000000e+00 -1.000000e+00
    outer loop
      vertex   9.298290e+00 6.103663e+01 -1.985000e+02
      vertex   3.669125e+00 6.103663e+01 -1.985000e+02
      vertex   8.781804e+00 6.170972e+01 -1.985000e+02
    endloop
  endfacet
  facet normal -0.000000e+00 0.000000e+00 -1.000000e+00
    outer loop
      vertex   8.781804e+00 6.170972e+01 -1.985000e+02
      vertex   3.669125e+00 6.103663e+01 -1.985000e+02
      vertex   4.185610e+00 6.170972e+01 -1.985000e+02
    endloop
  endfacet
  facet normal 0.000000e+00 0.000000e+00 -1.000000e+00
    outer loop
      vertex   8.781804e+00 6.170972e+01 -1.985000e+02
      vertex   4.185610e+00 6.170972e+01 -1.985000e+02
      vertex   8.108707e+00 6.222621e+01 -1.985000e+02
    endloop
  endfacet
  facet normal -0.000000e+00 0.000000e+00 -1.000000e+00
    outer loop
      vertex   8.108707e+00 6.222621e+01 -1.985000e+02
      vertex   4.185610e+00 6.170972e+01 -1.985000e+02
      vertex   4.858707e+00 6.222621e+01 -1.985000e+02
    endloop
  endfacet
  facet normal 0.000000e+00 0.000000e+00 -1.000000e+00
    outer loop
      vertex   8.108707e+00 6.222621e+01 -1.985000e+02
      vertex   4.858707e+00 6.222621e+01 -1.985000e+02
      vertex   7.324869e+00 6.255089e+01 -1.985000e+02
    endloop
  endfacet
  facet normal -0.000000e+00 0.000000e+00 -1.000000e+00
    outer loop
      vertex   7.324869e+00 6.255089e+01 -1.985000e+02
      vertex   4.858707e+00 6.222621e+01 -1.985000e+02
      vertex   5.642545e+00 6.255089e+01 -1.985000e+02
    endloop
  endfacet
  facet normal 0.000000e+00 0.000000e+00 -1.000000e+00
    outer loop
      vertex   7.324869e+00 6.255089e+01 -1.985000e+02
      vertex   5.642545e+00 6.255089e+01 -1.985000e+02
      vertex   6.483707e+00 6.266163e+01 -1.985000e+02
    endloop
  endfacet
  facet normal 9.914449e-01 -1.305262e-01 0.000000e+00
    outer loop
      vertex   3.344448e+00 7.727529e+01 -2.000000e+02
      vertex   3.344448e+00 7.727529e+01 -1.985000e+02
      vertex   3.233707e+00 7.643413e+01 -2.000000e+02
    endloop
  endfacet
  facet normal 9.914449e-01 -1.305262e-01 0.000000e+00
    outer loop
      vertex   3.233707e+00 7.643413e+01 -2.000000e+02
      vertex   3.344448e+00 7.727529e+01 -1.985000e+02
      vertex   3.233707e+00 7.643413e+01 -1.985000e+02
    endloop
  endfacet
  facet normal 9.914449e-01 1.305262e-01 -0.000000e+00
    outer loop
      vertex   3.233707e+00 7.643413e+01 -2.000000e+02
      vertex   3.233707e+00 7.643413e+01 -1.985000e+02
      vertex   3.344448e+00 7.559296e+01 -2.000000e+02
    endloop
  endfacet
  facet normal 9.914449e-01 1.305262e-01 -0.000000e+00
    outer loop
      vertex   3.344448e+00 7.559296e+01 -2.000000e+02
      vertex   3.233707e+00 7.643413e+01 -1.985000e+02
      vertex   3.344448e+00 7.559296e+01 -1.985000e+02
    endloop
  endfacet
  facet normal 9.238795e-01 3.826834e-01 -0.000000e+00
    outer loop
      vertex   3.344448e+00 7.559296e+01 -2.000000e+02
      vertex   3.344448e+00 7.559296e+01 -1.985000e+02
      vertex   3.669125e+00 7.480913e+01 -2.000000e+02
    endloop
  endfacet
  facet normal 9.238795e-01 3.826834e-01 -0.000000e+00
    outer loop
      vertex   3.669125e+00 7.480913e+01 -2.000000e+02
      vertex   3.344448e+00 7.559296e+01 -1.985000e+02
      vertex   3.669125e+00 7.480913e+01 -1.985000e+02
    endloop
  endfacet
  facet normal 7.933533e-01 6.087614e-01 -0.000000e+00
    outer loop
      vertex   3.669125e+00 7.480913e+01 -2.000000e+02
      vertex   3.669125e+00 7.480913e+01 -1.985000e+02
      vertex   4.185610e+00 7.413603e+01 -2.000000e+02
    endloop
  endfacet
  facet normal 7.933533e-01 6.087614e-01 -0.000000e+00
    outer loop
      vertex   4.185610e+00 7.413603e+01 -2.000000e+02
      vertex   3.669125e+00 7.480913e+01 -1.985000e+02
      vertex   4.185610e+00 7.413603e+01 -1.985000e+02
    endloop
  endfacet
  facet normal 6.087614e-01 7.933533e-01 -0.000000e+00
    outer loop
      vertex   4.185610e+00 7.413603e+01 -2.000000e+02
      vertex   4.185610e+00 7.413603e+01 -1.985000e+02
      vertex   4.858707e+00 7.361954e+01 -2.000000e+02
    endloop
  endfacet
  facet normal 6.087614e-01 7.933533e-01 -0.000000e+00
    outer loop
      vertex   4.858707e+00 7.361954e+01 -2.000000e+02
      vertex   4.185610e+00 7.413603e+01 -1.985000e+02
      vertex   4.858707e+00 7.361954e+01 -1.985000e+02
    endloop
  endfacet
  facet normal 3.826834e-01 9.238795e-01 -0.000000e+00
    outer loop
      vertex   4.858707e+00 7.361954e+01 -2.000000e+02
      vertex   4.858707e+00 7.361954e+01 -1.985000e+02
      vertex   5.642545e+00 7.329487e+01 -2.000000e+02
    endloop
  endfacet
  facet normal 3.826834e-01 9.238795e-01 -0.000000e+00
    outer loop
      vertex   5.642545e+00 7.329487e+01 -2.000000e+02
      vertex   4.858707e+00 7.361954e+01 -1.985000e+02
      vertex   5.642545e+00 7.329487e+01 -1.985000e+02
    endloop
  endfacet
  facet normal 1.305262e-01 9.914449e-01 -0.000000e+00
    outer loop
      vertex   5.642545e+00 7.329487e+01 -2.000000e+02
      vertex   5.642545e+00 7.329487e+01 -1.985000e+02
      vertex   6.483707e+00 7.318413e+01 -2.000000e+02
    endloop
  endfacet
  facet normal 1.305262e-01 9.914449e-01 -0.000000e+00
    outer loop
      vertex   6.483707e+00 7.318413e+01 -2.000000e+02
      vertex   5.642545e+00 7.329487e+01 -1.985000e+02
      vertex   6.483707e+00 7.318413e+01 -1.985000e+02
    endloop
  endfacet
  facet normal -1.305262e-01 9.914449e-01 0.000000e+00
    outer loop
      vertex   6.483707e+00 7.318413e+01 -2.000000e+02
      vertex   6.483707e+00 7.318413e+01 -1.985000e+02
      vertex   7.324869e+00 7.329487e+01 -2.000000e+02
    endloop
  endfacet
  facet normal -1.305262e-01 9.914449e-01 0.000000e+00
    outer loop
      vertex   7.324869e+00 7.329487e+01 -2.000000e+02
      vertex   6.483707e+00 7.318413e+01 -1.985000e+02
      vertex   7.324869e+00 7.329487e+01 -1.985000e+02
    endloop
  endfacet
  facet normal -3.826834e-01 9.238795e-01 0.000000e+00
    outer loop
      vertex   7.324869e+00 7.329487e+01 -2.000000e+02
      vertex   7.324869e+00 7.329487e+01 -1.985000e+02
      vertex   8.108707e+00 7.361954e+01 -2.000000e+02
    endloop
  endfacet
  facet normal -3.826834e-01 9.238795e-01 0.000000e+00
    outer loop
      vertex   8.108707e+00 7.361954e+01 -2.000000e+02
      vertex   7.324869e+00 7.329487e+01 -1.985000e+02
      vertex   8.108707e+00 7.361954e+01 -1.985000e+02
    endloop
  endfacet
  facet normal -6.087614e-01 7.933533e-01 0.000000e+00
    outer loop
      vertex   8.108707e+00 7.361954e+01 -2.000000e+02
      vertex   8.108707e+00 7.361954e+01 -1.985000e+02
      vertex   8.781804e+00 7.413603e+01 -2.000000e+02
    endloop
  endfacet
  facet normal -6.087614e-01 7.933533e-01 0.000000e+00
    outer loop
      vertex   8.781804e+00 7.413603e+01 -2.000000e+02
      vertex   8.108707e+00 7.361954e+01 -1.985000e+02
      vertex   8.781804e+00 7.413603e+01 -1.985000e+02
    endloop
  endfacet
  facet normal -7.933533e-01 6.087614e-01 0.000000e+00
    outer loop
      vertex   8.781804e+00 7.413603e+01 -2.000000e+02
      vertex   8.781804e+00 7.413603e+01 -1.985000e+02
      vertex   9.298290e+00 7.480913e+01 -2.000000e+02
    endloop
  endfacet
  facet normal -7.933533e-01 6.087614e-01 0.000000e+00
    outer loop
      vertex   9.298290e+00 7.480913e+01 -2.000000e+02
      vertex   8.781804e+00 7.413603e+01 -1.985000e+02
      vertex   9.298290e+00 7.480913e+01 -1.985000e+02
    endloop
  endfacet
  facet normal -9.238795e-01 3.826834e-01 0.000000e+00
    outer loop
      vertex   9.298290e+00 7.480913e+01 -2.000000e+02
      vertex   9.298290e+00 7.480913e+01 -1.985000e+02
      vertex   9.622966e+00 7.559296e+01 -2.000000e+02
    endloop
  endfacet
  facet normal -9.238795e-01 3.826834e-01 0.000000e+00
    outer loop
      vertex   9.622966e+00 7.559296e+01 -2.000000e+02
      vertex   9.298290e+00 7.480913e+01 -1.985000e+02
      vertex   9.622966e+00 7.559296e+01 -1.985000e+02
    endloop
  endfacet
  facet normal -9.914449e-01 1.305262e-01 0.000000e+00
    outer loop
      vertex   9.622966e+00 7.559296e+01 -2.000000e+02
      vertex   9.622966e+00 7.559296e+01 -1.985000e+02
      vertex   9.733707e+00 7.643413e+01 -2.000000e+02
    endloop
  endfacet
  facet normal -9.914449e-01 1.305262e-01 0.000000e+00
    outer loop
      vertex   9.733707e+00 7.643413e+01 -2.000000e+02
      vertex   9.622966e+00 7.559296e+01 -1.985000e+02
      vertex   9.733707e+00 7.643413e+01 -1.985000e+02
    endloop
  endfacet
  facet normal -9.914449e-01 -1.305262e-01 0.000000e+00
    outer loop
      vertex   9.733707e+00 7.643413e+01 -2.000000e+02
      vertex   9.733707e+00 7.643413e+01 -1.985000e+02
      vertex   9.622966e+00 7.727529e+01 -2.000000e+02
    endloop
  endfacet
  facet normal -9.914449e-01 -1.305262e-01 0.000000e+00
    outer loop
      vertex   9.622966e+00 7.727529e+01 -2.000000e+02
      vertex   9.733707e+00 7.643413e+01 -1.985000e+02
      vertex   9.622966e+00 7.727529e+01 -1.985000e+02
    endloop
  endfacet
  facet normal -9.238795e-01 -3.826834e-01 0.000000e+00
    outer loop
      vertex   9.622966e+00 7.727529e+01 -2.000000e+02
      vertex   9.622966e+00 7.727529e+01 -1.985000e+02
      vertex   9.298290e+00 7.805913e+01 -2.000000e+02
    endloop
  endfacet
  facet normal -9.238795e-01 -3.826834e-01 0.000000e+00
    outer loop
      vertex   9.298290e+00 7.805913e+01 -2.000000e+02
      vertex   9.622966e+00 7.727529e+01 -1.985000e+02
      vertex   9.298290e+00 7.805913e+01 -1.985000e+02
    endloop
  endfacet
  facet normal -7.933533e-01 -6.087614e-01 0.000000e+00
    outer loop
      vertex   9.298290e+00 7.805913e+01 -2.000000e+02
      vertex   9.298290e+00 7.805913e+01 -1.985000e+02
      vertex   8.781804e+00 7.873222e+01 -2.000000e+02
    endloop
  endfacet
  facet normal -7.933533e-01 -6.087614e-01 0.000000e+00
    outer loop
      vertex   8.781804e+00 7.873222e+01 -2.000000e+02
      vertex   9.298290e+00 7.805913e+01 -1.985000e+02
      vertex   8.781804e+00 7.873222e+01 -1.985000e+02
    endloop
  endfacet
  facet normal -6.087614e-01 -7.933533e-01 0.000000e+00
    outer loop
      vertex   8.781804e+00 7.873222e+01 -2.000000e+02
      vertex   8.781804e+00 7.873222e+01 -1.985000e+02
      vertex   8.108707e+00 7.924871e+01 -2.000000e+02
    endloop
  endfacet
  facet normal -6.087614e-01 -7.933533e-01 0.000000e+00
    outer loop
      vertex   8.108707e+00 7.924871e+01 -2.000000e+02
      vertex   8.781804e+00 7.873222e+01 -1.985000e+02
      vertex   8.108707e+00 7.924871e+01 -1.985000e+02
    endloop
  endfacet
  facet normal -3.826834e-01 -9.238795e-01 0.000000e+00
    outer loop
      vertex   8.108707e+00 7.924871e+01 -2.000000e+02
      vertex   8.108707e+00 7.924871e+01 -1.985000e+02
      vertex   7.324869e+00 7.957339e+01 -2.000000e+02
    endloop
  endfacet
  facet normal -3.826834e-01 -9.238795e-01 0.000000e+00
    outer loop
      vertex   7.324869e+00 7.957339e+01 -2.000000e+02
      vertex   8.108707e+00 7.924871e+01 -1.985000e+02
      vertex   7.324869e+00 7.957339e+01 -1.985000e+02
    endloop
  endfacet
  facet normal -1.305262e-01 -9.914449e-01 0.000000e+00
    outer loop
      vertex   7.324869e+00 7.957339e+01 -2.000000e+02
      vertex   7.324869e+00 7.957339e+01 -1.985000e+02
      vertex   6.483707e+00 7.968413e+01 -2.000000e+02
    endloop
  endfacet
  facet normal -1.305262e-01 -9.914449e-01 0.000000e+00
    outer loop
      vertex   6.483707e+00 7.968413e+01 -2.000000e+02
      vertex   7.324869e+00 7.957339e+01 -1.985000e+02
      vertex   6.483707e+00 7.968413e+01 -1.985000e+02
    endloop
  endfacet
  facet normal 1.305262e-01 -9.914449e-01 0.000000e+00
    outer loop
      vertex   6.483707e+00 7.968413e+01 -2.000000e+02
      vertex   6.483707e+00 7.968413e+01 -1.985000e+02
      vertex   5.642545e+00 7.957339e+01 -2.000000e+02
    endloop
  endfacet
  facet normal 1.305262e-01 -9.914449e-01 0.000000e+00
    outer loop
      vertex   5.642545e+00 7.957339e+01 -2.000000e+02
      vertex   6.483707e+00 7.968413e+01 -1.985000e+02
      vertex   5.642545e+00 7.957339e+01 -1.985000e+02
    endloop
  endfacet
  facet normal 3.826834e-01 -9.238795e-01 0.000000e+00
    outer loop
      vertex   5.642545e+00 7.957339e+01 -2.000000e+02
      vertex   5.642545e+00 7.957339e+01 -1.985000e+02
      vertex   4.858707e+00 7.924871e+01 -2.000000e+02
    endloop
  endfacet
  facet normal 3.826834e-01 -9.238795e-01 0.000000e+00
    outer loop
      vertex   4.858707e+00 7.924871e+01 -2.000000e+02
      vertex   5.642545e+00 7.957339e+01 -1.985000e+02
      vertex   4.858707e+00 7.924871e+01 -1.985000e+02
    endloop
  endfacet
  facet normal 6.087614e-01 -7.933533e-01 0.000000e+00
    outer loop
      vertex   4.858707e+00 7.924871e+01 -2.000000e+02
      vertex   4.858707e+00 7.924871e+01 -1.985000e+02
      vertex   4.185610e+00 7.873222e+01 -2.000000e+02
    endloop
  endfacet
  facet normal 6.087614e-01 -7.933533e-01 0.000000e+00
    outer loop
      vertex   4.185610e+00 7.873222e+01 -2.000000e+02
      vertex   4.858707e+00 7.924871e+01 -1.985000e+02
      vertex   4.185610e+00 7.873222e+01 -1.985000e+02
    endloop
  endfacet
  facet normal 7.933533e-01 -6.087614e-01 0.000000e+00
    outer loop
      vertex   4.185610e+00 7.873222e+01 -2.000000e+02
      vertex   4.185610e+00 7.873222e+01 -1.985000e+02
      vertex   3.669125e+00 7.805913e+01 -2.000000e+02
    endloop
  endfacet
  facet normal 7.933533e-01 -6.087614e-01 0.000000e+00
    outer loop
      vertex   3.669125e+00 7.805913e+01 -2.000000e+02
      vertex   4.185610e+00 7.873222e+01 -1.985000e+02
      vertex   3.669125e+00 7.805913e+01 -1.985000e+02
    endloop
  endfacet
  facet normal 9.238795e-01 -3.826834e-01 0.000000e+00
    outer loop
      vertex   3.669125e+00 7.805913e+01 -2.000000e+02
      vertex   3.669125e+00 7.805913e+01 -1.985000e+02
      vertex   3.344448e+00 7.727529e+01 -2.000000e+02
    endloop
  endfacet
  facet normal 9.238795e-01 -3.826834e-01 0.000000e+00
    outer loop
      vertex   3.344448e+00 7.727529e+01 -2.000000e+02
      vertex   3.669125e+00 7.805913e+01 -1.985000e+02
      vertex   3.344448e+00 7.727529e+01 -1.985000e+02
    endloop
  endfacet
  facet normal 0.000000e+00 -0.000000e+00 -1.000000e+00
    outer loop
      vertex   3.344448e+00 7.727529e+01 -1.985000e+02
      vertex   9.622966e+00 7.727529e+01 -1.985000e+02
      vertex   3.233707e+00 7.643413e+01 -1.985000e+02
    endloop
  endfacet
  facet normal 0.000000e+00 0.000000e+00 -1.000000e+00
    outer loop
      vertex   3.233707e+00 7.643413e+01 -1.985000e+02
      vertex   9.622966e+00 7.727529e+01 -1.985000e+02
      vertex   9.733707e+00 7.643413e+01 -1.985000e+02
    endloop
  endfacet
  facet normal 0.000000e+00 0.000000e+00 -1.000000e+00
    outer loop
      vertex   3.233707e+00 7.643413e+01 -1.985000e+02
      vertex   9.733707e+00 7.643413e+01 -1.985000e+02
      vertex   3.344448e+00 7.559296e+01 -1.985000e+02
    endloop
  endfacet
  facet normal 0.000000e+00 0.000000e+00 -1.000000e+00
    outer loop
      vertex   3.344448e+00 7.559296e+01 -1.985000e+02
      vertex   9.733707e+00 7.643413e+01 -1.985000e+02
      vertex   9.622966e+00 7.559296e+01 -1.985000e+02
    endloop
  endfacet
  facet normal 0.000000e+00 0.000000e+00 -1.000000e+00
    outer loop
      vertex   3.344448e+00 7.559296e+01 -1.985000e+02
      vertex   9.622966e+00 7.559296e+01 -1.985000e+02
      vertex   3.669125e+00 7.480913e+01 -1.985000e+02
    endloop
  endfacet
  facet normal 0.000000e+00 0.000000e+00 -1.000000e+00
    outer loop
      vertex   3.669125e+00 7.480913e+01 -1.985000e+02
      vertex   9.622966e+00 7.559296e+01 -1.985000e+02
      vertex   9.298290e+00 7.480913e+01 -1.985000e+02
    endloop
  endfacet
  facet normal 0.000000e+00 0.000000e+00 -1.000000e+00
    outer loop
      vertex   3.669125e+00 7.480913e+01 -1.985000e+02
      vertex   9.298290e+00 7.480913e+01 -1.985000e+02
      vertex   4.185610e+00 7.413603e+01 -1.985000e+02
    endloop
  endfacet
  facet normal 0.000000e+00 0.000000e+00 -1.000000e+00
    outer loop
      vertex   4.185610e+00 7.413603e+01 -1.985000e+02
      vertex   9.298290e+00 7.480913e+01 -1.985000e+02
      vertex   8.781804e+00 7.413603e+01 -1.985000e+02
    endloop
  endfacet
  facet normal 0.000000e+00 0.000000e+00 -1.000000e+00
    outer loop
      vertex   4.185610e+00 7.413603e+01 -1.985000e+02
      vertex   8.781804e+00 7.413603e+01 -1.985000e+02
      vertex   4.858707e+00 7.361954e+01 -1.985000e+02
    endloop
  endfacet
  facet normal 0.000000e+00 0.000000e+00 -1.000000e+00
    outer loop
      vertex   4.858707e+00 7.361954e+01 -1.985000e+02
      vertex   8.781804e+00 7.413603e+01 -1.985000e+02
      vertex   8.108707e+00 7.361954e+01 -1.985000e+02
    endloop
  endfacet
  facet normal 0.000000e+00 0.000000e+00 -1.000000e+00
    outer loop
      vertex   4.858707e+00 7.361954e+01 -1.985000e+02
      vertex   8.108707e+00 7.361954e+01 -1.985000e+02
      vertex   5.642545e+00 7.329487e+01 -1.985000e+02
    endloop
  endfacet
  facet normal 0.000000e+00 0.000000e+00 -1.000000e+00
    outer loop
      vertex   5.642545e+00 7.329487e+01 -1.985000e+02
      vertex   8.108707e+00 7.361954e+01 -1.985000e+02
      vertex   7.324869e+00 7.329487e+01 -1.985000e+02
    endloop
  endfacet
  facet normal 0.000000e+00 0.000000e+00 -1.000000e+00
    outer loop
      vertex   5.642545e+00 7.329487e+01 -1.985000e+02
      vertex   7.324869e+00 7.329487e+01 -1.985000e+02
      vertex   6.483707e+00 7.318413e+01 -1.985000e+02
    endloop
  endfacet
  facet normal 0.000000e+00 0.000000e+00 -1.000000e+00
    outer loop
      vertex   9.622966e+00 7.727529e+01 -1.985000e+02
      vertex   3.344448e+00 7.727529e+01 -1.985000e+02
      vertex   9.298290e+00 7.805913e+01 -1.985000e+02
    endloop
  endfacet
  facet normal -0.000000e+00 0.000000e+00 -1.000000e+00
    outer loop
      vertex   9.298290e+00 7.805913e+01 -1.985000e+02
      vertex   3.344448e+00 7.727529e+01 -1.985000e+02
      vertex   3.669125e+00 7.805913e+01 -1.985000e+02
    endloop
  endfacet
  facet normal 0.000000e+00 0.000000e+00 -1.000000e+00
    outer loop
      vertex   9.298290e+00 7.805913e+01 -1.985000e+02
      vertex   3.669125e+00 7.805913e+01 -1.985000e+02
      vertex   8.781804e+00 7.873222e+01 -1.985000e+02
    endloop
  endfacet
  facet normal -0.000000e+00 0.000000e+00 -1.000000e+00
    outer loop
      vertex   8.781804e+00 7.873222e+01 -1.985000e+02
      vertex   3.669125e+00 7.805913e+01 -1.985000e+02
      vertex   4.185610e+00 7.873222e+01 -1.985000e+02
    endloop
  endfacet
  facet normal 0.000000e+00 0.000000e+00 -1.000000e+00
    outer loop
      vertex   8.781804e+00 7.873222e+01 -1.985000e+02
      vertex   4.185610e+00 7.873222e+01 -1.985000e+02
      vertex   8.108707e+00 7.924871e+01 -1.985000e+02
    endloop
  endfacet
  facet normal -0.000000e+00 0.000000e+00 -1.000000e+00
    outer loop
      vertex   8.108707e+00 7.924871e+01 -1.985000e+02
      vertex   4.185610e+00 7.873222e+01 -1.985000e+02
      vertex   4.858707e+00 7.924871e+01 -1.985000e+02
    endloop
  endfacet
  facet normal 0.000000e+00 0.000000e+00 -1.000000e+00
    outer loop
      vertex   8.108707e+00 7.924871e+01 -1.985000e+02
      vertex   4.858707e+00 7.924871e+01 -1.985000e+02
      vertex   7.324869e+00 7.957339e+01 -1.985000e+02
    endloop
  endfacet
  facet normal -0.000000e+00 0.000000e+00 -1.000000e+00
    outer loop
      vertex   7.324869e+00 7.957339e+01 -1.985000e+02
      vertex   4.858707e+00 7.924871e+01 -1.985000e+02
      vertex   5.642545e+00 7.957339e+01 -1.985000e+02
    endloop
  endfacet
  facet normal 0.000000e+00 0.000000e+00 -1.000000e+00
    outer loop
      vertex   7.324869e+00 7.957339e+01 -1.985000e+02
      vertex   5.642545e+00 7.957339e+01 -1.985000e+02
      vertex   6.483707e+00 7.968413e+01 -1.985000e+02
    endloop
  endfacet
  facet normal 9.914449e-01 -1.305262e-01 0.000000e+00
    outer loop
      vertex   3.344448e+00 9.429779e+01 -2.000000e+02
      vertex   3.344448e+00 9.429779e+01 -1.985000e+02
      vertex   3.233707e+00 9.345663e+01 -2.000000e+02
    endloop
  endfacet
  facet normal 9.914449e-01 -1.305262e-01 0.000000e+00
    outer loop
      vertex   3.233707e+00 9.345663e+01 -2.000000e+02
      vertex   3.344448e+00 9.429779e+01 -1.985000e+02
      vertex   3.233707e+00 9.345663e+01 -1.985000e+02
    endloop
  endfacet
  facet normal 9.914449e-01 1.305262e-01 -0.000000e+00
    outer loop
      vertex   3.233707e+00 9.345663e+01 -2.000000e+02
      vertex   3.233707e+00 9.345663e+01 -1.985000e+02
      vertex   3.344448e+00 9.261546e+01 -2.000000e+02
    endloop
  endfacet
  facet normal 9.914449e-01 1.305262e-01 -0.000000e+00
    outer loop
      vertex   3.344448e+00 9.261546e+01 -2.000000e+02
      vertex   3.233707e+00 9.345663e+01 -1.985000e+02
      vertex   3.344448e+00 9.261546e+01 -1.985000e+02
    endloop
  endfacet
  facet normal 9.238795e-01 3.826834e-01 -0.000000e+00
    outer loop
      vertex   3.344448e+00 9.261546e+01 -2.000000e+02
      vertex   3.344448e+00 9.261546e+01 -1.985000e+02
      vertex   3.669125e+00 9.183163e+01 -2.000000e+02
    endloop
  endfacet
  facet normal 9.238795e-01 3.826834e-01 -0.000000e+00
    outer loop
      vertex   3.669125e+00 9.183163e+01 -2.000000e+02
      vertex   3.344448e+00 9.261546e+01 -1.985000e+02
      vertex   3.669125e+00 9.183163e+01 -1.985000e+02
    endloop
  endfacet
  facet normal 7.933533e-01 6.087614e-01 -0.000000e+00
    outer loop
      vertex   3.669125e+00 9.183163e+01 -2.000000e+02
      vertex   3.669125e+00 9.183163e+01 -1.985000e+02
      vertex   4.185610e+00 9.115853e+01 -2.000000e+02
    endloop
  endfacet
  facet normal 7.933533e-01 6.087614e-01 -0.000000e+00
    outer loop
      vertex   4.185610e+00 9.115853e+01 -2.000000e+02
      vertex   3.669125e+00 9.183163e+01 -1.985000e+02
      vertex   4.185610e+00 9.115853e+01 -1.985000e+02
    endloop
  endfacet
  facet normal 6.087614e-01 7.933533e-01 -0.000000e+00
    outer loop
      vertex   4.185610e+00 9.115853e+01 -2.000000e+02
      vertex   4.185610e+00 9.115853e+01 -1.985000e+02
      vertex   4.858707e+00 9.064204e+01 -2.000000e+02
    endloop
  endfacet
  facet normal 6.087614e-01 7.933533e-01 -0.000000e+00
    outer loop
      vertex   4.858707e+00 9.064204e+01 -2.000000e+02
      vertex   4.185610e+00 9.115853e+01 -1.985000e+02
      vertex   4.858707e+00 9.064204e+01 -1.985000e+02
    endloop
  endfacet
  facet normal 3.826834e-01 9.238795e-01 -0.000000e+00
    outer loop
      vertex   4.858707e+00 9.064204e+01 -2.000000e+02
      vertex   4.858707e+00 9.064204e+01 -1.985000e+02
      vertex   5.642545e+00 9.031737e+01 -2.000000e+02
    endloop
  endfacet
  facet normal 3.826834e-01 9.238795e-01 -0.000000e+00
    outer loop
      vertex   5.642545e+00 9.031737e+01 -2.000000e+02
      vertex   4.858707e+00 9.064204e+01 -1.985000e+02
      vertex   5.642545e+00 9.031737e+01 -1.985000e+02
    endloop
  endfacet
  facet normal 1.305262e-01 9.914449e-01 -0.000000e+00
    outer loop
      vertex   5.642545e+00 9.031737e+01 -2.000000e+02
      vertex   5.642545e+00 9.031737e+01 -1.985000e+02
      vertex   6.483707e+00 9.020663e+01 -2.000000e+02
    endloop
  endfacet
  facet normal 1.305262e-01 9.914449e-01 -0.000000e+00
    outer loop
      vertex   6.483707e+00 9.020663e+01 -2.000000e+02
      vertex   5.642545e+00 9.031737e+01 -1.985000e+02
      vertex   6.483707e+00 9.020663e+01 -1.985000e+02
    endloop
  endfacet
  facet normal -1.305262e-01 9.914449e-01 0.000000e+00
    outer loop
      vertex   6.483707e+00 9.020663e+01 -2.000000e+02
      vertex   6.483707e+00 9.020663e+01 -1.985000e+02
      vertex   7.324869e+00 9.031737e+01 -2.000000e+02
    endloop
  endfacet
  facet normal -1.305262e-01 9.914449e-01 0.000000e+00
    outer loop
      vertex   7.324869e+00 9.031737e+01 -2.000000e+02
      vertex   6.483707e+00 9.020663e+01 -1.985000e+02
      vertex   7.324869e+00 9.031737e+01 -1.985000e+02
    endloop
  endfacet
  facet normal -3.826834e-01 9.238795e-01 0.000000e+00
    outer loop
      vertex   7.324869e+00 9.031737e+01 -2.000000e+02
      vertex   7.324869e+00 9.031737e+01 -1.985000e+02
      vertex   8.108707e+00 9.064204e+01 -2.000000e+02
    endloop
  endfacet
  facet normal -3.826834e-01 9.238795e-01 0.000000e+00
    outer loop
      vertex   8.108707e+00 9.064204e+01 -2.000000e+02
      vertex   7.324869e+00 9.031737e+01 -1.985000e+02
      vertex   8.108707e+00 9.064204e+01 -1.985000e+02
    endloop
  endfacet
  facet normal -6.087614e-01 7.933533e-01 0.000000e+00
    outer loop
      vertex   8.108707e+00 9.064204e+01 -2.000000e+02
      vertex   8.108707e+00 9.064204e+01 -1.985000e+02
      vertex   8.781804e+00 9.115853e+01 -2.000000e+02
    endloop
  endfacet
  facet normal -6.087614e-01 7.933533e-01 0.000000e+00
    outer loop
      vertex   8.781804e+00 9.115853e+01 -2.000000e+02
      vertex   8.108707e+00 9.064204e+01 -1.985000e+02
      vertex   8.781804e+00 9.115853e+01 -1.985000e+02
    endloop
  endfacet
  facet normal -7.933533e-01 6.087614e-01 0.000000e+00
    outer loop
      vertex   8.781804e+00 9.115853e+01 -2.000000e+02
      vertex   8.781804e+00 9.115853e+01 -1.985000e+02
      vertex   9.298290e+00 9.183163e+01 -2.000000e+02
    endloop
  endfacet
  facet normal -7.933533e-01 6.087614e-01 0.000000e+00
    outer loop
      vertex   9.298290e+00 9.183163e+01 -2.000000e+02
      vertex   8.781804e+00 9.115853e+01 -1.985000e+02
      vertex   9.298290e+00 9.183163e+01 -1.985000e+02
    endloop
  endfacet
  facet normal -9.238795e-01 3.826834e-01 0.000000e+00
    outer loop
      vertex   9.298290e+00 9.183163e+01 -2.000000e+02
      vertex   9.298290e+00 9.183163e+01 -1.985000e+02
      vertex   9.622966e+00 9.261546e+01 -2.000000e+02
    endloop
  endfacet
  facet normal -9.238795e-01 3.826834e-01 0.000000e+00
    outer loop
      vertex   9.622966e+00 9.261546e+01 -2.000000e+02
      vertex   9.298290e+00 9.183163e+01 -1.985000e+02
      vertex   9.622966e+00 9.261546e+01 -1.985000e+02
    endloop
  endfacet
  facet normal -9.914449e-01 1.305262e-01 0.000000e+00
    outer loop
      vertex   9.622966e+00 9.261546e+01 -2.000000e+02
      vertex   9.622966e+00 9.261546e+01 -1.985000e+02
      vertex   9.733707e+00 9.345663e+01 -2.000000e+02
    endloop
  endfacet
  facet normal -9.914449e-01 1.305262e-01 0.000000e+00
    outer loop
      vertex   9.733707e+00 9.345663e+01 -2.000000e+02
      vertex   9.622966e+00 9.261546e+01 -1.985000e+02
      vertex   9.733707e+00 9.345663e+01 -1.985000e+02
    endloop
  endfacet
  facet normal -9.914449e-01 -1.305262e-01 0.000000e+00
    outer loop
      vertex   9.733707e+00 9.345663e+01 -2.000000e+02
      vertex   9.733707e+00 9.345663e+01 -1.985000e+02
      vertex   9.622966e+00 9.429779e+01 -2.000000e+02
    endloop
  endfacet
  facet normal -9.914449e-01 -1.305262e-01 0.000000e+00
    outer loop
      vertex   9.622966e+00 9.429779e+01 -2.000000e+02
      vertex   9.733707e+00 9.345663e+01 -1.985000e+02
      vertex   9.622966e+00 9.429779e+01 -1.985000e+02
    endloop
  endfacet
  facet normal -9.238795e-01 -3.826834e-01 0.000000e+00
    outer loop
      vertex   9.622966e+00 9.429779e+01 -2.000000e+02
      vertex   9.622966e+00 9.429779e+01 -1.985000e+02
      vertex   9.298290e+00 9.508163e+01 -2.000000e+02
    endloop
  endfacet
  facet normal -9.238795e-01 -3.826834e-01 0.000000e+00
    outer loop
      vertex   9.298290e+00 9.508163e+01 -2.000000e+02
      vertex   9.622966e+00 9.429779e+01 -1.985000e+02
      vertex   9.298290e+00 9.508163e+01 -1.985000e+02
    endloop
  endfacet
  facet normal -7.933533e-01 -6.087614e-01 0.000000e+00
    outer loop
      vertex   9.298290e+00 9.508163e+01 -2.000000e+02
      vertex   9.298290e+00 9.508163e+01 -1.985000e+02
      vertex   8.781804e+00 9.575472e+01 -2.000000e+02
    endloop
  endfacet
  facet normal -7.933533e-01 -6.087614e-01 0.000000e+00
    outer loop
      vertex   8.781804e+00 9.575472e+01 -2.000000e+02
      vertex   9.298290e+00 9.508163e+01 -1.985000e+02
      vertex   8.781804e+00 9.575472e+01 -1.985000e+02
    endloop
  endfacet
  facet normal -6.087614e-01 -7.933533e-01 0.000000e+00
    outer loop
      vertex   8.781804e+00 9.575472e+01 -2.000000e+02
      vertex   8.781804e+00 9.575472e+01 -1.985000e+02
      vertex   8.108707e+00 9.627121e+01 -2.000000e+02
    endloop
  endfacet
  facet normal -6.087614e-01 -7.933533e-01 0.000000e+00
    outer loop
      vertex   8.108707e+00 9.627121e+01 -2.000000e+02
      vertex   8.781804e+00 9.575472e+01 -1.985000e+02
      vertex   8.108707e+00 9.627121e+01 -1.985000e+02
    endloop
  endfacet
  facet normal -3.826834e-01 -9.238795e-01 0.000000e+00
    outer loop
      vertex   8.108707e+00 9.627121e+01 -2.000000e+02
      vertex   8.108707e+00 9.627121e+01 -1.985000e+02
      vertex   7.324869e+00 9.659589e+01 -2.000000e+02
    endloop
  endfacet
  facet normal -3.826834e-01 -9.238795e-01 0.000000e+00
    outer loop
      vertex   7.324869e+00 9.659589e+01 -2.000000e+02
      vertex   8.108707e+00 9.627121e+01 -1.985000e+02
      vertex   7.324869e+00 9.659589e+01 -1.985000e+02
    endloop
  endfacet
  facet normal -1.305262e-01 -9.914449e-01 0.000000e+00
    outer loop
      vertex   7.324869e+00 9.659589e+01 -2.000000e+02
      vertex   7.324869e+00 9.659589e+01 -1.985000e+02
      vertex   6.483707e+00 9.670663e+01 -2.000000e+02
    endloop
  endfacet
  facet normal -1.305262e-01 -9.914449e-01 0.000000e+00
    outer loop
      vertex   6.483707e+00 9.670663e+01 -2.000000e+02
      vertex   7.324869e+00 9.659589e+01 -1.985000e+02
      vertex   6.483707e+00 9.670663e+01 -1.985000e+02
    endloop
  endfacet
  facet normal 1.305262e-01 -9.914449e-01 0.000000e+00
    outer loop
      vertex   6.483707e+00 9.670663e+01 -2.000000e+02
      vertex   6.483707e+00 9.670663e+01 -1.985000e+02
      vertex   5.642545e+00 9.659589e+01 -2.000000e+02
    endloop
  endfacet
  facet normal 1.305262e-01 -9.914449e-01 0.000000e+00
    outer loop
      vertex   5.642545e+00 9.659589e+01 -2.000000e+02
      vertex   6.483707e+00 9.670663e+01 -1.985000e+02
      vertex   5.642545e+00 9.659589e+01 -1.985000e+02
    endloop
  endfacet
  facet normal 3.826834e-01 -9.238795e-01 0.000000e+00
    outer loop
      vertex   5.642545e+00 9.659589e+01 -2.000000e+02
      vertex   5.642545e+00 9.659589e+01 -1.985000e+02
      vertex   4.858707e+00 9.627121e+01 -2.000000e+02
    endloop
  endfacet
  facet normal 3.826834e-01 -9.238795e-01 0.000000e+00
    outer loop
      vertex   4.858707e+00 9.627121e+01 -2.000000e+02
      vertex   5.642545e+00 9.659589e+01 -1.985000e+02
      vertex   4.858707e+00 9.627121e+01 -1.985000e+02
    endloop
  endfacet
  facet normal 6.087614e-01 -7.933533e-01 0.000000e+00
    outer loop
      vertex   4.858707e+00 9.627121e+01 -2.000000e+02
      vertex   4.858707e+00 9.627121e+01 -1.985000e+02
      vertex   4.185610e+00 9.575472e+01 -2.000000e+02
    endloop
  endfacet
  facet normal 6.087614e-01 -7.933533e-01 0.000000e+00
    outer loop
      vertex   4.185610e+00 9.575472e+01 -2.000000e+02
      vertex   4.858707e+00 9.627121e+01 -1.985000e+02
      vertex   4.185610e+00 9.575472e+01 -1.985000e+02
    endloop
  endfacet
  facet normal 7.933533e-01 -6.087614e-01 0.000000e+00
    outer loop
      vertex   4.185610e+00 9.575472e+01 -2.000000e+02
      vertex   4.185610e+00 9.575472e+01 -1.985000e+02
      vertex   3.669125e+00 9.508163e+01 -2.000000e+02
    endloop
  endfacet
  facet normal 7.933533e-01 -6.087614e-01 0.000000e+00
    outer loop
      vertex   3.669125e+00 9.508163e+01 -2.000000e+02
      vertex   4.185610e+00 9.575472e+01 -1.985000e+02
      vertex   3.669125e+00 9.508163e+01 -1.985000e+02
    endloop
  endfacet
  facet normal 9.238795e-01 -3.826834e-01 0.000000e+00
    outer loop
      vertex   3.669125e+00 9.508163e+01 -2.000000e+02
      vertex   3.669125e+00 9.508163e+01 -1.985000e+02
      vertex   3.344448e+00 9.429779e+01 -2.000000e+02
    endloop
  endfacet
  facet normal 9.238795e-01 -3.826834e-01 0.000000e+00
    outer loop
      vertex   3.344448e+00 9.429779e+01 -2.000000e+02
      vertex   3.669125e+00 9.508163e+01 -1.985000e+02
      vertex   3.344448e+00 9.429779e+01 -1.985000e+02
    endloop
  endfacet
  facet normal 0.000000e+00 -0.000000e+00 -1.000000e+00
    outer loop
      vertex   3.344448e+00 9.429779e+01 -1.985000e+02
      vertex   9.622966e+00 9.429779e+01 -1.985000e+02
      vertex   3.233707e+00 9.345663e+01 -1.985000e+02
    endloop
  endfacet
  facet normal 0.000000e+00 0.000000e+00 -1.000000e+00
    outer loop
      vertex   3.233707e+00 9.345663e+01 -1.985000e+02
      vertex   9.622966e+00 9.429779e+01 -1.985000e+02
      vertex   9.733707e+00 9.345663e+01 -1.985000e+02
    endloop
  endfacet
  facet normal 0.000000e+00 0.000000e+00 -1.000000e+00
    outer loop
      vertex   3.233707e+00 9.345663e+01 -1.985000e+02
      vertex   9.733707e+00 9.345663e+01 -1.985000e+02
      vertex   3.344448e+00 9.261546e+01 -1.985000e+02
    endloop
  endfacet
  facet normal 0.000000e+00 0.000000e+00 -1.000000e+00
    outer loop
      vertex   3.344448e+00 9.261546e+01 -1.985000e+02
      vertex   9.733707e+00 9.345663e+01 -1.985000e+02
      vertex   9.622966e+00 9.261546e+01 -1.985000e+02
    endloop
  endfacet
  facet normal 0.000000e+00 0.000000e+00 -1.000000e+00
    outer loop
      vertex   3.344448e+00 9.261546e+01 -1.985000e+02
      vertex   9.622966e+00 9.261546e+01 -1.985000e+02
      vertex   3.669125e+00 9.183163e+01 -1.985000e+02
    endloop
  endfacet
  facet normal 0.000000e+00 0.000000e+00 -1.000000e+00
    outer loop
      vertex   3.669125e+00 9.183163e+01 -1.985000e+02
      vertex   9.622966e+00 9.261546e+01 -1.985000e+02
      vertex   9.298290e+00 9.183163e+01 -1.985000e+02
    endloop
  endfacet
  facet normal 0.000000e+00 0.000000e+00 -1.000000e+00
    outer loop
      vertex   3.669125e+00 9.183163e+01 -1.985000e+02
      vertex   9.298290e+00 9.183163e+01 -1.985000e+02
      vertex   4.185610e+00 9.115853e+01 -1.985000e+02
    endloop
  endfacet
  facet normal 0.000000e+00 0.000000e+00 -1.000000e+00
    outer loop
      vertex   4.185610e+00 9.115853e+01 -1.985000e+02
      vertex   9.298290e+00 9.183163e+01 -1.985000e+02
      vertex   8.781804e+00 9.115853e+01 -1.985000e+02
    endloop
  endfacet
  facet normal 0.000000e+00 0.000000e+00 -1.000000e+00
    outer loop
      vertex   4.185610e+00 9.115853e+01 -1.985000e+02
      vertex   8.781804e+00 9.115853e+01 -1.985000e+02
      vertex   4.858707e+00 9.064204e+01 -1.985000e+02
    endloop
  endfacet
  facet normal 0.000000e+00 0.000000e+00 -1.000000e+00
    outer loop
      vertex   4.858707e+00 9.064204e+01 -1.985000e+02
      vertex   8.781804e+00 9.115853e+01 -1.985000e+02
      vertex   8.108707e+00 9.064204e+01 -1.985000e+02
    endloop
  endfacet
  facet normal 0.000000e+00 0.000000e+00 -1.000000e+00
    outer loop
      vertex   4.858707e+00 9.064204e+01 -1.985000e+02
      vertex   8.108707e+00 9.064204e+01 -1.985000e+02
      vertex   5.642545e+00 9.031737e+01 -1.985000e+02
    endloop
  endfacet
  facet normal 0.000000e+00 0.000000e+00 -1.000000e+00
    outer loop
      vertex   5.642545e+00 9.031737e+01 -1.985000e+02
      vertex   8.108707e+00 9.064204e+01 -1.985000e+02
      vertex   7.324869e+00 9.031737e+01 -1.985000e+02
    endloop
  endfacet
  facet normal 0.000000e+00 0.000000e+00 -1.000000e+00
    outer loop
      vertex   5.642545e+00 9.031737e+01 -1.985000e+02
      vertex   7.324869e+00 9.031737e+01 -1.985000e+02
      vertex   6.483707e+00 9.020663e+01 -1.985000e+02
    endloop
  endfacet
  facet normal 0.000000e+00 0.000000e+00 -1.000000e+00
    outer loop
      vertex   9.622966e+00 9.429779e+01 -1.985000e+02
      vertex   3.344448e+00 9.429779e+01 -1.985000e+02
      vertex   9.298290e+00 9.508163e+01 -1.985000e+02
    endloop
  endfacet
  facet normal -0.000000e+00 0.000000e+00 -1.000000e+00
    outer loop
      vertex   9.298290e+00 9.508163e+01 -1.985000e+02
      vertex   3.344448e+00 9.429779e+01 -1.985000e+02
      vertex   3.669125e+00 9.508163e+01 -1.985000e+02
    endloop
  endfacet
  facet normal 0.000000e+00 0.000000e+00 -1.000000e+00
    outer loop
      vertex   9.298290e+00 9.508163e+01 -1.985000e+02
      vertex   3.669125e+00 9.508163e+01 -1.985000e+02
      vertex   8.781804e+00 9.575472e+01 -1.985000e+02
    endloop
  endfacet
  facet normal -0.000000e+00 0.000000e+00 -1.000000e+00
    outer loop
      vertex   8.781804e+00 9.575472e+01 -1.985000e+02
      vertex   3.669125e+00 9.508163e+01 -1.985000e+02
      vertex   4.185610e+00 9.575472e+01 -1.985000e+02
    endloop
  endfacet
  facet normal 0.000000e+00 0.000000e+00 -1.000000e+00
    outer loop
      vertex   8.781804e+00 9.575472e+01 -1.985000e+02
      vertex   4.185610e+00 9.575472e+01 -1.985000e+02
      vertex   8.108707e+00 9.627121e+01 -1.985000e+02
    endloop
  endfacet
  facet normal -0.000000e+00 0.000000e+00 -1.000000e+00
    outer loop
      vertex   8.108707e+00 9.627121e+01 -1.985000e+02
      vertex   4.185610e+00 9.575472e+01 -1.985000e+02
      vertex   4.858707e+00 9.627121e+01 -1.985000e+02
    endloop
  endfacet
  facet normal 0.000000e+00 0.000000e+00 -1.000000e+00
    outer loop
      vertex   8.108707e+00 9.627121e+01 -1.985000e+02
      vertex   4.858707e+00 9.627121e+01 -1.985000e+02
      vertex   7.324869e+00 9.659589e+01 -1.985000e+02
    endloop
  endfacet
  facet normal -0.000000e+00 0.000000e+00 -1.000000e+00
    outer loop
      vertex   7.324869e+00 9.659589e+01 -1.985000e+02
      vertex   4.858707e+00 9.627121e+01 -1.985000e+02
      vertex   5.642545e+00 9.659589e+01 -1.985000e+02
    endloop
  endfacet
  facet normal 0.000000e+00 0.000000e+00 -1.000000e+00
    outer loop
      vertex   7.324869e+00 9.659589e+01 -1.985000e+02
      vertex   5.642545e+00 9.659589e+01 -1.985000e+02
      vertex   6.483707e+00 9.670663e+01 -1.985000e+02
    endloop
  endfacet
  facet normal 9.914449e-01 -1.305262e-01 0.000000e+00
    outer loop
      vertex   3.344448e+00 1.113203e+02 -2.000000e+02
      vertex   3.344448e+00 1.113203e+02 -1.985000e+02
      vertex   3.233707e+00 1.104791e+02 -2.000000e+02
    endloop
  endfacet
  facet normal 9.914449e-01 -1.305262e-01 0.000000e+00
    outer loop
      vertex   3.233707e+00 1.104791e+02 -2.000000e+02
      vertex   3.344448e+00 1.113203e+02 -1.985000e+02
      vertex   3.233707e+00 1.104791e+02 -1.985000e+02
    endloop
  endfacet
  facet normal 9.914449e-01 1.305262e-01 -0.000000e+00
    outer loop
      vertex   3.233707e+00 1.104791e+02 -2.000000e+02
      vertex   3.233707e+00 1.104791e+02 -1.985000e+02
      vertex   3.344448e+00 1.096380e+02 -2.000000e+02
    endloop
  endfacet
  facet normal 9.914449e-01 1.305262e-01 -0.000000e+00
    outer loop
      vertex   3.344448e+00 1.096380e+02 -2.000000e+02
      vertex   3.233707e+00 1.104791e+02 -1.985000e+02
      vertex   3.344448e+00 1.096380e+02 -1.985000e+02
    endloop
  endfacet
  facet normal 9.238795e-01 3.826834e-01 -0.000000e+00
    outer loop
      vertex   3.344448e+00 1.096380e+02 -2.000000e+02
      vertex   3.344448e+00 1.096380e+02 -1.985000e+02
      vertex   3.669125e+00 1.088541e+02 -2.000000e+02
    endloop
  endfacet
  facet normal 9.238795e-01 3.826834e-01 -0.000000e+00
    outer loop
      vertex   3.669125e+00 1.088541e+02 -2.000000e+02
      vertex   3.344448e+00 1.096380e+02 -1.985000e+02
      vertex   3.669125e+00 1.088541e+02 -1.985000e+02
    endloop
  endfacet
  facet normal 7.933533e-01 6.087614e-01 -0.000000e+00
    outer loop
      vertex   3.669125e+00 1.088541e+02 -2.000000e+02
      vertex   3.669125e+00 1.088541e+02 -1.985000e+02
      vertex   4.185610e+00 1.081810e+02 -2.000000e+02
    endloop
  endfacet
  facet normal 7.933533e-01 6.087614e-01 -0.000000e+00
    outer loop
      vertex   4.185610e+00 1.081810e+02 -2.000000e+02
      vertex   3.669125e+00 1.088541e+02 -1.985000e+02
      vertex   4.185610e+00 1.081810e+02 -1.985000e+02
    endloop
  endfacet
  facet normal 6.087614e-01 7.933533e-01 -0.000000e+00
    outer loop
      vertex   4.185610e+00 1.081810e+02 -2.000000e+02
      vertex   4.185610e+00 1.081810e+02 -1.985000e+02
      vertex   4.858707e+00 1.076645e+02 -2.000000e+02
    endloop
  endfacet
  facet normal 6.087614e-01 7.933533e-01 -0.000000e+00
    outer loop
      vertex   4.858707e+00 1.076645e+02 -2.000000e+02
      vertex   4.185610e+00 1.081810e+02 -1.985000e+02
      vertex   4.858707e+00 1.076645e+02 -1.985000e+02
    endloop
  endfacet
  facet normal 3.826834e-01 9.238795e-01 -0.000000e+00
    outer loop
      vertex   4.858707e+00 1.076645e+02 -2.000000e+02
      vertex   4.858707e+00 1.076645e+02 -1.985000e+02
      vertex   5.642545e+00 1.073399e+02 -2.000000e+02
    endloop
  endfacet
  facet normal 3.826834e-01 9.238795e-01 -0.000000e+00
    outer loop
      vertex   5.642545e+00 1.073399e+02 -2.000000e+02
      vertex   4.858707e+00 1.076645e+02 -1.985000e+02
      vertex   5.642545e+00 1.073399e+02 -1.985000e+02
    endloop
  endfacet
  facet normal 1.305262e-01 9.914449e-01 -0.000000e+00
    outer loop
      vertex   5.642545e+00 1.073399e+02 -2.000000e+02
      vertex   5.642545e+00 1.073399e+02 -1.985000e+02
      vertex   6.483707e+00 1.072291e+02 -2.000000e+02
    endloop
  endfacet
  facet normal 1.305262e-01 9.914449e-01 -0.000000e+00
    outer loop
      vertex   6.483707e+00 1.072291e+02 -2.000000e+02
      vertex   5.642545e+00 1.073399e+02 -1.985000e+02
      vertex   6.483707e+00 1.072291e+02 -1.985000e+02
    endloop
  endfacet
  facet normal -1.305262e-01 9.914449e-01 0.000000e+00
    outer loop
      vertex   6.483707e+00 1.072291e+02 -2.000000e+02
      vertex   6.483707e+00 1.072291e+02 -1.985000e+02
      vertex   7.324869e+00 1.073399e+02 -2.000000e+02
    endloop
  endfacet
  facet normal -1.305262e-01 9.914449e-01 0.000000e+00
    outer loop
      vertex   7.324869e+00 1.073399e+02 -2.000000e+02
      vertex   6.483707e+00 1.072291e+02 -1.985000e+02
      vertex   7.324869e+00 1.073399e+02 -1.985000e+02
    endloop
  endfacet
  facet normal -3.826834e-01 9.238795e-01 0.000000e+00
    outer loop
      vertex   7.324869e+00 1.073399e+02 -2.000000e+02
      vertex   7.324869e+00 1.073399e+02 -1.985000e+02
      vertex   8.108707e+00 1.076645e+02 -2.000000e+02
    endloop
  endfacet
  facet normal -3.826834e-01 9.238795e-01 0.000000e+00
    outer loop
      vertex   8.108707e+00 1.076645e+02 -2.000000e+02
      vertex   7.324869e+00 1.073399e+02 -1.985000e+02
      vertex   8.108707e+00 1.076645e+02 -1.985000e+02
    endloop
  endfacet
  facet normal -6.087614e-01 7.933533e-01 0.000000e+00
    outer loop
      vertex   8.108707e+00 1.076645e+02 -2.000000e+02
      vertex   8.108707e+00 1.076645e+02 -1.985000e+02
      vertex   8.781804e+00 1.081810e+02 -2.000000e+02
    endloop
  endfacet
  facet normal -6.087614e-01 7.933533e-01 0.000000e+00
    outer loop
      vertex   8.781804e+00 1.081810e+02 -2.000000e+02
      vertex   8.108707e+00 1.076645e+02 -1.985000e+02
      vertex   8.781804e+00 1.081810e+02 -1.985000e+02
    endloop
  endfacet
  facet normal -7.933533e-01 6.087614e-01 0.000000e+00
    outer loop
      vertex   8.781804e+00 1.081810e+02 -2.000000e+02
      vertex   8.781804e+00 1.081810e+02 -1.985000e+02
      vertex   9.298290e+00 1.088541e+02 -2.000000e+02
    endloop
  endfacet
  facet normal -7.933533e-01 6.087614e-01 0.000000e+00
    outer loop
      vertex   9.298290e+00 1.088541e+02 -2.000000e+02
      vertex   8.781804e+00 1.081810e+02 -1.985000e+02
      vertex   9.298290e+00 1.088541e+02 -1.985000e+02
    endloop
  endfacet
  facet normal -9.238795e-01 3.826834e-01 0.000000e+00
    outer loop
      vertex   9.298290e+00 1.088541e+02 -2.000000e+02
      vertex   9.298290e+00 1.088541e+02 -1.985000e+02
      vertex   9.622966e+00 1.096380e+02 -2.000000e+02
    endloop
  endfacet
  facet normal -9.238795e-01 3.826834e-01 0.000000e+00
    outer loop
      vertex   9.622966e+00 1.096380e+02 -2.000000e+02
      vertex   9.298290e+00 1.088541e+02 -1.985000e+02
      vertex   9.622966e+00 1.096380e+02 -1.985000e+02
    endloop
  endfacet
  facet normal -9.914449e-01 1.305262e-01 0.000000e+00
    outer loop
      vertex   9.622966e+00 1.096380e+02 -2.000000e+02
      vertex   9.622966e+00 1.096380e+02 -1.985000e+02
      vertex   9.733707e+00 1.104791e+02 -2.000000e+02
    endloop
  endfacet
  facet normal -9.914449e-01 1.305262e-01 0.000000e+00
    outer loop
      vertex   9.733707e+00 1.104791e+02 -2.000000e+02
      vertex   9.622966e+00 1.096380e+02 -1.985000e+02
      vertex   9.733707e+00 1.104791e+02 -1.985000e+02
    endloop
  endfacet
  facet normal -9.914449e-01 -1.305262e-01 0.000000e+00
    outer loop
      vertex   9.733707e+00 1.104791e+02 -2.000000e+02
      vertex   9.733707e+00 1.104791e+02 -1.985000e+02
      vertex   9.622966e+00 1.113203e+02 -2.000000e+02
    endloop
  endfacet
  facet normal -9.914449e-01 -1.305262e-01 0.000000e+00
    outer loop
      vertex   9.622966e+00 1.113203e+02 -2.000000e+02
      vertex   9.733707e+00 1.104791e+02 -1.985000e+02
      vertex   9.622966e+00 1.113203e+02 -1.985000e+02
    endloop
  endfacet
  facet normal -9.238795e-01 -3.826834e-01 0.000000e+00
    outer loop
      vertex   9.622966e+00 1.113203e+02 -2.000000e+02
      vertex   9.622966e+00 1.113203e+02 -1.985000e+02
      vertex   9.298290e+00 1.121041e+02 -2.000000e+02
    endloop
  endfacet
  facet normal -9.238795e-01 -3.826834e-01 0.000000e+00
    outer loop
      vertex   9.298290e+00 1.121041e+02 -2.000000e+02
      vertex   9.622966e+00 1.113203e+02 -1.985000e+02
      vertex   9.298290e+00 1.121041e+02 -1.985000e+02
    endloop
  endfacet
  facet normal -7.933533e-01 -6.087614e-01 0.000000e+00
    outer loop
      vertex   9.298290e+00 1.121041e+02 -2.000000e+02
      vertex   9.298290e+00 1.121041e+02 -1.985000e+02
      vertex   8.781804e+00 1.127772e+02 -2.000000e+02
    endloop
  endfacet
  facet normal -7.933533e-01 -6.087614e-01 0.000000e+00
    outer loop
      vertex   8.781804e+00 1.127772e+02 -2.000000e+02
      vertex   9.298290e+00 1.121041e+02 -1.985000e+02
      vertex   8.781804e+00 1.127772e+02 -1.985000e+02
    endloop
  endfacet
  facet normal -6.087614e-01 -7.933533e-01 0.000000e+00
    outer loop
      vertex   8.781804e+00 1.127772e+02 -2.000000e+02
      vertex   8.781804e+00 1.127772e+02 -1.985000e+02
      vertex   8.108707e+00 1.132937e+02 -2.000000e+02
    endloop
  endfacet
  facet normal -6.087614e-01 -7.933533e-01 0.000000e+00
    outer loop
      vertex   8.108707e+00 1.132937e+02 -2.000000e+02
      vertex   8.781804e+00 1.127772e+02 -1.985000e+02
      vertex   8.108707e+00 1.132937e+02 -1.985000e+02
    endloop
  endfacet
  facet normal -3.826834e-01 -9.238795e-01 0.000000e+00
    outer loop
      vertex   8.108707e+00 1.132937e+02 -2.000000e+02
      vertex   8.108707e+00 1.132937e+02 -1.985000e+02
      vertex   7.324869e+00 1.136184e+02 -2.000000e+02
    endloop
  endfacet
  facet normal -3.826834e-01 -9.238795e-01 0.000000e+00
    outer loop
      vertex   7.324869e+00 1.136184e+02 -2.000000e+02
      vertex   8.108707e+00 1.132937e+02 -1.985000e+02
      vertex   7.324869e+00 1.136184e+02 -1.985000e+02
    endloop
  endfacet
  facet normal -1.305262e-01 -9.914449e-01 0.000000e+00
    outer loop
      vertex   7.324869e+00 1.136184e+02 -2.000000e+02
      vertex   7.324869e+00 1.136184e+02 -1.985000e+02
      vertex   6.483707e+00 1.137291e+02 -2.000000e+02
    endloop
  endfacet
  facet normal -1.305262e-01 -9.914449e-01 0.000000e+00
    outer loop
      vertex   6.483707e+00 1.137291e+02 -2.000000e+02
      vertex   7.324869e+00 1.136184e+02 -1.985000e+02
      vertex   6.483707e+00 1.137291e+02 -1.985000e+02
    endloop
  endfacet
  facet normal 1.305262e-01 -9.914449e-01 0.000000e+00
    outer loop
      vertex   6.483707e+00 1.137291e+02 -2.000000e+02
      vertex   6.483707e+00 1.137291e+02 -1.985000e+02
      vertex   5.642545e+00 1.136184e+02 -2.000000e+02
    endloop
  endfacet
  facet normal 1.305262e-01 -9.914449e-01 0.000000e+00
    outer loop
      vertex   5.642545e+00 1.136184e+02 -2.000000e+02
      vertex   6.483707e+00 1.137291e+02 -1.985000e+02
      vertex   5.642545e+00 1.136184e+02 -1.985000e+02
    endloop
  endfacet
  facet normal 3.826834e-01 -9.238795e-01 0.000000e+00
    outer loop
      vertex   5.642545e+00 1.136184e+02 -2.000000e+02
      vertex   5.642545e+00 1.136184e+02 -1.985000e+02
      vertex   4.858707e+00 1.132937e+02 -2.000000e+02
    endloop
  endfacet
  facet normal 3.826834e-01 -9.238795e-01 0.000000e+00
    outer loop
      vertex   4.858707e+00 1.132937e+02 -2.000000e+02
      vertex   5.642545e+00 1.136184e+02 -1.985000e+02
      vertex   4.858707e+00 1.132937e+02 -1.985000e+02
    endloop
  endfacet
  facet normal 6.087614e-01 -7.933533e-01 0.000000e+00
    outer loop
      vertex   4.858707e+00 1.132937e+02 -2.000000e+02
      vertex   4.858707e+00 1.132937e+02 -1.985000e+02
      vertex   4.185610e+00 1.127772e+02 -2.000000e+02
    endloop
  endfacet
  facet normal 6.087614e-01 -7.933533e-01 0.000000e+00
    outer loop
      vertex   4.185610e+00 1.127772e+02 -2.000000e+02
      vertex   4.858707e+00 1.132937e+02 -1.985000e+02
      vertex   4.185610e+00 1.127772e+02 -1.985000e+02
    endloop
  endfacet
  facet normal 7.933533e-01 -6.087614e-01 0.000000e+00
    outer loop
      vertex   4.185610e+00 1.127772e+02 -2.000000e+02
      vertex   4.185610e+00 1.127772e+02 -1.985000e+02
      vertex   3.669125e+00 1.121041e+02 -2.000000e+02
    endloop
  endfacet
  facet normal 7.933533e-01 -6.087614e-01 0.000000e+00
    outer loop
      vertex   3.669125e+00 1.121041e+02 -2.000000e+02
      vertex   4.185610e+00 1.127772e+02 -1.985000e+02
      vertex   3.669125e+00 1.121041e+02 -1.985000e+02
    endloop
  endfacet
  facet normal 9.238795e-01 -3.826834e-01 0.000000e+00
    outer loop
      vertex   3.669125e+00 1.121041e+02 -2.000000e+02
      vertex   3.669125e+00 1.121041e+02 -1.985000e+02
      vertex   3.344448e+00 1.113203e+02 -2.000000e+02
    endloop
  endfacet
  facet normal 9.238795e-01 -3.826834e-01 0.000000e+00
    outer loop
      vertex   3.344448e+00 1.113203e+02 -2.000000e+02
      vertex   3.669125e+00 1.121041e+02 -1.985000e+02
      vertex   3.344448e+00 1.113203e+02 -1.985000e+02
    endloop
  endfacet
  facet normal 0.000000e+00 -0.000000e+00 -1.000000e+00
    outer loop
      vertex   3.344448e+00 1.113203e+02 -1.985000e+02
      vertex   9.622966e+00 1.113203e+02 -1.985000e+02
      vertex   3.233707e+00 1.104791e+02 -1.985000e+02
    endloop
  endfacet
  facet normal 0.000000e+00 0.000000e+00 -1.000000e+00
    outer loop
      vertex   3.233707e+00 1.104791e+02 -1.985000e+02
      vertex   9.622966e+00 1.113203e+02 -1.985000e+02
      vertex   9.733707e+00 1.104791e+02 -1.985000e+02
    endloop
  endfacet
  facet normal 0.000000e+00 0.000000e+00 -1.000000e+00
    outer loop
      vertex   3.233707e+00 1.104791e+02 -1.985000e+02
      vertex   9.733707e+00 1.104791e+02 -1.985000e+02
      vertex   3.344448e+00 1.096380e+02 -1.985000e+02
    endloop
  endfacet
  facet normal 0.000000e+00 0.000000e+00 -1.000000e+00
    outer loop
      vertex   3.344448e+00 1.096380e+02 -1.985000e+02
      vertex   9.733707e+00 1.104791e+02 -1.985000e+02
      vertex   9.622966e+00 1.096380e+02 -1.985000e+02
    endloop
  endfacet
  facet normal 0.000000e+00 0.000000e+00 -1.000000e+00
    outer loop
      vertex   3.344448e+00 1.096380e+02 -1.985000e+02
      vertex   9.622966e+00 1.096380e+02 -1.985000e+02
      vertex   3.669125e+00 1.088541e+02 -1.985000e+02
    endloop
  endfacet
  facet normal 0.000000e+00 0.000000e+00 -1.000000e+00
    outer loop
      vertex   3.669125e+00 1.088541e+02 -1.985000e+02
      vertex   9.622966e+00 1.096380e+02 -1.985000e+02
      vertex   9.298290e+00 1.088541e+02 -1.985000e+02
    endloop
  endfacet
  facet normal 0.000000e+00 0.000000e+00 -1.000000e+00
    outer loop
      vertex   3.669125e+00 1.088541e+02 -1.985000e+02
      vertex   9.298290e+00 1.088541e+02 -1.985000e+02
      vertex   4.185610e+00 1.081810e+02 -1.985000e+02
    endloop
  endfacet
  facet normal 0.000000e+00 0.000000e+00 -1.000000e+00
    outer loop
      vertex   4.185610e+00 1.081810e+02 -1.985000e+02
      vertex   9.298290e+00 1.088541e+02 -1.985000e+02
      vertex   8.781804e+00 1.081810e+02 -1.985000e+02
    endloop
  endfacet
  facet normal 0.000000e+00 0.000000e+00 -1.000000e+00
    outer loop
      vertex   4.185610e+00 1.081810e+02 -1.985000e+02
      vertex   8.781804e+00 1.081810e+02 -1.985000e+02
      vertex   4.858707e+00 1.076645e+02 -1.985000e+02
    endloop
  endfacet
  facet normal 0.000000e+00 0.000000e+00 -1.000000e+00
    outer loop
      vertex   4.858707e+00 1.076645e+02 -1.985000e+02
      vertex   8.781804e+00 1.081810e+02 -1.985000e+02
      vertex   8.108707e+00 1.076645e+02 -1.985000e+02
    endloop
  endfacet
  facet normal 0.000000e+00 0.000000e+00 -1.000000e+00
    outer loop
      vertex   4.858707e+00 1.076645e+02 -1.985000e+02
      vertex   8.108707e+00 1.076645e+02 -1.985000e+02
      vertex   5.642545e+00 1.073399e+02 -1.985000e+02
    endloop
  endfacet
  facet normal 0.000000e+00 0.000000e+00 -1.000000e+00
    outer loop
      vertex   5.642545e+00 1.073399e+02 -1.985000e+02
      vertex   8.108707e+00 1.076645e+02 -1.985000e+02
      vertex   7.324869e+00 1.073399e+02 -1.985000e+02
    endloop
  endfacet
  facet normal 0.000000e+00 0.000000e+00 -1.000000e+00
    outer loop
      vertex   5.642545e+00 1.073399e+02 -1.985000e+02
      vertex   7.324869e+00 1.073399e+02 -1.985000e+02
      vertex   6.483707e+00 1.072291e+02 -1.985000e+02
    endloop
  endfacet
  facet normal 0.000000e+00 0.000000e+00 -1.000000e+00
    outer loop
      vertex   9.622966e+00 1.113203e+02 -1.985000e+02
      vertex   3.344448e+00 1.113203e+02 -1.985000e+02
      vertex   9.298290e+00 1.121041e+02 -1.985000e+02
    endloop
  endfacet
  facet normal -0.000000e+00 0.000000e+00 -1.000000e+00
    outer loop
      vertex   9.298290e+00 1.121041e+02 -1.985000e+02
      vertex   3.344448e+00 1.113203e+02 -1.985000e+02
      vertex   3.669125e+00 1.121041e+02 -1.985000e+02
    endloop
  endfacet
  facet normal 0.000000e+00 0.000000e+00 -1.000000e+00
    outer loop
      vertex   9.298290e+00 1.121041e+02 -1.985000e+02
      vertex   3.669125e+00 1.121041e+02 -1.985000e+02
      vertex   8.781804e+00 1.127772e+02 -1.985000e+02
    endloop
  endfacet
  facet normal -0.000000e+00 0.000000e+00 -1.000000e+00
    outer loop
      vertex   8.781804e+00 1.127772e+02 -1.985000e+02
      vertex   3.669125e+00 1.121041e+02 -1.985000e+02
      vertex   4.185610e+00 1.127772e+02 -1.985000e+02
    endloop
  endfacet
  facet normal 0.000000e+00 0.000000e+00 -1.000000e+00
    outer loop
      vertex   8.781804e+00 1.127772e+02 -1.985000e+02
      vertex   4.185610e+00 1.127772e+02 -1.985000e+02
      vertex   8.108707e+00 1.132937e+02 -1.985000e+02
    endloop
  endfacet
  facet normal -0.000000e+00 0.000000e+00 -1.000000e+00
    outer loop
      vertex   8.108707e+00 1.132937e+02 -1.985000e+02
      vertex   4.185610e+00 1.127772e+02 -1.985000e+02
      vertex   4.858707e+00 1.132937e+02 -1.985000e+02
    endloop
  endfacet
  facet normal 0.000000e+00 0.000000e+00 -1.000000e+00
    outer loop
      vertex   8.108707e+00 1.132937e+02 -1.985000e+02
      vertex   4.858707e+00 1.132937e+02 -1.985000e+02
      vertex   7.324869e+00 1.136184e+02 -1.985000e+02
    endloop
  endfacet
  facet normal -0.000000e+00 0.000000e+00 -1.000000e+00
    outer loop
      vertex   7.324869e+00 1.136184e+02 -1.985000e+02
      vertex   4.858707e+00 1.132937e+02 -1.985000e+02
      vertex   5.642545e+00 1.136184e+02 -1.985000e+02
    endloop
  endfacet
  facet normal 0.000000e+00 0.000000e+00 -1.000000e+00
    outer loop
      vertex   7.324869e+00 1.136184e+02 -1.985000e+02
      vertex   5.642545e+00 1.136184e+02 -1.985000e+02
      vertex   6.483707e+00 1.137291e+02 -1.985000e+02
    endloop
  endfacet
  facet normal 9.914449e-01 -1.305262e-01 0.000000e+00
    outer loop
      vertex   3.344448e+00 1.283428e+02 -2.000000e+02
      vertex   3.344448e+00 1.283428e+02 -1.985000e+02
      vertex   3.233707e+00 1.275016e+02 -2.000000e+02
    endloop
  endfacet
  facet normal 9.914449e-01 -1.305262e-01 0.000000e+00
    outer loop
      vertex   3.233707e+00 1.275016e+02 -2.000000e+02
      vertex   3.344448e+00 1.283428e+02 -1.985000e+02
      vertex   3.233707e+00 1.275016e+02 -1.985000e+02
    endloop
  endfacet
  facet normal 9.914449e-01 1.305262e-01 -0.000000e+00
    outer loop
      vertex   3.233707e+00 1.275016e+02 -2.000000e+02
      vertex   3.233707e+00 1.275016e+02 -1.985000e+02
      vertex   3.344448e+00 1.266605e+02 -2.000000e+02
    endloop
  endfacet
  facet normal 9.914449e-01 1.305262e-01 -0.000000e+00
    outer loop
      vertex   3.344448e+00 1.266605e+02 -2.000000e+02
      vertex   3.233707e+00 1.275016e+02 -1.985000e+02
      vertex   3.344448e+00 1.266605e+02 -1.985000e+02
    endloop
  endfacet
  facet normal 9.238795e-01 3.826834e-01 -0.000000e+00
    outer loop
      vertex   3.344448e+00 1.266605e+02 -2.000000e+02
      vertex   3.344448e+00 1.266605e+02 -1.985000e+02
      vertex   3.669125e+00 1.258766e+02 -2.000000e+02
    endloop
  endfacet
  facet normal 9.238795e-01 3.826834e-01 -0.000000e+00
    outer loop
      vertex   3.669125e+00 1.258766e+02 -2.000000e+02
      vertex   3.344448e+00 1.266605e+02 -1.985000e+02
      vertex   3.669125e+00 1.258766e+02 -1.985000e+02
    endloop
  endfacet
  facet normal 7.933533e-01 6.087614e-01 -0.000000e+00
    outer loop
      vertex   3.669125e+00 1.258766e+02 -2.000000e+02
      vertex   3.669125e+00 1.258766e+02 -1.985000e+02
      vertex   4.185610e+00 1.252035e+02 -2.000000e+02
    endloop
  endfacet
  facet normal 7.933533e-01 6.087614e-01 -0.000000e+00
    outer loop
      vertex   4.185610e+00 1.252035e+02 -2.000000e+02
      vertex   3.669125e+00 1.258766e+02 -1.985000e+02
      vertex   4.185610e+00 1.252035e+02 -1.985000e+02
    endloop
  endfacet
  facet normal 6.087614e-01 7.933533e-01 -0.000000e+00
    outer loop
      vertex   4.185610e+00 1.252035e+02 -2.000000e+02
      vertex   4.185610e+00 1.252035e+02 -1.985000e+02
      vertex   4.858707e+00 1.246870e+02 -2.000000e+02
    endloop
  endfacet
  facet normal 6.087614e-01 7.933533e-01 -0.000000e+00
    outer loop
      vertex   4.858707e+00 1.246870e+02 -2.000000e+02
      vertex   4.185610e+00 1.252035e+02 -1.985000e+02
      vertex   4.858707e+00 1.246870e+02 -1.985000e+02
    endloop
  endfacet
  facet normal 3.826834e-01 9.238795e-01 -0.000000e+00
    outer loop
      vertex   4.858707e+00 1.246870e+02 -2.000000e+02
      vertex   4.858707e+00 1.246870e+02 -1.985000e+02
      vertex   5.642545e+00 1.243624e+02 -2.000000e+02
    endloop
  endfacet
  facet normal 3.826834e-01 9.238795e-01 -0.000000e+00
    outer loop
      vertex   5.642545e+00 1.243624e+02 -2.000000e+02
      vertex   4.858707e+00 1.246870e+02 -1.985000e+02
      vertex   5.642545e+00 1.243624e+02 -1.985000e+02
    endloop
  endfacet
  facet normal 1.305262e-01 9.914449e-01 -0.000000e+00
    outer loop
      vertex   5.642545e+00 1.243624e+02 -2.000000e+02
      vertex   5.642545e+00 1.243624e+02 -1.985000e+02
      vertex   6.483707e+00 1.242516e+02 -2.000000e+02
    endloop
  endfacet
  facet normal 1.305262e-01 9.914449e-01 -0.000000e+00
    outer loop
      vertex   6.483707e+00 1.242516e+02 -2.000000e+02
      vertex   5.642545e+00 1.243624e+02 -1.985000e+02
      vertex   6.483707e+00 1.242516e+02 -1.985000e+02
    endloop
  endfacet
  facet normal -1.305262e-01 9.914449e-01 0.000000e+00
    outer loop
      vertex   6.483707e+00 1.242516e+02 -2.000000e+02
      vertex   6.483707e+00 1.242516e+02 -1.985000e+02
      vertex   7.324869e+00 1.243624e+02 -2.000000e+02
    endloop
  endfacet
  facet normal -1.305262e-01 9.914449e-01 0.000000e+00
    outer loop
      vertex   7.324869e+00 1.243624e+02 -2.000000e+02
      vertex   6.483707e+00 1.242516e+02 -1.985000e+02
      vertex   7.324869e+00 1.243624e+02 -1.985000e+02
    endloop
  endfacet
  facet normal -3.826834e-01 9.238795e-01 0.000000e+00
    outer loop
      vertex   7.324869e+00 1.243624e+02 -2.000000e+02
      vertex   7.324869e+00 1.243624e+02 -1.985000e+02
      vertex   8.108707e+00 1.246870e+02 -2.000000e+02
    endloop
  endfacet
  facet normal -3.826834e-01 9.238795e-01 0.000000e+00
    outer loop
      vertex   8.108707e+00 1.246870e+02 -2.000000e+02
      vertex   7.324869e+00 1.243624e+02 -1.985000e+02
      vertex   8.108707e+00 1.246870e+02 -1.985000e+02
    endloop
  endfacet
  facet normal -6.087614e-01 7.933533e-01 0.000000e+00
    outer loop
      vertex   8.108707e+00 1.246870e+02 -2.000000e+02
      vertex   8.108707e+00 1.246870e+02 -1.985000e+02
      vertex   8.781804e+00 1.252035e+02 -2.000000e+02
    endloop
  endfacet
  facet normal -6.087614e-01 7.933533e-01 0.000000e+00
    outer loop
      vertex   8.781804e+00 1.252035e+02 -2.000000e+02
      vertex   8.108707e+00 1.246870e+02 -1.985000e+02
      vertex   8.781804e+00 1.252035e+02 -1.985000e+02
    endloop
  endfacet
  facet normal -7.933533e-01 6.087614e-01 0.000000e+00
    outer loop
      vertex   8.781804e+00 1.252035e+02 -2.000000e+02
      vertex   8.781804e+00 1.252035e+02 -1.985000e+02
      vertex   9.298290e+00 1.258766e+02 -2.000000e+02
    endloop
  endfacet
  facet normal -7.933533e-01 6.087614e-01 0.000000e+00
    outer loop
      vertex   9.298290e+00 1.258766e+02 -2.000000e+02
      vertex   8.781804e+00 1.252035e+02 -1.985000e+02
      vertex   9.298290e+00 1.258766e+02 -1.985000e+02
    endloop
  endfacet
  facet normal -9.238795e-01 3.826834e-01 0.000000e+00
    outer loop
      vertex   9.298290e+00 1.258766e+02 -2.000000e+02
      vertex   9.298290e+00 1.258766e+02 -1.985000e+02
      vertex   9.622966e+00 1.266605e+02 -2.000000e+02
    endloop
  endfacet
  facet normal -9.238795e-01 3.826834e-01 0.000000e+00
    outer loop
      vertex   9.622966e+00 1.266605e+02 -2.000000e+02
      vertex   9.298290e+00 1.258766e+02 -1.985000e+02
      vertex   9.622966e+00 1.266605e+02 -1.985000e+02
    endloop
  endfacet
  facet normal -9.914449e-01 1.305262e-01 0.000000e+00
    outer loop
      vertex   9.622966e+00 1.266605e+02 -2.000000e+02
      vertex   9.622966e+00 1.266605e+02 -1.985000e+02
      vertex   9.733707e+00 1.275016e+02 -2.000000e+02
    endloop
  endfacet
  facet normal -9.914449e-01 1.305262e-01 0.000000e+00
    outer loop
      vertex   9.733707e+00 1.275016e+02 -2.000000e+02
      vertex   9.622966e+00 1.266605e+02 -1.985000e+02
      vertex   9.733707e+00 1.275016e+02 -1.985000e+02
    endloop
  endfacet
  facet normal -9.914449e-01 -1.305262e-01 0.000000e+00
    outer loop
      vertex   9.733707e+00 1.275016e+02 -2.000000e+02
      vertex   9.733707e+00 1.275016e+02 -1.985000e+02
      vertex   9.622966e+00 1.283428e+02 -2.000000e+02
    endloop
  endfacet
  facet normal -9.914449e-01 -1.305262e-01 0.000000e+00
    outer loop
      vertex   9.622966e+00 1.283428e+02 -2.000000e+02
      vertex   9.733707e+00 1.275016e+02 -1.985000e+02
      vertex   9.622966e+00 1.283428e+02 -1.985000e+02
    endloop
  endfacet
  facet normal -9.238795e-01 -3.826834e-01 0.000000e+00
    outer loop
      vertex   9.622966e+00 1.283428e+02 -2.000000e+02
      vertex   9.622966e+00 1.283428e+02 -1.985000e+02
      vertex   9.298290e+00 1.291266e+02 -2.000000e+02
    endloop
  endfacet
  facet normal -9.238795e-01 -3.826834e-01 0.000000e+00
    outer loop
      vertex   9.298290e+00 1.291266e+02 -2.000000e+02
      vertex   9.622966e+00 1.283428e+02 -1.985000e+02
      vertex   9.298290e+00 1.291266e+02 -1.985000e+02
    endloop
  endfacet
  facet normal -7.933533e-01 -6.087614e-01 0.000000e+00
    outer loop
      vertex   9.298290e+00 1.291266e+02 -2.000000e+02
      vertex   9.298290e+00 1.291266e+02 -1.985000e+02
      vertex   8.781804e+00 1.297997e+02 -2.000000e+02
    endloop
  endfacet
  facet normal -7.933533e-01 -6.087614e-01 0.000000e+00
    outer loop
      vertex   8.781804e+00 1.297997e+02 -2.000000e+02
      vertex   9.298290e+00 1.291266e+02 -1.985000e+02
      vertex   8.781804e+00 1.297997e+02 -1.985000e+02
    endloop
  endfacet
  facet normal -6.087614e-01 -7.933533e-01 0.000000e+00
    outer loop
      vertex   8.781804e+00 1.297997e+02 -2.000000e+02
      vertex   8.781804e+00 1.297997e+02 -1.985000e+02
      vertex   8.108707e+00 1.303162e+02 -2.000000e+02
    endloop
  endfacet
  facet normal -6.087614e-01 -7.933533e-01 0.000000e+00
    outer loop
      vertex   8.108707e+00 1.303162e+02 -2.000000e+02
      vertex   8.781804e+00 1.297997e+02 -1.985000e+02
      vertex   8.108707e+00 1.303162e+02 -1.985000e+02
    endloop
  endfacet
  facet normal -3.826834e-01 -9.238795e-01 0.000000e+00
    outer loop
      vertex   8.108707e+00 1.303162e+02 -2.000000e+02
      vertex   8.108707e+00 1.303162e+02 -1.985000e+02
      vertex   7.324869e+00 1.306409e+02 -2.000000e+02
    endloop
  endfacet
  facet normal -3.826834e-01 -9.238795e-01 0.000000e+00
    outer loop
      vertex   7.324869e+00 1.306409e+02 -2.000000e+02
      vertex   8.108707e+00 1.303162e+02 -1.985000e+02
      vertex   7.324869e+00 1.306409e+02 -1.985000e+02
    endloop
  endfacet
  facet normal -1.305262e-01 -9.914449e-01 0.000000e+00
    outer loop
      vertex   7.324869e+00 1.306409e+02 -2.000000e+02
      vertex   7.324869e+00 1.306409e+02 -1.985000e+02
      vertex   6.483707e+00 1.307516e+02 -2.000000e+02
    endloop
  endfacet
  facet normal -1.305262e-01 -9.914449e-01 0.000000e+00
    outer loop
      vertex   6.483707e+00 1.307516e+02 -2.000000e+02
      vertex   7.324869e+00 1.306409e+02 -1.985000e+02
      vertex   6.483707e+00 1.307516e+02 -1.985000e+02
    endloop
  endfacet
  facet normal 1.305262e-01 -9.914449e-01 0.000000e+00
    outer loop
      vertex   6.483707e+00 1.307516e+02 -2.000000e+02
      vertex   6.483707e+00 1.307516e+02 -1.985000e+02
      vertex   5.642545e+00 1.306409e+02 -2.000000e+02
    endloop
  endfacet
  facet normal 1.305262e-01 -9.914449e-01 0.000000e+00
    outer loop
      vertex   5.642545e+00 1.306409e+02 -2.000000e+02
      vertex   6.483707e+00 1.307516e+02 -1.985000e+02
      vertex   5.642545e+00 1.306409e+02 -1.985000e+02
    endloop
  endfacet
  facet normal 3.826834e-01 -9.238795e-01 0.000000e+00
    outer loop
      vertex   5.642545e+00 1.306409e+02 -2.000000e+02
      vertex   5.642545e+00 1.306409e+02 -1.985000e+02
      vertex   4.858707e+00 1.303162e+02 -2.000000e+02
    endloop
  endfacet
  facet normal 3.826834e-01 -9.238795e-01 0.000000e+00
    outer loop
      vertex   4.858707e+00 1.303162e+02 -2.000000e+02
      vertex   5.642545e+00 1.306409e+02 -1.985000e+02
      vertex   4.858707e+00 1.303162e+02 -1.985000e+02
    endloop
  endfacet
  facet normal 6.087614e-01 -7.933533e-01 0.000000e+00
    outer loop
      vertex   4.858707e+00 1.303162e+02 -2.000000e+02
      vertex   4.858707e+00 1.303162e+02 -1.985000e+02
      vertex   4.185610e+00 1.297997e+02 -2.000000e+02
    endloop
  endfacet
  facet normal 6.087614e-01 -7.933533e-01 0.000000e+00
    outer loop
      vertex   4.185610e+00 1.297997e+02 -2.000000e+02
      vertex   4.858707e+00 1.303162e+02 -1.985000e+02
      vertex   4.185610e+00 1.297997e+02 -1.985000e+02
    endloop
  endfacet
  facet normal 7.933533e-01 -6.087614e-01 0.000000e+00
    outer loop
      vertex   4.185610e+00 1.297997e+02 -2.000000e+02
      vertex   4.185610e+00 1.297997e+02 -1.985000e+02
      vertex   3.669125e+00 1.291266e+02 -2.000000e+02
    endloop
  endfacet
  facet normal 7.933533e-01 -6.087614e-01 0.000000e+00
    outer loop
      vertex   3.669125e+00 1.291266e+02 -2.000000e+02
      vertex   4.185610e+00 1.297997e+02 -1.985000e+02
      vertex   3.669125e+00 1.291266e+02 -1.985000e+02
    endloop
  endfacet
  facet normal 9.238795e-01 -3.826834e-01 0.000000e+00
    outer loop
      vertex   3.669125e+00 1.291266e+02 -2.000000e+02
      vertex   3.669125e+00 1.291266e+02 -1.985000e+02
      vertex   3.344448e+00 1.283428e+02 -2.000000e+02
    endloop
  endfacet
  facet normal 9.238795e-01 -3.826834e-01 0.000000e+00
    outer loop
      vertex   3.344448e+00 1.283428e+02 -2.000000e+02
      vertex   3.669125e+00 1.291266e+02 -1.985000e+02
      vertex   3.344448e+00 1.283428e+02 -1.985000e+02
    endloop
  endfacet
  facet normal 0.000000e+00 -0.000000e+00 -1.000000e+00
    outer loop
      vertex   3.344448e+00 1.283428e+02 -1.985000e+02
      vertex   9.622966e+00 1.283428e+02 -1.985000e+02
      vertex   3.233707e+00 1.275016e+02 -1.985000e+02
    endloop
  endfacet
  facet normal 0.000000e+00 0.000000e+00 -1.000000e+00
    outer loop
      vertex   3.233707e+00 1.275016e+02 -1.985000e+02
      vertex   9.622966e+00 1.283428e+02 -1.985000e+02
      vertex   9.733707e+00 1.275016e+02 -1.985000e+02
    endloop
  endfacet
  facet normal 0.000000e+00 0.000000e+00 -1.000000e+00
    outer loop
      vertex   3.233707e+00 1.275016e+02 -1.985000e+02
      vertex   9.733707e+00 1.275016e+02 -1.985000e+02
      vertex   3.344448e+00 1.266605e+02 -1.985000e+02
    endloop
  endfacet
  facet normal 0.000000e+00 0.000000e+00 -1.000000e+00
    outer loop
      vertex   3.344448e+00 1.266605e+02 -1.985000e+02
      vertex   9.733707e+00 1.275016e+02 -1.985000e+02
      vertex   9.622966e+00 1.266605e+02 -1.985000e+02
    endloop
  endfacet
  facet normal 0.000000e+00 0.000000e+00 -1.000000e+00
    outer loop
      vertex   3.344448e+00 1.266605e+02 -1.985000e+02
      vertex   9.622966e+00 1.266605e+02 -1.985000e+02
      vertex   3.669125e+00 1.258766e+02 -1.985000e+02
    endloop
  endfacet
  facet normal 0.000000e+00 0.000000e+00 -1.000000e+00
    outer loop
      vertex   3.669125e+00 1.258766e+02 -1.985000e+02
      vertex   9.622966e+00 1.266605e+02 -1.985000e+02
      vertex   9.298290e+00 1.258766e+02 -1.985000e+02
    endloop
  endfacet
  facet normal 0.000000e+00 0.000000e+00 -1.000000e+00
    outer loop
      vertex   3.669125e+00 1.258766e+02 -1.985000e+02
      vertex   9.298290e+00 1.258766e+02 -1.985000e+02
      vertex   4.185610e+00 1.252035e+02 -1.985000e+02
    endloop
  endfacet
  facet normal 0.000000e+00 0.000000e+00 -1.000000e+00
    outer loop
      vertex   4.185610e+00 1.252035e+02 -1.985000e+02
      vertex   9.298290e+00 1.258766e+02 -1.985000e+02
      vertex   8.781804e+00 1.252035e+02 -1.985000e+02
    endloop
  endfacet
  facet normal 0.000000e+00 0.000000e+00 -1.000000e+00
    outer loop
      vertex   4.185610e+00 1.252035e+02 -1.985000e+02
      vertex   8.781804e+00 1.252035e+02 -1.985000e+02
      vertex   4.858707e+00 1.246870e+02 -1.985000e+02
    endloop
  endfacet
  facet normal 0.000000e+00 0.000000e+00 -1.000000e+00
    outer loop
      vertex   4.858707e+00 1.246870e+02 -1.985000e+02
      vertex   8.781804e+00 1.252035e+02 -1.985000e+02
      vertex   8.108707e+00 1.246870e+02 -1.985000e+02
    endloop
  endfacet
  facet normal 0.000000e+00 0.000000e+00 -1.000000e+00
    outer loop
      vertex   4.858707e+00 1.246870e+02 -1.985000e+02
      vertex   8.108707e+00 1.246870e+02 -1.985000e+02
      vertex   5.642545e+00 1.243624e+02 -1.985000e+02
    endloop
  endfacet
  facet normal 0.000000e+00 0.000000e+00 -1.000000e+00
    outer loop
      vertex   5.642545e+00 1.243624e+02 -1.985000e+02
      vertex   8.108707e+00 1.246870e+02 -1.985000e+02
      vertex   7.324869e+00 1.243624e+02 -1.985000e+02
    endloop
  endfacet
  facet normal 0.000000e+00 0.000000e+00 -1.000000e+00
    outer loop
      vertex   5.642545e+00 1.243624e+02 -1.985000e+02
      vertex   7.324869e+00 1.243624e+02 -1.985000e+02
      vertex   6.483707e+00 1.242516e+02 -1.985000e+02
    endloop
  endfacet
  facet normal 0.000000e+00 0.000000e+00 -1.000000e+00
    outer loop
      vertex   9.622966e+00 1.283428e+02 -1.985000e+02
      vertex   3.344448e+00 1.283428e+02 -1.985000e+02
      vertex   9.298290e+00 1.291266e+02 -1.985000e+02
    endloop
  endfacet
  facet normal -0.000000e+00 0.000000e+00 -1.000000e+00
    outer loop
      vertex   9.298290e+00 1.291266e+02 -1.985000e+02
      vertex   3.344448e+00 1.283428e+02 -1.985000e+02
      vertex   3.669125e+00 1.291266e+02 -1.985000e+02
    endloop
  endfacet
  facet normal 0.000000e+00 0.000000e+00 -1.000000e+00
    outer loop
      vertex   9.298290e+00 1.291266e+02 -1.985000e+02
      vertex   3.669125e+00 1.291266e+02 -1.985000e+02
      vertex   8.781804e+00 1.297997e+02 -1.985000e+02
    endloop
  endfacet
  facet normal -0.000000e+00 0.000000e+00 -1.000000e+00
    outer loop
      vertex   8.781804e+00 1.297997e+02 -1.985000e+02
      vertex   3.669125e+00 1.291266e+02 -1.985000e+02
      vertex   4.185610e+00 1.297997e+02 -1.985000e+02
    endloop
  endfacet
  facet normal 0.000000e+00 0.000000e+00 -1.000000e+00
    outer loop
      vertex   8.781804e+00 1.297997e+02 -1.985000e+02
      vertex   4.185610e+00 1.297997e+02 -1.985000e+02
      vertex   8.108707e+00 1.303162e+02 -1.985000e+02
    endloop
  endfacet
  facet normal -0.000000e+00 0.000000e+00 -1.000000e+00
    outer loop
      vertex   8.108707e+00 1.303162e+02 -1.985000e+02
      vertex   4.185610e+00 1.297997e+02 -1.985000e+02
      vertex   4.858707e+00 1.303162e+02 -1.985000e+02
    endloop
  endfacet
  facet normal 0.000000e+00 0.000000e+00 -1.000000e+00
    outer loop
      vertex   8.108707e+00 1.303162e+02 -1.985000e+02
      vertex   4.858707e+00 1.303162e+02 -1.985000e+02
      vertex   7.324869e+00 1.306409e+02 -1.985000e+02
    endloop
  endfacet
  facet normal -0.000000e+00 0.000000e+00 -1.000000e+00
    outer loop
      vertex   7.324869e+00 1.306409e+02 -1.985000e+02
      vertex   4.858707e+00 1.303162e+02 -1.985000e+02
      vertex   5.642545e+00 1.306409e+02 -1.985000e+02
    endloop
  endfacet
  facet normal 0.000000e+00 0.000000e+00 -1.000000e+00
    outer loop
      vertex   7.324869e+00 1.306409e+02 -1.985000e+02
      vertex   5.642545e+00 1.306409e+02 -1.985000e+02
      vertex   6.483707e+00 1.307516e+02 -1.985000e+02
    endloop
  endfacet
  facet normal 9.914449e-01 -1.305262e-01 0.000000e+00
    outer loop
      vertex   3.344448e+00 1.453653e+02 -2.000000e+02
      vertex   3.344448e+00 1.453653e+02 -1.985000e+02
      vertex   3.233707e+00 1.445241e+02 -2.000000e+02
    endloop
  endfacet
  facet normal 9.914449e-01 -1.305262e-01 0.000000e+00
    outer loop
      vertex   3.233707e+00 1.445241e+02 -2.000000e+02
      vertex   3.344448e+00 1.453653e+02 -1.985000e+02
      vertex   3.233707e+00 1.445241e+02 -1.985000e+02
    endloop
  endfacet
  facet normal 9.914449e-01 1.305262e-01 -0.000000e+00
    outer loop
      vertex   3.233707e+00 1.445241e+02 -2.000000e+02
      vertex   3.233707e+00 1.445241e+02 -1.985000e+02
      vertex   3.344448e+00 1.436830e+02 -2.000000e+02
    endloop
  endfacet
  facet normal 9.914449e-01 1.305262e-01 -0.000000e+00
    outer loop
      vertex   3.344448e+00 1.436830e+02 -2.000000e+02
      vertex   3.233707e+00 1.445241e+02 -1.985000e+02
      vertex   3.344448e+00 1.436830e+02 -1.985000e+02
    endloop
  endfacet
  facet normal 9.238795e-01 3.826834e-01 -0.000000e+00
    outer loop
      vertex   3.344448e+00 1.436830e+02 -2.000000e+02
      vertex   3.344448e+00 1.436830e+02 -1.985000e+02
      vertex   3.669125e+00 1.428991e+02 -2.000000e+02
    endloop
  endfacet
  facet normal 9.238795e-01 3.826834e-01 -0.000000e+00
    outer loop
      vertex   3.669125e+00 1.428991e+02 -2.000000e+02
      vertex   3.344448e+00 1.436830e+02 -1.985000e+02
      vertex   3.669125e+00 1.428991e+02 -1.985000e+02
    endloop
  endfacet
  facet normal 7.933533e-01 6.087614e-01 -0.000000e+00
    outer loop
      vertex   3.669125e+00 1.428991e+02 -2.000000e+02
      vertex   3.669125e+00 1.428991e+02 -1.985000e+02
      vertex   4.185610e+00 1.422260e+02 -2.000000e+02
    endloop
  endfacet
  facet normal 7.933533e-01 6.087614e-01 -0.000000e+00
    outer loop
      vertex   4.185610e+00 1.422260e+02 -2.000000e+02
      vertex   3.669125e+00 1.428991e+02 -1.985000e+02
      vertex   4.185610e+00 1.422260e+02 -1.985000e+02
    endloop
  endfacet
  facet normal 6.087614e-01 7.933533e-01 -0.000000e+00
    outer loop
      vertex   4.185610e+00 1.422260e+02 -2.000000e+02
      vertex   4.185610e+00 1.422260e+02 -1.985000e+02
      vertex   4.858707e+00 1.417095e+02 -2.000000e+02
    endloop
  endfacet
  facet normal 6.087614e-01 7.933533e-01 -0.000000e+00
    outer loop
      vertex   4.858707e+00 1.417095e+02 -2.000000e+02
      vertex   4.185610e+00 1.422260e+02 -1.985000e+02
      vertex   4.858707e+00 1.417095e+02 -1.985000e+02
    endloop
  endfacet
  facet normal 3.826834e-01 9.238795e-01 -0.000000e+00
    outer loop
      vertex   4.858707e+00 1.417095e+02 -2.000000e+02
      vertex   4.858707e+00 1.417095e+02 -1.985000e+02
      vertex   5.642545e+00 1.413849e+02 -2.000000e+02
    endloop
  endfacet
  facet normal 3.826834e-01 9.238795e-01 -0.000000e+00
    outer loop
      vertex   5.642545e+00 1.413849e+02 -2.000000e+02
      vertex   4.858707e+00 1.417095e+02 -1.985000e+02
      vertex   5.642545e+00 1.413849e+02 -1.985000e+02
    endloop
  endfacet
  facet normal 1.305262e-01 9.914449e-01 -0.000000e+00
    outer loop
      vertex   5.642545e+00 1.413849e+02 -2.000000e+02
      vertex   5.642545e+00 1.413849e+02 -1.985000e+02
      vertex   6.483707e+00 1.412741e+02 -2.000000e+02
    endloop
  endfacet
  facet normal 1.305262e-01 9.914449e-01 -0.000000e+00
    outer loop
      vertex   6.483707e+00 1.412741e+02 -2.000000e+02
      vertex   5.642545e+00 1.413849e+02 -1.985000e+02
      vertex   6.483707e+00 1.412741e+02 -1.985000e+02
    endloop
  endfacet
  facet normal -1.305262e-01 9.914449e-01 0.000000e+00
    outer loop
      vertex   6.483707e+00 1.412741e+02 -2.000000e+02
      vertex   6.483707e+00 1.412741e+02 -1.985000e+02
      vertex   7.324869e+00 1.413849e+02 -2.000000e+02
    endloop
  endfacet
  facet normal -1.305262e-01 9.914449e-01 0.000000e+00
    outer loop
      vertex   7.324869e+00 1.413849e+02 -2.000000e+02
      vertex   6.483707e+00 1.412741e+02 -1.985000e+02
      vertex   7.324869e+00 1.413849e+02 -1.985000e+02
    endloop
  endfacet
  facet normal -3.826834e-01 9.238795e-01 0.000000e+00
    outer loop
      vertex   7.324869e+00 1.413849e+02 -2.000000e+02
      vertex   7.324869e+00 1.413849e+02 -1.985000e+02
      vertex   8.108707e+00 1.417095e+02 -2.000000e+02
    endloop
  endfacet
  facet normal -3.826834e-01 9.238795e-01 0.000000e+00
    outer loop
      vertex   8.108707e+00 1.417095e+02 -2.000000e+02
      vertex   7.324869e+00 1.413849e+02 -1.985000e+02
      vertex   8.108707e+00 1.417095e+02 -1.985000e+02
    endloop
  endfacet
  facet normal -6.087614e-01 7.933533e-01 0.000000e+00
    outer loop
      vertex   8.108707e+00 1.417095e+02 -2.000000e+02
      vertex   8.108707e+00 1.417095e+02 -1.985000e+02
      vertex   8.781804e+00 1.422260e+02 -2.000000e+02
    endloop
  endfacet
  facet normal -6.087614e-01 7.933533e-01 0.000000e+00
    outer loop
      vertex   8.781804e+00 1.422260e+02 -2.000000e+02
      vertex   8.108707e+00 1.417095e+02 -1.985000e+02
      vertex   8.781804e+00 1.422260e+02 -1.985000e+02
    endloop
  endfacet
  facet normal -7.933533e-01 6.087614e-01 0.000000e+00
    outer loop
      vertex   8.781804e+00 1.422260e+02 -2.000000e+02
      vertex   8.781804e+00 1.422260e+02 -1.985000e+02
      vertex   9.298290e+00 1.428991e+02 -2.000000e+02
    endloop
  endfacet
  facet normal -7.933533e-01 6.087614e-01 0.000000e+00
    outer loop
      vertex   9.298290e+00 1.428991e+02 -2.000000e+02
      vertex   8.781804e+00 1.422260e+02 -1.985000e+02
      vertex   9.298290e+00 1.428991e+02 -1.985000e+02
    endloop
  endfacet
  facet normal -9.238795e-01 3.826834e-01 0.000000e+00
    outer loop
      vertex   9.298290e+00 1.428991e+02 -2.000000e+02
      vertex   9.298290e+00 1.428991e+02 -1.985000e+02
      vertex   9.622966e+00 1.436830e+02 -2.000000e+02
    endloop
  endfacet
  facet normal -9.238795e-01 3.826834e-01 0.000000e+00
    outer loop
      vertex   9.622966e+00 1.436830e+02 -2.000000e+02
      vertex   9.298290e+00 1.428991e+02 -1.985000e+02
      vertex   9.622966e+00 1.436830e+02 -1.985000e+02
    endloop
  endfacet
  facet normal -9.914449e-01 1.305262e-01 0.000000e+00
    outer loop
      vertex   9.622966e+00 1.436830e+02 -2.000000e+02
      vertex   9.622966e+00 1.436830e+02 -1.985000e+02
      vertex   9.733707e+00 1.445241e+02 -2.000000e+02
    endloop
  endfacet
  facet normal -9.914449e-01 1.305262e-01 0.000000e+00
    outer loop
      vertex   9.733707e+00 1.445241e+02 -2.000000e+02
      vertex   9.622966e+00 1.436830e+02 -1.985000e+02
      vertex   9.733707e+00 1.445241e+02 -1.985000e+02
    endloop
  endfacet
  facet normal -9.914449e-01 -1.305262e-01 0.000000e+00
    outer loop
      vertex   9.733707e+00 1.445241e+02 -2.000000e+02
      vertex   9.733707e+00 1.445241e+02 -1.985000e+02
      vertex   9.622966e+00 1.453653e+02 -2.000000e+02
    endloop
  endfacet
  facet normal -9.914449e-01 -1.305262e-01 0.000000e+00
    outer loop
      vertex   9.622966e+00 1.453653e+02 -2.000000e+02
      vertex   9.733707e+00 1.445241e+02 -1.985000e+02
      vertex   9.622966e+00 1.453653e+02 -1.985000e+02
    endloop
  endfacet
  facet normal -9.238795e-01 -3.826834e-01 0.000000e+00
    outer loop
      vertex   9.622966e+00 1.453653e+02 -2.000000e+02
      vertex   9.622966e+00 1.453653e+02 -1.985000e+02
      vertex   9.298290e+00 1.461491e+02 -2.000000e+02
    endloop
  endfacet
  facet normal -9.238795e-01 -3.826834e-01 0.000000e+00
    outer loop
      vertex   9.298290e+00 1.461491e+02 -2.000000e+02
      vertex   9.622966e+00 1.453653e+02 -1.985000e+02
      vertex   9.298290e+00 1.461491e+02 -1.985000e+02
    endloop
  endfacet
  facet normal -7.933533e-01 -6.087614e-01 0.000000e+00
    outer loop
      vertex   9.298290e+00 1.461491e+02 -2.000000e+02
      vertex   9.298290e+00 1.461491e+02 -1.985000e+02
      vertex   8.781804e+00 1.468222e+02 -2.000000e+02
    endloop
  endfacet
  facet normal -7.933533e-01 -6.087614e-01 0.000000e+00
    outer loop
      vertex   8.781804e+00 1.468222e+02 -2.000000e+02
      vertex   9.298290e+00 1.461491e+02 -1.985000e+02
      vertex   8.781804e+00 1.468222e+02 -1.985000e+02
    endloop
  endfacet
  facet normal -6.087614e-01 -7.933533e-01 0.000000e+00
    outer loop
      vertex   8.781804e+00 1.468222e+02 -2.000000e+02
      vertex   8.781804e+00 1.468222e+02 -1.985000e+02
      vertex   8.108707e+00 1.473387e+02 -2.000000e+02
    endloop
  endfacet
  facet normal -6.087614e-01 -7.933533e-01 0.000000e+00
    outer loop
      vertex   8.108707e+00 1.473387e+02 -2.000000e+02
      vertex   8.781804e+00 1.468222e+02 -1.985000e+02
      vertex   8.108707e+00 1.473387e+02 -1.985000e+02
    endloop
  endfacet
  facet normal -3.826834e-01 -9.238795e-01 0.000000e+00
    outer loop
      vertex   8.108707e+00 1.473387e+02 -2.000000e+02
      vertex   8.108707e+00 1.473387e+02 -1.985000e+02
      vertex   7.324869e+00 1.476634e+02 -2.000000e+02
    endloop
  endfacet
  facet normal -3.826834e-01 -9.238795e-01 0.000000e+00
    outer loop
      vertex   7.324869e+00 1.476634e+02 -2.000000e+02
      vertex   8.108707e+00 1.473387e+02 -1.985000e+02
      vertex   7.324869e+00 1.476634e+02 -1.985000e+02
    endloop
  endfacet
  facet normal -1.305262e-01 -9.914449e-01 0.000000e+00
    outer loop
      vertex   7.324869e+00 1.476634e+02 -2.000000e+02
      vertex   7.324869e+00 1.476634e+02 -1.985000e+02
      vertex   6.483707e+00 1.477741e+02 -2.000000e+02
    endloop
  endfacet
  facet normal -1.305262e-01 -9.914449e-01 0.000000e+00
    outer loop
      vertex   6.483707e+00 1.477741e+02 -2.000000e+02
      vertex   7.324869e+00 1.476634e+02 -1.985000e+02
      vertex   6.483707e+00 1.477741e+02 -1.985000e+02
    endloop
  endfacet
  facet normal 1.305262e-01 -9.914449e-01 0.000000e+00
    outer loop
      vertex   6.483707e+00 1.477741e+02 -2.000000e+02
      vertex   6.483707e+00 1.477741e+02 -1.985000e+02
      vertex   5.642545e+00 1.476634e+02 -2.000000e+02
    endloop
  endfacet
  facet normal 1.305262e-01 -9.914449e-01 0.000000e+00
    outer loop
      vertex   5.642545e+00 1.476634e+02 -2.000000e+02
      vertex   6.483707e+00 1.477741e+02 -1.985000e+02
      vertex   5.642545e+00 1.476634e+02 -1.985000e+02
    endloop
  endfacet
  facet normal 3.826834e-01 -9.238795e-01 0.000000e+00
    outer loop
      vertex   5.642545e+00 1.476634e+02 -2.000000e+02
      vertex   5.642545e+00 1.476634e+02 -1.985000e+02
      vertex   4.858707e+00 1.473387e+02 -2.000000e+02
    endloop
  endfacet
  facet normal 3.826834e-01 -9.238795e-01 0.000000e+00
    outer loop
      vertex   4.858707e+00 1.473387e+02 -2.000000e+02
      vertex   5.642545e+00 1.476634e+02 -1.985000e+02
      vertex   4.858707e+00 1.473387e+02 -1.985000e+02
    endloop
  endfacet
  facet normal 6.087614e-01 -7.933533e-01 0.000000e+00
    outer loop
      vertex   4.858707e+00 1.473387e+02 -2.000000e+02
      vertex   4.858707e+00 1.473387e+02 -1.985000e+02
      vertex   4.185610e+00 1.468222e+02 -2.000000e+02
    endloop
  endfacet
  facet normal 6.087614e-01 -7.933533e-01 0.000000e+00
    outer loop
      vertex   4.185610e+00 1.468222e+02 -2.000000e+02
      vertex   4.858707e+00 1.473387e+02 -1.985000e+02
      vertex   4.185610e+00 1.468222e+02 -1.985000e+02
    endloop
  endfacet
  facet normal 7.933533e-01 -6.087614e-01 0.000000e+00
    outer loop
      vertex   4.185610e+00 1.468222e+02 -2.000000e+02
      vertex   4.185610e+00 1.468222e+02 -1.985000e+02
      vertex   3.669125e+00 1.461491e+02 -2.000000e+02
    endloop
  endfacet
  facet normal 7.933533e-01 -6.087614e-01 0.000000e+00
    outer loop
      vertex   3.669125e+00 1.461491e+02 -2.000000e+02
      vertex   4.185610e+00 1.468222e+02 -1.985000e+02
      vertex   3.669125e+00 1.461491e+02 -1.985000e+02
    endloop
  endfacet
  facet normal 9.238795e-01 -3.826834e-01 0.000000e+00
    outer loop
      vertex   3.669125e+00 1.461491e+02 -2.000000e+02
      vertex   3.669125e+00 1.461491e+02 -1.985000e+02
      vertex   3.344448e+00 1.453653e+02 -2.000000e+02
    endloop
  endfacet
  facet normal 9.238795e-01 -3.826834e-01 0.000000e+00
    outer loop
      vertex   3.344448e+00 1.453653e+02 -2.000000e+02
      vertex   3.669125e+00 1.461491e+02 -1.985000e+02
      vertex   3.344448e+00 1.453653e+02 -1.985000e+02
    endloop
  endfacet
  facet normal 0.000000e+00 -0.000000e+00 -1.000000e+00
    outer loop
      vertex   3.344448e+00 1.453653e+02 -1.985000e+02
      vertex   9.622966e+00 1.453653e+02 -1.985000e+02
      vertex   3.233707e+00 1.445241e+02 -1.985000e+02
    endloop
  endfacet
  facet normal 0.000000e+00 0.000000e+00 -1.000000e+00
    outer loop
      vertex   3.233707e+00 1.445241e+02 -1.985000e+02
      vertex   9.622966e+00 1.453653e+02 -1.985000e+02
      vertex   9.733707e+00 1.445241e+02 -1.985000e+02
    endloop
  endfacet
  facet normal 0.000000e+00 0.000000e+00 -1.000000e+00
    outer loop
      vertex   3.233707e+00 1.445241e+02 -1.985000e+02
      vertex   9.733707e+00 1.445241e+02 -1.985000e+02
      vertex   3.344448e+00 1.436830e+02 -1.985000e+02
    endloop
  endfacet
  facet normal 0.000000e+00 0.000000e+00 -1.000000e+00
    outer loop
      vertex   3.344448e+00 1.436830e+02 -1.985000e+02
      vertex   9.733707e+00 1.445241e+02 -1.985000e+02
      vertex   9.622966e+00 1.436830e+02 -1.985000e+02
    endloop
  endfacet
  facet normal 0.000000e+00 0.000000e+00 -1.000000e+00
    outer loop
      vertex   3.344448e+00 1.436830e+02 -1.985000e+02
      vertex   9.622966e+00 1.436830e+02 -1.985000e+02
      vertex   3.669125e+00 1.428991e+02 -1.985000e+02
    endloop
  endfacet
  facet normal 0.000000e+00 0.000000e+00 -1.000000e+00
    outer loop
      vertex   3.669125e+00 1.428991e+02 -1.985000e+02
      vertex   9.622966e+00 1.436830e+02 -1.985000e+02
      vertex   9.298290e+00 1.428991e+02 -1.985000e+02
    endloop
  endfacet
  facet normal 0.000000e+00 0.000000e+00 -1.000000e+00
    outer loop
      vertex   3.669125e+00 1.428991e+02 -1.985000e+02
      vertex   9.298290e+00 1.428991e+02 -1.985000e+02
      vertex   4.185610e+00 1.422260e+02 -1.985000e+02
    endloop
  endfacet
  facet normal 0.000000e+00 0.000000e+00 -1.000000e+00
    outer loop
      vertex   4.185610e+00 1.422260e+02 -1.985000e+02
      vertex   9.298290e+00 1.428991e+02 -1.985000e+02
      vertex   8.781804e+00 1.422260e+02 -1.985000e+02
    endloop
  endfacet
  facet normal 0.000000e+00 0.000000e+00 -1.000000e+00
    outer loop
      vertex   4.185610e+00 1.422260e+02 -1.985000e+02
      vertex   8.781804e+00 1.422260e+02 -1.985000e+02
      vertex   4.858707e+00 1.417095e+02 -1.985000e+02
    endloop
  endfacet
  facet normal 0.000000e+00 0.000000e+00 -1.000000e+00
    outer loop
      vertex   4.858707e+00 1.417095e+02 -1.985000e+02
      vertex   8.781804e+00 1.422260e+02 -1.985000e+02
      vertex   8.108707e+00 1.417095e+02 -1.985000e+02
    endloop
  endfacet
  facet normal 0.000000e+00 0.000000e+00 -1.000000e+00
    outer loop
      vertex   4.858707e+00 1.417095e+02 -1.985000e+02
      vertex   8.108707e+00 1.417095e+02 -1.985000e+02
      vertex   5.642545e+00 1.413849e+02 -1.985000e+02
    endloop
  endfacet
  facet normal 0.000000e+00 0.000000e+00 -1.000000e+00
    outer loop
      vertex   5.642545e+00 1.413849e+02 -1.985000e+02
      vertex   8.108707e+00 1.417095e+02 -1.985000e+02
      vertex   7.324869e+00 1.413849e+02 -1.985000e+02
    endloop
  endfacet
  facet normal 0.000000e+00 0.000000e+00 -1.000000e+00
    outer loop
      vertex   5.642545e+00 1.413849e+02 -1.985000e+02
      vertex   7.324869e+00 1.413849e+02 -1.985000e+02
      vertex   6.483707e+00 1.412741e+02 -1.985000e+02
    endloop
  endfacet
  facet normal 0.000000e+00 0.000000e+00 -1.000000e+00
    outer loop
      vertex   9.622966e+00 1.453653e+02 -1.985000e+02
      vertex   3.344448e+00 1.453653e+02 -1.985000e+02
      vertex   9.298290e+00 1.461491e+02 -1.985000e+02
    endloop
  endfacet
  facet normal -0.000000e+00 0.000000e+00 -1.000000e+00
    outer loop
      vertex   9.298290e+00 1.461491e+02 -1.985000e+02
      vertex   3.344448e+00 1.453653e+02 -1.985000e+02
      vertex   3.669125e+00 1.461491e+02 -1.985000e+02
    endloop
  endfacet
  facet normal 0.000000e+00 0.000000e+00 -1.000000e+00
    outer loop
      vertex   9.298290e+00 1.461491e+02 -1.985000e+02
      vertex   3.669125e+00 1.461491e+02 -1.985000e+02
      vertex   8.781804e+00 1.468222e+02 -1.985000e+02
    endloop
  endfacet
  facet normal -0.000000e+00 0.000000e+00 -1.000000e+00
    outer loop
      vertex   8.781804e+00 1.468222e+02 -1.985000e+02
      vertex   3.669125e+00 1.461491e+02 -1.985000e+02
      vertex   4.185610e+00 1.468222e+02 -1.985000e+02
    endloop
  endfacet
  facet normal 0.000000e+00 0.000000e+00 -1.000000e+00
    outer loop
      vertex   8.781804e+00 1.468222e+02 -1.985000e+02
      vertex   4.185610e+00 1.468222e+02 -1.985000e+02
      vertex   8.108707e+00 1.473387e+02 -1.985000e+02
    endloop
  endfacet
  facet normal -0.000000e+00 0.000000e+00 -1.000000e+00
    outer loop
      vertex   8.108707e+00 1.473387e+02 -1.985000e+02
      vertex   4.185610e+00 1.468222e+02 -1.985000e+02
      vertex   4.858707e+00 1.473387e+02 -1.985000e+02
    endloop
  endfacet
  facet normal 0.000000e+00 0.000000e+00 -1.000000e+00
    outer loop
      vertex   8.108707e+00 1.473387e+02 -1.985000e+02
      vertex   4.858707e+00 1.473387e+02 -1.985000e+02
      vertex   7.324869e+00 1.476634e+02 -1.985000e+02
    endloop
  endfacet
  facet normal -0.000000e+00 0.000000e+00 -1.000000e+00
    outer loop
      vertex   7.324869e+00 1.476634e+02 -1.985000e+02
      vertex   4.858707e+00 1.473387e+02 -1.985000e+02
      vertex   5.642545e+00 1.476634e+02 -1.985000e+02
    endloop
  endfacet
  facet normal 0.000000e+00 0.000000e+00 -1.000000e+00
    outer loop
      vertex   7.324869e+00 1.476634e+02 -1.985000e+02
      vertex   5.642545e+00 1.476634e+02 -1.985000e+02
      vertex   6.483707e+00 1.477741e+02 -1.985000e+02
    endloop
  endfacet
  facet normal 9.914449e-01 -1.305262e-01 0.000000e+00
    outer loop
      vertex   2.080846e+01 9.185288e+00 -2.000000e+02
      vertex   2.080846e+01 9.185288e+00 -1.985000e+02
      vertex   2.069772e+01 8.344126e+00 -2.000000e+02
    endloop
  endfacet
  facet normal 9.914449e-01 -1.305262e-01 0.000000e+00
    outer loop
      vertex   2.069772e+01 8.344126e+00 -2.000000e+02
      vertex   2.080846e+01 9.185288e+00 -1.985000e+02
      vertex   2.069772e+01 8.344126e+00 -1.985000e+02
    endloop
  endfacet
  facet normal 9.914449e-01 1.305262e-01 -0.000000e+00
    outer loop
      vertex   2.069772e+01 8.344126e+00 -2.000000e+02
      vertex   2.069772e+01 8.344126e+00 -1.985000e+02
      vertex   2.080846e+01 7.502965e+00 -2.000000e+02
    endloop
  endfacet
  facet normal 9.914449e-01 1.305262e-01 -0.000000e+00
    outer loop
      vertex   2.080846e+01 7.502965e+00 -2.000000e+02
      vertex   2.069772e+01 8.344126e+00 -1.985000e+02
      vertex   2.080846e+01 7.502965e+00 -1.985000e+02
    endloop
  endfacet
  facet normal 9.238795e-01 3.826834e-01 -0.000000e+00
    outer loop
      vertex   2.080846e+01 7.502965e+00 -2.000000e+02
      vertex   2.080846e+01 7.502965e+00 -1.985000e+02
      vertex   2.113314e+01 6.719126e+00 -2.000000e+02
    endloop
  endfacet
  facet normal 9.238795e-01 3.826834e-01 -0.000000e+00
    outer loop
      vertex   2.113314e+01 6.719126e+00 -2.000000e+02
      vertex   2.080846e+01 7.502965e+00 -1.985000e+02
      vertex   2.113314e+01 6.719126e+00 -1.985000e+02
    endloop
  endfacet
  facet normal 7.933533e-01 6.087614e-01 -0.000000e+00
    outer loop
      vertex   2.113314e+01 6.719126e+00 -2.000000e+02
      vertex   2.113314e+01 6.719126e+00 -1.985000e+02
      vertex   2.164962e+01 6.046029e+00 -2.000000e+02
    endloop
  endfacet
  facet normal 7.933533e-01 6.087614e-01 -0.000000e+00
    outer loop
      vertex   2.164962e+01 6.046029e+00 -2.000000e+02
      vertex   2.113314e+01 6.719126e+00 -1.985000e+02
      vertex   2.164962e+01 6.046029e+00 -1.985000e+02
    endloop
  endfacet
  facet normal 6.087614e-01 7.933533e-01 -0.000000e+00
    outer loop
      vertex   2.164962e+01 6.046029e+00 -2.000000e+02
      vertex   2.164962e+01 6.046029e+00 -1.985000e+02
      vertex   2.232272e+01 5.529544e+00 -2.000000e+02
    endloop
  endfacet
  facet normal 6.087614e-01 7.933533e-01 -0.000000e+00
    outer loop
      vertex   2.232272e+01 5.529544e+00 -2.000000e+02
      vertex   2.164962e+01 6.046029e+00 -1.985000e+02
      vertex   2.232272e+01 5.529544e+00 -1.985000e+02
    endloop
  endfacet
  facet normal 3.826834e-01 9.238795e-01 -0.000000e+00
    outer loop
      vertex   2.232272e+01 5.529544e+00 -2.000000e+02
      vertex   2.232272e+01 5.529544e+00 -1.985000e+02
      vertex   2.310656e+01 5.204867e+00 -2.000000e+02
    endloop
  endfacet
  facet normal 3.826834e-01 9.238795e-01 -0.000000e+00
    outer loop
      vertex   2.310656e+01 5.204867e+00 -2.000000e+02
      vertex   2.232272e+01 5.529544e+00 -1.985000e+02
      vertex   2.310656e+01 5.204867e+00 -1.985000e+02
    endloop
  endfacet
  facet normal 1.305262e-01 9.914449e-01 -0.000000e+00
    outer loop
      vertex   2.310656e+01 5.204867e+00 -2.000000e+02
      vertex   2.310656e+01 5.204867e+00 -1.985000e+02
      vertex   2.394772e+01 5.094126e+00 -2.000000e+02
    endloop
  endfacet
  facet normal 1.305262e-01 9.914449e-01 -0.000000e+00
    outer loop
      vertex   2.394772e+01 5.094126e+00 -2.000000e+02
      vertex   2.310656e+01 5.204867e+00 -1.985000e+02
      vertex   2.394772e+01 5.094126e+00 -1.985000e+02
    endloop
  endfacet
  facet normal -1.305262e-01 9.914449e-01 0.000000e+00
    outer loop
      vertex   2.394772e+01 5.094126e+00 -2.000000e+02
      vertex   2.394772e+01 5.094126e+00 -1.985000e+02
      vertex   2.478888e+01 5.204867e+00 -2.000000e+02
    endloop
  endfacet
  facet normal -1.305262e-01 9.914449e-01 0.000000e+00
    outer loop
      vertex   2.478888e+01 5.204867e+00 -2.000000e+02
      vertex   2.394772e+01 5.094126e+00 -1.985000e+02
      vertex   2.478888e+01 5.204867e+00 -1.985000e+02
    endloop
  endfacet
  facet normal -3.826834e-01 9.238795e-01 0.000000e+00
    outer loop
      vertex   2.478888e+01 5.204867e+00 -2.000000e+02
      vertex   2.478888e+01 5.204867e+00 -1.985000e+02
      vertex   2.557272e+01 5.529544e+00 -2.000000e+02
    endloop
  endfacet
  facet normal -3.826834e-01 9.238795e-01 0.000000e+00
    outer loop
      vertex   2.557272e+01 5.529544e+00 -2.000000e+02
      vertex   2.478888e+01 5.204867e+00 -1.985000e+02
      vertex   2.557272e+01 5.529544e+00 -1.985000e+02
    endloop
  endfacet
  facet normal -6.087614e-01 7.933533e-01 0.000000e+00
    outer loop
      vertex   2.557272e+01 5.529544e+00 -2.000000e+02
      vertex   2.557272e+01 5.529544e+00 -1.985000e+02
      vertex   2.624582e+01 6.046029e+00 -2.000000e+02
    endloop
  endfacet
  facet normal -6.087614e-01 7.933533e-01 0.000000e+00
    outer loop
      vertex   2.624582e+01 6.046029e+00 -2.000000e+02
      vertex   2.557272e+01 5.529544e+00 -1.985000e+02
      vertex   2.624582e+01 6.046029e+00 -1.985000e+02
    endloop
  endfacet
  facet normal -7.933533e-01 6.087614e-01 0.000000e+00
    outer loop
      vertex   2.624582e+01 6.046029e+00 -2.000000e+02
      vertex   2.624582e+01 6.046029e+00 -1.985000e+02
      vertex   2.676230e+01 6.719126e+00 -2.000000e+02
    endloop
  endfacet
  facet normal -7.933533e-01 6.087614e-01 0.000000e+00
    outer loop
      vertex   2.676230e+01 6.719126e+00 -2.000000e+02
      vertex   2.624582e+01 6.046029e+00 -1.985000e+02
      vertex   2.676230e+01 6.719126e+00 -1.985000e+02
    endloop
  endfacet
  facet normal -9.238795e-01 3.826834e-01 0.000000e+00
    outer loop
      vertex   2.676230e+01 6.719126e+00 -2.000000e+02
      vertex   2.676230e+01 6.719126e+00 -1.985000e+02
      vertex   2.708698e+01 7.502965e+00 -2.000000e+02
    endloop
  endfacet
  facet normal -9.238795e-01 3.826834e-01 0.000000e+00
    outer loop
      vertex   2.708698e+01 7.502965e+00 -2.000000e+02
      vertex   2.676230e+01 6.719126e+00 -1.985000e+02
      vertex   2.708698e+01 7.502965e+00 -1.985000e+02
    endloop
  endfacet
  facet normal -9.914449e-01 1.305262e-01 0.000000e+00
    outer loop
      vertex   2.708698e+01 7.502965e+00 -2.000000e+02
      vertex   2.708698e+01 7.502965e+00 -1.985000e+02
      vertex   2.719772e+01 8.344126e+00 -2.000000e+02
    endloop
  endfacet
  facet normal -9.914449e-01 1.305262e-01 0.000000e+00
    outer loop
      vertex   2.719772e+01 8.344126e+00 -2.000000e+02
      vertex   2.708698e+01 7.502965e+00 -1.985000e+02
      vertex   2.719772e+01 8.344126e+00 -1.985000e+02
    endloop
  endfacet
  facet normal -9.914449e-01 -1.305262e-01 0.000000e+00
    outer loop
      vertex   2.719772e+01 8.344126e+00 -2.000000e+02
      vertex   2.719772e+01 8.344126e+00 -1.985000e+02
      vertex   2.708698e+01 9.185288e+00 -2.000000e+02
    endloop
  endfacet
  facet normal -9.914449e-01 -1.305262e-01 0.000000e+00
    outer loop
      vertex   2.708698e+01 9.185288e+00 -2.000000e+02
      vertex   2.719772e+01 8.344126e+00 -1.985000e+02
      vertex   2.708698e+01 9.185288e+00 -1.985000e+02
    endloop
  endfacet
  facet normal -9.238795e-01 -3.826834e-01 0.000000e+00
    outer loop
      vertex   2.708698e+01 9.185288e+00 -2.000000e+02
      vertex   2.708698e+01 9.185288e+00 -1.985000e+02
      vertex   2.676230e+01 9.969126e+00 -2.000000e+02
    endloop
  endfacet
  facet normal -9.238795e-01 -3.826834e-01 0.000000e+00
    outer loop
      vertex   2.676230e+01 9.969126e+00 -2.000000e+02
      vertex   2.708698e+01 9.185288e+00 -1.985000e+02
      vertex   2.676230e+01 9.969126e+00 -1.985000e+02
    endloop
  endfacet
  facet normal -7.933533e-01 -6.087614e-01 0.000000e+00
    outer loop
      vertex   2.676230e+01 9.969126e+00 -2.000000e+02
      vertex   2.676230e+01 9.969126e+00 -1.985000e+02
      vertex   2.624582e+01 1.064222e+01 -2.000000e+02
    endloop
  endfacet
  facet normal -7.933533e-01 -6.087614e-01 0.000000e+00
    outer loop
      vertex   2.624582e+01 1.064222e+01 -2.000000e+02
      vertex   2.676230e+01 9.969126e+00 -1.985000e+02
      vertex   2.624582e+01 1.064222e+01 -1.985000e+02
    endloop
  endfacet
  facet normal -6.087614e-01 -7.933533e-01 0.000000e+00
    outer loop
      vertex   2.624582e+01 1.064222e+01 -2.000000e+02
      vertex   2.624582e+01 1.064222e+01 -1.985000e+02
      vertex   2.557272e+01 1.115871e+01 -2.000000e+02
    endloop
  endfacet
  facet normal -6.087614e-01 -7.933533e-01 0.000000e+00
    outer loop
      vertex   2.557272e+01 1.115871e+01 -2.000000e+02
      vertex   2.624582e+01 1.064222e+01 -1.985000e+02
      vertex   2.557272e+01 1.115871e+01 -1.985000e+02
    endloop
  endfacet
  facet normal -3.826834e-01 -9.238795e-01 0.000000e+00
    outer loop
      vertex   2.557272e+01 1.115871e+01 -2.000000e+02
      vertex   2.557272e+01 1.115871e+01 -1.985000e+02
      vertex   2.478888e+01 1.148339e+01 -2.000000e+02
    endloop
  endfacet
  facet normal -3.826834e-01 -9.238795e-01 0.000000e+00
    outer loop
      vertex   2.478888e+01 1.148339e+01 -2.000000e+02
      vertex   2.557272e+01 1.115871e+01 -1.985000e+02
      vertex   2.478888e+01 1.148339e+01 -1.985000e+02
    endloop
  endfacet
  facet normal -1.305262e-01 -9.914449e-01 0.000000e+00
    outer loop
      vertex   2.478888e+01 1.148339e+01 -2.000000e+02
      vertex   2.478888e+01 1.148339e+01 -1.985000e+02
      vertex   2.394772e+01 1.159413e+01 -2.000000e+02
    endloop
  endfacet
  facet normal -1.305262e-01 -9.914449e-01 0.000000e+00
    outer loop
      vertex   2.394772e+01 1.159413e+01 -2.000000e+02
      vertex   2.478888e+01 1.148339e+01 -1.985000e+02
      vertex   2.394772e+01 1.159413e+01 -1.985000e+02
    endloop
  endfacet
  facet normal 1.305262e-01 -9.914449e-01 0.000000e+00
    outer loop
      vertex   2.394772e+01 1.159413e+01 -2.000000e+02
      vertex   2.394772e+01 1.159413e+01 -1.985000e+02
      vertex   2.310656e+01 1.148339e+01 -2.000000e+02
    endloop
  endfacet
  facet normal 1.305262e-01 -9.914449e-01 0.000000e+00
    outer loop
      vertex   2.310656e+01 1.148339e+01 -2.000000e+02
      vertex   2.394772e+01 1.159413e+01 -1.985000e+02
      vertex   2.310656e+01 1.148339e+01 -1.985000e+02
    endloop
  endfacet
  facet normal 3.826834e-01 -9.238795e-01 0.000000e+00
    outer loop
      vertex   2.310656e+01 1.148339e+01 -2.000000e+02
      vertex   2.310656e+01 1.148339e+01 -1.985000e+02
      vertex   2.232272e+01 1.115871e+01 -2.000000e+02
    endloop
  endfacet
  facet normal 3.826834e-01 -9.238795e-01 0.000000e+00
    outer loop
      vertex   2.232272e+01 1.115871e+01 -2.000000e+02
      vertex   2.310656e+01 1.148339e+01 -1.985000e+02
      vertex   2.232272e+01 1.115871e+01 -1.985000e+02
    endloop
  endfacet
  facet normal 6.087614e-01 -7.933533e-01 0.000000e+00
    outer loop
      vertex   2.232272e+01 1.115871e+01 -2.000000e+02
      vertex   2.232272e+01 1.115871e+01 -1.985000e+02
      vertex   2.164962e+01 1.064222e+01 -2.000000e+02
    endloop
  endfacet
  facet normal 6.087614e-01 -7.933533e-01 0.000000e+00
    outer loop
      vertex   2.164962e+01 1.064222e+01 -2.000000e+02
      vertex   2.232272e+01 1.115871e+01 -1.985000e+02
      vertex   2.164962e+01 1.064222e+01 -1.985000e+02
    endloop
  endfacet
  facet normal 7.933533e-01 -6.087614e-01 0.000000e+00
    outer loop
      vertex   2.164962e+01 1.064222e+01 -2.000000e+02
      vertex   2.164962e+01 1.064222e+01 -1.985000e+02
      vertex   2.113314e+01 9.969126e+00 -2.000000e+02
    endloop
  endfacet
  facet normal 7.933533e-01 -6.087614e-01 0.000000e+00
    outer loop
      vertex   2.113314e+01 9.969126e+00 -2.000000e+02
      vertex   2.164962e+01 1.064222e+01 -1.985000e+02
      vertex   2.113314e+01 9.969126e+00 -1.985000e+02
    endloop
  endfacet
  facet normal 9.238795e-01 -3.826834e-01 0.000000e+00
    outer loop
      vertex   2.113314e+01 9.969126e+00 -2.000000e+02
      vertex   2.113314e+01 9.969126e+00 -1.985000e+02
      vertex   2.080846e+01 9.185288e+00 -2.000000e+02
    endloop
  endfacet
  facet normal 9.238795e-01 -3.826834e-01 0.000000e+00
    outer loop
      vertex   2.080846e+01 9.185288e+00 -2.000000e+02
      vertex   2.113314e+01 9.969126e+00 -1.985000e+02
      vertex   2.080846e+01 9.185288e+00 -1.985000e+02
    endloop
  endfacet
  facet normal 0.000000e+00 -0.000000e+00 -1.000000e+00
    outer loop
      vertex   2.080846e+01 9.185288e+00 -1.985000e+02
      vertex   2.708698e+01 9.185288e+00 -1.985000e+02
      vertex   2.069772e+01 8.344126e+00 -1.985000e+02
    endloop
  endfacet
  facet normal 0.000000e+00 0.000000e+00 -1.000000e+00
    outer loop
      vertex   2.069772e+01 8.344126e+00 -1.985000e+02
      vertex   2.708698e+01 9.185288e+00 -1.985000e+02
      vertex   2.719772e+01 8.344126e+00 -1.985000e+02
    endloop
  endfacet
  facet normal 0.000000e+00 0.000000e+00 -1.000000e+00
    outer loop
      vertex   2.069772e+01 8.344126e+00 -1.985000e+02
      vertex   2.719772e+01 8.344126e+00 -1.985000e+02
      vertex   2.080846e+01 7.502965e+00 -1.985000e+02
    endloop
  endfacet
  facet normal 0.000000e+00 0.000000e+00 -1.000000e+00
    outer loop
      vertex   2.080846e+01 7.502965e+00 -1.985000e+02
      vertex   2.719772e+01 8.344126e+00 -1.985000e+02
      vertex   2.708698e+01 7.502965e+00 -1.985000e+02
    endloop
  endfacet
  facet normal 0.000000e+00 0.000000e+00 -1.000000e+00
    outer loop
      vertex   2.080846e+01 7.502965e+00 -1.985000e+02
      vertex   2.708698e+01 7.502965e+00 -1.985000e+02
      vertex   2.113314e+01 6.719126e+00 -1.985000e+02
    endloop
  endfacet
  facet normal 0.000000e+00 0.000000e+00 -1.000000e+00
    outer loop
      vertex   2.113314e+01 6.719126e+00 -1.985000e+02
      vertex   2.708698e+01 7.502965e+00 -1.985000e+02
      vertex   2.676230e+01 6.719126e+00 -1.985000e+02
    endloop
  endfacet
  facet normal 0.000000e+00 0.000000e+00 -1.000000e+00
    outer loop
      vertex   2.113314e+01 6.719126e+00 -1.985000e+02
      vertex   2.676230e+01 6.719126e+00 -1.985000e+02
      vertex   2.164962e+01 6.046029e+00 -1.985000e+02
    endloop
  endfacet
  facet normal 0.000000e+00 0.000000e+00 -1.000000e+00
    outer loop
      vertex   2.164962e+01 6.046029e+00 -1.985000e+02
      vertex   2.676230e+01 6.719126e+00 -1.985000e+02
      vertex   2.624582e+01 6.046029e+00 -1.985000e+02
    endloop
  endfacet
  facet normal 0.000000e+00 0.000000e+00 -1.000000e+00
    outer loop
      vertex   2.164962e+01 6.046029e+00 -1.985000e+02
      vertex   2.624582e+01 6.046029e+00 -1.985000e+02
      vertex   2.232272e+01 5.529544e+00 -1.985000e+02
    endloop
  endfacet
  facet normal 0.000000e+00 0.000000e+00 -1.000000e+00
    outer loop
      vertex   2.232272e+01 5.529544e+00 -1.985000e+02
      vertex   2.624582e+01 6.046029e+00 -1.985000e+02
      vertex   2.557272e+01 5.529544e+00 -1.985000e+02
    endloop
  endfacet
  facet normal 0.000000e+00 0.000000e+00 -1.000000e+00
    outer loop
      vertex   2.232272e+01 5.529544e+00 -1.985000e+02
      vertex   2.557272e+01 5.529544e+00 -1.985000e+02
      vertex   2.310656e+01 5.204867e+00 -1.985000e+02
    endloop
  endfacet
  facet normal 0.000000e+00 0.000000e+00 -1.000000e+00
    outer loop
      vertex   2.310656e+01 5.204867e+00 -1.985000e+02
      vertex   2.557272e+01 5.529544e+00 -1.985000e+02
      vertex   2.478888e+01 5.204867e+00 -1.985000e+02
    endloop
  endfacet
  facet normal 0.000000e+00 0.000000e+00 -1.000000e+00
    outer loop
      vertex   2.310656e+01 5.204867e+00 -1.985000e+02
      vertex   2.478888e+01 5.204867e+00 -1.985000e+02
      vertex   2.394772e+01 5.094126e+00 -1.985000e+02
    endloop
  endfacet
  facet normal 0.000000e+00 0.000000e+00 -1.000000e+00
    outer loop
      vertex   2.708698e+01 9.185288e+00 -1.985000e+02
      vertex   2.080846e+01 9.185288e+00 -1.985000e+02
      vertex   2.676230e+01 9.969126e+00 -1.985000e+02
    endloop
  endfacet
  facet normal -0.000000e+00 0.000000e+00 -1.000000e+00
    outer loop
      vertex   2.676230e+01 9.969126e+00 -1.985000e+02
      vertex   2.080846e+01 9.185288e+00 -1.985000e+02
      vertex   2.113314e+01 9.969126e+00 -1.985000e+02
    endloop
  endfacet
  facet normal 0.000000e+00 0.000000e+00 -1.000000e+00
    outer loop
      vertex   2.676230e+01 9.969126e+00 -1.985000e+02
      vertex   2.113314e+01 9.969126e+00 -1.985000e+02
      vertex   2.624582e+01 1.064222e+01 -1.985000e+02
    endloop
  endfacet
  facet normal -0.000000e+00 0.000000e+00 -1.000000e+00
    outer loop
      vertex   2.624582e+01 1.064222e+01 -1.985000e+02
      vertex   2.113314e+01 9.969126e+00 -1.985000e+02
      vertex   2.164962e+01 1.064222e+01 -1.985000e+02
    endloop
  endfacet
  facet normal 0.000000e+00 0.000000e+00 -1.000000e+00
    outer loop
      vertex   2.624582e+01 1.064222e+01 -1.985000e+02
      vertex   2.164962e+01 1.064222e+01 -1.985000e+02
      vertex   2.557272e+01 1.115871e+01 -1.985000e+02
    endloop
  endfacet
  facet normal -0.000000e+00 0.000000e+00 -1.000000e+00
    outer loop
      vertex   2.557272e+01 1.115871e+01 -1.985000e+02
      vertex   2.164962e+01 1.064222e+01 -1.985000e+02
      vertex   2.232272e+01 1.115871e+01 -1.985000e+02
    endloop
  endfacet
  facet normal 0.000000e+00 0.000000e+00 -1.000000e+00
    outer loop
      vertex   2.557272e+01 1.115871e+01 -1.985000e+02
      vertex   2.232272e+01 1.115871e+01 -1.985000e+02
      vertex   2.478888e+01 1.148339e+01 -1.985000e+02
    endloop
  endfacet
  facet normal -0.000000e+00 0.000000e+00 -1.000000e+00
    outer loop
      vertex   2.478888e+01 1.148339e+01 -1.985000e+02
      vertex   2.232272e+01 1.115871e+01 -1.985000e+02
      vertex   2.310656e+01 1.148339e+01 -1.985000e+02
    endloop
  endfacet
  facet normal 0.000000e+00 0.000000e+00 -1.000000e+00
    outer loop
      vertex   2.478888e+01 1.148339e+01 -1.985000e+02
      vertex   2.310656e+01 1.148339e+01 -1.985000e+02
      vertex   2.394772e+01 1.159413e+01 -1.985000e+02
    endloop
  endfacet
  facet normal 9.914449e-01 -1.305262e-01 0.000000e+00
    outer loop
      vertex   2.080846e+01 2.620779e+01 -2.000000e+02
      vertex   2.080846e+01 2.620779e+01 -1.985000e+02
      vertex   2.069772e+01 2.536663e+01 -2.000000e+02
    endloop
  endfacet
  facet normal 9.914449e-01 -1.305262e-01 0.000000e+00
    outer loop
      vertex   2.069772e+01 2.536663e+01 -2.000000e+02
      vertex   2.080846e+01 2.620779e+01 -1.985000e+02
      vertex   2.069772e+01 2.536663e+01 -1.985000e+02
    endloop
  endfacet
  facet normal 9.914449e-01 1.305262e-01 -0.000000e+00
    outer loop
      vertex   2.069772e+01 2.536663e+01 -2.000000e+02
      vertex   2.069772e+01 2.536663e+01 -1.985000e+02
      vertex   2.080846e+01 2.452546e+01 -2.000000e+02
    endloop
  endfacet
  facet normal 9.914449e-01 1.305262e-01 -0.000000e+00
    outer loop
      vertex   2.080846e+01 2.452546e+01 -2.000000e+02
      vertex   2.069772e+01 2.536663e+01 -1.985000e+02
      vertex   2.080846e+01 2.452546e+01 -1.985000e+02
    endloop
  endfacet
  facet normal 9.238795e-01 3.826834e-01 -0.000000e+00
    outer loop
      vertex   2.080846e+01 2.452546e+01 -2.000000e+02
      vertex   2.080846e+01 2.452546e+01 -1.985000e+02
      vertex   2.113314e+01 2.374163e+01 -2.000000e+02
    endloop
  endfacet
  facet normal 9.238795e-01 3.826834e-01 -0.000000e+00
    outer loop
      vertex   2.113314e+01 2.374163e+01 -2.000000e+02
      vertex   2.080846e+01 2.452546e+01 -1.985000e+02
      vertex   2.113314e+01 2.374163e+01 -1.985000e+02
    endloop
  endfacet
  facet normal 7.933533e-01 6.087614e-01 -0.000000e+00
    outer loop
      vertex   2.113314e+01 2.374163e+01 -2.000000e+02
      vertex   2.113314e+01 2.374163e+01 -1.985000e+02
      vertex   2.164962e+01 2.306853e+01 -2.000000e+02
    endloop
  endfacet
  facet normal 7.933533e-01 6.087614e-01 -0.000000e+00
    outer loop
      vertex   2.164962e+01 2.306853e+01 -2.000000e+02
      vertex   2.113314e+01 2.374163e+01 -1.985000e+02
      vertex   2.164962e+01 2.306853e+01 -1.985000e+02
    endloop
  endfacet
  facet normal 6.087614e-01 7.933533e-01 -0.000000e+00
    outer loop
      vertex   2.164962e+01 2.306853e+01 -2.000000e+02
      vertex   2.164962e+01 2.306853e+01 -1.985000e+02
      vertex   2.232272e+01 2.255204e+01 -2.000000e+02
    endloop
  endfacet
  facet normal 6.087614e-01 7.933533e-01 -0.000000e+00
    outer loop
      vertex   2.232272e+01 2.255204e+01 -2.000000e+02
      vertex   2.164962e+01 2.306853e+01 -1.985000e+02
      vertex   2.232272e+01 2.255204e+01 -1.985000e+02
    endloop
  endfacet
  facet normal 3.826834e-01 9.238795e-01 -0.000000e+00
    outer loop
      vertex   2.232272e+01 2.255204e+01 -2.000000e+02
      vertex   2.232272e+01 2.255204e+01 -1.985000e+02
      vertex   2.310656e+01 2.222737e+01 -2.000000e+02
    endloop
  endfacet
  facet normal 3.826834e-01 9.238795e-01 -0.000000e+00
    outer loop
      vertex   2.310656e+01 2.222737e+01 -2.000000e+02
      vertex   2.232272e+01 2.255204e+01 -1.985000e+02
      vertex   2.310656e+01 2.222737e+01 -1.985000e+02
    endloop
  endfacet
  facet normal 1.305262e-01 9.914449e-01 -0.000000e+00
    outer loop
      vertex   2.310656e+01 2.222737e+01 -2.000000e+02
      vertex   2.310656e+01 2.222737e+01 -1.985000e+02
      vertex   2.394772e+01 2.211663e+01 -2.000000e+02
    endloop
  endfacet
  facet normal 1.305262e-01 9.914449e-01 -0.000000e+00
    outer loop
      vertex   2.394772e+01 2.211663e+01 -2.000000e+02
      vertex   2.310656e+01 2.222737e+01 -1.985000e+02
      vertex   2.394772e+01 2.211663e+01 -1.985000e+02
    endloop
  endfacet
  facet normal -1.305262e-01 9.914449e-01 0.000000e+00
    outer loop
      vertex   2.394772e+01 2.211663e+01 -2.000000e+02
      vertex   2.394772e+01 2.211663e+01 -1.985000e+02
      vertex   2.478888e+01 2.222737e+01 -2.000000e+02
    endloop
  endfacet
  facet normal -1.305262e-01 9.914449e-01 0.000000e+00
    outer loop
      vertex   2.478888e+01 2.222737e+01 -2.000000e+02
      vertex   2.394772e+01 2.211663e+01 -1.985000e+02
      vertex   2.478888e+01 2.222737e+01 -1.985000e+02
    endloop
  endfacet
  facet normal -3.826834e-01 9.238795e-01 0.000000e+00
    outer loop
      vertex   2.478888e+01 2.222737e+01 -2.000000e+02
      vertex   2.478888e+01 2.222737e+01 -1.985000e+02
      vertex   2.557272e+01 2.255204e+01 -2.000000e+02
    endloop
  endfacet
  facet normal -3.826834e-01 9.238795e-01 0.000000e+00
    outer loop
      vertex   2.557272e+01 2.255204e+01 -2.000000e+02
      vertex   2.478888e+01 2.222737e+01 -1.985000e+02
      vertex   2.557272e+01 2.255204e+01 -1.985000e+02
    endloop
  endfacet
  facet normal -6.087614e-01 7.933533e-01 0.000000e+00
    outer loop
      vertex   2.557272e+01 2.255204e+01 -2.000000e+02
      vertex   2.557272e+01 2.255204e+01 -1.985000e+02
      vertex   2.624582e+01 2.306853e+01 -2.000000e+02
    endloop
  endfacet
  facet normal -6.087614e-01 7.933533e-01 0.000000e+00
    outer loop
      vertex   2.624582e+01 2.306853e+01 -2.000000e+02
      vertex   2.557272e+01 2.255204e+01 -1.985000e+02
      vertex   2.624582e+01 2.306853e+01 -1.985000e+02
    endloop
  endfacet
  facet normal -7.933533e-01 6.087614e-01 0.000000e+00
    outer loop
      vertex   2.624582e+01 2.306853e+01 -2.000000e+02
      vertex   2.624582e+01 2.306853e+01 -1.985000e+02
      vertex   2.676230e+01 2.374163e+01 -2.000000e+02
    endloop
  endfacet
  facet normal -7.933533e-01 6.087614e-01 0.000000e+00
    outer loop
      vertex   2.676230e+01 2.374163e+01 -2.000000e+02
      vertex   2.624582e+01 2.306853e+01 -1.985000e+02
      vertex   2.676230e+01 2.374163e+01 -1.985000e+02
    endloop
  endfacet
  facet normal -9.238795e-01 3.826834e-01 0.000000e+00
    outer loop
      vertex   2.676230e+01 2.374163e+01 -2.000000e+02
      vertex   2.676230e+01 2.374163e+01 -1.985000e+02
      vertex   2.708698e+01 2.452546e+01 -2.000000e+02
    endloop
  endfacet
  facet normal -9.238795e-01 3.826834e-01 0.000000e+00
    outer loop
      vertex   2.708698e+01 2.452546e+01 -2.000000e+02
      vertex   2.676230e+01 2.374163e+01 -1.985000e+02
      vertex   2.708698e+01 2.452546e+01 -1.985000e+02
    endloop
  endfacet
  facet normal -9.914449e-01 1.305262e-01 0.000000e+00
    outer loop
      vertex   2.708698e+01 2.452546e+01 -2.000000e+02
      vertex   2.708698e+01 2.452546e+01 -1.985000e+02
      vertex   2.719772e+01 2.536663e+01 -2.000000e+02
    endloop
  endfacet
  facet normal -9.914449e-01 1.305262e-01 0.000000e+00
    outer loop
      vertex   2.719772e+01 2.536663e+01 -2.000000e+02
      vertex   2.708698e+01 2.452546e+01 -1.985000e+02
      vertex   2.719772e+01 2.536663e+01 -1.985000e+02
    endloop
  endfacet
  facet normal -9.914449e-01 -1.305262e-01 0.000000e+00
    outer loop
      vertex   2.719772e+01 2.536663e+01 -2.000000e+02
      vertex   2.719772e+01 2.536663e+01 -1.985000e+02
      vertex   2.708698e+01 2.620779e+01 -2.000000e+02
    endloop
  endfacet
  facet normal -9.914449e-01 -1.305262e-01 0.000000e+00
    outer loop
      vertex   2.708698e+01 2.620779e+01 -2.000000e+02
      vertex   2.719772e+01 2.536663e+01 -1.985000e+02
      vertex   2.708698e+01 2.620779e+01 -1.985000e+02
    endloop
  endfacet
  facet normal -9.238795e-01 -3.826834e-01 0.000000e+00
    outer loop
      vertex   2.708698e+01 2.620779e+01 -2.000000e+02
      vertex   2.708698e+01 2.620779e+01 -1.985000e+02
      vertex   2.676230e+01 2.699163e+01 -2.000000e+02
    endloop
  endfacet
  facet normal -9.238795e-01 -3.826834e-01 0.000000e+00
    outer loop
      vertex   2.676230e+01 2.699163e+01 -2.000000e+02
      vertex   2.708698e+01 2.620779e+01 -1.985000e+02
      vertex   2.676230e+01 2.699163e+01 -1.985000e+02
    endloop
  endfacet
  facet normal -7.933533e-01 -6.087614e-01 0.000000e+00
    outer loop
      vertex   2.676230e+01 2.699163e+01 -2.000000e+02
      vertex   2.676230e+01 2.699163e+01 -1.985000e+02
      vertex   2.624582e+01 2.766472e+01 -2.000000e+02
    endloop
  endfacet
  facet normal -7.933533e-01 -6.087614e-01 0.000000e+00
    outer loop
      vertex   2.624582e+01 2.766472e+01 -2.000000e+02
      vertex   2.676230e+01 2.699163e+01 -1.985000e+02
      vertex   2.624582e+01 2.766472e+01 -1.985000e+02
    endloop
  endfacet
  facet normal -6.087614e-01 -7.933533e-01 0.000000e+00
    outer loop
      vertex   2.624582e+01 2.766472e+01 -2.000000e+02
      vertex   2.624582e+01 2.766472e+01 -1.985000e+02
      vertex   2.557272e+01 2.818121e+01 -2.000000e+02
    endloop
  endfacet
  facet normal -6.087614e-01 -7.933533e-01 0.000000e+00
    outer loop
      vertex   2.557272e+01 2.818121e+01 -2.000000e+02
      vertex   2.624582e+01 2.766472e+01 -1.985000e+02
      vertex   2.557272e+01 2.818121e+01 -1.985000e+02
    endloop
  endfacet
  facet normal -3.826834e-01 -9.238795e-01 0.000000e+00
    outer loop
      vertex   2.557272e+01 2.818121e+01 -2.000000e+02
      vertex   2.557272e+01 2.818121e+01 -1.985000e+02
      vertex   2.478888e+01 2.850589e+01 -2.000000e+02
    endloop
  endfacet
  facet normal -3.826834e-01 -9.238795e-01 0.000000e+00
    outer loop
      vertex   2.478888e+01 2.850589e+01 -2.000000e+02
      vertex   2.557272e+01 2.818121e+01 -1.985000e+02
      vertex   2.478888e+01 2.850589e+01 -1.985000e+02
    endloop
  endfacet
  facet normal -1.305262e-01 -9.914449e-01 0.000000e+00
    outer loop
      vertex   2.478888e+01 2.850589e+01 -2.000000e+02
      vertex   2.478888e+01 2.850589e+01 -1.985000e+02
      vertex   2.394772e+01 2.861663e+01 -2.000000e+02
    endloop
  endfacet
  facet normal -1.305262e-01 -9.914449e-01 0.000000e+00
    outer loop
      vertex   2.394772e+01 2.861663e+01 -2.000000e+02
      vertex   2.478888e+01 2.850589e+01 -1.985000e+02
      vertex   2.394772e+01 2.861663e+01 -1.985000e+02
    endloop
  endfacet
  facet normal 1.305262e-01 -9.914449e-01 0.000000e+00
    outer loop
      vertex   2.394772e+01 2.861663e+01 -2.000000e+02
      vertex   2.394772e+01 2.861663e+01 -1.985000e+02
      vertex   2.310656e+01 2.850589e+01 -2.000000e+02
    endloop
  endfacet
  facet normal 1.305262e-01 -9.914449e-01 0.000000e+00
    outer loop
      vertex   2.310656e+01 2.850589e+01 -2.000000e+02
      vertex   2.394772e+01 2.861663e+01 -1.985000e+02
      vertex   2.310656e+01 2.850589e+01 -1.985000e+02
    endloop
  endfacet
  facet normal 3.826834e-01 -9.238795e-01 0.000000e+00
    outer loop
      vertex   2.310656e+01 2.850589e+01 -2.000000e+02
      vertex   2.310656e+01 2.850589e+01 -1.985000e+02
      vertex   2.232272e+01 2.818121e+01 -2.000000e+02
    endloop
  endfacet
  facet normal 3.826834e-01 -9.238795e-01 0.000000e+00
    outer loop
      vertex   2.232272e+01 2.818121e+01 -2.000000e+02
      vertex   2.310656e+01 2.850589e+01 -1.985000e+02
      vertex   2.232272e+01 2.818121e+01 -1.985000e+02
    endloop
  endfacet
  facet normal 6.087614e-01 -7.933533e-01 0.000000e+00
    outer loop
      vertex   2.232272e+01 2.818121e+01 -2.000000e+02
      vertex   2.232272e+01 2.818121e+01 -1.985000e+02
      vertex   2.164962e+01 2.766472e+01 -2.000000e+02
    endloop
  endfacet
  facet normal 6.087614e-01 -7.933533e-01 0.000000e+00
    outer loop
      vertex   2.164962e+01 2.766472e+01 -2.000000e+02
      vertex   2.232272e+01 2.818121e+01 -1.985000e+02
      vertex   2.164962e+01 2.766472e+01 -1.985000e+02
    endloop
  endfacet
  facet normal 7.933533e-01 -6.087614e-01 0.000000e+00
    outer loop
      vertex   2.164962e+01 2.766472e+01 -2.000000e+02
      vertex   2.164962e+01 2.766472e+01 -1.985000e+02
      vertex   2.113314e+01 2.699163e+01 -2.000000e+02
    endloop
  endfacet
  facet normal 7.933533e-01 -6.087614e-01 0.000000e+00
    outer loop
      vertex   2.113314e+01 2.699163e+01 -2.000000e+02
      vertex   2.164962e+01 2.766472e+01 -1.985000e+02
      vertex   2.113314e+01 2.699163e+01 -1.985000e+02
    endloop
  endfacet
  facet normal 9.238795e-01 -3.826834e-01 0.000000e+00
    outer loop
      vertex   2.113314e+01 2.699163e+01 -2.000000e+02
      vertex   2.113314e+01 2.699163e+01 -1.985000e+02
      vertex   2.080846e+01 2.620779e+01 -2.000000e+02
    endloop
  endfacet
  facet normal 9.238795e-01 -3.826834e-01 0.000000e+00
    outer loop
      vertex   2.080846e+01 2.620779e+01 -2.000000e+02
      vertex   2.113314e+01 2.699163e+01 -1.985000e+02
      vertex   2.080846e+01 2.620779e+01 -1.985000e+02
    endloop
  endfacet
  facet normal 0.000000e+00 -0.000000e+00 -1.000000e+00
    outer loop
      vertex   2.080846e+01 2.620779e+01 -1.985000e+02
      vertex   2.708698e+01 2.620779e+01 -1.985000e+02
      vertex   2.069772e+01 2.536663e+01 -1.985000e+02
    endloop
  endfacet
  facet normal 0.000000e+00 0.000000e+00 -1.000000e+00
    outer loop
      vertex   2.069772e+01 2.536663e+01 -1.985000e+02
      vertex   2.708698e+01 2.620779e+01 -1.985000e+02
      vertex   2.719772e+01 2.536663e+01 -1.985000e+02
    endloop
  endfacet
  facet normal 0.000000e+00 0.000000e+00 -1.000000e+00
    outer loop
      vertex   2.069772e+01 2.536663e+01 -1.985000e+02
      vertex   2.719772e+01 2.536663e+01 -1.985000e+02
      vertex   2.080846e+01 2.452546e+01 -1.985000e+02
    endloop
  endfacet
  facet normal 0.000000e+00 0.000000e+00 -1.000000e+00
    outer loop
      vertex   2.080846e+01 2.452546e+01 -1.985000e+02
      vertex   2.719772e+01 2.536663e+01 -1.985000e+02
      vertex   2.708698e+01 2.452546e+01 -1.985000e+02
    endloop
  endfacet
  facet normal 0.000000e+00 0.000000e+00 -1.000000e+00
    outer loop
      vertex   2.080846e+01 2.452546e+01 -1.985000e+02
      vertex   2.708698e+01 2.452546e+01 -1.985000e+02
      vertex   2.113314e+01 2.374163e+01 -1.985000e+02
    endloop
  endfacet
  facet normal 0.000000e+00 0.000000e+00 -1.000000e+00
    outer loop
      vertex   2.113314e+01 2.374163e+01 -1.985000e+02
      vertex   2.708698e+01 2.452546e+01 -1.985000e+02
      vertex   2.676230e+01 2.374163e+01 -1.985000e+02
    endloop
  endfacet
  facet normal 0.000000e+00 0.000000e+00 -1.000000e+00
    outer loop
      vertex   2.113314e+01 2.374163e+01 -1.985000e+02
      vertex   2.676230e+01 2.374163e+01 -1.985000e+02
      vertex   2.164962e+01 2.306853e+01 -1.985000e+02
    endloop
  endfacet
  facet normal 0.000000e+00 0.000000e+00 -1.000000e+00
    outer loop
      vertex   2.164962e+01 2.306853e+01 -1.985000e+02
      vertex   2.676230e+01 2.374163e+01 -1.985000e+02
      vertex   2.624582e+01 2.306853e+01 -1.985000e+02
    endloop
  endfacet
  facet normal 0.000000e+00 0.000000e+00 -1.000000e+00
    outer loop
      vertex   2.164962e+01 2.306853e+01 -1.985000e+02
      vertex   2.624582e+01 2.306853e+01 -1.985000e+02
      vertex   2.232272e+01 2.255204e+01 -1.985000e+02
    endloop
  endfacet
  facet normal 0.000000e+00 0.000000e+00 -1.000000e+00
    outer loop
      vertex   2.232272e+01 2.255204e+01 -1.985000e+02
      vertex   2.624582e+01 2.306853e+01 -1.985000e+02
      vertex   2.557272e+01 2.255204e+01 -1.985000e+02
    endloop
  endfacet
  facet normal 0.000000e+00 0.000000e+00 -1.000000e+00
    outer loop
      vertex   2.232272e+01 2.255204e+01 -1.985000e+02
      vertex   2.557272e+01 2.255204e+01 -1.985000e+02
      vertex   2.310656e+01 2.222737e+01 -1.985000e+02
    endloop
  endfacet
  facet normal 0.000000e+00 0.000000e+00 -1.000000e+00
    outer loop
      vertex   2.310656e+01 2.222737e+01 -1.985000e+02
      vertex   2.557272e+01 2.255204e+01 -1.985000e+02
      vertex   2.478888e+01 2.222737e+01 -1.985000e+02
    endloop
  endfacet
  facet normal 0.000000e+00 0.000000e+00 -1.000000e+00
    outer loop
      vertex   2.310656e+01 2.222737e+01 -1.985000e+02
      vertex   2.478888e+01 2.222737e+01 -1.985000e+02
      vertex   2.394772e+01 2.211663e+01 -1.985000e+02
    endloop
  endfacet
  facet normal 0.000000e+00 0.000000e+00 -1.000000e+00
    outer loop
      vertex   2.708698e+01 2.620779e+01 -1.985000e+02
      vertex   2.080846e+01 2.620779e+01 -1.985000e+02
      vertex   2.676230e+01 2.699163e+01 -1.985000e+02
    endloop
  endfacet
  facet normal -0.000000e+00 0.000000e+00 -1.000000e+00
    outer loop
      vertex   2.676230e+01 2.699163e+01 -1.985000e+02
      vertex   2.080846e+01 2.620779e+01 -1.985000e+02
      vertex   2.113314e+01 2.699163e+01 -1.985000e+02
    endloop
  endfacet
  facet normal 0.000000e+00 0.000000e+00 -1.000000e+00
    outer loop
      vertex   2.676230e+01 2.699163e+01 -1.985000e+02
      vertex   2.113314e+01 2.699163e+01 -1.985000e+02
      vertex   2.624582e+01 2.766472e+01 -1.985000e+02
    endloop
  endfacet
  facet normal -0.000000e+00 0.000000e+00 -1.000000e+00
    outer loop
      vertex   2.624582e+01 2.766472e+01 -1.985000e+02
      vertex   2.113314e+01 2.699163e+01 -1.985000e+02
      vertex   2.164962e+01 2.766472e+01 -1.985000e+02
    endloop
  endfacet
  facet normal 0.000000e+00 0.000000e+00 -1.000000e+00
    outer loop
      vertex   2.624582e+01 2.766472e+01 -1.985000e+02
      vertex   2.164962e+01 2.766472e+01 -1.985000e+02
      vertex   2.557272e+01 2.818121e+01 -1.985000e+02
    endloop
  endfacet
  facet normal -0.000000e+00 0.000000e+00 -1.000000e+00
    outer loop
      vertex   2.557272e+01 2.818121e+01 -1.985000e+02
      vertex   2.164962e+01 2.766472e+01 -1.985000e+02
      vertex   2.232272e+01 2.818121e+01 -1.985000e+02
    endloop
  endfacet
  facet normal 0.000000e+00 0.000000e+00 -1.000000e+00
    outer loop
      vertex   2.557272e+01 2.818121e+01 -1.985000e+02
      vertex   2.232272e+01 2.818121e+01 -1.985000e+02
      vertex   2.478888e+01 2.850589e+01 -1.985000e+02
    endloop
  endfacet
  facet normal -0.000000e+00 0.000000e+00 -1.000000e+00
    outer loop
      vertex   2.478888e+01 2.850589e+01 -1.985000e+02
      vertex   2.232272e+01 2.818121e+01 -1.985000e+02
      vertex   2.310656e+01 2.850589e+01 -1.985000e+02
    endloop
  endfacet
  facet normal 0.000000e+00 0.000000e+00 -1.000000e+00
    outer loop
      vertex   2.478888e+01 2.850589e+01 -1.985000e+02
      vertex   2.310656e+01 2.850589e+01 -1.985000e+02
      vertex   2.394772e+01 2.861663e+01 -1.985000e+02
    endloop
  endfacet
  facet normal 9.914449e-01 -1.305262e-01 0.000000e+00
    outer loop
      vertex   2.080846e+01 4.323029e+01 -2.000000e+02
      vertex   2.080846e+01 4.323029e+01 -1.985000e+02
      vertex   2.069772e+01 4.238913e+01 -2.000000e+02
    endloop
  endfacet
  facet normal 9.914449e-01 -1.305262e-01 0.000000e+00
    outer loop
      vertex   2.069772e+01 4.238913e+01 -2.000000e+02
      vertex   2.080846e+01 4.323029e+01 -1.985000e+02
      vertex   2.069772e+01 4.238913e+01 -1.985000e+02
    endloop
  endfacet
  facet normal 9.914449e-01 1.305262e-01 -0.000000e+00
    outer loop
      vertex   2.069772e+01 4.238913e+01 -2.000000e+02
      vertex   2.069772e+01 4.238913e+01 -1.985000e+02
      vertex   2.080846e+01 4.154796e+01 -2.000000e+02
    endloop
  endfacet
  facet normal 9.914449e-01 1.305262e-01 -0.000000e+00
    outer loop
      vertex   2.080846e+01 4.154796e+01 -2.000000e+02
      vertex   2.069772e+01 4.238913e+01 -1.985000e+02
      vertex   2.080846e+01 4.154796e+01 -1.985000e+02
    endloop
  endfacet
  facet normal 9.238795e-01 3.826834e-01 -0.000000e+00
    outer loop
      vertex   2.080846e+01 4.154796e+01 -2.000000e+02
      vertex   2.080846e+01 4.154796e+01 -1.985000e+02
      vertex   2.113314e+01 4.076413e+01 -2.000000e+02
    endloop
  endfacet
  facet normal 9.238795e-01 3.826834e-01 -0.000000e+00
    outer loop
      vertex   2.113314e+01 4.076413e+01 -2.000000e+02
      vertex   2.080846e+01 4.154796e+01 -1.985000e+02
      vertex   2.113314e+01 4.076413e+01 -1.985000e+02
    endloop
  endfacet
  facet normal 7.933533e-01 6.087614e-01 -0.000000e+00
    outer loop
      vertex   2.113314e+01 4.076413e+01 -2.000000e+02
      vertex   2.113314e+01 4.076413e+01 -1.985000e+02
      vertex   2.164962e+01 4.009103e+01 -2.000000e+02
    endloop
  endfacet
  facet normal 7.933533e-01 6.087614e-01 -0.000000e+00
    outer loop
      vertex   2.164962e+01 4.009103e+01 -2.000000e+02
      vertex   2.113314e+01 4.076413e+01 -1.985000e+02
      vertex   2.164962e+01 4.009103e+01 -1.985000e+02
    endloop
  endfacet
  facet normal 6.087614e-01 7.933533e-01 -0.000000e+00
    outer loop
      vertex   2.164962e+01 4.009103e+01 -2.000000e+02
      vertex   2.164962e+01 4.009103e+01 -1.985000e+02
      vertex   2.232272e+01 3.957454e+01 -2.000000e+02
    endloop
  endfacet
  facet normal 6.087614e-01 7.933533e-01 -0.000000e+00
    outer loop
      vertex   2.232272e+01 3.957454e+01 -2.000000e+02
      vertex   2.164962e+01 4.009103e+01 -1.985000e+02
      vertex   2.232272e+01 3.957454e+01 -1.985000e+02
    endloop
  endfacet
  facet normal 3.826834e-01 9.238795e-01 -0.000000e+00
    outer loop
      vertex   2.232272e+01 3.957454e+01 -2.000000e+02
      vertex   2.232272e+01 3.957454e+01 -1.985000e+02
      vertex   2.310656e+01 3.924987e+01 -2.000000e+02
    endloop
  endfacet
  facet normal 3.826834e-01 9.238795e-01 -0.000000e+00
    outer loop
      vertex   2.310656e+01 3.924987e+01 -2.000000e+02
      vertex   2.232272e+01 3.957454e+01 -1.985000e+02
      vertex   2.310656e+01 3.924987e+01 -1.985000e+02
    endloop
  endfacet
  facet normal 1.305262e-01 9.914449e-01 -0.000000e+00
    outer loop
      vertex   2.310656e+01 3.924987e+01 -2.000000e+02
      vertex   2.310656e+01 3.924987e+01 -1.985000e+02
      vertex   2.394772e+01 3.913913e+01 -2.000000e+02
    endloop
  endfacet
  facet normal 1.305262e-01 9.914449e-01 -0.000000e+00
    outer loop
      vertex   2.394772e+01 3.913913e+01 -2.000000e+02
      vertex   2.310656e+01 3.924987e+01 -1.985000e+02
      vertex   2.394772e+01 3.913913e+01 -1.985000e+02
    endloop
  endfacet
  facet normal -1.305262e-01 9.914449e-01 0.000000e+00
    outer loop
      vertex   2.394772e+01 3.913913e+01 -2.000000e+02
      vertex   2.394772e+01 3.913913e+01 -1.985000e+02
      vertex   2.478888e+01 3.924987e+01 -2.000000e+02
    endloop
  endfacet
  facet normal -1.305262e-01 9.914449e-01 0.000000e+00
    outer loop
      vertex   2.478888e+01 3.924987e+01 -2.000000e+02
      vertex   2.394772e+01 3.913913e+01 -1.985000e+02
      vertex   2.478888e+01 3.924987e+01 -1.985000e+02
    endloop
  endfacet
  facet normal -3.826834e-01 9.238795e-01 0.000000e+00
    outer loop
      vertex   2.478888e+01 3.924987e+01 -2.000000e+02
      vertex   2.478888e+01 3.924987e+01 -1.985000e+02
      vertex   2.557272e+01 3.957454e+01 -2.000000e+02
    endloop
  endfacet
  facet normal -3.826834e-01 9.238795e-01 0.000000e+00
    outer loop
      vertex   2.557272e+01 3.957454e+01 -2.000000e+02
      vertex   2.478888e+01 3.924987e+01 -1.985000e+02
      vertex   2.557272e+01 3.957454e+01 -1.985000e+02
    endloop
  endfacet
  facet normal -6.087614e-01 7.933533e-01 0.000000e+00
    outer loop
      vertex   2.557272e+01 3.957454e+01 -2.000000e+02
      vertex   2.557272e+01 3.957454e+01 -1.985000e+02
      vertex   2.624582e+01 4.009103e+01 -2.000000e+02
    endloop
  endfacet
  facet normal -6.087614e-01 7.933533e-01 0.000000e+00
    outer loop
      vertex   2.624582e+01 4.009103e+01 -2.000000e+02
      vertex   2.557272e+01 3.957454e+01 -1.985000e+02
      vertex   2.624582e+01 4.009103e+01 -1.985000e+02
    endloop
  endfacet
  facet normal -7.933533e-01 6.087614e-01 0.000000e+00
    outer loop
      vertex   2.624582e+01 4.009103e+01 -2.000000e+02
      vertex   2.624582e+01 4.009103e+01 -1.985000e+02
      vertex   2.676230e+01 4.076413e+01 -2.000000e+02
    endloop
  endfacet
  facet normal -7.933533e-01 6.087614e-01 0.000000e+00
    outer loop
      vertex   2.676230e+01 4.076413e+01 -2.000000e+02
      vertex   2.624582e+01 4.009103e+01 -1.985000e+02
      vertex   2.676230e+01 4.076413e+01 -1.985000e+02
    endloop
  endfacet
  facet normal -9.238795e-01 3.826834e-01 0.000000e+00
    outer loop
      vertex   2.676230e+01 4.076413e+01 -2.000000e+02
      vertex   2.676230e+01 4.076413e+01 -1.985000e+02
      vertex   2.708698e+01 4.154796e+01 -2.000000e+02
    endloop
  endfacet
  facet normal -9.238795e-01 3.826834e-01 0.000000e+00
    outer loop
      vertex   2.708698e+01 4.154796e+01 -2.000000e+02
      vertex   2.676230e+01 4.076413e+01 -1.985000e+02
      vertex   2.708698e+01 4.154796e+01 -1.985000e+02
    endloop
  endfacet
  facet normal -9.914449e-01 1.305262e-01 0.000000e+00
    outer loop
      vertex   2.708698e+01 4.154796e+01 -2.000000e+02
      vertex   2.708698e+01 4.154796e+01 -1.985000e+02
      vertex   2.719772e+01 4.238913e+01 -2.000000e+02
    endloop
  endfacet
  facet normal -9.914449e-01 1.305262e-01 0.000000e+00
    outer loop
      vertex   2.719772e+01 4.238913e+01 -2.000000e+02
      vertex   2.708698e+01 4.154796e+01 -1.985000e+02
      vertex   2.719772e+01 4.238913e+01 -1.985000e+02
    endloop
  endfacet
  facet normal -9.914449e-01 -1.305262e-01 0.000000e+00
    outer loop
      vertex   2.719772e+01 4.238913e+01 -2.000000e+02
      vertex   2.719772e+01 4.238913e+01 -1.985000e+02
      vertex   2.708698e+01 4.323029e+01 -2.000000e+02
    endloop
  endfacet
  facet normal -9.914449e-01 -1.305262e-01 0.000000e+00
    outer loop
      vertex   2.708698e+01 4.323029e+01 -2.000000e+02
      vertex   2.719772e+01 4.238913e+01 -1.985000e+02
      vertex   2.708698e+01 4.323029e+01 -1.985000e+02
    endloop
  endfacet
  facet normal -9.238795e-01 -3.826834e-01 0.000000e+00
    outer loop
      vertex   2.708698e+01 4.323029e+01 -2.000000e+02
      vertex   2.708698e+01 4.323029e+01 -1.985000e+02
      vertex   2.676230e+01 4.401413e+01 -2.000000e+02
    endloop
  endfacet
  facet normal -9.238795e-01 -3.826834e-01 0.000000e+00
    outer loop
      vertex   2.676230e+01 4.401413e+01 -2.000000e+02
      vertex   2.708698e+01 4.323029e+01 -1.985000e+02
      vertex   2.676230e+01 4.401413e+01 -1.985000e+02
    endloop
  endfacet
  facet normal -7.933533e-01 -6.087614e-01 0.000000e+00
    outer loop
      vertex   2.676230e+01 4.401413e+01 -2.000000e+02
      vertex   2.676230e+01 4.401413e+01 -1.985000e+02
      vertex   2.624582e+01 4.468722e+01 -2.000000e+02
    endloop
  endfacet
  facet normal -7.933533e-01 -6.087614e-01 0.000000e+00
    outer loop
      vertex   2.624582e+01 4.468722e+01 -2.000000e+02
      vertex   2.676230e+01 4.401413e+01 -1.985000e+02
      vertex   2.624582e+01 4.468722e+01 -1.985000e+02
    endloop
  endfacet
  facet normal -6.087614e-01 -7.933533e-01 0.000000e+00
    outer loop
      vertex   2.624582e+01 4.468722e+01 -2.000000e+02
      vertex   2.624582e+01 4.468722e+01 -1.985000e+02
      vertex   2.557272e+01 4.520371e+01 -2.000000e+02
    endloop
  endfacet
  facet normal -6.087614e-01 -7.933533e-01 0.000000e+00
    outer loop
      vertex   2.557272e+01 4.520371e+01 -2.000000e+02
      vertex   2.624582e+01 4.468722e+01 -1.985000e+02
      vertex   2.557272e+01 4.520371e+01 -1.985000e+02
    endloop
  endfacet
  facet normal -3.826834e-01 -9.238795e-01 0.000000e+00
    outer loop
      vertex   2.557272e+01 4.520371e+01 -2.000000e+02
      vertex   2.557272e+01 4.520371e+01 -1.985000e+02
      vertex   2.478888e+01 4.552839e+01 -2.000000e+02
    endloop
  endfacet
  facet normal -3.826834e-01 -9.238795e-01 0.000000e+00
    outer loop
      vertex   2.478888e+01 4.552839e+01 -2.000000e+02
      vertex   2.557272e+01 4.520371e+01 -1.985000e+02
      vertex   2.478888e+01 4.552839e+01 -1.985000e+02
    endloop
  endfacet
  facet normal -1.305262e-01 -9.914449e-01 0.000000e+00
    outer loop
      vertex   2.478888e+01 4.552839e+01 -2.000000e+02
      vertex   2.478888e+01 4.552839e+01 -1.985000e+02
      vertex   2.394772e+01 4.563913e+01 -2.000000e+02
    endloop
  endfacet
  facet normal -1.305262e-01 -9.914449e-01 0.000000e+00
    outer loop
      vertex   2.394772e+01 4.563913e+01 -2.000000e+02
      vertex   2.478888e+01 4.552839e+01 -1.985000e+02
      vertex   2.394772e+01 4.563913e+01 -1.985000e+02
    endloop
  endfacet
  facet normal 1.305262e-01 -9.914449e-01 0.000000e+00
    outer loop
      vertex   2.394772e+01 4.563913e+01 -2.000000e+02
      vertex   2.394772e+01 4.563913e+01 -1.985000e+02
      vertex   2.310656e+01 4.552839e+01 -2.000000e+02
    endloop
  endfacet
  facet normal 1.305262e-01 -9.914449e-01 0.000000e+00
    outer loop
      vertex   2.310656e+01 4.552839e+01 -2.000000e+02
      vertex   2.394772e+01 4.563913e+01 -1.985000e+02
      vertex   2.310656e+01 4.552839e+01 -1.985000e+02
    endloop
  endfacet
  facet normal 3.826834e-01 -9.238795e-01 0.000000e+00
    outer loop
      vertex   2.310656e+01 4.552839e+01 -2.000000e+02
      vertex   2.310656e+01 4.552839e+01 -1.985000e+02
      vertex   2.232272e+01 4.520371e+01 -2.000000e+02
    endloop
  endfacet
  facet normal 3.826834e-01 -9.238795e-01 0.000000e+00
    outer loop
      vertex   2.232272e+01 4.520371e+01 -2.000000e+02
      vertex   2.310656e+01 4.552839e+01 -1.985000e+02
      vertex   2.232272e+01 4.520371e+01 -1.985000e+02
    endloop
  endfacet
  facet normal 6.087614e-01 -7.933533e-01 0.000000e+00
    outer loop
      vertex   2.232272e+01 4.520371e+01 -2.000000e+02
      vertex   2.232272e+01 4.520371e+01 -1.985000e+02
      vertex   2.164962e+01 4.468722e+01 -2.000000e+02
    endloop
  endfacet
  facet normal 6.087614e-01 -7.933533e-01 0.000000e+00
    outer loop
      vertex   2.164962e+01 4.468722e+01 -2.000000e+02
      vertex   2.232272e+01 4.520371e+01 -1.985000e+02
      vertex   2.164962e+01 4.468722e+01 -1.985000e+02
    endloop
  endfacet
  facet normal 7.933533e-01 -6.087614e-01 0.000000e+00
    outer loop
      vertex   2.164962e+01 4.468722e+01 -2.000000e+02
      vertex   2.164962e+01 4.468722e+01 -1.985000e+02
      vertex   2.113314e+01 4.401413e+01 -2.000000e+02
    endloop
  endfacet
  facet normal 7.933533e-01 -6.087614e-01 0.000000e+00
    outer loop
      vertex   2.113314e+01 4.401413e+01 -2.000000e+02
      vertex   2.164962e+01 4.468722e+01 -1.985000e+02
      vertex   2.113314e+01 4.401413e+01 -1.985000e+02
    endloop
  endfacet
  facet normal 9.238795e-01 -3.826834e-01 0.000000e+00
    outer loop
      vertex   2.113314e+01 4.401413e+01 -2.000000e+02
      vertex   2.113314e+01 4.401413e+01 -1.985000e+02
      vertex   2.080846e+01 4.323029e+01 -2.000000e+02
    endloop
  endfacet
  facet normal 9.238795e-01 -3.826834e-01 0.000000e+00
    outer loop
      vertex   2.080846e+01 4.323029e+01 -2.000000e+02
      vertex   2.113314e+01 4.401413e+01 -1.985000e+02
      vertex   2.080846e+01 4.323029e+01 -1.985000e+02
    endloop
  endfacet
  facet normal 0.000000e+00 -0.000000e+00 -1.000000e+00
    outer loop
      vertex   2.080846e+01 4.323029e+01 -1.985000e+02
      vertex   2.708698e+01 4.323029e+01 -1.985000e+02
      vertex   2.069772e+01 4.238913e+01 -1.985000e+02
    endloop
  endfacet
  facet normal 0.000000e+00 0.000000e+00 -1.000000e+00
    outer loop
      vertex   2.069772e+01 4.238913e+01 -1.985000e+02
      vertex   2.708698e+01 4.323029e+01 -1.985000e+02
      vertex   2.719772e+01 4.238913e+01 -1.985000e+02
    endloop
  endfacet
  facet normal 0.000000e+00 0.000000e+00 -1.000000e+00
    outer loop
      vertex   2.069772e+01 4.238913e+01 -1.985000e+02
      vertex   2.719772e+01 4.238913e+01 -1.985000e+02
      vertex   2.080846e+01 4.154796e+01 -1.985000e+02
    endloop
  endfacet
  facet normal 0.000000e+00 0.000000e+00 -1.000000e+00
    outer loop
      vertex   2.080846e+01 4.154796e+01 -1.985000e+02
      vertex   2.719772e+01 4.238913e+01 -1.985000e+02
      vertex   2.708698e+01 4.154796e+01 -1.985000e+02
    endloop
  endfacet
  facet normal 0.000000e+00 0.000000e+00 -1.000000e+00
    outer loop
      vertex   2.080846e+01 4.154796e+01 -1.985000e+02
      vertex   2.708698e+01 4.154796e+01 -1.985000e+02
      vertex   2.113314e+01 4.076413e+01 -1.985000e+02
    endloop
  endfacet
  facet normal 0.000000e+00 0.000000e+00 -1.000000e+00
    outer loop
      vertex   2.113314e+01 4.076413e+01 -1.985000e+02
      vertex   2.708698e+01 4.154796e+01 -1.985000e+02
      vertex   2.676230e+01 4.076413e+01 -1.985000e+02
    endloop
  endfacet
  facet normal 0.000000e+00 0.000000e+00 -1.000000e+00
    outer loop
      vertex   2.113314e+01 4.076413e+01 -1.985000e+02
      vertex   2.676230e+01 4.076413e+01 -1.985000e+02
      vertex   2.164962e+01 4.009103e+01 -1.985000e+02
    endloop
  endfacet
  facet normal 0.000000e+00 0.000000e+00 -1.000000e+00
    outer loop
      vertex   2.164962e+01 4.009103e+01 -1.985000e+02
      vertex   2.676230e+01 4.076413e+01 -1.985000e+02
      vertex   2.624582e+01 4.009103e+01 -1.985000e+02
    endloop
  endfacet
  facet normal 0.000000e+00 0.000000e+00 -1.000000e+00
    outer loop
      vertex   2.164962e+01 4.009103e+01 -1.985000e+02
      vertex   2.624582e+01 4.009103e+01 -1.985000e+02
      vertex   2.232272e+01 3.957454e+01 -1.985000e+02
    endloop
  endfacet
  facet normal 0.000000e+00 0.000000e+00 -1.000000e+00
    outer loop
      vertex   2.232272e+01 3.957454e+01 -1.985000e+02
      vertex   2.624582e+01 4.009103e+01 -1.985000e+02
      vertex   2.557272e+01 3.957454e+01 -1.985000e+02
    endloop
  endfacet
  facet normal 0.000000e+00 0.000000e+00 -1.000000e+00
    outer loop
      vertex   2.232272e+01 3.957454e+01 -1.985000e+02
      vertex   2.557272e+01 3.957454e+01 -1.985000e+02
      vertex   2.310656e+01 3.924987e+01 -1.985000e+02
    endloop
  endfacet
  facet normal 0.000000e+00 0.000000e+00 -1.000000e+00
    outer loop
      vertex   2.310656e+01 3.924987e+01 -1.985000e+02
      vertex   2.557272e+01 3.957454e+01 -1.985000e+02
      vertex   2.478888e+01 3.924987e+01 -1.985000e+02
    endloop
  endfacet
  facet normal 0.000000e+00 0.000000e+00 -1.000000e+00
    outer loop
      vertex   2.310656e+01 3.924987e+01 -1.985000e+02
      vertex   2.478888e+01 3.924987e+01 -1.985000e+02
      vertex   2.394772e+01 3.913913e+01 -1.985000e+02
    endloop
  endfacet
  facet normal 0.000000e+00 0.000000e+00 -1.000000e+00
    outer loop
      vertex   2.708698e+01 4.323029e+01 -1.985000e+02
      vertex   2.080846e+01 4.323029e+01 -1.985000e+02
      vertex   2.676230e+01 4.401413e+01 -1.985000e+02
    endloop
  endfacet
  facet normal -0.000000e+00 0.000000e+00 -1.000000e+00
    outer loop
      vertex   2.676230e+01 4.401413e+01 -1.985000e+02
      vertex   2.080846e+01 4.323029e+01 -1.985000e+02
      vertex   2.113314e+01 4.401413e+01 -1.985000e+02
    endloop
  endfacet
  facet normal 0.000000e+00 0.000000e+00 -1.000000e+00
    outer loop
      vertex   2.676230e+01 4.401413e+01 -1.985000e+02
      vertex   2.113314e+01 4.401413e+01 -1.985000e+02
      vertex   2.624582e+01 4.468722e+01 -1.985000e+02
    endloop
  endfacet
  facet normal -0.000000e+00 0.000000e+00 -1.000000e+00
    outer loop
      vertex   2.624582e+01 4.468722e+01 -1.985000e+02
      vertex   2.113314e+01 4.401413e+01 -1.985000e+02
      vertex   2.164962e+01 4.468722e+01 -1.985000e+02
    endloop
  endfacet
  facet normal 0.000000e+00 0.000000e+00 -1.000000e+00
    outer loop
      vertex   2.624582e+01 4.468722e+01 -1.985000e+02
      vertex   2.164962e+01 4.468722e+01 -1.985000e+02
      vertex   2.557272e+01 4.520371e+01 -1.985000e+02
    endloop
  endfacet
  facet normal -0.000000e+00 0.000000e+00 -1.000000e+00
    outer loop
      vertex   2.557272e+01 4.520371e+01 -1.985000e+02
      vertex   2.164962e+01 4.468722e+01 -1.985000e+02
      vertex   2.232272e+01 4.520371e+01 -1.985000e+02
    endloop
  endfacet
  facet normal 0.000000e+00 0.000000e+00 -1.000000e+00
    outer loop
      vertex   2.557272e+01 4.520371e+01 -1.985000e+02
      vertex   2.232272e+01 4.520371e+01 -1.985000e+02
      vertex   2.478888e+01 4.552839e+01 -1.985000e+02
    endloop
  endfacet
  facet normal -0.000000e+00 0.000000e+00 -1.000000e+00
    outer loop
      vertex   2.478888e+01 4.552839e+01 -1.985000e+02
      vertex   2.232272e+01 4.520371e+01 -1.985000e+02
      vertex   2.310656e+01 4.552839e+01 -1.985000e+02
    endloop
  endfacet
  facet normal 0.000000e+00 0.000000e+00 -1.000000e+00
    outer loop
      vertex   2.478888e+01 4.552839e+01 -1.985000e+02
      vertex   2.310656e+01 4.552839e+01 -1.985000e+02
      vertex   2.394772e+01 4.563913e+01 -1.985000e+02
    endloop
  endfacet
  facet normal 9.914449e-01 -1.305262e-01 0.000000e+00
    outer loop
      vertex   2.080846e+01 6.025279e+01 -2.000000e+02
      vertex   2.080846e+01 6.025279e+01 -1.985000e+02
      vertex   2.069772e+01 5.941163e+01 -2.000000e+02
    endloop
  endfacet
  facet normal 9.914449e-01 -1.305262e-01 0.000000e+00
    outer loop
      vertex   2.069772e+01 5.941163e+01 -2.000000e+02
      vertex   2.080846e+01 6.025279e+01 -1.985000e+02
      vertex   2.069772e+01 5.941163e+01 -1.985000e+02
    endloop
  endfacet
  facet normal 9.914449e-01 1.305262e-01 -0.000000e+00
    outer loop
      vertex   2.069772e+01 5.941163e+01 -2.000000e+02
      vertex   2.069772e+01 5.941163e+01 -1.985000e+02
      vertex   2.080846e+01 5.857046e+01 -2.000000e+02
    endloop
  endfacet
  facet normal 9.914449e-01 1.305262e-01 -0.000000e+00
    outer loop
      vertex   2.080846e+01 5.857046e+01 -2.000000e+02
      vertex   2.069772e+01 5.941163e+01 -1.985000e+02
      vertex   2.080846e+01 5.857046e+01 -1.985000e+02
    endloop
  endfacet
  facet normal 9.238795e-01 3.826834e-01 -0.000000e+00
    outer loop
      vertex   2.080846e+01 5.857046e+01 -2.000000e+02
      vertex   2.080846e+01 5.857046e+01 -1.985000e+02
      vertex   2.113314e+01 5.778663e+01 -2.000000e+02
    endloop
  endfacet
  facet normal 9.238795e-01 3.826834e-01 -0.000000e+00
    outer loop
      vertex   2.113314e+01 5.778663e+01 -2.000000e+02
      vertex   2.080846e+01 5.857046e+01 -1.985000e+02
      vertex   2.113314e+01 5.778663e+01 -1.985000e+02
    endloop
  endfacet
  facet normal 7.933533e-01 6.087614e-01 -0.000000e+00
    outer loop
      vertex   2.113314e+01 5.778663e+01 -2.000000e+02
      vertex   2.113314e+01 5.778663e+01 -1.985000e+02
      vertex   2.164962e+01 5.711353e+01 -2.000000e+02
    endloop
  endfacet
  facet normal 7.933533e-01 6.087614e-01 -0.000000e+00
    outer loop
      vertex   2.164962e+01 5.711353e+01 -2.000000e+02
      vertex   2.113314e+01 5.778663e+01 -1.985000e+02
      vertex   2.164962e+01 5.711353e+01 -1.985000e+02
    endloop
  endfacet
  facet normal 6.087614e-01 7.933533e-01 -0.000000e+00
    outer loop
      vertex   2.164962e+01 5.711353e+01 -2.000000e+02
      vertex   2.164962e+01 5.711353e+01 -1.985000e+02
      vertex   2.232272e+01 5.659704e+01 -2.000000e+02
    endloop
  endfacet
  facet normal 6.087614e-01 7.933533e-01 -0.000000e+00
    outer loop
      vertex   2.232272e+01 5.659704e+01 -2.000000e+02
      vertex   2.164962e+01 5.711353e+01 -1.985000e+02
      vertex   2.232272e+01 5.659704e+01 -1.985000e+02
    endloop
  endfacet
  facet normal 3.826834e-01 9.238795e-01 -0.000000e+00
    outer loop
      vertex   2.232272e+01 5.659704e+01 -2.000000e+02
      vertex   2.232272e+01 5.659704e+01 -1.985000e+02
      vertex   2.310656e+01 5.627237e+01 -2.000000e+02
    endloop
  endfacet
  facet normal 3.826834e-01 9.238795e-01 -0.000000e+00
    outer loop
      vertex   2.310656e+01 5.627237e+01 -2.000000e+02
      vertex   2.232272e+01 5.659704e+01 -1.985000e+02
      vertex   2.310656e+01 5.627237e+01 -1.985000e+02
    endloop
  endfacet
  facet normal 1.305262e-01 9.914449e-01 -0.000000e+00
    outer loop
      vertex   2.310656e+01 5.627237e+01 -2.000000e+02
      vertex   2.310656e+01 5.627237e+01 -1.985000e+02
      vertex   2.394772e+01 5.616163e+01 -2.000000e+02
    endloop
  endfacet
  facet normal 1.305262e-01 9.914449e-01 -0.000000e+00
    outer loop
      vertex   2.394772e+01 5.616163e+01 -2.000000e+02
      vertex   2.310656e+01 5.627237e+01 -1.985000e+02
      vertex   2.394772e+01 5.616163e+01 -1.985000e+02
    endloop
  endfacet
  facet normal -1.305262e-01 9.914449e-01 0.000000e+00
    outer loop
      vertex   2.394772e+01 5.616163e+01 -2.000000e+02
      vertex   2.394772e+01 5.616163e+01 -1.985000e+02
      vertex   2.478888e+01 5.627237e+01 -2.000000e+02
    endloop
  endfacet
  facet normal -1.305262e-01 9.914449e-01 0.000000e+00
    outer loop
      vertex   2.478888e+01 5.627237e+01 -2.000000e+02
      vertex   2.394772e+01 5.616163e+01 -1.985000e+02
      vertex   2.478888e+01 5.627237e+01 -1.985000e+02
    endloop
  endfacet
  facet normal -3.826834e-01 9.238795e-01 0.000000e+00
    outer loop
      vertex   2.478888e+01 5.627237e+01 -2.000000e+02
      vertex   2.478888e+01 5.627237e+01 -1.985000e+02
      vertex   2.557272e+01 5.659704e+01 -2.000000e+02
    endloop
  endfacet
  facet normal -3.826834e-01 9.238795e-01 0.000000e+00
    outer loop
      vertex   2.557272e+01 5.659704e+01 -2.000000e+02
      vertex   2.478888e+01 5.627237e+01 -1.985000e+02
      vertex   2.557272e+01 5.659704e+01 -1.985000e+02
    endloop
  endfacet
  facet normal -6.087614e-01 7.933533e-01 0.000000e+00
    outer loop
      vertex   2.557272e+01 5.659704e+01 -2.000000e+02
      vertex   2.557272e+01 5.659704e+01 -1.985000e+02
      vertex   2.624582e+01 5.711353e+01 -2.000000e+02
    endloop
  endfacet
  facet normal -6.087614e-01 7.933533e-01 0.000000e+00
    outer loop
      vertex   2.624582e+01 5.711353e+01 -2.000000e+02
      vertex   2.557272e+01 5.659704e+01 -1.985000e+02
      vertex   2.624582e+01 5.711353e+01 -1.985000e+02
    endloop
  endfacet
  facet normal -7.933533e-01 6.087614e-01 0.000000e+00
    outer loop
      vertex   2.624582e+01 5.711353e+01 -2.000000e+02
      vertex   2.624582e+01 5.711353e+01 -1.985000e+02
      vertex   2.676230e+01 5.778663e+01 -2.000000e+02
    endloop
  endfacet
  facet normal -7.933533e-01 6.087614e-01 0.000000e+00
    outer loop
      vertex   2.676230e+01 5.778663e+01 -2.000000e+02
      vertex   2.624582e+01 5.711353e+01 -1.985000e+02
      vertex   2.676230e+01 5.778663e+01 -1.985000e+02
    endloop
  endfacet
  facet normal -9.238795e-01 3.826834e-01 0.000000e+00
    outer loop
      vertex   2.676230e+01 5.778663e+01 -2.000000e+02
      vertex   2.676230e+01 5.778663e+01 -1.985000e+02
      vertex   2.708698e+01 5.857046e+01 -2.000000e+02
    endloop
  endfacet
  facet normal -9.238795e-01 3.826834e-01 0.000000e+00
    outer loop
      vertex   2.708698e+01 5.857046e+01 -2.000000e+02
      vertex   2.676230e+01 5.778663e+01 -1.985000e+02
      vertex   2.708698e+01 5.857046e+01 -1.985000e+02
    endloop
  endfacet
  facet normal -9.914449e-01 1.305262e-01 0.000000e+00
    outer loop
      vertex   2.708698e+01 5.857046e+01 -2.000000e+02
      vertex   2.708698e+01 5.857046e+01 -1.985000e+02
      vertex   2.719772e+01 5.941163e+01 -2.000000e+02
    endloop
  endfacet
  facet normal -9.914449e-01 1.305262e-01 0.000000e+00
    outer loop
      vertex   2.719772e+01 5.941163e+01 -2.000000e+02
      vertex   2.708698e+01 5.857046e+01 -1.985000e+02
      vertex   2.719772e+01 5.941163e+01 -1.985000e+02
    endloop
  endfacet
  facet normal -9.914449e-01 -1.305262e-01 0.000000e+00
    outer loop
      vertex   2.719772e+01 5.941163e+01 -2.000000e+02
      vertex   2.719772e+01 5.941163e+01 -1.985000e+02
      vertex   2.708698e+01 6.025279e+01 -2.000000e+02
    endloop
  endfacet
  facet normal -9.914449e-01 -1.305262e-01 0.000000e+00
    outer loop
      vertex   2.708698e+01 6.025279e+01 -2.000000e+02
      vertex   2.719772e+01 5.941163e+01 -1.985000e+02
      vertex   2.708698e+01 6.025279e+01 -1.985000e+02
    endloop
  endfacet
  facet normal -9.238795e-01 -3.826834e-01 0.000000e+00
    outer loop
      vertex   2.708698e+01 6.025279e+01 -2.000000e+02
      vertex   2.708698e+01 6.025279e+01 -1.985000e+02
      vertex   2.676230e+01 6.103663e+01 -2.000000e+02
    endloop
  endfacet
  facet normal -9.238795e-01 -3.826834e-01 0.000000e+00
    outer loop
      vertex   2.676230e+01 6.103663e+01 -2.000000e+02
      vertex   2.708698e+01 6.025279e+01 -1.985000e+02
      vertex   2.676230e+01 6.103663e+01 -1.985000e+02
    endloop
  endfacet
  facet normal -7.933533e-01 -6.087614e-01 0.000000e+00
    outer loop
      vertex   2.676230e+01 6.103663e+01 -2.000000e+02
      vertex   2.676230e+01 6.103663e+01 -1.985000e+02
      vertex   2.624582e+01 6.170972e+01 -2.000000e+02
    endloop
  endfacet
  facet normal -7.933533e-01 -6.087614e-01 0.000000e+00
    outer loop
      vertex   2.624582e+01 6.170972e+01 -2.000000e+02
      vertex   2.676230e+01 6.103663e+01 -1.985000e+02
      vertex   2.624582e+01 6.170972e+01 -1.985000e+02
    endloop
  endfacet
  facet normal -6.087614e-01 -7.933533e-01 0.000000e+00
    outer loop
      vertex   2.624582e+01 6.170972e+01 -2.000000e+02
      vertex   2.624582e+01 6.170972e+01 -1.985000e+02
      vertex   2.557272e+01 6.222621e+01 -2.000000e+02
    endloop
  endfacet
  facet normal -6.087614e-01 -7.933533e-01 0.000000e+00
    outer loop
      vertex   2.557272e+01 6.222621e+01 -2.000000e+02
      vertex   2.624582e+01 6.170972e+01 -1.985000e+02
      vertex   2.557272e+01 6.222621e+01 -1.985000e+02
    endloop
  endfacet
  facet normal -3.826834e-01 -9.238795e-01 0.000000e+00
    outer loop
      vertex   2.557272e+01 6.222621e+01 -2.000000e+02
      vertex   2.557272e+01 6.222621e+01 -1.985000e+02
      vertex   2.478888e+01 6.255089e+01 -2.000000e+02
    endloop
  endfacet
  facet normal -3.826834e-01 -9.238795e-01 0.000000e+00
    outer loop
      vertex   2.478888e+01 6.255089e+01 -2.000000e+02
      vertex   2.557272e+01 6.222621e+01 -1.985000e+02
      vertex   2.478888e+01 6.255089e+01 -1.985000e+02
    endloop
  endfacet
  facet normal -1.305262e-01 -9.914449e-01 0.000000e+00
    outer loop
      vertex   2.478888e+01 6.255089e+01 -2.000000e+02
      vertex   2.478888e+01 6.255089e+01 -1.985000e+02
      vertex   2.394772e+01 6.266163e+01 -2.000000e+02
    endloop
  endfacet
  facet normal -1.305262e-01 -9.914449e-01 0.000000e+00
    outer loop
      vertex   2.394772e+01 6.266163e+01 -2.000000e+02
      vertex   2.478888e+01 6.255089e+01 -1.985000e+02
      vertex   2.394772e+01 6.266163e+01 -1.985000e+02
    endloop
  endfacet
  facet normal 1.305262e-01 -9.914449e-01 0.000000e+00
    outer loop
      vertex   2.394772e+01 6.266163e+01 -2.000000e+02
      vertex   2.394772e+01 6.266163e+01 -1.985000e+02
      vertex   2.310656e+01 6.255089e+01 -2.000000e+02
    endloop
  endfacet
  facet normal 1.305262e-01 -9.914449e-01 0.000000e+00
    outer loop
      vertex   2.310656e+01 6.255089e+01 -2.000000e+02
      vertex   2.394772e+01 6.266163e+01 -1.985000e+02
      vertex   2.310656e+01 6.255089e+01 -1.985000e+02
    endloop
  endfacet
  facet normal 3.826834e-01 -9.238795e-01 0.000000e+00
    outer loop
      vertex   2.310656e+01 6.255089e+01 -2.000000e+02
      vertex   2.310656e+01 6.255089e+01 -1.985000e+02
      vertex   2.232272e+01 6.222621e+01 -2.000000e+02
    endloop
  endfacet
  facet normal 3.826834e-01 -9.238795e-01 0.000000e+00
    outer loop
      vertex   2.232272e+01 6.222621e+01 -2.000000e+02
      vertex   2.310656e+01 6.255089e+01 -1.985000e+02
      vertex   2.232272e+01 6.222621e+01 -1.985000e+02
    endloop
  endfacet
  facet normal 6.087614e-01 -7.933533e-01 0.000000e+00
    outer loop
      vertex   2.232272e+01 6.222621e+01 -2.000000e+02
      vertex   2.232272e+01 6.222621e+01 -1.985000e+02
      vertex   2.164962e+01 6.170972e+01 -2.000000e+02
    endloop
  endfacet
  facet normal 6.087614e-01 -7.933533e-01 0.000000e+00
    outer loop
      vertex   2.164962e+01 6.170972e+01 -2.000000e+02
      vertex   2.232272e+01 6.222621e+01 -1.985000e+02
      vertex   2.164962e+01 6.170972e+01 -1.985000e+02
    endloop
  endfacet
  facet normal 7.933533e-01 -6.087614e-01 0.000000e+00
    outer loop
      vertex   2.164962e+01 6.170972e+01 -2.000000e+02
      vertex   2.164962e+01 6.170972e+01 -1.985000e+02
      vertex   2.113314e+01 6.103663e+01 -2.000000e+02
    endloop
  endfacet
  facet normal 7.933533e-01 -6.087614e-01 0.000000e+00
    outer loop
      vertex   2.113314e+01 6.103663e+01 -2.000000e+02
      vertex   2.164962e+01 6.170972e+01 -1.985000e+02
      vertex   2.113314e+01 6.103663e+01 -1.985000e+02
    endloop
  endfacet
  facet normal 9.238795e-01 -3.826834e-01 0.000000e+00
    outer loop
      vertex   2.113314e+01 6.103663e+01 -2.000000e+02
      vertex   2.113314e+01 6.103663e+01 -1.985000e+02
      vertex   2.080846e+01 6.025279e+01 -2.000000e+02
    endloop
  endfacet
  facet normal 9.238795e-01 -3.826834e-01 0.000000e+00
    outer loop
      vertex   2.080846e+01 6.025279e+01 -2.000000e+02
      vertex   2.113314e+01 6.103663e+01 -1.985000e+02
      vertex   2.080846e+01 6.025279e+01 -1.985000e+02
    endloop
  endfacet
  facet normal 0.000000e+00 -0.000000e+00 -1.000000e+00
    outer loop
      vertex   2.080846e+01 6.025279e+01 -1.985000e+02
      vertex   2.708698e+01 6.025279e+01 -1.985000e+02
      vertex   2.069772e+01 5.941163e+01 -1.985000e+02
    endloop
  endfacet
  facet normal 0.000000e+00 0.000000e+00 -1.000000e+00
    outer loop
      vertex   2.069772e+01 5.941163e+01 -1.985000e+02
      vertex   2.708698e+01 6.025279e+01 -1.985000e+02
      vertex   2.719772e+01 5.941163e+01 -1.985000e+02
    endloop
  endfacet
  facet normal 0.000000e+00 0.000000e+00 -1.000000e+00
    outer loop
      vertex   2.069772e+01 5.941163e+01 -1.985000e+02
      vertex   2.719772e+01 5.941163e+01 -1.985000e+02
      vertex   2.080846e+01 5.857046e+01 -1.985000e+02
    endloop
  endfacet
  facet normal 0.000000e+00 0.000000e+00 -1.000000e+00
    outer loop
      vertex   2.080846e+01 5.857046e+01 -1.985000e+02
      vertex   2.719772e+01 5.941163e+01 -1.985000e+02
      vertex   2.708698e+01 5.857046e+01 -1.985000e+02
    endloop
  endfacet
  facet normal 0.000000e+00 0.000000e+00 -1.000000e+00
    outer loop
      vertex   2.080846e+01 5.857046e+01 -1.985000e+02
      vertex   2.708698e+01 5.857046e+01 -1.985000e+02
      vertex   2.113314e+01 5.778663e+01 -1.985000e+02
    endloop
  endfacet
  facet normal 0.000000e+00 0.000000e+00 -1.000000e+00
    outer loop
      vertex   2.113314e+01 5.778663e+01 -1.985000e+02
      vertex   2.708698e+01 5.857046e+01 -1.985000e+02
      vertex   2.676230e+01 5.778663e+01 -1.985000e+02
    endloop
  endfacet
  facet normal 0.000000e+00 0.000000e+00 -1.000000e+00
    outer loop
      vertex   2.113314e+01 5.778663e+01 -1.985000e+02
      vertex   2.676230e+01 5.778663e+01 -1.985000e+02
      vertex   2.164962e+01 5.711353e+01 -1.985000e+02
    endloop
  endfacet
  facet normal 0.000000e+00 0.000000e+00 -1.000000e+00
    outer loop
      vertex   2.164962e+01 5.711353e+01 -1.985000e+02
      vertex   2.676230e+01 5.778663e+01 -1.985000e+02
      vertex   2.624582e+01 5.711353e+01 -1.985000e+02
    endloop
  endfacet
  facet normal 0.000000e+00 0.000000e+00 -1.000000e+00
    outer loop
      vertex   2.164962e+01 5.711353e+01 -1.985000e+02
      vertex   2.624582e+01 5.711353e+01 -1.985000e+02
      vertex   2.232272e+01 5.659704e+01 -1.985000e+02
    endloop
  endfacet
  facet normal 0.000000e+00 0.000000e+00 -1.000000e+00
    outer loop
      vertex   2.232272e+01 5.659704e+01 -1.985000e+02
      vertex   2.624582e+01 5.711353e+01 -1.985000e+02
      vertex   2.557272e+01 5.659704e+01 -1.985000e+02
    endloop
  endfacet
  facet normal 0.000000e+00 0.000000e+00 -1.000000e+00
    outer loop
      vertex   2.232272e+01 5.659704e+01 -1.985000e+02
      vertex   2.557272e+01 5.659704e+01 -1.985000e+02
      vertex   2.310656e+01 5.627237e+01 -1.985000e+02
    endloop
  endfacet
  facet normal 0.000000e+00 0.000000e+00 -1.000000e+00
    outer loop
      vertex   2.310656e+01 5.627237e+01 -1.985000e+02
      vertex   2.557272e+01 5.659704e+01 -1.985000e+02
      vertex   2.478888e+01 5.627237e+01 -1.985000e+02
    endloop
  endfacet
  facet normal 0.000000e+00 0.000000e+00 -1.000000e+00
    outer loop
      vertex   2.310656e+01 5.627237e+01 -1.985000e+02
      vertex   2.478888e+01 5.627237e+01 -1.985000e+02
      vertex   2.394772e+01 5.616163e+01 -1.985000e+02
    endloop
  endfacet
  facet normal 0.000000e+00 0.000000e+00 -1.000000e+00
    outer loop
      vertex   2.708698e+01 6.025279e+01 -1.985000e+02
      vertex   2.080846e+01 6.025279e+01 -1.985000e+02
      vertex   2.676230e+01 6.103663e+01 -1.985000e+02
    endloop
  endfacet
  facet normal -0.000000e+00 0.000000e+00 -1.000000e+00
    outer loop
      vertex   2.676230e+01 6.103663e+01 -1.985000e+02
      vertex   2.080846e+01 6.025279e+01 -1.985000e+02
      vertex   2.113314e+01 6.103663e+01 -1.985000e+02
    endloop
  endfacet
  facet normal 0.000000e+00 0.000000e+00 -1.000000e+00
    outer loop
      vertex   2.676230e+01 6.103663e+01 -1.985000e+02
      vertex   2.113314e+01 6.103663e+01 -1.985000e+02
      vertex   2.624582e+01 6.170972e+01 -1.985000e+02
    endloop
  endfacet
  facet normal -0.000000e+00 0.000000e+00 -1.000000e+00
    outer loop
      vertex   2.624582e+01 6.170972e+01 -1.985000e+02
      vertex   2.113314e+01 6.103663e+01 -1.985000e+02
      vertex   2.164962e+01 6.170972e+01 -1.985000e+02
    endloop
  endfacet
  facet normal 0.000000e+00 0.000000e+00 -1.000000e+00
    outer loop
      vertex   2.624582e+01 6.170972e+01 -1.985000e+02
      vertex   2.164962e+01 6.170972e+01 -1.985000e+02
      vertex   2.557272e+01 6.222621e+01 -1.985000e+02
    endloop
  endfacet
  facet normal -0.000000e+00 0.000000e+00 -1.000000e+00
    outer loop
      vertex   2.557272e+01 6.222621e+01 -1.985000e+02
      vertex   2.164962e+01 6.170972e+01 -1.985000e+02
      vertex   2.232272e+01 6.222621e+01 -1.985000e+02
    endloop
  endfacet
  facet normal 0.000000e+00 0.000000e+00 -1.000000e+00
    outer loop
      vertex   2.557272e+01 6.222621e+01 -1.985000e+02
      vertex   2.232272e+01 6.222621e+01 -1.985000e+02
      vertex   2.478888e+01 6.255089e+01 -1.985000e+02
    endloop
  endfacet
  facet normal -0.000000e+00 0.000000e+00 -1.000000e+00
    outer loop
      vertex   2.478888e+01 6.255089e+01 -1.985000e+02
      vertex   2.232272e+01 6.222621e+01 -1.985000e+02
      vertex   2.310656e+01 6.255089e+01 -1.985000e+02
    endloop
  endfacet
  facet normal 0.000000e+00 0.000000e+00 -1.000000e+00
    outer loop
      vertex   2.478888e+01 6.255089e+01 -1.985000e+02
      vertex   2.310656e+01 6.255089e+01 -1.985000e+02
      vertex   2.394772e+01 6.266163e+01 -1.985000e+02
    endloop
  endfacet
  facet normal 9.914449e-01 -1.305262e-01 0.000000e+00
    outer loop
      vertex   2.080846e+01 7.727529e+01 -2.000000e+02
      vertex   2.080846e+01 7.727529e+01 -1.985000e+02
      vertex   2.069772e+01 7.643413e+01 -2.000000e+02
    endloop
  endfacet
  facet normal 9.914449e-01 -1.305262e-01 0.000000e+00
    outer loop
      vertex   2.069772e+01 7.643413e+01 -2.000000e+02
      vertex   2.080846e+01 7.727529e+01 -1.985000e+02
      vertex   2.069772e+01 7.643413e+01 -1.985000e+02
    endloop
  endfacet
  facet normal 9.914449e-01 1.305262e-01 -0.000000e+00
    outer loop
      vertex   2.069772e+01 7.643413e+01 -2.000000e+02
      vertex   2.069772e+01 7.643413e+01 -1.985000e+02
      vertex   2.080846e+01 7.559296e+01 -2.000000e+02
    endloop
  endfacet
  facet normal 9.914449e-01 1.305262e-01 -0.000000e+00
    outer loop
      vertex   2.080846e+01 7.559296e+01 -2.000000e+02
      vertex   2.069772e+01 7.643413e+01 -1.985000e+02
      vertex   2.080846e+01 7.559296e+01 -1.985000e+02
    endloop
  endfacet
  facet normal 9.238795e-01 3.826834e-01 -0.000000e+00
    outer loop
      vertex   2.080846e+01 7.559296e+01 -2.000000e+02
      vertex   2.080846e+01 7.559296e+01 -1.985000e+02
      vertex   2.113314e+01 7.480913e+01 -2.000000e+02
    endloop
  endfacet
  facet normal 9.238795e-01 3.826834e-01 -0.000000e+00
    outer loop
      vertex   2.113314e+01 7.480913e+01 -2.000000e+02
      vertex   2.080846e+01 7.559296e+01 -1.985000e+02
      vertex   2.113314e+01 7.480913e+01 -1.985000e+02
    endloop
  endfacet
  facet normal 7.933533e-01 6.087614e-01 -0.000000e+00
    outer loop
      vertex   2.113314e+01 7.480913e+01 -2.000000e+02
      vertex   2.113314e+01 7.480913e+01 -1.985000e+02
      vertex   2.164962e+01 7.413603e+01 -2.000000e+02
    endloop
  endfacet
  facet normal 7.933533e-01 6.087614e-01 -0.000000e+00
    outer loop
      vertex   2.164962e+01 7.413603e+01 -2.000000e+02
      vertex   2.113314e+01 7.480913e+01 -1.985000e+02
      vertex   2.164962e+01 7.413603e+01 -1.985000e+02
    endloop
  endfacet
  facet normal 6.087614e-01 7.933533e-01 -0.000000e+00
    outer loop
      vertex   2.164962e+01 7.413603e+01 -2.000000e+02
      vertex   2.164962e+01 7.413603e+01 -1.985000e+02
      vertex   2.232272e+01 7.361954e+01 -2.000000e+02
    endloop
  endfacet
  facet normal 6.087614e-01 7.933533e-01 -0.000000e+00
    outer loop
      vertex   2.232272e+01 7.361954e+01 -2.000000e+02
      vertex   2.164962e+01 7.413603e+01 -1.985000e+02
      vertex   2.232272e+01 7.361954e+01 -1.985000e+02
    endloop
  endfacet
  facet normal 3.826834e-01 9.238795e-01 -0.000000e+00
    outer loop
      vertex   2.232272e+01 7.361954e+01 -2.000000e+02
      vertex   2.232272e+01 7.361954e+01 -1.985000e+02
      vertex   2.310656e+01 7.329487e+01 -2.000000e+02
    endloop
  endfacet
  facet normal 3.826834e-01 9.238795e-01 -0.000000e+00
    outer loop
      vertex   2.310656e+01 7.329487e+01 -2.000000e+02
      vertex   2.232272e+01 7.361954e+01 -1.985000e+02
      vertex   2.310656e+01 7.329487e+01 -1.985000e+02
    endloop
  endfacet
  facet normal 1.305262e-01 9.914449e-01 -0.000000e+00
    outer loop
      vertex   2.310656e+01 7.329487e+01 -2.000000e+02
      vertex   2.310656e+01 7.329487e+01 -1.985000e+02
      vertex   2.394772e+01 7.318413e+01 -2.000000e+02
    endloop
  endfacet
  facet normal 1.305262e-01 9.914449e-01 -0.000000e+00
    outer loop
      vertex   2.394772e+01 7.318413e+01 -2.000000e+02
      vertex   2.310656e+01 7.329487e+01 -1.985000e+02
      vertex   2.394772e+01 7.318413e+01 -1.985000e+02
    endloop
  endfacet
  facet normal -1.305262e-01 9.914449e-01 0.000000e+00
    outer loop
      vertex   2.394772e+01 7.318413e+01 -2.000000e+02
      vertex   2.394772e+01 7.318413e+01 -1.985000e+02
      vertex   2.478888e+01 7.329487e+01 -2.000000e+02
    endloop
  endfacet
  facet normal -1.305262e-01 9.914449e-01 0.000000e+00
    outer loop
      vertex   2.478888e+01 7.329487e+01 -2.000000e+02
      vertex   2.394772e+01 7.318413e+01 -1.985000e+02
      vertex   2.478888e+01 7.329487e+01 -1.985000e+02
    endloop
  endfacet
  facet normal -3.826834e-01 9.238795e-01 0.000000e+00
    outer loop
      vertex   2.478888e+01 7.329487e+01 -2.000000e+02
      vertex   2.478888e+01 7.329487e+01 -1.985000e+02
      vertex   2.557272e+01 7.361954e+01 -2.000000e+02
    endloop
  endfacet
  facet normal -3.826834e-01 9.238795e-01 0.000000e+00
    outer loop
      vertex   2.557272e+01 7.361954e+01 -2.000000e+02
      vertex   2.478888e+01 7.329487e+01 -1.985000e+02
      vertex   2.557272e+01 7.361954e+01 -1.985000e+02
    endloop
  endfacet
  facet normal -6.087614e-01 7.933533e-01 0.000000e+00
    outer loop
      vertex   2.557272e+01 7.361954e+01 -2.000000e+02
      vertex   2.557272e+01 7.361954e+01 -1.985000e+02
      vertex   2.624582e+01 7.413603e+01 -2.000000e+02
    endloop
  endfacet
  facet normal -6.087614e-01 7.933533e-01 0.000000e+00
    outer loop
      vertex   2.624582e+01 7.413603e+01 -2.000000e+02
      vertex   2.557272e+01 7.361954e+01 -1.985000e+02
      vertex   2.624582e+01 7.413603e+01 -1.985000e+02
    endloop
  endfacet
  facet normal -7.933533e-01 6.087614e-01 0.000000e+00
    outer loop
      vertex   2.624582e+01 7.413603e+01 -2.000000e+02
      vertex   2.624582e+01 7.413603e+01 -1.985000e+02
      vertex   2.676230e+01 7.480913e+01 -2.000000e+02
    endloop
  endfacet
  facet normal -7.933533e-01 6.087614e-01 0.000000e+00
    outer loop
      vertex   2.676230e+01 7.480913e+01 -2.000000e+02
      vertex   2.624582e+01 7.413603e+01 -1.985000e+02
      vertex   2.676230e+01 7.480913e+01 -1.985000e+02
    endloop
  endfacet
  facet normal -9.238795e-01 3.826834e-01 0.000000e+00
    outer loop
      vertex   2.676230e+01 7.480913e+01 -2.000000e+02
      vertex   2.676230e+01 7.480913e+01 -1.985000e+02
      vertex   2.708698e+01 7.559296e+01 -2.000000e+02
    endloop
  endfacet
  facet normal -9.238795e-01 3.826834e-01 0.000000e+00
    outer loop
      vertex   2.708698e+01 7.559296e+01 -2.000000e+02
      vertex   2.676230e+01 7.480913e+01 -1.985000e+02
      vertex   2.708698e+01 7.559296e+01 -1.985000e+02
    endloop
  endfacet
  facet normal -9.914449e-01 1.305262e-01 0.000000e+00
    outer loop
      vertex   2.708698e+01 7.559296e+01 -2.000000e+02
      vertex   2.708698e+01 7.559296e+01 -1.985000e+02
      vertex   2.719772e+01 7.643413e+01 -2.000000e+02
    endloop
  endfacet
  facet normal -9.914449e-01 1.305262e-01 0.000000e+00
    outer loop
      vertex   2.719772e+01 7.643413e+01 -2.000000e+02
      vertex   2.708698e+01 7.559296e+01 -1.985000e+02
      vertex   2.719772e+01 7.643413e+01 -1.985000e+02
    endloop
  endfacet
  facet normal -9.914449e-01 -1.305262e-01 0.000000e+00
    outer loop
      vertex   2.719772e+01 7.643413e+01 -2.000000e+02
      vertex   2.719772e+01 7.643413e+01 -1.985000e+02
      vertex   2.708698e+01 7.727529e+01 -2.000000e+02
    endloop
  endfacet
  facet normal -9.914449e-01 -1.305262e-01 0.000000e+00
    outer loop
      vertex   2.708698e+01 7.727529e+01 -2.000000e+02
      vertex   2.719772e+01 7.643413e+01 -1.985000e+02
      vertex   2.708698e+01 7.727529e+01 -1.985000e+02
    endloop
  endfacet
  facet normal -9.238795e-01 -3.826834e-01 0.000000e+00
    outer loop
      vertex   2.708698e+01 7.727529e+01 -2.000000e+02
      vertex   2.708698e+01 7.727529e+01 -1.985000e+02
      vertex   2.676230e+01 7.805913e+01 -2.000000e+02
    endloop
  endfacet
  facet normal -9.238795e-01 -3.826834e-01 0.000000e+00
    outer loop
      vertex   2.676230e+01 7.805913e+01 -2.000000e+02
      vertex   2.708698e+01 7.727529e+01 -1.985000e+02
      vertex   2.676230e+01 7.805913e+01 -1.985000e+02
    endloop
  endfacet
  facet normal -7.933533e-01 -6.087614e-01 0.000000e+00
    outer loop
      vertex   2.676230e+01 7.805913e+01 -2.000000e+02
      vertex   2.676230e+01 7.805913e+01 -1.985000e+02
      vertex   2.624582e+01 7.873222e+01 -2.000000e+02
    endloop
  endfacet
  facet normal -7.933533e-01 -6.087614e-01 0.000000e+00
    outer loop
      vertex   2.624582e+01 7.873222e+01 -2.000000e+02
      vertex   2.676230e+01 7.805913e+01 -1.985000e+02
      vertex   2.624582e+01 7.873222e+01 -1.985000e+02
    endloop
  endfacet
  facet normal -6.087614e-01 -7.933533e-01 0.000000e+00
    outer loop
      vertex   2.624582e+01 7.873222e+01 -2.000000e+02
      vertex   2.624582e+01 7.873222e+01 -1.985000e+02
      vertex   2.557272e+01 7.924871e+01 -2.000000e+02
    endloop
  endfacet
  facet normal -6.087614e-01 -7.933533e-01 0.000000e+00
    outer loop
      vertex   2.557272e+01 7.924871e+01 -2.000000e+02
      vertex   2.624582e+01 7.873222e+01 -1.985000e+02
      vertex   2.557272e+01 7.924871e+01 -1.985000e+02
    endloop
  endfacet
  facet normal -3.826834e-01 -9.238795e-01 0.000000e+00
    outer loop
      vertex   2.557272e+01 7.924871e+01 -2.000000e+02
      vertex   2.557272e+01 7.924871e+01 -1.985000e+02
      vertex   2.478888e+01 7.957339e+01 -2.000000e+02
    endloop
  endfacet
  facet normal -3.826834e-01 -9.238795e-01 0.000000e+00
    outer loop
      vertex   2.478888e+01 7.957339e+01 -2.000000e+02
      vertex   2.557272e+01 7.924871e+01 -1.985000e+02
      vertex   2.478888e+01 7.957339e+01 -1.985000e+02
    endloop
  endfacet
  facet normal -1.305262e-01 -9.914449e-01 0.000000e+00
    outer loop
      vertex   2.478888e+01 7.957339e+01 -2.000000e+02
      vertex   2.478888e+01 7.957339e+01 -1.985000e+02
      vertex   2.394772e+01 7.968413e+01 -2.000000e+02
    endloop
  endfacet
  facet normal -1.305262e-01 -9.914449e-01 0.000000e+00
    outer loop
      vertex   2.394772e+01 7.968413e+01 -2.000000e+02
      vertex   2.478888e+01 7.957339e+01 -1.985000e+02
      vertex   2.394772e+01 7.968413e+01 -1.985000e+02
    endloop
  endfacet
  facet normal 1.305262e-01 -9.914449e-01 0.000000e+00
    outer loop
      vertex   2.394772e+01 7.968413e+01 -2.000000e+02
      vertex   2.394772e+01 7.968413e+01 -1.985000e+02
      vertex   2.310656e+01 7.957339e+01 -2.000000e+02
    endloop
  endfacet
  facet normal 1.305262e-01 -9.914449e-01 0.000000e+00
    outer loop
      vertex   2.310656e+01 7.957339e+01 -2.000000e+02
      vertex   2.394772e+01 7.968413e+01 -1.985000e+02
      vertex   2.310656e+01 7.957339e+01 -1.985000e+02
    endloop
  endfacet
  facet normal 3.826834e-01 -9.238795e-01 0.000000e+00
    outer loop
      vertex   2.310656e+01 7.957339e+01 -2.000000e+02
      vertex   2.310656e+01 7.957339e+01 -1.985000e+02
      vertex   2.232272e+01 7.924871e+01 -2.000000e+02
    endloop
  endfacet
  facet normal 3.826834e-01 -9.238795e-01 0.000000e+00
    outer loop
      vertex   2.232272e+01 7.924871e+01 -2.000000e+02
      vertex   2.310656e+01 7.957339e+01 -1.985000e+02
      vertex   2.232272e+01 7.924871e+01 -1.985000e+02
    endloop
  endfacet
  facet normal 6.087614e-01 -7.933533e-01 0.000000e+00
    outer loop
      vertex   2.232272e+01 7.924871e+01 -2.000000e+02
      vertex   2.232272e+01 7.924871e+01 -1.985000e+02
      vertex   2.164962e+01 7.873222e+01 -2.000000e+02
    endloop
  endfacet
  facet normal 6.087614e-01 -7.933533e-01 0.000000e+00
    outer loop
      vertex   2.164962e+01 7.873222e+01 -2.000000e+02
      vertex   2.232272e+01 7.924871e+01 -1.985000e+02
      vertex   2.164962e+01 7.873222e+01 -1.985000e+02
    endloop
  endfacet
  facet normal 7.933533e-01 -6.087614e-01 0.000000e+00
    outer loop
      vertex   2.164962e+01 7.873222e+01 -2.000000e+02
      vertex   2.164962e+01 7.873222e+01 -1.985000e+02
      vertex   2.113314e+01 7.805913e+01 -2.000000e+02
    endloop
  endfacet
  facet normal 7.933533e-01 -6.087614e-01 0.000000e+00
    outer loop
      vertex   2.113314e+01 7.805913e+01 -2.000000e+02
      vertex   2.164962e+01 7.873222e+01 -1.985000e+02
      vertex   2.113314e+01 7.805913e+01 -1.985000e+02
    endloop
  endfacet
  facet normal 9.238795e-01 -3.826834e-01 0.000000e+00
    outer loop
      vertex   2.113314e+01 7.805913e+01 -2.000000e+02
      vertex   2.113314e+01 7.805913e+01 -1.985000e+02
      vertex   2.080846e+01 7.727529e+01 -2.000000e+02
    endloop
  endfacet
  facet normal 9.238795e-01 -3.826834e-01 0.000000e+00
    outer loop
      vertex   2.080846e+01 7.727529e+01 -2.000000e+02
      vertex   2.113314e+01 7.805913e+01 -1.985000e+02
      vertex   2.080846e+01 7.727529e+01 -1.985000e+02
    endloop
  endfacet
  facet normal 0.000000e+00 -0.000000e+00 -1.000000e+00
    outer loop
      vertex   2.080846e+01 7.727529e+01 -1.985000e+02
      vertex   2.708698e+01 7.727529e+01 -1.985000e+02
      vertex   2.069772e+01 7.643413e+01 -1.985000e+02
    endloop
  endfacet
  facet normal 0.000000e+00 0.000000e+00 -1.000000e+00
    outer loop
      vertex   2.069772e+01 7.643413e+01 -1.985000e+02
      vertex   2.708698e+01 7.727529e+01 -1.985000e+02
      vertex   2.719772e+01 7.643413e+01 -1.985000e+02
    endloop
  endfacet
  facet normal 0.000000e+00 0.000000e+00 -1.000000e+00
    outer loop
      vertex   2.069772e+01 7.643413e+01 -1.985000e+02
      vertex   2.719772e+01 7.643413e+01 -1.985000e+02
      vertex   2.080846e+01 7.559296e+01 -1.985000e+02
    endloop
  endfacet
  facet normal 0.000000e+00 0.000000e+00 -1.000000e+00
    outer loop
      vertex   2.080846e+01 7.559296e+01 -1.985000e+02
      vertex   2.719772e+01 7.643413e+01 -1.985000e+02
      vertex   2.708698e+01 7.559296e+01 -1.985000e+02
    endloop
  endfacet
  facet normal 0.000000e+00 0.000000e+00 -1.000000e+00
    outer loop
      vertex   2.080846e+01 7.559296e+01 -1.985000e+02
      vertex   2.708698e+01 7.559296e+01 -1.985000e+02
      vertex   2.113314e+01 7.480913e+01 -1.985000e+02
    endloop
  endfacet
  facet normal 0.000000e+00 0.000000e+00 -1.000000e+00
    outer loop
      vertex   2.113314e+01 7.480913e+01 -1.985000e+02
      vertex   2.708698e+01 7.559296e+01 -1.985000e+02
      vertex   2.676230e+01 7.480913e+01 -1.985000e+02
    endloop
  endfacet
  facet normal 0.000000e+00 0.000000e+00 -1.000000e+00
    outer loop
      vertex   2.113314e+01 7.480913e+01 -1.985000e+02
      vertex   2.676230e+01 7.480913e+01 -1.985000e+02
      vertex   2.164962e+01 7.413603e+01 -1.985000e+02
    endloop
  endfacet
  facet normal 0.000000e+00 0.000000e+00 -1.000000e+00
    outer loop
      vertex   2.164962e+01 7.413603e+01 -1.985000e+02
      vertex   2.676230e+01 7.480913e+01 -1.985000e+02
      vertex   2.624582e+01 7.413603e+01 -1.985000e+02
    endloop
  endfacet
  facet normal 0.000000e+00 0.000000e+00 -1.000000e+00
    outer loop
      vertex   2.164962e+01 7.413603e+01 -1.985000e+02
      vertex   2.624582e+01 7.413603e+01 -1.985000e+02
      vertex   2.232272e+01 7.361954e+01 -1.985000e+02
    endloop
  endfacet
  facet normal 0.000000e+00 0.000000e+00 -1.000000e+00
    outer loop
      vertex   2.232272e+01 7.361954e+01 -1.985000e+02
      vertex   2.624582e+01 7.413603e+01 -1.985000e+02
      vertex   2.557272e+01 7.361954e+01 -1.985000e+02
    endloop
  endfacet
  facet normal 0.000000e+00 0.000000e+00 -1.000000e+00
    outer loop
      vertex   2.232272e+01 7.361954e+01 -1.985000e+02
      vertex   2.557272e+01 7.361954e+01 -1.985000e+02
      vertex   2.310656e+01 7.329487e+01 -1.985000e+02
    endloop
  endfacet
  facet normal 0.000000e+00 0.000000e+00 -1.000000e+00
    outer loop
      vertex   2.310656e+01 7.329487e+01 -1.985000e+02
      vertex   2.557272e+01 7.361954e+01 -1.985000e+02
      vertex   2.478888e+01 7.329487e+01 -1.985000e+02
    endloop
  endfacet
  facet normal 0.000000e+00 0.000000e+00 -1.000000e+00
    outer loop
      vertex   2.310656e+01 7.329487e+01 -1.985000e+02
      vertex   2.478888e+01 7.329487e+01 -1.985000e+02
      vertex   2.394772e+01 7.318413e+01 -1.985000e+02
    endloop
  endfacet
  facet normal 0.000000e+00 0.000000e+00 -1.000000e+00
    outer loop
      vertex   2.708698e+01 7.727529e+01 -1.985000e+02
      vertex   2.080846e+01 7.727529e+01 -1.985000e+02
      vertex   2.676230e+01 7.805913e+01 -1.985000e+02
    endloop
  endfacet
  facet normal -0.000000e+00 0.000000e+00 -1.000000e+00
    outer loop
      vertex   2.676230e+01 7.805913e+01 -1.985000e+02
      vertex   2.080846e+01 7.727529e+01 -1.985000e+02
      vertex   2.113314e+01 7.805913e+01 -1.985000e+02
    endloop
  endfacet
  facet normal 0.000000e+00 0.000000e+00 -1.000000e+00
    outer loop
      vertex   2.676230e+01 7.805913e+01 -1.985000e+02
      vertex   2.113314e+01 7.805913e+01 -1.985000e+02
      vertex   2.624582e+01 7.873222e+01 -1.985000e+02
    endloop
  endfacet
  facet normal -0.000000e+00 0.000000e+00 -1.000000e+00
    outer loop
      vertex   2.624582e+01 7.873222e+01 -1.985000e+02
      vertex   2.113314e+01 7.805913e+01 -1.985000e+02
      vertex   2.164962e+01 7.873222e+01 -1.985000e+02
    endloop
  endfacet
  facet normal 0.000000e+00 0.000000e+00 -1.000000e+00
    outer loop
      vertex   2.624582e+01 7.873222e+01 -1.985000e+02
      vertex   2.164962e+01 7.873222e+01 -1.985000e+02
      vertex   2.557272e+01 7.924871e+01 -1.985000e+02
    endloop
  endfacet
  facet normal -0.000000e+00 0.000000e+00 -1.000000e+00
    outer loop
      vertex   2.557272e+01 7.924871e+01 -1.985000e+02
      vertex   2.164962e+01 7.873222e+01 -1.985000e+02
      vertex   2.232272e+01 7.924871e+01 -1.985000e+02
    endloop
  endfacet
  facet normal 0.000000e+00 0.000000e+00 -1.000000e+00
    outer loop
      vertex   2.557272e+01 7.924871e+01 -1.985000e+02
      vertex   2.232272e+01 7.924871e+01 -1.985000e+02
      vertex   2.478888e+01 7.957339e+01 -1.985000e+02
    endloop
  endfacet
  facet normal -0.000000e+00 0.000000e+00 -1.000000e+00
    outer loop
      vertex   2.478888e+01 7.957339e+01 -1.985000e+02
      vertex   2.232272e+01 7.924871e+01 -1.985000e+02
      vertex   2.310656e+01 7.957339e+01 -1.985000e+02
    endloop
  endfacet
  facet normal 0.000000e+00 0.000000e+00 -1.000000e+00
    outer loop
      vertex   2.478888e+01 7.957339e+01 -1.985000e+02
      vertex   2.310656e+01 7.957339e+01 -1.985000e+02
      vertex   2.394772e+01 7.968413e+01 -1.985000e+02
    endloop
  endfacet
  facet normal 9.914449e-01 -1.305262e-01 0.000000e+00
    outer loop
      vertex   2.080846e+01 9.429779e+01 -2.000000e+02
      vertex   2.080846e+01 9.429779e+01 -1.985000e+02
      vertex   2.069772e+01 9.345663e+01 -2.000000e+02
    endloop
  endfacet
  facet normal 9.914449e-01 -1.305262e-01 0.000000e+00
    outer loop
      vertex   2.069772e+01 9.345663e+01 -2.000000e+02
      vertex   2.080846e+01 9.429779e+01 -1.985000e+02
      vertex   2.069772e+01 9.345663e+01 -1.985000e+02
    endloop
  endfacet
  facet normal 9.914449e-01 1.305262e-01 -0.000000e+00
    outer loop
      vertex   2.069772e+01 9.345663e+01 -2.000000e+02
      vertex   2.069772e+01 9.345663e+01 -1.985000e+02
      vertex   2.080846e+01 9.261546e+01 -2.000000e+02
    endloop
  endfacet
  facet normal 9.914449e-01 1.305262e-01 -0.000000e+00
    outer loop
      vertex   2.080846e+01 9.261546e+01 -2.000000e+02
      vertex   2.069772e+01 9.345663e+01 -1.985000e+02
      vertex   2.080846e+01 9.261546e+01 -1.985000e+02
    endloop
  endfacet
  facet normal 9.238795e-01 3.826834e-01 -0.000000e+00
    outer loop
      vertex   2.080846e+01 9.261546e+01 -2.000000e+02
      vertex   2.080846e+01 9.261546e+01 -1.985000e+02
      vertex   2.113314e+01 9.183163e+01 -2.000000e+02
    endloop
  endfacet
  facet normal 9.238795e-01 3.826834e-01 -0.000000e+00
    outer loop
      vertex   2.113314e+01 9.183163e+01 -2.000000e+02
      vertex   2.080846e+01 9.261546e+01 -1.985000e+02
      vertex   2.113314e+01 9.183163e+01 -1.985000e+02
    endloop
  endfacet
  facet normal 7.933533e-01 6.087614e-01 -0.000000e+00
    outer loop
      vertex   2.113314e+01 9.183163e+01 -2.000000e+02
      vertex   2.113314e+01 9.183163e+01 -1.985000e+02
      vertex   2.164962e+01 9.115853e+01 -2.000000e+02
    endloop
  endfacet
  facet normal 7.933533e-01 6.087614e-01 -0.000000e+00
    outer loop
      vertex   2.164962e+01 9.115853e+01 -2.000000e+02
      vertex   2.113314e+01 9.183163e+01 -1.985000e+02
      vertex   2.164962e+01 9.115853e+01 -1.985000e+02
    endloop
  endfacet
  facet normal 6.087614e-01 7.933533e-01 -0.000000e+00
    outer loop
      vertex   2.164962e+01 9.115853e+01 -2.000000e+02
      vertex   2.164962e+01 9.115853e+01 -1.985000e+02
      vertex   2.232272e+01 9.064204e+01 -2.000000e+02
    endloop
  endfacet
  facet normal 6.087614e-01 7.933533e-01 -0.000000e+00
    outer loop
      vertex   2.232272e+01 9.064204e+01 -2.000000e+02
      vertex   2.164962e+01 9.115853e+01 -1.985000e+02
      vertex   2.232272e+01 9.064204e+01 -1.985000e+02
    endloop
  endfacet
  facet normal 3.826834e-01 9.238795e-01 -0.000000e+00
    outer loop
      vertex   2.232272e+01 9.064204e+01 -2.000000e+02
      vertex   2.232272e+01 9.064204e+01 -1.985000e+02
      vertex   2.310656e+01 9.031737e+01 -2.000000e+02
    endloop
  endfacet
  facet normal 3.826834e-01 9.238795e-01 -0.000000e+00
    outer loop
      vertex   2.310656e+01 9.031737e+01 -2.000000e+02
      vertex   2.232272e+01 9.064204e+01 -1.985000e+02
      vertex   2.310656e+01 9.031737e+01 -1.985000e+02
    endloop
  endfacet
  facet normal 1.305262e-01 9.914449e-01 -0.000000e+00
    outer loop
      vertex   2.310656e+01 9.031737e+01 -2.000000e+02
      vertex   2.310656e+01 9.031737e+01 -1.985000e+02
      vertex   2.394772e+01 9.020663e+01 -2.000000e+02
    endloop
  endfacet
  facet normal 1.305262e-01 9.914449e-01 -0.000000e+00
    outer loop
      vertex   2.394772e+01 9.020663e+01 -2.000000e+02
      vertex   2.310656e+01 9.031737e+01 -1.985000e+02
      vertex   2.394772e+01 9.020663e+01 -1.985000e+02
    endloop
  endfacet
  facet normal -1.305262e-01 9.914449e-01 0.000000e+00
    outer loop
      vertex   2.394772e+01 9.020663e+01 -2.000000e+02
      vertex   2.394772e+01 9.020663e+01 -1.985000e+02
      vertex   2.478888e+01 9.031737e+01 -2.000000e+02
    endloop
  endfacet
  facet normal -1.305262e-01 9.914449e-01 0.000000e+00
    outer loop
      vertex   2.478888e+01 9.031737e+01 -2.000000e+02
      vertex   2.394772e+01 9.020663e+01 -1.985000e+02
      vertex   2.478888e+01 9.031737e+01 -1.985000e+02
    endloop
  endfacet
  facet normal -3.826834e-01 9.238795e-01 0.000000e+00
    outer loop
      vertex   2.478888e+01 9.031737e+01 -2.000000e+02
      vertex   2.478888e+01 9.031737e+01 -1.985000e+02
      vertex   2.557272e+01 9.064204e+01 -2.000000e+02
    endloop
  endfacet
  facet normal -3.826834e-01 9.238795e-01 0.000000e+00
    outer loop
      vertex   2.557272e+01 9.064204e+01 -2.000000e+02
      vertex   2.478888e+01 9.031737e+01 -1.985000e+02
      vertex   2.557272e+01 9.064204e+01 -1.985000e+02
    endloop
  endfacet
  facet normal -6.087614e-01 7.933533e-01 0.000000e+00
    outer loop
      vertex   2.557272e+01 9.064204e+01 -2.000000e+02
      vertex   2.557272e+01 9.064204e+01 -1.985000e+02
      vertex   2.624582e+01 9.115853e+01 -2.000000e+02
    endloop
  endfacet
  facet normal -6.087614e-01 7.933533e-01 0.000000e+00
    outer loop
      vertex   2.624582e+01 9.115853e+01 -2.000000e+02
      vertex   2.557272e+01 9.064204e+01 -1.985000e+02
      vertex   2.624582e+01 9.115853e+01 -1.985000e+02
    endloop
  endfacet
  facet normal -7.933533e-01 6.087614e-01 0.000000e+00
    outer loop
      vertex   2.624582e+01 9.115853e+01 -2.000000e+02
      vertex   2.624582e+01 9.115853e+01 -1.985000e+02
      vertex   2.676230e+01 9.183163e+01 -2.000000e+02
    endloop
  endfacet
  facet normal -7.933533e-01 6.087614e-01 0.000000e+00
    outer loop
      vertex   2.676230e+01 9.183163e+01 -2.000000e+02
      vertex   2.624582e+01 9.115853e+01 -1.985000e+02
      vertex   2.676230e+01 9.183163e+01 -1.985000e+02
    endloop
  endfacet
  facet normal -9.238795e-01 3.826834e-01 0.000000e+00
    outer loop
      vertex   2.676230e+01 9.183163e+01 -2.000000e+02
      vertex   2.676230e+01 9.183163e+01 -1.985000e+02
      vertex   2.708698e+01 9.261546e+01 -2.000000e+02
    endloop
  endfacet
  facet normal -9.238795e-01 3.826834e-01 0.000000e+00
    outer loop
      vertex   2.708698e+01 9.261546e+01 -2.000000e+02
      vertex   2.676230e+01 9.183163e+01 -1.985000e+02
      vertex   2.708698e+01 9.261546e+01 -1.985000e+02
    endloop
  endfacet
  facet normal -9.914449e-01 1.305262e-01 0.000000e+00
    outer loop
      vertex   2.708698e+01 9.261546e+01 -2.000000e+02
      vertex   2.708698e+01 9.261546e+01 -1.985000e+02
      vertex   2.719772e+01 9.345663e+01 -2.000000e+02
    endloop
  endfacet
  facet normal -9.914449e-01 1.305262e-01 0.000000e+00
    outer loop
      vertex   2.719772e+01 9.345663e+01 -2.000000e+02
      vertex   2.708698e+01 9.261546e+01 -1.985000e+02
      vertex   2.719772e+01 9.345663e+01 -1.985000e+02
    endloop
  endfacet
  facet normal -9.914449e-01 -1.305262e-01 0.000000e+00
    outer loop
      vertex   2.719772e+01 9.345663e+01 -2.000000e+02
      vertex   2.719772e+01 9.345663e+01 -1.985000e+02
      vertex   2.708698e+01 9.429779e+01 -2.000000e+02
    endloop
  endfacet
  facet normal -9.914449e-01 -1.305262e-01 0.000000e+00
    outer loop
      vertex   2.708698e+01 9.429779e+01 -2.000000e+02
      vertex   2.719772e+01 9.345663e+01 -1.985000e+02
      vertex   2.708698e+01 9.429779e+01 -1.985000e+02
    endloop
  endfacet
  facet normal -9.238795e-01 -3.826834e-01 0.000000e+00
    outer loop
      vertex   2.708698e+01 9.429779e+01 -2.000000e+02
      vertex   2.708698e+01 9.429779e+01 -1.985000e+02
      vertex   2.676230e+01 9.508163e+01 -2.000000e+02
    endloop
  endfacet
  facet normal -9.238795e-01 -3.826834e-01 0.000000e+00
    outer loop
      vertex   2.676230e+01 9.508163e+01 -2.000000e+02
      vertex   2.708698e+01 9.429779e+01 -1.985000e+02
      vertex   2.676230e+01 9.508163e+01 -1.985000e+02
    endloop
  endfacet
  facet normal -7.933533e-01 -6.087614e-01 0.000000e+00
    outer loop
      vertex   2.676230e+01 9.508163e+01 -2.000000e+02
      vertex   2.676230e+01 9.508163e+01 -1.985000e+02
      vertex   2.624582e+01 9.575472e+01 -2.000000e+02
    endloop
  endfacet
  facet normal -7.933533e-01 -6.087614e-01 0.000000e+00
    outer loop
      vertex   2.624582e+01 9.575472e+01 -2.000000e+02
      vertex   2.676230e+01 9.508163e+01 -1.985000e+02
      vertex   2.624582e+01 9.575472e+01 -1.985000e+02
    endloop
  endfacet
  facet normal -6.087614e-01 -7.933533e-01 0.000000e+00
    outer loop
      vertex   2.624582e+01 9.575472e+01 -2.000000e+02
      vertex   2.624582e+01 9.575472e+01 -1.985000e+02
      vertex   2.557272e+01 9.627121e+01 -2.000000e+02
    endloop
  endfacet
  facet normal -6.087614e-01 -7.933533e-01 0.000000e+00
    outer loop
      vertex   2.557272e+01 9.627121e+01 -2.000000e+02
      vertex   2.624582e+01 9.575472e+01 -1.985000e+02
      vertex   2.557272e+01 9.627121e+01 -1.985000e+02
    endloop
  endfacet
  facet normal -3.826834e-01 -9.238795e-01 0.000000e+00
    outer loop
      vertex   2.557272e+01 9.627121e+01 -2.000000e+02
      vertex   2.557272e+01 9.627121e+01 -1.985000e+02
      vertex   2.478888e+01 9.659589e+01 -2.000000e+02
    endloop
  endfacet
  facet normal -3.826834e-01 -9.238795e-01 0.000000e+00
    outer loop
      vertex   2.478888e+01 9.659589e+01 -2.000000e+02
      vertex   2.557272e+01 9.627121e+01 -1.985000e+02
      vertex   2.478888e+01 9.659589e+01 -1.985000e+02
    endloop
  endfacet
  facet normal -1.305262e-01 -9.914449e-01 0.000000e+00
    outer loop
      vertex   2.478888e+01 9.659589e+01 -2.000000e+02
      vertex   2.478888e+01 9.659589e+01 -1.985000e+02
      vertex   2.394772e+01 9.670663e+01 -2.000000e+02
    endloop
  endfacet
  facet normal -1.305262e-01 -9.914449e-01 0.000000e+00
    outer loop
      vertex   2.394772e+01 9.670663e+01 -2.000000e+02
      vertex   2.478888e+01 9.659589e+01 -1.985000e+02
      vertex   2.394772e+01 9.670663e+01 -1.985000e+02
    endloop
  endfacet
  facet normal 1.305262e-01 -9.914449e-01 0.000000e+00
    outer loop
      vertex   2.394772e+01 9.670663e+01 -2.000000e+02
      vertex   2.394772e+01 9.670663e+01 -1.985000e+02
      vertex   2.310656e+01 9.659589e+01 -2.000000e+02
    endloop
  endfacet
  facet normal 1.305262e-01 -9.914449e-01 0.000000e+00
    outer loop
      vertex   2.310656e+01 9.659589e+01 -2.000000e+02
      vertex   2.394772e+01 9.670663e+01 -1.985000e+02
      vertex   2.310656e+01 9.659589e+01 -1.985000e+02
    endloop
  endfacet
  facet normal 3.826834e-01 -9.238795e-01 0.000000e+00
    outer loop
      vertex   2.310656e+01 9.659589e+01 -2.000000e+02
      vertex   2.310656e+01 9.659589e+01 -1.985000e+02
      vertex   2.232272e+01 9.627121e+01 -2.000000e+02
    endloop
  endfacet
  facet normal 3.826834e-01 -9.238795e-01 0.000000e+00
    outer loop
      vertex   2.232272e+01 9.627121e+01 -2.000000e+02
      vertex   2.310656e+01 9.659589e+01 -1.985000e+02
      vertex   2.232272e+01 9.627121e+01 -1.985000e+02
    endloop
  endfacet
  facet normal 6.087614e-01 -7.933533e-01 0.000000e+00
    outer loop
      vertex   2.232272e+01 9.627121e+01 -2.000000e+02
      vertex   2.232272e+01 9.627121e+01 -1.985000e+02
      vertex   2.164962e+01 9.575472e+01 -2.000000e+02
    endloop
  endfacet
  facet normal 6.087614e-01 -7.933533e-01 0.000000e+00
    outer loop
      vertex   2.164962e+01 9.575472e+01 -2.000000e+02
      vertex   2.232272e+01 9.627121e+01 -1.985000e+02
      vertex   2.164962e+01 9.575472e+01 -1.985000e+02
    endloop
  endfacet
  facet normal 7.933533e-01 -6.087614e-01 0.000000e+00
    outer loop
      vertex   2.164962e+01 9.575472e+01 -2.000000e+02
      vertex   2.164962e+01 9.575472e+01 -1.985000e+02
      vertex   2.113314e+01 9.508163e+01 -2.000000e+02
    endloop
  endfacet
  facet normal 7.933533e-01 -6.087614e-01 0.000000e+00
    outer loop
      vertex   2.113314e+01 9.508163e+01 -2.000000e+02
      vertex   2.164962e+01 9.575472e+01 -1.985000e+02
      vertex   2.113314e+01 9.508163e+01 -1.985000e+02
    endloop
  endfacet
  facet normal 9.238795e-01 -3.826834e-01 0.000000e+00
    outer loop
      vertex   2.113314e+01 9.508163e+01 -2.000000e+02
      vertex   2.113314e+01 9.508163e+01 -1.985000e+02
      vertex   2.080846e+01 9.429779e+01 -2.000000e+02
    endloop
  endfacet
  facet normal 9.238795e-01 -3.826834e-01 0.000000e+00
    outer loop
      vertex   2.080846e+01 9.429779e+01 -2.000000e+02
      vertex   2.113314e+01 9.508163e+01 -1.985000e+02
      vertex   2.080846e+01 9.429779e+01 -1.985000e+02
    endloop
  endfacet
  facet normal 0.000000e+00 -0.000000e+00 -1.000000e+00
    outer loop
      vertex   2.080846e+01 9.429779e+01 -1.985000e+02
      vertex   2.708698e+01 9.429779e+01 -1.985000e+02
      vertex   2.069772e+01 9.345663e+01 -1.985000e+02
    endloop
  endfacet
  facet normal 0.000000e+00 0.000000e+00 -1.000000e+00
    outer loop
      vertex   2.069772e+01 9.345663e+01 -1.985000e+02
      vertex   2.708698e+01 9.429779e+01 -1.985000e+02
      vertex   2.719772e+01 9.345663e+01 -1.985000e+02
    endloop
  endfacet
  facet normal 0.000000e+00 0.000000e+00 -1.000000e+00
    outer loop
      vertex   2.069772e+01 9.345663e+01 -1.985000e+02
      vertex   2.719772e+01 9.345663e+01 -1.985000e+02
      vertex   2.080846e+01 9.261546e+01 -1.985000e+02
    endloop
  endfacet
  facet normal 0.000000e+00 0.000000e+00 -1.000000e+00
    outer loop
      vertex   2.080846e+01 9.261546e+01 -1.985000e+02
      vertex   2.719772e+01 9.345663e+01 -1.985000e+02
      vertex   2.708698e+01 9.261546e+01 -1.985000e+02
    endloop
  endfacet
  facet normal 0.000000e+00 0.000000e+00 -1.000000e+00
    outer loop
      vertex   2.080846e+01 9.261546e+01 -1.985000e+02
      vertex   2.708698e+01 9.261546e+01 -1.985000e+02
      vertex   2.113314e+01 9.183163e+01 -1.985000e+02
    endloop
  endfacet
  facet normal 0.000000e+00 0.000000e+00 -1.000000e+00
    outer loop
      vertex   2.113314e+01 9.183163e+01 -1.985000e+02
      vertex   2.708698e+01 9.261546e+01 -1.985000e+02
      vertex   2.676230e+01 9.183163e+01 -1.985000e+02
    endloop
  endfacet
  facet normal 0.000000e+00 0.000000e+00 -1.000000e+00
    outer loop
      vertex   2.113314e+01 9.183163e+01 -1.985000e+02
      vertex   2.676230e+01 9.183163e+01 -1.985000e+02
      vertex   2.164962e+01 9.115853e+01 -1.985000e+02
    endloop
  endfacet
  facet normal 0.000000e+00 0.000000e+00 -1.000000e+00
    outer loop
      vertex   2.164962e+01 9.115853e+01 -1.985000e+02
      vertex   2.676230e+01 9.183163e+01 -1.985000e+02
      vertex   2.624582e+01 9.115853e+01 -1.985000e+02
    endloop
  endfacet
  facet normal 0.000000e+00 0.000000e+00 -1.000000e+00
    outer loop
      vertex   2.164962e+01 9.115853e+01 -1.985000e+02
      vertex   2.624582e+01 9.115853e+01 -1.985000e+02
      vertex   2.232272e+01 9.064204e+01 -1.985000e+02
    endloop
  endfacet
  facet normal 0.000000e+00 0.000000e+00 -1.000000e+00
    outer loop
      vertex   2.232272e+01 9.064204e+01 -1.985000e+02
      vertex   2.624582e+01 9.115853e+01 -1.985000e+02
      vertex   2.557272e+01 9.064204e+01 -1.985000e+02
    endloop
  endfacet
  facet normal 0.000000e+00 0.000000e+00 -1.000000e+00
    outer loop
      vertex   2.232272e+01 9.064204e+01 -1.985000e+02
      vertex   2.557272e+01 9.064204e+01 -1.985000e+02
      vertex   2.310656e+01 9.031737e+01 -1.985000e+02
    endloop
  endfacet
  facet normal 0.000000e+00 0.000000e+00 -1.000000e+00
    outer loop
      vertex   2.310656e+01 9.031737e+01 -1.985000e+02
      vertex   2.557272e+01 9.064204e+01 -1.985000e+02
      vertex   2.478888e+01 9.031737e+01 -1.985000e+02
    endloop
  endfacet
  facet normal 0.000000e+00 0.000000e+00 -1.000000e+00
    outer loop
      vertex   2.310656e+01 9.031737e+01 -1.985000e+02
      vertex   2.478888e+01 9.031737e+01 -1.985000e+02
      vertex   2.394772e+01 9.020663e+01 -1.985000e+02
    endloop
  endfacet
  facet normal 0.000000e+00 0.000000e+00 -1.000000e+00
    outer loop
      vertex   2.708698e+01 9.429779e+01 -1.985000e+02
      vertex   2.080846e+01 9.429779e+01 -1.985000e+02
      vertex   2.676230e+01 9.508163e+01 -1.985000e+02
    endloop
  endfacet
  facet normal -0.000000e+00 0.000000e+00 -1.000000e+00
    outer loop
      vertex   2.676230e+01 9.508163e+01 -1.985000e+02
      vertex   2.080846e+01 9.429779e+01 -1.985000e+02
      vertex   2.113314e+01 9.508163e+01 -1.985000e+02
    endloop
  endfacet
  facet normal 0.000000e+00 0.000000e+00 -1.000000e+00
    outer loop
      vertex   2.676230e+01 9.508163e+01 -1.985000e+02
      vertex   2.113314e+01 9.508163e+01 -1.985000e+02
      vertex   2.624582e+01 9.575472e+01 -1.985000e+02
    endloop
  endfacet
  facet normal -0.000000e+00 0.000000e+00 -1.000000e+00
    outer loop
      vertex   2.624582e+01 9.575472e+01 -1.985000e+02
      vertex   2.113314e+01 9.508163e+01 -1.985000e+02
      vertex   2.164962e+01 9.575472e+01 -1.985000e+02
    endloop
  endfacet
  facet normal 0.000000e+00 0.000000e+00 -1.000000e+00
    outer loop
      vertex   2.624582e+01 9.575472e+01 -1.985000e+02
      vertex   2.164962e+01 9.575472e+01 -1.985000e+02
      vertex   2.557272e+01 9.627121e+01 -1.985000e+02
    endloop
  endfacet
  facet normal -0.000000e+00 0.000000e+00 -1.000000e+00
    outer loop
      vertex   2.557272e+01 9.627121e+01 -1.985000e+02
      vertex   2.164962e+01 9.575472e+01 -1.985000e+02
      vertex   2.232272e+01 9.627121e+01 -1.985000e+02
    endloop
  endfacet
  facet normal 0.000000e+00 0.000000e+00 -1.000000e+00
    outer loop
      vertex   2.557272e+01 9.627121e+01 -1.985000e+02
      vertex   2.232272e+01 9.627121e+01 -1.985000e+02
      vertex   2.478888e+01 9.659589e+01 -1.985000e+02
    endloop
  endfacet
  facet normal -0.000000e+00 0.000000e+00 -1.000000e+00
    outer loop
      vertex   2.478888e+01 9.659589e+01 -1.985000e+02
      vertex   2.232272e+01 9.627121e+01 -1.985000e+02
      vertex   2.310656e+01 9.659589e+01 -1.985000e+02
    endloop
  endfacet
  facet normal 0.000000e+00 0.000000e+00 -1.000000e+00
    outer loop
      vertex   2.478888e+01 9.659589e+01 -1.985000e+02
      vertex   2.310656e+01 9.659589e+01 -1.985000e+02
      vertex   2.394772e+01 9.670663e+01 -1.985000e+02
    endloop
  endfacet
  facet normal 9.914449e-01 -1.305262e-01 0.000000e+00
    outer loop
      vertex   2.080846e+01 1.113203e+02 -2.000000e+02
      vertex   2.080846e+01 1.113203e+02 -1.985000e+02
      vertex   2.069772e+01 1.104791e+02 -2.000000e+02
    endloop
  endfacet
  facet normal 9.914449e-01 -1.305262e-01 0.000000e+00
    outer loop
      vertex   2.069772e+01 1.104791e+02 -2.000000e+02
      vertex   2.080846e+01 1.113203e+02 -1.985000e+02
      vertex   2.069772e+01 1.104791e+02 -1.985000e+02
    endloop
  endfacet
  facet normal 9.914449e-01 1.305262e-01 -0.000000e+00
    outer loop
      vertex   2.069772e+01 1.104791e+02 -2.000000e+02
      vertex   2.069772e+01 1.104791e+02 -1.985000e+02
      vertex   2.080846e+01 1.096380e+02 -2.000000e+02
    endloop
  endfacet
  facet normal 9.914449e-01 1.305262e-01 -0.000000e+00
    outer loop
      vertex   2.080846e+01 1.096380e+02 -2.000000e+02
      vertex   2.069772e+01 1.104791e+02 -1.985000e+02
      vertex   2.080846e+01 1.096380e+02 -1.985000e+02
    endloop
  endfacet
  facet normal 9.238795e-01 3.826834e-01 -0.000000e+00
    outer loop
      vertex   2.080846e+01 1.096380e+02 -2.000000e+02
      vertex   2.080846e+01 1.096380e+02 -1.985000e+02
      vertex   2.113314e+01 1.088541e+02 -2.000000e+02
    endloop
  endfacet
  facet normal 9.238795e-01 3.826834e-01 -0.000000e+00
    outer loop
      vertex   2.113314e+01 1.088541e+02 -2.000000e+02
      vertex   2.080846e+01 1.096380e+02 -1.985000e+02
      vertex   2.113314e+01 1.088541e+02 -1.985000e+02
    endloop
  endfacet
  facet normal 7.933533e-01 6.087614e-01 -0.000000e+00
    outer loop
      vertex   2.113314e+01 1.088541e+02 -2.000000e+02
      vertex   2.113314e+01 1.088541e+02 -1.985000e+02
      vertex   2.164962e+01 1.081810e+02 -2.000000e+02
    endloop
  endfacet
  facet normal 7.933533e-01 6.087614e-01 -0.000000e+00
    outer loop
      vertex   2.164962e+01 1.081810e+02 -2.000000e+02
      vertex   2.113314e+01 1.088541e+02 -1.985000e+02
      vertex   2.164962e+01 1.081810e+02 -1.985000e+02
    endloop
  endfacet
  facet normal 6.087614e-01 7.933533e-01 -0.000000e+00
    outer loop
      vertex   2.164962e+01 1.081810e+02 -2.000000e+02
      vertex   2.164962e+01 1.081810e+02 -1.985000e+02
      vertex   2.232272e+01 1.076645e+02 -2.000000e+02
    endloop
  endfacet
  facet normal 6.087614e-01 7.933533e-01 -0.000000e+00
    outer loop
      vertex   2.232272e+01 1.076645e+02 -2.000000e+02
      vertex   2.164962e+01 1.081810e+02 -1.985000e+02
      vertex   2.232272e+01 1.076645e+02 -1.985000e+02
    endloop
  endfacet
  facet normal 3.826834e-01 9.238795e-01 -0.000000e+00
    outer loop
      vertex   2.232272e+01 1.076645e+02 -2.000000e+02
      vertex   2.232272e+01 1.076645e+02 -1.985000e+02
      vertex   2.310656e+01 1.073399e+02 -2.000000e+02
    endloop
  endfacet
  facet normal 3.826834e-01 9.238795e-01 -0.000000e+00
    outer loop
      vertex   2.310656e+01 1.073399e+02 -2.000000e+02
      vertex   2.232272e+01 1.076645e+02 -1.985000e+02
      vertex   2.310656e+01 1.073399e+02 -1.985000e+02
    endloop
  endfacet
  facet normal 1.305262e-01 9.914449e-01 -0.000000e+00
    outer loop
      vertex   2.310656e+01 1.073399e+02 -2.000000e+02
      vertex   2.310656e+01 1.073399e+02 -1.985000e+02
      vertex   2.394772e+01 1.072291e+02 -2.000000e+02
    endloop
  endfacet
  facet normal 1.305262e-01 9.914449e-01 -0.000000e+00
    outer loop
      vertex   2.394772e+01 1.072291e+02 -2.000000e+02
      vertex   2.310656e+01 1.073399e+02 -1.985000e+02
      vertex   2.394772e+01 1.072291e+02 -1.985000e+02
    endloop
  endfacet
  facet normal -1.305262e-01 9.914449e-01 0.000000e+00
    outer loop
      vertex   2.394772e+01 1.072291e+02 -2.000000e+02
      vertex   2.394772e+01 1.072291e+02 -1.985000e+02
      vertex   2.478888e+01 1.073399e+02 -2.000000e+02
    endloop
  endfacet
  facet normal -1.305262e-01 9.914449e-01 0.000000e+00
    outer loop
      vertex   2.478888e+01 1.073399e+02 -2.000000e+02
      vertex   2.394772e+01 1.072291e+02 -1.985000e+02
      vertex   2.478888e+01 1.073399e+02 -1.985000e+02
    endloop
  endfacet
  facet normal -3.826834e-01 9.238795e-01 0.000000e+00
    outer loop
      vertex   2.478888e+01 1.073399e+02 -2.000000e+02
      vertex   2.478888e+01 1.073399e+02 -1.985000e+02
      vertex   2.557272e+01 1.076645e+02 -2.000000e+02
    endloop
  endfacet
  facet normal -3.826834e-01 9.238795e-01 0.000000e+00
    outer loop
      vertex   2.557272e+01 1.076645e+02 -2.000000e+02
      vertex   2.478888e+01 1.073399e+02 -1.985000e+02
      vertex   2.557272e+01 1.076645e+02 -1.985000e+02
    endloop
  endfacet
  facet normal -6.087614e-01 7.933533e-01 0.000000e+00
    outer loop
      vertex   2.557272e+01 1.076645e+02 -2.000000e+02
      vertex   2.557272e+01 1.076645e+02 -1.985000e+02
      vertex   2.624582e+01 1.081810e+02 -2.000000e+02
    endloop
  endfacet
  facet normal -6.087614e-01 7.933533e-01 0.000000e+00
    outer loop
      vertex   2.624582e+01 1.081810e+02 -2.000000e+02
      vertex   2.557272e+01 1.076645e+02 -1.985000e+02
      vertex   2.624582e+01 1.081810e+02 -1.985000e+02
    endloop
  endfacet
  facet normal -7.933533e-01 6.087614e-01 0.000000e+00
    outer loop
      vertex   2.624582e+01 1.081810e+02 -2.000000e+02
      vertex   2.624582e+01 1.081810e+02 -1.985000e+02
      vertex   2.676230e+01 1.088541e+02 -2.000000e+02
    endloop
  endfacet
  facet normal -7.933533e-01 6.087614e-01 0.000000e+00
    outer loop
      vertex   2.676230e+01 1.088541e+02 -2.000000e+02
      vertex   2.624582e+01 1.081810e+02 -1.985000e+02
      vertex   2.676230e+01 1.088541e+02 -1.985000e+02
    endloop
  endfacet
  facet normal -9.238795e-01 3.826834e-01 0.000000e+00
    outer loop
      vertex   2.676230e+01 1.088541e+02 -2.000000e+02
      vertex   2.676230e+01 1.088541e+02 -1.985000e+02
      vertex   2.708698e+01 1.096380e+02 -2.000000e+02
    endloop
  endfacet
  facet normal -9.238795e-01 3.826834e-01 0.000000e+00
    outer loop
      vertex   2.708698e+01 1.096380e+02 -2.000000e+02
      vertex   2.676230e+01 1.088541e+02 -1.985000e+02
      vertex   2.708698e+01 1.096380e+02 -1.985000e+02
    endloop
  endfacet
  facet normal -9.914449e-01 1.305262e-01 0.000000e+00
    outer loop
      vertex   2.708698e+01 1.096380e+02 -2.000000e+02
      vertex   2.708698e+01 1.096380e+02 -1.985000e+02
      vertex   2.719772e+01 1.104791e+02 -2.000000e+02
    endloop
  endfacet
  facet normal -9.914449e-01 1.305262e-01 0.000000e+00
    outer loop
      vertex   2.719772e+01 1.104791e+02 -2.000000e+02
      vertex   2.708698e+01 1.096380e+02 -1.985000e+02
      vertex   2.719772e+01 1.104791e+02 -1.985000e+02
    endloop
  endfacet
  facet normal -9.914449e-01 -1.305262e-01 0.000000e+00
    outer loop
      vertex   2.719772e+01 1.104791e+02 -2.000000e+02
      vertex   2.719772e+01 1.104791e+02 -1.985000e+02
      vertex   2.708698e+01 1.113203e+02 -2.000000e+02
    endloop
  endfacet
  facet normal -9.914449e-01 -1.305262e-01 0.000000e+00
    outer loop
      vertex   2.708698e+01 1.113203e+02 -2.000000e+02
      vertex   2.719772e+01 1.104791e+02 -1.985000e+02
      vertex   2.708698e+01 1.113203e+02 -1.985000e+02
    endloop
  endfacet
  facet normal -9.238795e-01 -3.826834e-01 0.000000e+00
    outer loop
      vertex   2.708698e+01 1.113203e+02 -2.000000e+02
      vertex   2.708698e+01 1.113203e+02 -1.985000e+02
      vertex   2.676230e+01 1.121041e+02 -2.000000e+02
    endloop
  endfacet
  facet normal -9.238795e-01 -3.826834e-01 0.000000e+00
    outer loop
      vertex   2.676230e+01 1.121041e+02 -2.000000e+02
      vertex   2.708698e+01 1.113203e+02 -1.985000e+02
      vertex   2.676230e+01 1.121041e+02 -1.985000e+02
    endloop
  endfacet
  facet normal -7.933533e-01 -6.087614e-01 0.000000e+00
    outer loop
      vertex   2.676230e+01 1.121041e+02 -2.000000e+02
      vertex   2.676230e+01 1.121041e+02 -1.985000e+02
      vertex   2.624582e+01 1.127772e+02 -2.000000e+02
    endloop
  endfacet
  facet normal -7.933533e-01 -6.087614e-01 0.000000e+00
    outer loop
      vertex   2.624582e+01 1.127772e+02 -2.000000e+02
      vertex   2.676230e+01 1.121041e+02 -1.985000e+02
      vertex   2.624582e+01 1.127772e+02 -1.985000e+02
    endloop
  endfacet
  facet normal -6.087614e-01 -7.933533e-01 0.000000e+00
    outer loop
      vertex   2.624582e+01 1.127772e+02 -2.000000e+02
      vertex   2.624582e+01 1.127772e+02 -1.985000e+02
      vertex   2.557272e+01 1.132937e+02 -2.000000e+02
    endloop
  endfacet
  facet normal -6.087614e-01 -7.933533e-01 0.000000e+00
    outer loop
      vertex   2.557272e+01 1.132937e+02 -2.000000e+02
      vertex   2.624582e+01 1.127772e+02 -1.985000e+02
      vertex   2.557272e+01 1.132937e+02 -1.985000e+02
    endloop
  endfacet
  facet normal -3.826834e-01 -9.238795e-01 0.000000e+00
    outer loop
      vertex   2.557272e+01 1.132937e+02 -2.000000e+02
      vertex   2.557272e+01 1.132937e+02 -1.985000e+02
      vertex   2.478888e+01 1.136184e+02 -2.000000e+02
    endloop
  endfacet
  facet normal -3.826834e-01 -9.238795e-01 0.000000e+00
    outer loop
      vertex   2.478888e+01 1.136184e+02 -2.000000e+02
      vertex   2.557272e+01 1.132937e+02 -1.985000e+02
      vertex   2.478888e+01 1.136184e+02 -1.985000e+02
    endloop
  endfacet
  facet normal -1.305262e-01 -9.914449e-01 0.000000e+00
    outer loop
      vertex   2.478888e+01 1.136184e+02 -2.000000e+02
      vertex   2.478888e+01 1.136184e+02 -1.985000e+02
      vertex   2.394772e+01 1.137291e+02 -2.000000e+02
    endloop
  endfacet
  facet normal -1.305262e-01 -9.914449e-01 0.000000e+00
    outer loop
      vertex   2.394772e+01 1.137291e+02 -2.000000e+02
      vertex   2.478888e+01 1.136184e+02 -1.985000e+02
      vertex   2.394772e+01 1.137291e+02 -1.985000e+02
    endloop
  endfacet
  facet normal 1.305262e-01 -9.914449e-01 0.000000e+00
    outer loop
      vertex   2.394772e+01 1.137291e+02 -2.000000e+02
      vertex   2.394772e+01 1.137291e+02 -1.985000e+02
      vertex   2.310656e+01 1.136184e+02 -2.000000e+02
    endloop
  endfacet
  facet normal 1.305262e-01 -9.914449e-01 0.000000e+00
    outer loop
      vertex   2.310656e+01 1.136184e+02 -2.000000e+02
      vertex   2.394772e+01 1.137291e+02 -1.985000e+02
      vertex   2.310656e+01 1.136184e+02 -1.985000e+02
    endloop
  endfacet
  facet normal 3.826834e-01 -9.238795e-01 0.000000e+00
    outer loop
      vertex   2.310656e+01 1.136184e+02 -2.000000e+02
      vertex   2.310656e+01 1.136184e+02 -1.985000e+02
      vertex   2.232272e+01 1.132937e+02 -2.000000e+02
    endloop
  endfacet
  facet normal 3.826834e-01 -9.238795e-01 0.000000e+00
    outer loop
      vertex   2.232272e+01 1.132937e+02 -2.000000e+02
      vertex   2.310656e+01 1.136184e+02 -1.985000e+02
      vertex   2.232272e+01 1.132937e+02 -1.985000e+02
    endloop
  endfacet
  facet normal 6.087614e-01 -7.933533e-01 0.000000e+00
    outer loop
      vertex   2.232272e+01 1.132937e+02 -2.000000e+02
      vertex   2.232272e+01 1.132937e+02 -1.985000e+02
      vertex   2.164962e+01 1.127772e+02 -2.000000e+02
    endloop
  endfacet
  facet normal 6.087614e-01 -7.933533e-01 0.000000e+00
    outer loop
      vertex   2.164962e+01 1.127772e+02 -2.000000e+02
      vertex   2.232272e+01 1.132937e+02 -1.985000e+02
      vertex   2.164962e+01 1.127772e+02 -1.985000e+02
    endloop
  endfacet
  facet normal 7.933533e-01 -6.087614e-01 0.000000e+00
    outer loop
      vertex   2.164962e+01 1.127772e+02 -2.000000e+02
      vertex   2.164962e+01 1.127772e+02 -1.985000e+02
      vertex   2.113314e+01 1.121041e+02 -2.000000e+02
    endloop
  endfacet
  facet normal 7.933533e-01 -6.087614e-01 0.000000e+00
    outer loop
      vertex   2.113314e+01 1.121041e+02 -2.000000e+02
      vertex   2.164962e+01 1.127772e+02 -1.985000e+02
      vertex   2.113314e+01 1.121041e+02 -1.985000e+02
    endloop
  endfacet
  facet normal 9.238795e-01 -3.826834e-01 0.000000e+00
    outer loop
      vertex   2.113314e+01 1.121041e+02 -2.000000e+02
      vertex   2.113314e+01 1.121041e+02 -1.985000e+02
      vertex   2.080846e+01 1.113203e+02 -2.000000e+02
    endloop
  endfacet
  facet normal 9.238795e-01 -3.826834e-01 0.000000e+00
    outer loop
      vertex   2.080846e+01 1.113203e+02 -2.000000e+02
      vertex   2.113314e+01 1.121041e+02 -1.985000e+02
      vertex   2.080846e+01 1.113203e+02 -1.985000e+02
    endloop
  endfacet
  facet normal 0.000000e+00 -0.000000e+00 -1.000000e+00
    outer loop
      vertex   2.080846e+01 1.113203e+02 -1.985000e+02
      vertex   2.708698e+01 1.113203e+02 -1.985000e+02
      vertex   2.069772e+01 1.104791e+02 -1.985000e+02
    endloop
  endfacet
  facet normal 0.000000e+00 0.000000e+00 -1.000000e+00
    outer loop
      vertex   2.069772e+01 1.104791e+02 -1.985000e+02
      vertex   2.708698e+01 1.113203e+02 -1.985000e+02
      vertex   2.719772e+01 1.104791e+02 -1.985000e+02
    endloop
  endfacet
  facet normal 0.000000e+00 0.000000e+00 -1.000000e+00
    outer loop
      vertex   2.069772e+01 1.104791e+02 -1.985000e+02
      vertex   2.719772e+01 1.104791e+02 -1.985000e+02
      vertex   2.080846e+01 1.096380e+02 -1.985000e+02
    endloop
  endfacet
  facet normal 0.000000e+00 0.000000e+00 -1.000000e+00
    outer loop
      vertex   2.080846e+01 1.096380e+02 -1.985000e+02
      vertex   2.719772e+01 1.104791e+02 -1.985000e+02
      vertex   2.708698e+01 1.096380e+02 -1.985000e+02
    endloop
  endfacet
  facet normal 0.000000e+00 0.000000e+00 -1.000000e+00
    outer loop
      vertex   2.080846e+01 1.096380e+02 -1.985000e+02
      vertex   2.708698e+01 1.096380e+02 -1.985000e+02
      vertex   2.113314e+01 1.088541e+02 -1.985000e+02
    endloop
  endfacet
  facet normal 0.000000e+00 0.000000e+00 -1.000000e+00
    outer loop
      vertex   2.113314e+01 1.088541e+02 -1.985000e+02
      vertex   2.708698e+01 1.096380e+02 -1.985000e+02
      vertex   2.676230e+01 1.088541e+02 -1.985000e+02
    endloop
  endfacet
  facet normal 0.000000e+00 0.000000e+00 -1.000000e+00
    outer loop
      vertex   2.113314e+01 1.088541e+02 -1.985000e+02
      vertex   2.676230e+01 1.088541e+02 -1.985000e+02
      vertex   2.164962e+01 1.081810e+02 -1.985000e+02
    endloop
  endfacet
  facet normal 0.000000e+00 0.000000e+00 -1.000000e+00
    outer loop
      vertex   2.164962e+01 1.081810e+02 -1.985000e+02
      vertex   2.676230e+01 1.088541e+02 -1.985000e+02
      vertex   2.624582e+01 1.081810e+02 -1.985000e+02
    endloop
  endfacet
  facet normal 0.000000e+00 0.000000e+00 -1.000000e+00
    outer loop
      vertex   2.164962e+01 1.081810e+02 -1.985000e+02
      vertex   2.624582e+01 1.081810e+02 -1.985000e+02
      vertex   2.232272e+01 1.076645e+02 -1.985000e+02
    endloop
  endfacet
  facet normal 0.000000e+00 0.000000e+00 -1.000000e+00
    outer loop
      vertex   2.232272e+01 1.076645e+02 -1.985000e+02
      vertex   2.624582e+01 1.081810e+02 -1.985000e+02
      vertex   2.557272e+01 1.076645e+02 -1.985000e+02
    endloop
  endfacet
  facet normal 0.000000e+00 0.000000e+00 -1.000000e+00
    outer loop
      vertex   2.232272e+01 1.076645e+02 -1.985000e+02
      vertex   2.557272e+01 1.076645e+02 -1.985000e+02
      vertex   2.310656e+01 1.073399e+02 -1.985000e+02
    endloop
  endfacet
  facet normal 0.000000e+00 0.000000e+00 -1.000000e+00
    outer loop
      vertex   2.310656e+01 1.073399e+02 -1.985000e+02
      vertex   2.557272e+01 1.076645e+02 -1.985000e+02
      vertex   2.478888e+01 1.073399e+02 -1.985000e+02
    endloop
  endfacet
  facet normal 0.000000e+00 0.000000e+00 -1.000000e+00
    outer loop
      vertex   2.310656e+01 1.073399e+02 -1.985000e+02
      vertex   2.478888e+01 1.073399e+02 -1.985000e+02
      vertex   2.394772e+01 1.072291e+02 -1.985000e+02
    endloop
  endfacet
  facet normal 0.000000e+00 0.000000e+00 -1.000000e+00
    outer loop
      vertex   2.708698e+01 1.113203e+02 -1.985000e+02
      vertex   2.080846e+01 1.113203e+02 -1.985000e+02
      vertex   2.676230e+01 1.121041e+02 -1.985000e+02
    endloop
  endfacet
  facet normal -0.000000e+00 0.000000e+00 -1.000000e+00
    outer loop
      vertex   2.676230e+01 1.121041e+02 -1.985000e+02
      vertex   2.080846e+01 1.113203e+02 -1.985000e+02
      vertex   2.113314e+01 1.121041e+02 -1.985000e+02
    endloop
  endfacet
  facet normal 0.000000e+00 0.000000e+00 -1.000000e+00
    outer loop
      vertex   2.676230e+01 1.121041e+02 -1.985000e+02
      vertex   2.113314e+01 1.121041e+02 -1.985000e+02
      vertex   2.624582e+01 1.127772e+02 -1.985000e+02
    endloop
  endfacet
  facet normal -0.000000e+00 0.000000e+00 -1.000000e+00
    outer loop
      vertex   2.624582e+01 1.127772e+02 -1.985000e+02
      vertex   2.113314e+01 1.121041e+02 -1.985000e+02
      vertex   2.164962e+01 1.127772e+02 -1.985000e+02
    endloop
  endfacet
  facet normal 0.000000e+00 0.000000e+00 -1.000000e+00
    outer loop
      vertex   2.624582e+01 1.127772e+02 -1.985000e+02
      vertex   2.164962e+01 1.127772e+02 -1.985000e+02
      vertex   2.557272e+01 1.132937e+02 -1.985000e+02
    endloop
  endfacet
  facet normal -0.000000e+00 0.000000e+00 -1.000000e+00
    outer loop
      vertex   2.557272e+01 1.132937e+02 -1.985000e+02
      vertex   2.164962e+01 1.127772e+02 -1.985000e+02
      vertex   2.232272e+01 1.132937e+02 -1.985000e+02
    endloop
  endfacet
  facet normal 0.000000e+00 0.000000e+00 -1.000000e+00
    outer loop
      vertex   2.557272e+01 1.132937e+02 -1.985000e+02
      vertex   2.232272e+01 1.132937e+02 -1.985000e+02
      vertex   2.478888e+01 1.136184e+02 -1.985000e+02
    endloop
  endfacet
  facet normal -0.000000e+00 0.000000e+00 -1.000000e+00
    outer loop
      vertex   2.478888e+01 1.136184e+02 -1.985000e+02
      vertex   2.232272e+01 1.132937e+02 -1.985000e+02
      vertex   2.310656e+01 1.136184e+02 -1.985000e+02
    endloop
  endfacet
  facet normal 0.000000e+00 0.000000e+00 -1.000000e+00
    outer loop
      vertex   2.478888e+01 1.136184e+02 -1.985000e+02
      vertex   2.310656e+01 1.136184e+02 -1.985000e+02
      vertex   2.394772e+01 1.137291e+02 -1.985000e+02
    endloop
  endfacet
  facet normal 9.914449e-01 -1.305262e-01 0.000000e+00
    outer loop
      vertex   2.080846e+01 1.283428e+02 -2.000000e+02
      vertex   2.080846e+01 1.283428e+02 -1.985000e+02
      vertex   2.069772e+01 1.275016e+02 -2.000000e+02
    endloop
  endfacet
  facet normal 9.914449e-01 -1.305262e-01 0.000000e+00
    outer loop
      vertex   2.069772e+01 1.275016e+02 -2.000000e+02
      vertex   2.080846e+01 1.283428e+02 -1.985000e+02
      vertex   2.069772e+01 1.275016e+02 -1.985000e+02
    endloop
  endfacet
  facet normal 9.914449e-01 1.305262e-01 -0.000000e+00
    outer loop
      vertex   2.069772e+01 1.275016e+02 -2.000000e+02
      vertex   2.069772e+01 1.275016e+02 -1.985000e+02
      vertex   2.080846e+01 1.266605e+02 -2.000000e+02
    endloop
  endfacet
  facet normal 9.914449e-01 1.305262e-01 -0.000000e+00
    outer loop
      vertex   2.080846e+01 1.266605e+02 -2.000000e+02
      vertex   2.069772e+01 1.275016e+02 -1.985000e+02
      vertex   2.080846e+01 1.266605e+02 -1.985000e+02
    endloop
  endfacet
  facet normal 9.238795e-01 3.826834e-01 -0.000000e+00
    outer loop
      vertex   2.080846e+01 1.266605e+02 -2.000000e+02
      vertex   2.080846e+01 1.266605e+02 -1.985000e+02
      vertex   2.113314e+01 1.258766e+02 -2.000000e+02
    endloop
  endfacet
  facet normal 9.238795e-01 3.826834e-01 -0.000000e+00
    outer loop
      vertex   2.113314e+01 1.258766e+02 -2.000000e+02
      vertex   2.080846e+01 1.266605e+02 -1.985000e+02
      vertex   2.113314e+01 1.258766e+02 -1.985000e+02
    endloop
  endfacet
  facet normal 7.933533e-01 6.087614e-01 -0.000000e+00
    outer loop
      vertex   2.113314e+01 1.258766e+02 -2.000000e+02
      vertex   2.113314e+01 1.258766e+02 -1.985000e+02
      vertex   2.164962e+01 1.252035e+02 -2.000000e+02
    endloop
  endfacet
  facet normal 7.933533e-01 6.087614e-01 -0.000000e+00
    outer loop
      vertex   2.164962e+01 1.252035e+02 -2.000000e+02
      vertex   2.113314e+01 1.258766e+02 -1.985000e+02
      vertex   2.164962e+01 1.252035e+02 -1.985000e+02
    endloop
  endfacet
  facet normal 6.087614e-01 7.933533e-01 -0.000000e+00
    outer loop
      vertex   2.164962e+01 1.252035e+02 -2.000000e+02
      vertex   2.164962e+01 1.252035e+02 -1.985000e+02
      vertex   2.232272e+01 1.246870e+02 -2.000000e+02
    endloop
  endfacet
  facet normal 6.087614e-01 7.933533e-01 -0.000000e+00
    outer loop
      vertex   2.232272e+01 1.246870e+02 -2.000000e+02
      vertex   2.164962e+01 1.252035e+02 -1.985000e+02
      vertex   2.232272e+01 1.246870e+02 -1.985000e+02
    endloop
  endfacet
  facet normal 3.826834e-01 9.238795e-01 -0.000000e+00
    outer loop
      vertex   2.232272e+01 1.246870e+02 -2.000000e+02
      vertex   2.232272e+01 1.246870e+02 -1.985000e+02
      vertex   2.310656e+01 1.243624e+02 -2.000000e+02
    endloop
  endfacet
  facet normal 3.826834e-01 9.238795e-01 -0.000000e+00
    outer loop
      vertex   2.310656e+01 1.243624e+02 -2.000000e+02
      vertex   2.232272e+01 1.246870e+02 -1.985000e+02
      vertex   2.310656e+01 1.243624e+02 -1.985000e+02
    endloop
  endfacet
  facet normal 1.305262e-01 9.914449e-01 -0.000000e+00
    outer loop
      vertex   2.310656e+01 1.243624e+02 -2.000000e+02
      vertex   2.310656e+01 1.243624e+02 -1.985000e+02
      vertex   2.394772e+01 1.242516e+02 -2.000000e+02
    endloop
  endfacet
  facet normal 1.305262e-01 9.914449e-01 -0.000000e+00
    outer loop
      vertex   2.394772e+01 1.242516e+02 -2.000000e+02
      vertex   2.310656e+01 1.243624e+02 -1.985000e+02
      vertex   2.394772e+01 1.242516e+02 -1.985000e+02
    endloop
  endfacet
  facet normal -1.305262e-01 9.914449e-01 0.000000e+00
    outer loop
      vertex   2.394772e+01 1.242516e+02 -2.000000e+02
      vertex   2.394772e+01 1.242516e+02 -1.985000e+02
      vertex   2.478888e+01 1.243624e+02 -2.000000e+02
    endloop
  endfacet
  facet normal -1.305262e-01 9.914449e-01 0.000000e+00
    outer loop
      vertex   2.478888e+01 1.243624e+02 -2.000000e+02
      vertex   2.394772e+01 1.242516e+02 -1.985000e+02
      vertex   2.478888e+01 1.243624e+02 -1.985000e+02
    endloop
  endfacet
  facet normal -3.826834e-01 9.238795e-01 0.000000e+00
    outer loop
      vertex   2.478888e+01 1.243624e+02 -2.000000e+02
      vertex   2.478888e+01 1.243624e+02 -1.985000e+02
      vertex   2.557272e+01 1.246870e+02 -2.000000e+02
    endloop
  endfacet
  facet normal -3.826834e-01 9.238795e-01 0.000000e+00
    outer loop
      vertex   2.557272e+01 1.246870e+02 -2.000000e+02
      vertex   2.478888e+01 1.243624e+02 -1.985000e+02
      vertex   2.557272e+01 1.246870e+02 -1.985000e+02
    endloop
  endfacet
  facet normal -6.087614e-01 7.933533e-01 0.000000e+00
    outer loop
      vertex   2.557272e+01 1.246870e+02 -2.000000e+02
      vertex   2.557272e+01 1.246870e+02 -1.985000e+02
      vertex   2.624582e+01 1.252035e+02 -2.000000e+02
    endloop
  endfacet
  facet normal -6.087614e-01 7.933533e-01 0.000000e+00
    outer loop
      vertex   2.624582e+01 1.252035e+02 -2.000000e+02
      vertex   2.557272e+01 1.246870e+02 -1.985000e+02
      vertex   2.624582e+01 1.252035e+02 -1.985000e+02
    endloop
  endfacet
  facet normal -7.933533e-01 6.087614e-01 0.000000e+00
    outer loop
      vertex   2.624582e+01 1.252035e+02 -2.000000e+02
      vertex   2.624582e+01 1.252035e+02 -1.985000e+02
      vertex   2.676230e+01 1.258766e+02 -2.000000e+02
    endloop
  endfacet
  facet normal -7.933533e-01 6.087614e-01 0.000000e+00
    outer loop
      vertex   2.676230e+01 1.258766e+02 -2.000000e+02
      vertex   2.624582e+01 1.252035e+02 -1.985000e+02
      vertex   2.676230e+01 1.258766e+02 -1.985000e+02
    endloop
  endfacet
  facet normal -9.238795e-01 3.826834e-01 0.000000e+00
    outer loop
      vertex   2.676230e+01 1.258766e+02 -2.000000e+02
      vertex   2.676230e+01 1.258766e+02 -1.985000e+02
      vertex   2.708698e+01 1.266605e+02 -2.000000e+02
    endloop
  endfacet
  facet normal -9.238795e-01 3.826834e-01 0.000000e+00
    outer loop
      vertex   2.708698e+01 1.266605e+02 -2.000000e+02
      vertex   2.676230e+01 1.258766e+02 -1.985000e+02
      vertex   2.708698e+01 1.266605e+02 -1.985000e+02
    endloop
  endfacet
  facet normal -9.914449e-01 1.305262e-01 0.000000e+00
    outer loop
      vertex   2.708698e+01 1.266605e+02 -2.000000e+02
      vertex   2.708698e+01 1.266605e+02 -1.985000e+02
      vertex   2.719772e+01 1.275016e+02 -2.000000e+02
    endloop
  endfacet
  facet normal -9.914449e-01 1.305262e-01 0.000000e+00
    outer loop
      vertex   2.719772e+01 1.275016e+02 -2.000000e+02
      vertex   2.708698e+01 1.266605e+02 -1.985000e+02
      vertex   2.719772e+01 1.275016e+02 -1.985000e+02
    endloop
  endfacet
  facet normal -9.914449e-01 -1.305262e-01 0.000000e+00
    outer loop
      vertex   2.719772e+01 1.275016e+02 -2.000000e+02
      vertex   2.719772e+01 1.275016e+02 -1.985000e+02
      vertex   2.708698e+01 1.283428e+02 -2.000000e+02
    endloop
  endfacet
  facet normal -9.914449e-01 -1.305262e-01 0.000000e+00
    outer loop
      vertex   2.708698e+01 1.283428e+02 -2.000000e+02
      vertex   2.719772e+01 1.275016e+02 -1.985000e+02
      vertex   2.708698e+01 1.283428e+02 -1.985000e+02
    endloop
  endfacet
  facet normal -9.238795e-01 -3.826834e-01 0.000000e+00
    outer loop
      vertex   2.708698e+01 1.283428e+02 -2.000000e+02
      vertex   2.708698e+01 1.283428e+02 -1.985000e+02
      vertex   2.676230e+01 1.291266e+02 -2.000000e+02
    endloop
  endfacet
  facet normal -9.238795e-01 -3.826834e-01 0.000000e+00
    outer loop
      vertex   2.676230e+01 1.291266e+02 -2.000000e+02
      vertex   2.708698e+01 1.283428e+02 -1.985000e+02
      vertex   2.676230e+01 1.291266e+02 -1.985000e+02
    endloop
  endfacet
  facet normal -7.933533e-01 -6.087614e-01 0.000000e+00
    outer loop
      vertex   2.676230e+01 1.291266e+02 -2.000000e+02
      vertex   2.676230e+01 1.291266e+02 -1.985000e+02
      vertex   2.624582e+01 1.297997e+02 -2.000000e+02
    endloop
  endfacet
  facet normal -7.933533e-01 -6.087614e-01 0.000000e+00
    outer loop
      vertex   2.624582e+01 1.297997e+02 -2.000000e+02
      vertex   2.676230e+01 1.291266e+02 -1.985000e+02
      vertex   2.624582e+01 1.297997e+02 -1.985000e+02
    endloop
  endfacet
  facet normal -6.087614e-01 -7.933533e-01 0.000000e+00
    outer loop
      vertex   2.624582e+01 1.297997e+02 -2.000000e+02
      vertex   2.624582e+01 1.297997e+02 -1.985000e+02
      vertex   2.557272e+01 1.303162e+02 -2.000000e+02
    endloop
  endfacet
  facet normal -6.087614e-01 -7.933533e-01 0.000000e+00
    outer loop
      vertex   2.557272e+01 1.303162e+02 -2.000000e+02
      vertex   2.624582e+01 1.297997e+02 -1.985000e+02
      vertex   2.557272e+01 1.303162e+02 -1.985000e+02
    endloop
  endfacet
  facet normal -3.826834e-01 -9.238795e-01 0.000000e+00
    outer loop
      vertex   2.557272e+01 1.303162e+02 -2.000000e+02
      vertex   2.557272e+01 1.303162e+02 -1.985000e+02
      vertex   2.478888e+01 1.306409e+02 -2.000000e+02
    endloop
  endfacet
  facet normal -3.826834e-01 -9.238795e-01 0.000000e+00
    outer loop
      vertex   2.478888e+01 1.306409e+02 -2.000000e+02
      vertex   2.557272e+01 1.303162e+02 -1.985000e+02
      vertex   2.478888e+01 1.306409e+02 -1.985000e+02
    endloop
  endfacet
  facet normal -1.305262e-01 -9.914449e-01 0.000000e+00
    outer loop
      vertex   2.478888e+01 1.306409e+02 -2.000000e+02
      vertex   2.478888e+01 1.306409e+02 -1.985000e+02
      vertex   2.394772e+01 1.307516e+02 -2.000000e+02
    endloop
  endfacet
  facet normal -1.305262e-01 -9.914449e-01 0.000000e+00
    outer loop
      vertex   2.394772e+01 1.307516e+02 -2.000000e+02
      vertex   2.478888e+01 1.306409e+02 -1.985000e+02
      vertex   2.394772e+01 1.307516e+02 -1.985000e+02
    endloop
  endfacet
  facet normal 1.305262e-01 -9.914449e-01 0.000000e+00
    outer loop
      vertex   2.394772e+01 1.307516e+02 -2.000000e+02
      vertex   2.394772e+01 1.307516e+02 -1.985000e+02
      vertex   2.310656e+01 1.306409e+02 -2.000000e+02
    endloop
  endfacet
  facet normal 1.305262e-01 -9.914449e-01 0.000000e+00
    outer loop
      vertex   2.310656e+01 1.306409e+02 -2.000000e+02
      vertex   2.394772e+01 1.307516e+02 -1.985000e+02
      vertex   2.310656e+01 1.306409e+02 -1.985000e+02
    endloop
  endfacet
  facet normal 3.826834e-01 -9.238795e-01 0.000000e+00
    outer loop
      vertex   2.310656e+01 1.306409e+02 -2.000000e+02
      vertex   2.310656e+01 1.306409e+02 -1.985000e+02
      vertex   2.232272e+01 1.303162e+02 -2.000000e+02
    endloop
  endfacet
  facet normal 3.826834e-01 -9.238795e-01 0.000000e+00
    outer loop
      vertex   2.232272e+01 1.303162e+02 -2.000000e+02
      vertex   2.310656e+01 1.306409e+02 -1.985000e+02
      vertex   2.232272e+01 1.303162e+02 -1.985000e+02
    endloop
  endfacet
  facet normal 6.087614e-01 -7.933533e-01 0.000000e+00
    outer loop
      vertex   2.232272e+01 1.303162e+02 -2.000000e+02
      vertex   2.232272e+01 1.303162e+02 -1.985000e+02
      vertex   2.164962e+01 1.297997e+02 -2.000000e+02
    endloop
  endfacet
  facet normal 6.087614e-01 -7.933533e-01 0.000000e+00
    outer loop
      vertex   2.164962e+01 1.297997e+02 -2.000000e+02
      vertex   2.232272e+01 1.303162e+02 -1.985000e+02
      vertex   2.164962e+01 1.297997e+02 -1.985000e+02
    endloop
  endfacet
  facet normal 7.933533e-01 -6.087614e-01 0.000000e+00
    outer loop
      vertex   2.164962e+01 1.297997e+02 -2.000000e+02
      vertex   2.164962e+01 1.297997e+02 -1.985000e+02
      vertex   2.113314e+01 1.291266e+02 -2.000000e+02
    endloop
  endfacet
  facet normal 7.933533e-01 -6.087614e-01 0.000000e+00
    outer loop
      vertex   2.113314e+01 1.291266e+02 -2.000000e+02
      vertex   2.164962e+01 1.297997e+02 -1.985000e+02
      vertex   2.113314e+01 1.291266e+02 -1.985000e+02
    endloop
  endfacet
  facet normal 9.238795e-01 -3.826834e-01 0.000000e+00
    outer loop
      vertex   2.113314e+01 1.291266e+02 -2.000000e+02
      vertex   2.113314e+01 1.291266e+02 -1.985000e+02
      vertex   2.080846e+01 1.283428e+02 -2.000000e+02
    endloop
  endfacet
  facet normal 9.238795e-01 -3.826834e-01 0.000000e+00
    outer loop
      vertex   2.080846e+01 1.283428e+02 -2.000000e+02
      vertex   2.113314e+01 1.291266e+02 -1.985000e+02
      vertex   2.080846e+01 1.283428e+02 -1.985000e+02
    endloop
  endfacet
  facet normal 0.000000e+00 -0.000000e+00 -1.000000e+00
    outer loop
      vertex   2.080846e+01 1.283428e+02 -1.985000e+02
      vertex   2.708698e+01 1.283428e+02 -1.985000e+02
      vertex   2.069772e+01 1.275016e+02 -1.985000e+02
    endloop
  endfacet
  facet normal 0.000000e+00 0.000000e+00 -1.000000e+00
    outer loop
      vertex   2.069772e+01 1.275016e+02 -1.985000e+02
      vertex   2.708698e+01 1.283428e+02 -1.985000e+02
      vertex   2.719772e+01 1.275016e+02 -1.985000e+02
    endloop
  endfacet
  facet normal 0.000000e+00 0.000000e+00 -1.000000e+00
    outer loop
      vertex   2.069772e+01 1.275016e+02 -1.985000e+02
      vertex   2.719772e+01 1.275016e+02 -1.985000e+02
      vertex   2.080846e+01 1.266605e+02 -1.985000e+02
    endloop
  endfacet
  facet normal 0.000000e+00 0.000000e+00 -1.000000e+00
    outer loop
      vertex   2.080846e+01 1.266605e+02 -1.985000e+02
      vertex   2.719772e+01 1.275016e+02 -1.985000e+02
      vertex   2.708698e+01 1.266605e+02 -1.985000e+02
    endloop
  endfacet
  facet normal 0.000000e+00 0.000000e+00 -1.000000e+00
    outer loop
      vertex   2.080846e+01 1.266605e+02 -1.985000e+02
      vertex   2.708698e+01 1.266605e+02 -1.985000e+02
      vertex   2.113314e+01 1.258766e+02 -1.985000e+02
    endloop
  endfacet
  facet normal 0.000000e+00 0.000000e+00 -1.000000e+00
    outer loop
      vertex   2.113314e+01 1.258766e+02 -1.985000e+02
      vertex   2.708698e+01 1.266605e+02 -1.985000e+02
      vertex   2.676230e+01 1.258766e+02 -1.985000e+02
    endloop
  endfacet
  facet normal 0.000000e+00 0.000000e+00 -1.000000e+00
    outer loop
      vertex   2.113314e+01 1.258766e+02 -1.985000e+02
      vertex   2.676230e+01 1.258766e+02 -1.985000e+02
      vertex   2.164962e+01 1.252035e+02 -1.985000e+02
    endloop
  endfacet
  facet normal 0.000000e+00 0.000000e+00 -1.000000e+00
    outer loop
      vertex   2.164962e+01 1.252035e+02 -1.985000e+02
      vertex   2.676230e+01 1.258766e+02 -1.985000e+02
      vertex   2.624582e+01 1.252035e+02 -1.985000e+02
    endloop
  endfacet
  facet normal 0.000000e+00 0.000000e+00 -1.000000e+00
    outer loop
      vertex   2.164962e+01 1.252035e+02 -1.985000e+02
      vertex   2.624582e+01 1.252035e+02 -1.985000e+02
      vertex   2.232272e+01 1.246870e+02 -1.985000e+02
    endloop
  endfacet
  facet normal 0.000000e+00 0.000000e+00 -1.000000e+00
    outer loop
      vertex   2.232272e+01 1.246870e+02 -1.985000e+02
      vertex   2.624582e+01 1.252035e+02 -1.985000e+02
      vertex   2.557272e+01 1.246870e+02 -1.985000e+02
    endloop
  endfacet
  facet normal 0.000000e+00 0.000000e+00 -1.000000e+00
    outer loop
      vertex   2.232272e+01 1.246870e+02 -1.985000e+02
      vertex   2.557272e+01 1.246870e+02 -1.985000e+02
      vertex   2.310656e+01 1.243624e+02 -1.985000e+02
    endloop
  endfacet
  facet normal 0.000000e+00 0.000000e+00 -1.000000e+00
    outer loop
      vertex   2.310656e+01 1.243624e+02 -1.985000e+02
      vertex   2.557272e+01 1.246870e+02 -1.985000e+02
      vertex   2.478888e+01 1.243624e+02 -1.985000e+02
    endloop
  endfacet
  facet normal 0.000000e+00 0.000000e+00 -1.000000e+00
    outer loop
      vertex   2.310656e+01 1.243624e+02 -1.985000e+02
      vertex   2.478888e+01 1.243624e+02 -1.985000e+02
      vertex   2.394772e+01 1.242516e+02 -1.985000e+02
    endloop
  endfacet
  facet normal 0.000000e+00 0.000000e+00 -1.000000e+00
    outer loop
      vertex   2.708698e+01 1.283428e+02 -1.985000e+02
      vertex   2.080846e+01 1.283428e+02 -1.985000e+02
      vertex   2.676230e+01 1.291266e+02 -1.985000e+02
    endloop
  endfacet
  facet normal -0.000000e+00 0.000000e+00 -1.000000e+00
    outer loop
      vertex   2.676230e+01 1.291266e+02 -1.985000e+02
      vertex   2.080846e+01 1.283428e+02 -1.985000e+02
      vertex   2.113314e+01 1.291266e+02 -1.985000e+02
    endloop
  endfacet
  facet normal 0.000000e+00 0.000000e+00 -1.000000e+00
    outer loop
      vertex   2.676230e+01 1.291266e+02 -1.985000e+02
      vertex   2.113314e+01 1.291266e+02 -1.985000e+02
      vertex   2.624582e+01 1.297997e+02 -1.985000e+02
    endloop
  endfacet
  facet normal -0.000000e+00 0.000000e+00 -1.000000e+00
    outer loop
      vertex   2.624582e+01 1.297997e+02 -1.985000e+02
      vertex   2.113314e+01 1.291266e+02 -1.985000e+02
      vertex   2.164962e+01 1.297997e+02 -1.985000e+02
    endloop
  endfacet
  facet normal 0.000000e+00 0.000000e+00 -1.000000e+00
    outer loop
      vertex   2.624582e+01 1.297997e+02 -1.985000e+02
      vertex   2.164962e+01 1.297997e+02 -1.985000e+02
      vertex   2.557272e+01 1.303162e+02 -1.985000e+02
    endloop
  endfacet
  facet normal -0.000000e+00 0.000000e+00 -1.000000e+00
    outer loop
      vertex   2.557272e+01 1.303162e+02 -1.985000e+02
      vertex   2.164962e+01 1.297997e+02 -1.985000e+02
      vertex   2.232272e+01 1.303162e+02 -1.985000e+02
    endloop
  endfacet
  facet normal 0.000000e+00 0.000000e+00 -1.000000e+00
    outer loop
      vertex   2.557272e+01 1.303162e+02 -1.985000e+02
      vertex   2.232272e+01 1.303162e+02 -1.985000e+02
      vertex   2.478888e+01 1.306409e+02 -1.985000e+02
    endloop
  endfacet
  facet normal -0.000000e+00 0.000000e+00 -1.000000e+00
    outer loop
      vertex   2.478888e+01 1.306409e+02 -1.985000e+02
      vertex   2.232272e+01 1.303162e+02 -1.985000e+02
      vertex   2.310656e+01 1.306409e+02 -1.985000e+02
    endloop
  endfacet
  facet normal 0.000000e+00 0.000000e+00 -1.000000e+00
    outer loop
      vertex   2.478888e+01 1.306409e+02 -1.985000e+02
      vertex   2.310656e+01 1.306409e+02 -1.985000e+02
      vertex   2.394772e+01 1.307516e+02 -1.985000e+02
    endloop
  endfacet
  facet normal 9.914449e-01 -1.305262e-01 0.000000e+00
    outer loop
      vertex   2.080846e+01 1.453653e+02 -2.000000e+02
      vertex   2.080846e+01 1.453653e+02 -1.985000e+02
      vertex   2.069772e+01 1.445241e+02 -2.000000e+02
    endloop
  endfacet
  facet normal 9.914449e-01 -1.305262e-01 0.000000e+00
    outer loop
      vertex   2.069772e+01 1.445241e+02 -2.000000e+02
      vertex   2.080846e+01 1.453653e+02 -1.985000e+02
      vertex   2.069772e+01 1.445241e+02 -1.985000e+02
    endloop
  endfacet
  facet normal 9.914449e-01 1.305262e-01 -0.000000e+00
    outer loop
      vertex   2.069772e+01 1.445241e+02 -2.000000e+02
      vertex   2.069772e+01 1.445241e+02 -1.985000e+02
      vertex   2.080846e+01 1.436830e+02 -2.000000e+02
    endloop
  endfacet
  facet normal 9.914449e-01 1.305262e-01 -0.000000e+00
    outer loop
      vertex   2.080846e+01 1.436830e+02 -2.000000e+02
      vertex   2.069772e+01 1.445241e+02 -1.985000e+02
      vertex   2.080846e+01 1.436830e+02 -1.985000e+02
    endloop
  endfacet
  facet normal 9.238795e-01 3.826834e-01 -0.000000e+00
    outer loop
      vertex   2.080846e+01 1.436830e+02 -2.000000e+02
      vertex   2.080846e+01 1.436830e+02 -1.985000e+02
      vertex   2.113314e+01 1.428991e+02 -2.000000e+02
    endloop
  endfacet
  facet normal 9.238795e-01 3.826834e-01 -0.000000e+00
    outer loop
      vertex   2.113314e+01 1.428991e+02 -2.000000e+02
      vertex   2.080846e+01 1.436830e+02 -1.985000e+02
      vertex   2.113314e+01 1.428991e+02 -1.985000e+02
    endloop
  endfacet
  facet normal 7.933533e-01 6.087614e-01 -0.000000e+00
    outer loop
      vertex   2.113314e+01 1.428991e+02 -2.000000e+02
      vertex   2.113314e+01 1.428991e+02 -1.985000e+02
      vertex   2.164962e+01 1.422260e+02 -2.000000e+02
    endloop
  endfacet
  facet normal 7.933533e-01 6.087614e-01 -0.000000e+00
    outer loop
      vertex   2.164962e+01 1.422260e+02 -2.000000e+02
      vertex   2.113314e+01 1.428991e+02 -1.985000e+02
      vertex   2.164962e+01 1.422260e+02 -1.985000e+02
    endloop
  endfacet
  facet normal 6.087614e-01 7.933533e-01 -0.000000e+00
    outer loop
      vertex   2.164962e+01 1.422260e+02 -2.000000e+02
      vertex   2.164962e+01 1.422260e+02 -1.985000e+02
      vertex   2.232272e+01 1.417095e+02 -2.000000e+02
    endloop
  endfacet
  facet normal 6.087614e-01 7.933533e-01 -0.000000e+00
    outer loop
      vertex   2.232272e+01 1.417095e+02 -2.000000e+02
      vertex   2.164962e+01 1.422260e+02 -1.985000e+02
      vertex   2.232272e+01 1.417095e+02 -1.985000e+02
    endloop
  endfacet
  facet normal 3.826834e-01 9.238795e-01 -0.000000e+00
    outer loop
      vertex   2.232272e+01 1.417095e+02 -2.000000e+02
      vertex   2.232272e+01 1.417095e+02 -1.985000e+02
      vertex   2.310656e+01 1.413849e+02 -2.000000e+02
    endloop
  endfacet
  facet normal 3.826834e-01 9.238795e-01 -0.000000e+00
    outer loop
      vertex   2.310656e+01 1.413849e+02 -2.000000e+02
      vertex   2.232272e+01 1.417095e+02 -1.985000e+02
      vertex   2.310656e+01 1.413849e+02 -1.985000e+02
    endloop
  endfacet
  facet normal 1.305262e-01 9.914449e-01 -0.000000e+00
    outer loop
      vertex   2.310656e+01 1.413849e+02 -2.000000e+02
      vertex   2.310656e+01 1.413849e+02 -1.985000e+02
      vertex   2.394772e+01 1.412741e+02 -2.000000e+02
    endloop
  endfacet
  facet normal 1.305262e-01 9.914449e-01 -0.000000e+00
    outer loop
      vertex   2.394772e+01 1.412741e+02 -2.000000e+02
      vertex   2.310656e+01 1.413849e+02 -1.985000e+02
      vertex   2.394772e+01 1.412741e+02 -1.985000e+02
    endloop
  endfacet
  facet normal -1.305262e-01 9.914449e-01 0.000000e+00
    outer loop
      vertex   2.394772e+01 1.412741e+02 -2.000000e+02
      vertex   2.394772e+01 1.412741e+02 -1.985000e+02
      vertex   2.478888e+01 1.413849e+02 -2.000000e+02
    endloop
  endfacet
  facet normal -1.305262e-01 9.914449e-01 0.000000e+00
    outer loop
      vertex   2.478888e+01 1.413849e+02 -2.000000e+02
      vertex   2.394772e+01 1.412741e+02 -1.985000e+02
      vertex   2.478888e+01 1.413849e+02 -1.985000e+02
    endloop
  endfacet
  facet normal -3.826834e-01 9.238795e-01 0.000000e+00
    outer loop
      vertex   2.478888e+01 1.413849e+02 -2.000000e+02
      vertex   2.478888e+01 1.413849e+02 -1.985000e+02
      vertex   2.557272e+01 1.417095e+02 -2.000000e+02
    endloop
  endfacet
  facet normal -3.826834e-01 9.238795e-01 0.000000e+00
    outer loop
      vertex   2.557272e+01 1.417095e+02 -2.000000e+02
      vertex   2.478888e+01 1.413849e+02 -1.985000e+02
      vertex   2.557272e+01 1.417095e+02 -1.985000e+02
    endloop
  endfacet
  facet normal -6.087614e-01 7.933533e-01 0.000000e+00
    outer loop
      vertex   2.557272e+01 1.417095e+02 -2.000000e+02
      vertex   2.557272e+01 1.417095e+02 -1.985000e+02
      vertex   2.624582e+01 1.422260e+02 -2.000000e+02
    endloop
  endfacet
  facet normal -6.087614e-01 7.933533e-01 0.000000e+00
    outer loop
      vertex   2.624582e+01 1.422260e+02 -2.000000e+02
      vertex   2.557272e+01 1.417095e+02 -1.985000e+02
      vertex   2.624582e+01 1.422260e+02 -1.985000e+02
    endloop
  endfacet
  facet normal -7.933533e-01 6.087614e-01 0.000000e+00
    outer loop
      vertex   2.624582e+01 1.422260e+02 -2.000000e+02
      vertex   2.624582e+01 1.422260e+02 -1.985000e+02
      vertex   2.676230e+01 1.428991e+02 -2.000000e+02
    endloop
  endfacet
  facet normal -7.933533e-01 6.087614e-01 0.000000e+00
    outer loop
      vertex   2.676230e+01 1.428991e+02 -2.000000e+02
      vertex   2.624582e+01 1.422260e+02 -1.985000e+02
      vertex   2.676230e+01 1.428991e+02 -1.985000e+02
    endloop
  endfacet
  facet normal -9.238795e-01 3.826834e-01 0.000000e+00
    outer loop
      vertex   2.676230e+01 1.428991e+02 -2.000000e+02
      vertex   2.676230e+01 1.428991e+02 -1.985000e+02
      vertex   2.708698e+01 1.436830e+02 -2.000000e+02
    endloop
  endfacet
  facet normal -9.238795e-01 3.826834e-01 0.000000e+00
    outer loop
      vertex   2.708698e+01 1.436830e+02 -2.000000e+02
      vertex   2.676230e+01 1.428991e+02 -1.985000e+02
      vertex   2.708698e+01 1.436830e+02 -1.985000e+02
    endloop
  endfacet
  facet normal -9.914449e-01 1.305262e-01 0.000000e+00
    outer loop
      vertex   2.708698e+01 1.436830e+02 -2.000000e+02
      vertex   2.708698e+01 1.436830e+02 -1.985000e+02
      vertex   2.719772e+01 1.445241e+02 -2.000000e+02
    endloop
  endfacet
  facet normal -9.914449e-01 1.305262e-01 0.000000e+00
    outer loop
      vertex   2.719772e+01 1.445241e+02 -2.000000e+02
      vertex   2.708698e+01 1.436830e+02 -1.985000e+02
      vertex   2.719772e+01 1.445241e+02 -1.985000e+02
    endloop
  endfacet
  facet normal -9.914449e-01 -1.305262e-01 0.000000e+00
    outer loop
      vertex   2.719772e+01 1.445241e+02 -2.000000e+02
      vertex   2.719772e+01 1.445241e+02 -1.985000e+02
      vertex   2.708698e+01 1.453653e+02 -2.000000e+02
    endloop
  endfacet
  facet normal -9.914449e-01 -1.305262e-01 0.000000e+00
    outer loop
      vertex   2.708698e+01 1.453653e+02 -2.000000e+02
      vertex   2.719772e+01 1.445241e+02 -1.985000e+02
      vertex   2.708698e+01 1.453653e+02 -1.985000e+02
    endloop
  endfacet
  facet normal -9.238795e-01 -3.826834e-01 0.000000e+00
    outer loop
      vertex   2.708698e+01 1.453653e+02 -2.000000e+02
      vertex   2.708698e+01 1.453653e+02 -1.985000e+02
      vertex   2.676230e+01 1.461491e+02 -2.000000e+02
    endloop
  endfacet
  facet normal -9.238795e-01 -3.826834e-01 0.000000e+00
    outer loop
      vertex   2.676230e+01 1.461491e+02 -2.000000e+02
      vertex   2.708698e+01 1.453653e+02 -1.985000e+02
      vertex   2.676230e+01 1.461491e+02 -1.985000e+02
    endloop
  endfacet
  facet normal -7.933533e-01 -6.087614e-01 0.000000e+00
    outer loop
      vertex   2.676230e+01 1.461491e+02 -2.000000e+02
      vertex   2.676230e+01 1.461491e+02 -1.985000e+02
      vertex   2.624582e+01 1.468222e+02 -2.000000e+02
    endloop
  endfacet
  facet normal -7.933533e-01 -6.087614e-01 0.000000e+00
    outer loop
      vertex   2.624582e+01 1.468222e+02 -2.000000e+02
      vertex   2.676230e+01 1.461491e+02 -1.985000e+02
      vertex   2.624582e+01 1.468222e+02 -1.985000e+02
    endloop
  endfacet
  facet normal -6.087614e-01 -7.933533e-01 0.000000e+00
    outer loop
      vertex   2.624582e+01 1.468222e+02 -2.000000e+02
      vertex   2.624582e+01 1.468222e+02 -1.985000e+02
      vertex   2.557272e+01 1.473387e+02 -2.000000e+02
    endloop
  endfacet
  facet normal -6.087614e-01 -7.933533e-01 0.000000e+00
    outer loop
      vertex   2.557272e+01 1.473387e+02 -2.000000e+02
      vertex   2.624582e+01 1.468222e+02 -1.985000e+02
      vertex   2.557272e+01 1.473387e+02 -1.985000e+02
    endloop
  endfacet
  facet normal -3.826834e-01 -9.238795e-01 0.000000e+00
    outer loop
      vertex   2.557272e+01 1.473387e+02 -2.000000e+02
      vertex   2.557272e+01 1.473387e+02 -1.985000e+02
      vertex   2.478888e+01 1.476634e+02 -2.000000e+02
    endloop
  endfacet
  facet normal -3.826834e-01 -9.238795e-01 0.000000e+00
    outer loop
      vertex   2.478888e+01 1.476634e+02 -2.000000e+02
      vertex   2.557272e+01 1.473387e+02 -1.985000e+02
      vertex   2.478888e+01 1.476634e+02 -1.985000e+02
    endloop
  endfacet
  facet normal -1.305262e-01 -9.914449e-01 0.000000e+00
    outer loop
      vertex   2.478888e+01 1.476634e+02 -2.000000e+02
      vertex   2.478888e+01 1.476634e+02 -1.985000e+02
      vertex   2.394772e+01 1.477741e+02 -2.000000e+02
    endloop
  endfacet
  facet normal -1.305262e-01 -9.914449e-01 0.000000e+00
    outer loop
      vertex   2.394772e+01 1.477741e+02 -2.000000e+02
      vertex   2.478888e+01 1.476634e+02 -1.985000e+02
      vertex   2.394772e+01 1.477741e+02 -1.985000e+02
    endloop
  endfacet
  facet normal 1.305262e-01 -9.914449e-01 0.000000e+00
    outer loop
      vertex   2.394772e+01 1.477741e+02 -2.000000e+02
      vertex   2.394772e+01 1.477741e+02 -1.985000e+02
      vertex   2.310656e+01 1.476634e+02 -2.000000e+02
    endloop
  endfacet
  facet normal 1.305262e-01 -9.914449e-01 0.000000e+00
    outer loop
      vertex   2.310656e+01 1.476634e+02 -2.000000e+02
      vertex   2.394772e+01 1.477741e+02 -1.985000e+02
      vertex   2.310656e+01 1.476634e+02 -1.985000e+02
    endloop
  endfacet
  facet normal 3.826834e-01 -9.238795e-01 0.000000e+00
    outer loop
      vertex   2.310656e+01 1.476634e+02 -2.000000e+02
      vertex   2.310656e+01 1.476634e+02 -1.985000e+02
      vertex   2.232272e+01 1.473387e+02 -2.000000e+02
    endloop
  endfacet
  facet normal 3.826834e-01 -9.238795e-01 0.000000e+00
    outer loop
      vertex   2.232272e+01 1.473387e+02 -2.000000e+02
      vertex   2.310656e+01 1.476634e+02 -1.985000e+02
      vertex   2.232272e+01 1.473387e+02 -1.985000e+02
    endloop
  endfacet
  facet normal 6.087614e-01 -7.933533e-01 0.000000e+00
    outer loop
      vertex   2.232272e+01 1.473387e+02 -2.000000e+02
      vertex   2.232272e+01 1.473387e+02 -1.985000e+02
      vertex   2.164962e+01 1.468222e+02 -2.000000e+02
    endloop
  endfacet
  facet normal 6.087614e-01 -7.933533e-01 0.000000e+00
    outer loop
      vertex   2.164962e+01 1.468222e+02 -2.000000e+02
      vertex   2.232272e+01 1.473387e+02 -1.985000e+02
      vertex   2.164962e+01 1.468222e+02 -1.985000e+02
    endloop
  endfacet
  facet normal 7.933533e-01 -6.087614e-01 0.000000e+00
    outer loop
      vertex   2.164962e+01 1.468222e+02 -2.000000e+02
      vertex   2.164962e+01 1.468222e+02 -1.985000e+02
      vertex   2.113314e+01 1.461491e+02 -2.000000e+02
    endloop
  endfacet
  facet normal 7.933533e-01 -6.087614e-01 0.000000e+00
    outer loop
      vertex   2.113314e+01 1.461491e+02 -2.000000e+02
      vertex   2.164962e+01 1.468222e+02 -1.985000e+02
      vertex   2.113314e+01 1.461491e+02 -1.985000e+02
    endloop
  endfacet
  facet normal 9.238795e-01 -3.826834e-01 0.000000e+00
    outer loop
      vertex   2.113314e+01 1.461491e+02 -2.000000e+02
      vertex   2.113314e+01 1.461491e+02 -1.985000e+02
      vertex   2.080846e+01 1.453653e+02 -2.000000e+02
    endloop
  endfacet
  facet normal 9.238795e-01 -3.826834e-01 0.000000e+00
    outer loop
      vertex   2.080846e+01 1.453653e+02 -2.000000e+02
      vertex   2.113314e+01 1.461491e+02 -1.985000e+02
      vertex   2.080846e+01 1.453653e+02 -1.985000e+02
    endloop
  endfacet
  facet normal 0.000000e+00 -0.000000e+00 -1.000000e+00
    outer loop
      vertex   2.080846e+01 1.453653e+02 -1.985000e+02
      vertex   2.708698e+01 1.453653e+02 -1.985000e+02
      vertex   2.069772e+01 1.445241e+02 -1.985000e+02
    endloop
  endfacet
  facet normal 0.000000e+00 0.000000e+00 -1.000000e+00
    outer loop
      vertex   2.069772e+01 1.445241e+02 -1.985000e+02
      vertex   2.708698e+01 1.453653e+02 -1.985000e+02
      vertex   2.719772e+01 1.445241e+02 -1.985000e+02
    endloop
  endfacet
  facet normal 0.000000e+00 0.000000e+00 -1.000000e+00
    outer loop
      vertex   2.069772e+01 1.445241e+02 -1.985000e+02
      vertex   2.719772e+01 1.445241e+02 -1.985000e+02
      vertex   2.080846e+01 1.436830e+02 -1.985000e+02
    endloop
  endfacet
  facet normal 0.000000e+00 0.000000e+00 -1.000000e+00
    outer loop
      vertex   2.080846e+01 1.436830e+02 -1.985000e+02
      vertex   2.719772e+01 1.445241e+02 -1.985000e+02
      vertex   2.708698e+01 1.436830e+02 -1.985000e+02
    endloop
  endfacet
  facet normal 0.000000e+00 0.000000e+00 -1.000000e+00
    outer loop
      vertex   2.080846e+01 1.436830e+02 -1.985000e+02
      vertex   2.708698e+01 1.436830e+02 -1.985000e+02
      vertex   2.113314e+01 1.428991e+02 -1.985000e+02
    endloop
  endfacet
  facet normal 0.000000e+00 0.000000e+00 -1.000000e+00
    outer loop
      vertex   2.113314e+01 1.428991e+02 -1.985000e+02
      vertex   2.708698e+01 1.436830e+02 -1.985000e+02
      vertex   2.676230e+01 1.428991e+02 -1.985000e+02
    endloop
  endfacet
  facet normal 0.000000e+00 0.000000e+00 -1.000000e+00
    outer loop
      vertex   2.113314e+01 1.428991e+02 -1.985000e+02
      vertex   2.676230e+01 1.428991e+02 -1.985000e+02
      vertex   2.164962e+01 1.422260e+02 -1.985000e+02
    endloop
  endfacet
  facet normal 0.000000e+00 0.000000e+00 -1.000000e+00
    outer loop
      vertex   2.164962e+01 1.422260e+02 -1.985000e+02
      vertex   2.676230e+01 1.428991e+02 -1.985000e+02
      vertex   2.624582e+01 1.422260e+02 -1.985000e+02
    endloop
  endfacet
  facet normal 0.000000e+00 0.000000e+00 -1.000000e+00
    outer loop
      vertex   2.164962e+01 1.422260e+02 -1.985000e+02
      vertex   2.624582e+01 1.422260e+02 -1.985000e+02
      vertex   2.232272e+01 1.417095e+02 -1.985000e+02
    endloop
  endfacet
  facet normal 0.000000e+00 0.000000e+00 -1.000000e+00
    outer loop
      vertex   2.232272e+01 1.417095e+02 -1.985000e+02
      vertex   2.624582e+01 1.422260e+02 -1.985000e+02
      vertex   2.557272e+01 1.417095e+02 -1.985000e+02
    endloop
  endfacet
  facet normal 0.000000e+00 0.000000e+00 -1.000000e+00
    outer loop
      vertex   2.232272e+01 1.417095e+02 -1.985000e+02
      vertex   2.557272e+01 1.417095e+02 -1.985000e+02
      vertex   2.310656e+01 1.413849e+02 -1.985000e+02
    endloop
  endfacet
  facet normal 0.000000e+00 0.000000e+00 -1.000000e+00
    outer loop
      vertex   2.310656e+01 1.413849e+02 -1.985000e+02
      vertex   2.557272e+01 1.417095e+02 -1.985000e+02
      vertex   2.478888e+01 1.413849e+02 -1.985000e+02
    endloop
  endfacet
  facet normal 0.000000e+00 0.000000e+00 -1.000000e+00
    outer loop
      vertex   2.310656e+01 1.413849e+02 -1.985000e+02
      vertex   2.478888e+01 1.413849e+02 -1.985000e+02
      vertex   2.394772e+01 1.412741e+02 -1.985000e+02
    endloop
  endfacet
  facet normal 0.000000e+00 0.000000e+00 -1.000000e+00
    outer loop
      vertex   2.708698e+01 1.453653e+02 -1.985000e+02
      vertex   2.080846e+01 1.453653e+02 -1.985000e+02
      vertex   2.676230e+01 1.461491e+02 -1.985000e+02
    endloop
  endfacet
  facet normal -0.000000e+00 0.000000e+00 -1.000000e+00
    outer loop
      vertex   2.676230e+01 1.461491e+02 -1.985000e+02
      vertex   2.080846e+01 1.453653e+02 -1.985000e+02
      vertex   2.113314e+01 1.461491e+02 -1.985000e+02
    endloop
  endfacet
  facet normal 0.000000e+00 0.000000e+00 -1.000000e+00
    outer loop
      vertex   2.676230e+01 1.461491e+02 -1.985000e+02
      vertex   2.113314e+01 1.461491e+02 -1.985000e+02
      vertex   2.624582e+01 1.468222e+02 -1.985000e+02
    endloop
  endfacet
  facet normal -0.000000e+00 0.000000e+00 -1.000000e+00
    outer loop
      vertex   2.624582e+01 1.468222e+02 -1.985000e+02
      vertex   2.113314e+01 1.461491e+02 -1.985000e+02
      vertex   2.164962e+01 1.468222e+02 -1.985000e+02
    endloop
  endfacet
  facet normal 0.000000e+00 0.000000e+00 -1.000000e+00
    outer loop
      vertex   2.624582e+01 1.468222e+02 -1.985000e+02
      vertex   2.164962e+01 1.468222e+02 -1.985000e+02
      vertex   2.557272e+01 1.473387e+02 -1.985000e+02
    endloop
  endfacet
  facet normal -0.000000e+00 0.000000e+00 -1.000000e+00
    outer loop
      vertex   2.557272e+01 1.473387e+02 -1.985000e+02
      vertex   2.164962e+01 1.468222e+02 -1.985000e+02
      vertex   2.232272e+01 1.473387e+02 -1.985000e+02
    endloop
  endfacet
  facet normal 0.000000e+00 0.000000e+00 -1.000000e+00
    outer loop
      vertex   2.557272e+01 1.473387e+02 -1.985000e+02
      vertex   2.232272e+01 1.473387e+02 -1.985000e+02
      vertex   2.478888e+01 1.476634e+02 -1.985000e+02
    endloop
  endfacet
  facet normal -0.000000e+00 0.000000e+00 -1.000000e+00
    outer loop
      vertex   2.478888e+01 1.476634e+02 -1.985000e+02
      vertex   2.232272e+01 1.473387e+02 -1.985000e+02
      vertex   2.310656e+01 1.476634e+02 -1.985000e+02
    endloop
  endfacet
  facet normal 0.000000e+00 0.000000e+00 -1.000000e+00
    outer loop
      vertex   2.478888e+01 1.476634e+02 -1.985000e+02
      vertex   2.310656e+01 1.476634e+02 -1.985000e+02
      vertex   2.394772e+01 1.477741e+02 -1.985000e+02
    endloop
  endfacet
  facet normal -1.305262e-01 -1.545741e-16 9.914449e-01
    outer loop
      vertex   1.591228e+01 -2.000000e+00 -1.343046e+01
      vertex   1.591228e+01 2.500000e+00 -1.343046e+01
      vertex   1.500642e+01 -2.000000e+00 -1.354972e+01
    endloop
  endfacet
  facet normal -1.305262e-01 0.000000e+00 9.914449e-01
    outer loop
      vertex   1.500642e+01 -2.000000e+00 -1.354972e+01
      vertex   1.591228e+01 2.500000e+00 -1.343046e+01
      vertex   1.500642e+01 2.500000e+00 -1.354972e+01
    endloop
  endfacet
  facet normal 1.305262e-01 -0.000000e+00 9.914449e-01
    outer loop
      vertex   1.500642e+01 -2.000000e+00 -1.354972e+01
      vertex   1.500642e+01 2.500000e+00 -1.354972e+01
      vertex   1.410055e+01 -2.000000e+00 -1.343046e+01
    endloop
  endfacet
  facet normal 1.305262e-01 -0.000000e+00 9.914449e-01
    outer loop
      vertex   1.410055e+01 -2.000000e+00 -1.343046e+01
      vertex   1.500642e+01 2.500000e+00 -1.354972e+01
      vertex   1.410055e+01 2.500000e+00 -1.343046e+01
    endloop
  endfacet
  facet normal 3.826834e-01 -0.000000e+00 9.238795e-01
    outer loop
      vertex   1.410055e+01 -2.000000e+00 -1.343046e+01
      vertex   1.410055e+01 2.500000e+00 -1.343046e+01
      vertex   1.325642e+01 -2.000000e+00 -1.308081e+01
    endloop
  endfacet
  facet normal 3.826834e-01 -0.000000e+00 9.238795e-01
    outer loop
      vertex   1.325642e+01 -2.000000e+00 -1.308081e+01
      vertex   1.410055e+01 2.500000e+00 -1.343046e+01
      vertex   1.325642e+01 2.500000e+00 -1.308081e+01
    endloop
  endfacet
  facet normal 6.087614e-01 -0.000000e+00 7.933533e-01
    outer loop
      vertex   1.325642e+01 -2.000000e+00 -1.308081e+01
      vertex   1.325642e+01 2.500000e+00 -1.308081e+01
      vertex   1.253154e+01 -2.000000e+00 -1.252459e+01
    endloop
  endfacet
  facet normal 6.087614e-01 -0.000000e+00 7.933533e-01
    outer loop
      vertex   1.253154e+01 -2.000000e+00 -1.252459e+01
      vertex   1.325642e+01 2.500000e+00 -1.308081e+01
      vertex   1.253154e+01 2.500000e+00 -1.252459e+01
    endloop
  endfacet
  facet normal 7.933533e-01 -0.000000e+00 6.087614e-01
    outer loop
      vertex   1.253154e+01 -2.000000e+00 -1.252459e+01
      vertex   1.253154e+01 2.500000e+00 -1.252459e+01
      vertex   1.197533e+01 -2.000000e+00 -1.179972e+01
    endloop
  endfacet
  facet normal 7.933533e-01 1.457338e-16 6.087614e-01
    outer loop
      vertex   1.197533e+01 -2.000000e+00 -1.179972e+01
      vertex   1.253154e+01 2.500000e+00 -1.252459e+01
      vertex   1.197533e+01 2.500000e+00 -1.179972e+01
    endloop
  endfacet
  facet normal 9.238795e-01 4.272700e-16 3.826834e-01
    outer loop
      vertex   1.197533e+01 -2.000000e+00 -1.179972e+01
      vertex   1.197533e+01 2.500000e+00 -1.179972e+01
      vertex   1.162567e+01 -2.000000e+00 -1.095559e+01
    endloop
  endfacet
  facet normal 9.238795e-01 -0.000000e+00 3.826834e-01
    outer loop
      vertex   1.162567e+01 -2.000000e+00 -1.095559e+01
      vertex   1.197533e+01 2.500000e+00 -1.179972e+01
      vertex   1.162567e+01 2.500000e+00 -1.095559e+01
    endloop
  endfacet
  facet normal 9.914449e-01 -0.000000e+00 1.305262e-01
    outer loop
      vertex   1.162567e+01 -2.000000e+00 -1.095559e+01
      vertex   1.162567e+01 2.500000e+00 -1.095559e+01
      vertex   1.150642e+01 -2.000000e+00 -1.004972e+01
    endloop
  endfacet
  facet normal 9.914449e-01 -0.000000e+00 1.305262e-01
    outer loop
      vertex   1.150642e+01 -2.000000e+00 -1.004972e+01
      vertex   1.162567e+01 2.500000e+00 -1.095559e+01
      vertex   1.150642e+01 2.500000e+00 -1.004972e+01
    endloop
  endfacet
  facet normal 9.914449e-01 0.000000e+00 -1.305262e-01
    outer loop
      vertex   1.150642e+01 -2.000000e+00 -1.004972e+01
      vertex   1.150642e+01 2.500000e+00 -1.004972e+01
      vertex   1.162567e+01 -2.000000e+00 -9.143853e+00
    endloop
  endfacet
  facet normal 9.914449e-01 5.152469e-17 -1.305262e-01
    outer loop
      vertex   1.162567e+01 -2.000000e+00 -9.143853e+00
      vertex   1.150642e+01 2.500000e+00 -1.004972e+01
      vertex   1.162567e+01 2.500000e+00 -9.143853e+00
    endloop
  endfacet
  facet normal 9.238795e-01 1.510627e-16 -3.826834e-01
    outer loop
      vertex   1.162567e+01 -2.000000e+00 -9.143853e+00
      vertex   1.162567e+01 2.500000e+00 -9.143853e+00
      vertex   1.197533e+01 -2.000000e+00 -8.299720e+00
    endloop
  endfacet
  facet normal 9.238795e-01 -5.783327e-16 -3.826834e-01
    outer loop
      vertex   1.197533e+01 -2.000000e+00 -8.299720e+00
      vertex   1.162567e+01 2.500000e+00 -9.143853e+00
      vertex   1.197533e+01 2.500000e+00 -8.299720e+00
    endloop
  endfacet
  facet normal 7.933533e-01 -3.860399e-16 -6.087614e-01
    outer loop
      vertex   1.197533e+01 -2.000000e+00 -8.299720e+00
      vertex   1.197533e+01 2.500000e+00 -8.299720e+00
      vertex   1.253154e+01 -2.000000e+00 -7.574846e+00
    endloop
  endfacet
  facet normal 7.933533e-01 0.000000e+00 -6.087614e-01
    outer loop
      vertex   1.253154e+01 -2.000000e+00 -7.574846e+00
      vertex   1.197533e+01 2.500000e+00 -8.299720e+00
      vertex   1.253154e+01 2.500000e+00 -7.574846e+00
    endloop
  endfacet
  facet normal 6.087614e-01 0.000000e+00 -7.933533e-01
    outer loop
      vertex   1.253154e+01 -2.000000e+00 -7.574846e+00
      vertex   1.253154e+01 2.500000e+00 -7.574846e+00
      vertex   1.325642e+01 -2.000000e+00 -7.018631e+00
    endloop
  endfacet
  facet normal 6.087614e-01 1.565865e-16 -7.933533e-01
    outer loop
      vertex   1.325642e+01 -2.000000e+00 -7.018631e+00
      vertex   1.253154e+01 2.500000e+00 -7.574846e+00
      vertex   1.325642e+01 2.500000e+00 -7.018631e+00
    endloop
  endfacet
  facet normal 3.826834e-01 1.823489e-16 -9.238795e-01
    outer loop
      vertex   1.325642e+01 -2.000000e+00 -7.018631e+00
      vertex   1.325642e+01 2.500000e+00 -7.018631e+00
      vertex   1.410055e+01 -2.000000e+00 -6.668979e+00
    endloop
  endfacet
  facet normal 3.826834e-01 0.000000e+00 -9.238795e-01
    outer loop
      vertex   1.410055e+01 -2.000000e+00 -6.668979e+00
      vertex   1.325642e+01 2.500000e+00 -7.018631e+00
      vertex   1.410055e+01 2.500000e+00 -6.668979e+00
    endloop
  endfacet
  facet normal 1.305262e-01 0.000000e+00 -9.914449e-01
    outer loop
      vertex   1.410055e+01 -2.000000e+00 -6.668979e+00
      vertex   1.410055e+01 2.500000e+00 -6.668979e+00
      vertex   1.500642e+01 -2.000000e+00 -6.549720e+00
    endloop
  endfacet
  facet normal 1.305262e-01 0.000000e+00 -9.914449e-01
    outer loop
      vertex   1.500642e+01 -2.000000e+00 -6.549720e+00
      vertex   1.410055e+01 2.500000e+00 -6.668979e+00
      vertex   1.500642e+01 2.500000e+00 -6.549720e+00
    endloop
  endfacet
  facet normal -1.305262e-01 0.000000e+00 -9.914449e-01
    outer loop
      vertex   1.500642e+01 -2.000000e+00 -6.549720e+00
      vertex   1.500642e+01 2.500000e+00 -6.549720e+00
      vertex   1.591228e+01 -2.000000e+00 -6.668979e+00
    endloop
  endfacet
  facet normal -1.305262e-01 1.030494e-16 -9.914449e-01
    outer loop
      vertex   1.591228e+01 -2.000000e+00 -6.668979e+00
      vertex   1.500642e+01 2.500000e+00 -6.549720e+00
      vertex   1.591228e+01 2.500000e+00 -6.668979e+00
    endloop
  endfacet
  facet normal -3.826834e-01 3.021255e-16 -9.238795e-01
    outer loop
      vertex   1.591228e+01 -2.000000e+00 -6.668979e+00
      vertex   1.591228e+01 2.500000e+00 -6.668979e+00
      vertex   1.675642e+01 -2.000000e+00 -7.018631e+00
    endloop
  endfacet
  facet normal -3.826834e-01 1.197766e-16 -9.238795e-01
    outer loop
      vertex   1.675642e+01 -2.000000e+00 -7.018631e+00
      vertex   1.591228e+01 2.500000e+00 -6.668979e+00
      vertex   1.675642e+01 2.500000e+00 -7.018631e+00
    endloop
  endfacet
  facet normal -6.087614e-01 3.240257e-16 -7.933533e-01
    outer loop
      vertex   1.675642e+01 -2.000000e+00 -7.018631e+00
      vertex   1.675642e+01 2.500000e+00 -7.018631e+00
      vertex   1.748129e+01 -2.000000e+00 -7.574846e+00
    endloop
  endfacet
  facet normal -6.087614e-01 -3.131730e-16 -7.933533e-01
    outer loop
      vertex   1.748129e+01 -2.000000e+00 -7.574846e+00
      vertex   1.675642e+01 2.500000e+00 -7.018631e+00
      vertex   1.748129e+01 2.500000e+00 -7.574846e+00
    endloop
  endfacet
  facet normal -7.933533e-01 -2.403061e-16 -6.087614e-01
    outer loop
      vertex   1.748129e+01 -2.000000e+00 -7.574846e+00
      vertex   1.748129e+01 2.500000e+00 -7.574846e+00
      vertex   1.803750e+01 -2.000000e+00 -8.299720e+00
    endloop
  endfacet
  facet normal -7.933533e-01 -4.806122e-16 -6.087614e-01
    outer loop
      vertex   1.803750e+01 -2.000000e+00 -8.299720e+00
      vertex   1.748129e+01 2.500000e+00 -7.574846e+00
      vertex   1.803750e+01 2.500000e+00 -8.299720e+00
    endloop
  endfacet
  facet normal -9.238795e-01 -3.021255e-16 -3.826834e-01
    outer loop
      vertex   1.803750e+01 -2.000000e+00 -8.299720e+00
      vertex   1.803750e+01 2.500000e+00 -8.299720e+00
      vertex   1.838716e+01 -2.000000e+00 -9.143853e+00
    endloop
  endfacet
  facet normal -9.238795e-01 -4.531882e-16 -3.826834e-01
    outer loop
      vertex   1.838716e+01 -2.000000e+00 -9.143853e+00
      vertex   1.803750e+01 2.500000e+00 -8.299720e+00
      vertex   1.838716e+01 2.500000e+00 -9.143853e+00
    endloop
  endfacet
  facet normal -9.914449e-01 -1.545741e-16 -1.305262e-01
    outer loop
      vertex   1.838716e+01 -2.000000e+00 -9.143853e+00
      vertex   1.838716e+01 2.500000e+00 -9.143853e+00
      vertex   1.850642e+01 -2.000000e+00 -1.004972e+01
    endloop
  endfacet
  facet normal -9.914449e-01 0.000000e+00 -1.305262e-01
    outer loop
      vertex   1.850642e+01 -2.000000e+00 -1.004972e+01
      vertex   1.838716e+01 2.500000e+00 -9.143853e+00
      vertex   1.850642e+01 2.500000e+00 -1.004972e+01
    endloop
  endfacet
  facet normal -9.914449e-01 0.000000e+00 1.305262e-01
    outer loop
      vertex   1.850642e+01 -2.000000e+00 -1.004972e+01
      vertex   1.850642e+01 2.500000e+00 -1.004972e+01
      vertex   1.838716e+01 -2.000000e+00 -1.095559e+01
    endloop
  endfacet
  facet normal -9.914449e-01 1.030494e-16 1.305262e-01
    outer loop
      vertex   1.838716e+01 -2.000000e+00 -1.095559e+01
      vertex   1.850642e+01 2.500000e+00 -1.004972e+01
      vertex   1.838716e+01 2.500000e+00 -1.095559e+01
    endloop
  endfacet
  facet normal -9.238795e-01 3.021255e-16 3.826834e-01
    outer loop
      vertex   1.838716e+01 -2.000000e+00 -1.095559e+01
      vertex   1.838716e+01 2.500000e+00 -1.095559e+01
      vertex   1.803750e+01 -2.000000e+00 -1.179972e+01
    endloop
  endfacet
  facet normal -9.238795e-01 3.021255e-16 3.826834e-01
    outer loop
      vertex   1.803750e+01 -2.000000e+00 -1.179972e+01
      vertex   1.838716e+01 2.500000e+00 -1.095559e+01
      vertex   1.803750e+01 2.500000e+00 -1.179972e+01
    endloop
  endfacet
  facet normal -7.933533e-01 4.806122e-16 6.087614e-01
    outer loop
      vertex   1.803750e+01 -2.000000e+00 -1.179972e+01
      vertex   1.803750e+01 2.500000e+00 -1.179972e+01
      vertex   1.748129e+01 -2.000000e+00 -1.252459e+01
    endloop
  endfacet
  facet normal -7.933533e-01 2.403061e-16 6.087614e-01
    outer loop
      vertex   1.748129e+01 -2.000000e+00 -1.252459e+01
      vertex   1.803750e+01 2.500000e+00 -1.179972e+01
      vertex   1.748129e+01 2.500000e+00 -1.252459e+01
    endloop
  endfacet
  facet normal -6.087614e-01 3.131730e-16 7.933533e-01
    outer loop
      vertex   1.748129e+01 -2.000000e+00 -1.252459e+01
      vertex   1.748129e+01 2.500000e+00 -1.252459e+01
      vertex   1.675642e+01 -2.000000e+00 -1.308081e+01
    endloop
  endfacet
  facet normal -6.087614e-01 0.000000e+00 7.933533e-01
    outer loop
      vertex   1.675642e+01 -2.000000e+00 -1.308081e+01
      vertex   1.748129e+01 2.500000e+00 -1.252459e+01
      vertex   1.675642e+01 2.500000e+00 -1.308081e+01
    endloop
  endfacet
  facet normal -3.826834e-01 0.000000e+00 9.238795e-01
    outer loop
      vertex   1.675642e+01 -2.000000e+00 -1.308081e+01
      vertex   1.675642e+01 2.500000e+00 -1.308081e+01
      vertex   1.591228e+01 -2.000000e+00 -1.343046e+01
    endloop
  endfacet
  facet normal -3.826834e-01 -4.531882e-16 9.238795e-01
    outer loop
      vertex   1.591228e+01 -2.000000e+00 -1.343046e+01
      vertex   1.675642e+01 2.500000e+00 -1.308081e+01
      vertex   1.591228e+01 2.500000e+00 -1.343046e+01
    endloop
  endfacet
  facet normal 0.000000e+00 5.500819e-01 8.351107e-01
    outer loop
      vertex   3.000000e+01 1.500000e+02 -1.858500e+02
      vertex   0.000000e+00 1.500000e+02 -1.858500e+02
      vertex   3.000000e+01 5.002936e+01 -1.200000e+02
    endloop
  endfacet
  facet normal 0.000000e+00 5.500819e-01 8.351107e-01
    outer loop
      vertex   3.000000e+01 5.002936e+01 -1.200000e+02
      vertex   0.000000e+00 1.500000e+02 -1.858500e+02
      vertex   0.000000e+00 5.002936e+01 -1.200000e+02
    endloop
  endfacet
  facet normal 0.000000e+00 9.032086e-01 4.292017e-01
    outer loop
      vertex   3.000000e+01 2.524654e+00 -2.000000e+01
      vertex   3.000000e+01 5.000000e+01 -1.199067e+02
      vertex   0.000000e+00 2.524654e+00 -2.000000e+01
    endloop
  endfacet
  facet normal 0.000000e+00 9.032086e-01 4.292017e-01
    outer loop
      vertex   0.000000e+00 2.524654e+00 -2.000000e+01
      vertex   3.000000e+01 5.000000e+01 -1.199067e+02
      vertex   0.000000e+00 5.000000e+01 -1.199067e+02
    endloop
  endfacet
  facet normal -1.000000e+00 0.000000e+00 0.000000e+00
    outer loop
      vertex   0.000000e+00 2.294809e+01 -7.124652e+01
      vertex   0.000000e+00 3.341821e+01 -9.873996e+01
      vertex   0.000000e+00 2.310494e+01 -7.298923e+01
    endloop
  endfacet
  facet normal -1.000000e+00 0.000000e+00 0.000000e+00
    outer loop
      vertex   0.000000e+00 2.310494e+01 -7.298923e+01
      vertex   0.000000e+00 3.341821e+01 -9.873996e+01
      vertex   0.000000e+00 3.184930e+01 -9.706007e+01
    endloop
  endfacet
  facet normal -1.000000e+00 0.000000e+00 -0.000000e+00
    outer loop
      vertex   0.000000e+00 2.310494e+01 -7.298923e+01
      vertex   0.000000e+00 3.184930e+01 -9.706007e+01
      vertex   0.000000e+00 2.294809e+01 -7.473195e+01
    endloop
  endfacet
  facet normal -1.000000e+00 0.000000e+00 0.000000e+00
    outer loop
      vertex   0.000000e+00 2.294809e+01 -7.473195e+01
      vertex   0.000000e+00 3.184930e+01 -9.706007e+01
      vertex   0.000000e+00 3.006626e+01 -9.560946e+01
    endloop
  endfacet
  facet normal -1.000000e+00 0.000000e+00 -0.000000e+00
    outer loop
      vertex   0.000000e+00 2.294809e+01 -7.473195e+01
      vertex   0.000000e+00 3.006626e+01 -9.560946e+01
      vertex   0.000000e+00 2.248259e+01 -7.641865e+01
    endloop
  endfacet
  facet normal -1.000000e+00 0.000000e+00 0.000000e+00
    outer loop
      vertex   0.000000e+00 2.248259e+01 -7.641865e+01
      vertex   0.000000e+00 3.006626e+01 -9.560946e+01
      vertex   0.000000e+00 2.810230e+01 -9.441515e+01
    endloop
  endfacet
  facet normal -1.000000e+00 0.000000e+00 -0.000000e+00
    outer loop
      vertex   0.000000e+00 2.248259e+01 -7.641865e+01
      vertex   0.000000e+00 2.810230e+01 -9.441515e+01
      vertex   0.000000e+00 2.172340e+01 -7.799513e+01
    endloop
  endfacet
  facet normal -1.000000e+00 0.000000e+00 0.000000e+00
    outer loop
      vertex   0.000000e+00 2.172340e+01 -7.799513e+01
      vertex   0.000000e+00 2.810230e+01 -9.441515e+01
      vertex   0.000000e+00 2.599401e+01 -9.349939e+01
    endloop
  endfacet
  facet normal -1.000000e+00 0.000000e+00 -0.000000e+00
    outer loop
      vertex   0.000000e+00 2.172340e+01 -7.799513e+01
      vertex   0.000000e+00 2.599401e+01 -9.349939e+01
      vertex   0.000000e+00 2.069491e+01 -7.941072e+01
    endloop
  endfacet
  facet normal -1.000000e+00 0.000000e+00 0.000000e+00
    outer loop
      vertex   0.000000e+00 2.069491e+01 -7.941072e+01
      vertex   0.000000e+00 2.599401e+01 -9.349939e+01
      vertex   0.000000e+00 2.378066e+01 -9.287924e+01
    endloop
  endfacet
  facet normal -1.000000e+00 0.000000e+00 -0.000000e+00
    outer loop
      vertex   0.000000e+00 2.069491e+01 -7.941072e+01
      vertex   0.000000e+00 2.378066e+01 -9.287924e+01
      vertex   0.000000e+00 1.943020e+01 -8.061991e+01
    endloop
  endfacet
  facet normal -1.000000e+00 0.000000e+00 0.000000e+00
    outer loop
      vertex   0.000000e+00 1.943020e+01 -8.061991e+01
      vertex   0.000000e+00 2.378066e+01 -9.287924e+01
      vertex   0.000000e+00 2.150348e+01 -9.256625e+01
    endloop
  endfacet
  facet normal -1.000000e+00 0.000000e+00 -0.000000e+00
    outer loop
      vertex   0.000000e+00 1.943020e+01 -8.061991e+01
      vertex   0.000000e+00 2.150348e+01 -9.256625e+01
      vertex   0.000000e+00 1.796989e+01 -8.158385e+01
    endloop
  endfacet
  facet normal -1.000000e+00 0.000000e+00 0.000000e+00
    outer loop
      vertex   0.000000e+00 1.796989e+01 -8.158385e+01
      vertex   0.000000e+00 2.150348e+01 -9.256625e+01
      vertex   0.000000e+00 1.920489e+01 -9.256625e+01
    endloop
  endfacet
  facet normal -1.000000e+00 0.000000e+00 -0.000000e+00
    outer loop
      vertex   0.000000e+00 1.796989e+01 -8.158385e+01
      vertex   0.000000e+00 1.920489e+01 -9.256625e+01
      vertex   0.000000e+00 1.636094e+01 -8.227154e+01
    endloop
  endfacet
  facet normal -1.000000e+00 0.000000e+00 0.000000e+00
    outer loop
      vertex   0.000000e+00 1.636094e+01 -8.227154e+01
      vertex   0.000000e+00 1.920489e+01 -9.256625e+01
      vertex   0.000000e+00 1.692771e+01 -9.287924e+01
    endloop
  endfacet
  facet normal -1.000000e+00 0.000000e+00 -0.000000e+00
    outer loop
      vertex   0.000000e+00 1.636094e+01 -8.227154e+01
      vertex   0.000000e+00 1.692771e+01 -9.287924e+01
      vertex   0.000000e+00 1.465505e+01 -8.266090e+01
    endloop
  endfacet
  facet normal -1.000000e+00 0.000000e+00 0.000000e+00
    outer loop
      vertex   0.000000e+00 1.465505e+01 -8.266090e+01
      vertex   0.000000e+00 1.692771e+01 -9.287924e+01
      vertex   0.000000e+00 1.471436e+01 -9.349939e+01
    endloop
  endfacet
  facet normal -1.000000e+00 0.000000e+00 -0.000000e+00
    outer loop
      vertex   0.000000e+00 1.465505e+01 -8.266090e+01
      vertex   0.000000e+00 1.471436e+01 -9.349939e+01
      vertex   0.000000e+00 1.290706e+01 -8.273941e+01
    endloop
  endfacet
  facet normal -1.000000e+00 0.000000e+00 -0.000000e+00
    outer loop
      vertex   0.000000e+00 1.290706e+01 -8.273941e+01
      vertex   0.000000e+00 1.471436e+01 -9.349939e+01
      vertex   0.000000e+00 1.260607e+01 -9.441515e+01
    endloop
  endfacet
  facet normal -1.000000e+00 -0.000000e+00 0.000000e+00
    outer loop
      vertex   0.000000e+00 1.290706e+01 -8.273941e+01
      vertex   0.000000e+00 1.260607e+01 -9.441515e+01
      vertex   0.000000e+00 1.117313e+01 -8.250453e+01
    endloop
  endfacet
  facet normal -1.000000e+00 0.000000e+00 -0.000000e+00
    outer loop
      vertex   0.000000e+00 1.117313e+01 -8.250453e+01
      vertex   0.000000e+00 1.260607e+01 -9.441515e+01
      vertex   0.000000e+00 1.064211e+01 -9.560946e+01
    endloop
  endfacet
  facet normal -1.000000e+00 -0.000000e+00 0.000000e+00
    outer loop
      vertex   0.000000e+00 1.117313e+01 -8.250453e+01
      vertex   0.000000e+00 1.064211e+01 -9.560946e+01
      vertex   0.000000e+00 9.509012e+00 -8.196382e+01
    endloop
  endfacet
  facet normal -1.000000e+00 0.000000e+00 -0.000000e+00
    outer loop
      vertex   0.000000e+00 9.509012e+00 -8.196382e+01
      vertex   0.000000e+00 1.064211e+01 -9.560946e+01
      vertex   0.000000e+00 8.859072e+00 -9.706007e+01
    endloop
  endfacet
  facet normal -1.000000e+00 -0.000000e+00 0.000000e+00
    outer loop
      vertex   0.000000e+00 9.509012e+00 -8.196382e+01
      vertex   0.000000e+00 8.859072e+00 -9.706007e+01
      vertex   0.000000e+00 7.968182e+00 -8.113467e+01
    endloop
  endfacet
  facet normal -1.000000e+00 -0.000000e+00 -0.000000e+00
    outer loop
      vertex   0.000000e+00 7.968182e+00 -8.113467e+01
      vertex   0.000000e+00 8.859072e+00 -9.706007e+01
      vertex   0.000000e+00 6.600165e+00 -8.004371e+01
    endloop
  endfacet
  facet normal -1.000000e+00 0.000000e+00 0.000000e+00
    outer loop
      vertex   0.000000e+00 6.600165e+00 -8.004371e+01
      vertex   0.000000e+00 8.859072e+00 -9.706007e+01
      vertex   0.000000e+00 7.290164e+00 -9.873996e+01
    endloop
  endfacet
  facet normal -1.000000e+00 -0.000000e+00 -0.000000e+00
    outer loop
      vertex   0.000000e+00 6.600165e+00 -8.004371e+01
      vertex   0.000000e+00 7.290164e+00 -9.873996e+01
      vertex   0.000000e+00 5.448931e+00 -7.872602e+01
    endloop
  endfacet
  facet normal -1.000000e+00 0.000000e+00 0.000000e+00
    outer loop
      vertex   0.000000e+00 5.448931e+00 -7.872602e+01
      vertex   0.000000e+00 7.290164e+00 -9.873996e+01
      vertex   0.000000e+00 5.964613e+00 -1.006178e+02
    endloop
  endfacet
  facet normal -1.000000e+00 -0.000000e+00 -0.000000e+00
    outer loop
      vertex   0.000000e+00 5.448931e+00 -7.872602e+01
      vertex   0.000000e+00 5.964613e+00 -1.006178e+02
      vertex   0.000000e+00 4.551480e+00 -7.722394e+01
    endloop
  endfacet
  facet normal -1.000000e+00 0.000000e+00 0.000000e+00
    outer loop
      vertex   0.000000e+00 4.551480e+00 -7.722394e+01
      vertex   0.000000e+00 5.964613e+00 -1.006178e+02
      vertex   0.000000e+00 4.907112e+00 -1.026587e+02
    endloop
  endfacet
  facet normal -1.000000e+00 0.000000e+00 -0.000000e+00
    outer loop
      vertex   0.000000e+00 4.551480e+00 -7.722394e+01
      vertex   0.000000e+00 4.907112e+00 -1.026587e+02
      vertex   0.000000e+00 4.137362e+00 -1.048246e+02
    endloop
  endfacet
  facet normal -1.000000e+00 0.000000e+00 0.000000e+00
    outer loop
      vertex   0.000000e+00 2.248259e+01 -6.955981e+01
      vertex   0.000000e+00 5.000000e+01 -1.199067e+02
      vertex   0.000000e+00 2.294809e+01 -7.124652e+01
    endloop
  endfacet
  facet normal -1.000000e+00 0.000000e+00 0.000000e+00
    outer loop
      vertex   0.000000e+00 2.294809e+01 -7.124652e+01
      vertex   0.000000e+00 5.000000e+01 -1.199067e+02
      vertex   0.000000e+00 3.474376e+01 -1.006178e+02
    endloop
  endfacet
  facet normal -1.000000e+00 0.000000e+00 0.000000e+00
    outer loop
      vertex   0.000000e+00 2.294809e+01 -7.124652e+01
      vertex   0.000000e+00 3.474376e+01 -1.006178e+02
      vertex   0.000000e+00 3.341821e+01 -9.873996e+01
    endloop
  endfacet
  facet normal -1.000000e+00 0.000000e+00 0.000000e+00
    outer loop
      vertex   0.000000e+00 5.000000e+01 -1.199067e+02
      vertex   0.000000e+00 2.248259e+01 -6.955981e+01
      vertex   0.000000e+00 2.524654e+00 -2.000000e+01
    endloop
  endfacet
  facet normal -1.000000e+00 0.000000e+00 0.000000e+00
    outer loop
      vertex   0.000000e+00 2.524654e+00 -2.000000e+01
      vertex   0.000000e+00 2.248259e+01 -6.955981e+01
      vertex   0.000000e+00 2.172340e+01 -6.798334e+01
    endloop
  endfacet
  facet normal -1.000000e+00 0.000000e+00 0.000000e+00
    outer loop
      vertex   0.000000e+00 2.524654e+00 -2.000000e+01
      vertex   0.000000e+00 2.172340e+01 -6.798334e+01
      vertex   0.000000e+00 2.069491e+01 -6.656775e+01
    endloop
  endfacet
  facet normal -1.000000e+00 0.000000e+00 0.000000e+00
    outer loop
      vertex   0.000000e+00 2.069491e+01 -6.656775e+01
      vertex   0.000000e+00 1.943020e+01 -6.535856e+01
      vertex   0.000000e+00 2.524654e+00 -2.000000e+01
    endloop
  endfacet
  facet normal -1.000000e+00 0.000000e+00 0.000000e+00
    outer loop
      vertex   0.000000e+00 2.524654e+00 -2.000000e+01
      vertex   0.000000e+00 1.943020e+01 -6.535856e+01
      vertex   0.000000e+00 1.796989e+01 -6.439462e+01
    endloop
  endfacet
  facet normal -1.000000e+00 0.000000e+00 0.000000e+00
    outer loop
      vertex   0.000000e+00 2.524654e+00 -2.000000e+01
      vertex   0.000000e+00 1.796989e+01 -6.439462e+01
      vertex   0.000000e+00 1.636094e+01 -6.370692e+01
    endloop
  endfacet
  facet normal -1.000000e+00 0.000000e+00 0.000000e+00
    outer loop
      vertex   0.000000e+00 1.636094e+01 -6.370692e+01
      vertex   0.000000e+00 1.465505e+01 -6.331756e+01
      vertex   0.000000e+00 2.524654e+00 -2.000000e+01
    endloop
  endfacet
  facet normal -1.000000e+00 0.000000e+00 0.000000e+00
    outer loop
      vertex   0.000000e+00 2.524654e+00 -2.000000e+01
      vertex   0.000000e+00 1.465505e+01 -6.331756e+01
      vertex   0.000000e+00 1.290706e+01 -6.323906e+01
    endloop
  endfacet
  facet normal -1.000000e+00 0.000000e+00 0.000000e+00
    outer loop
      vertex   0.000000e+00 2.524654e+00 -2.000000e+01
      vertex   0.000000e+00 1.290706e+01 -6.323906e+01
      vertex   0.000000e+00 1.117313e+01 -6.347394e+01
    endloop
  endfacet
  facet normal -1.000000e+00 -0.000000e+00 0.000000e+00
    outer loop
      vertex   0.000000e+00 1.117313e+01 -6.347394e+01
      vertex   0.000000e+00 9.509012e+00 -6.401464e+01
      vertex   0.000000e+00 2.524654e+00 -2.000000e+01
    endloop
  endfacet
  facet normal -1.000000e+00 -0.000000e+00 -0.000000e+00
    outer loop
      vertex   0.000000e+00 2.524654e+00 -2.000000e+01
      vertex   0.000000e+00 9.509012e+00 -6.401464e+01
      vertex   0.000000e+00 2.500000e+00 -2.000000e+01
    endloop
  endfacet
  facet normal -1.000000e+00 0.000000e+00 0.000000e+00
    outer loop
      vertex   0.000000e+00 2.500000e+00 -2.000000e+01
      vertex   0.000000e+00 9.509012e+00 -6.401464e+01
      vertex   0.000000e+00 7.968182e+00 -6.484380e+01
    endloop
  endfacet
  facet normal -1.000000e+00 0.000000e+00 0.000000e+00
    outer loop
      vertex   0.000000e+00 2.500000e+00 -2.000000e+01
      vertex   0.000000e+00 7.968182e+00 -6.484380e+01
      vertex   0.000000e+00 6.600165e+00 -6.593476e+01
    endloop
  endfacet
  facet normal -1.000000e+00 -0.000000e+00 0.000000e+00
    outer loop
      vertex   0.000000e+00 6.600165e+00 -6.593476e+01
      vertex   0.000000e+00 5.448931e+00 -6.725245e+01
      vertex   0.000000e+00 2.500000e+00 -2.000000e+01
    endloop
  endfacet
  facet normal -1.000000e+00 0.000000e+00 0.000000e+00
    outer loop
      vertex   0.000000e+00 2.500000e+00 -2.000000e+01
      vertex   0.000000e+00 5.448931e+00 -6.725245e+01
      vertex   0.000000e+00 4.551480e+00 -6.875453e+01
    endloop
  endfacet
  facet normal -1.000000e+00 -0.000000e+00 -0.000000e+00
    outer loop
      vertex   0.000000e+00 2.500000e+00 -2.000000e+01
      vertex   0.000000e+00 4.551480e+00 -6.875453e+01
      vertex   0.000000e+00 -2.000000e+00 -1.500000e+01
    endloop
  endfacet
  facet normal -1.000000e+00 0.000000e+00 0.000000e+00
    outer loop
      vertex   0.000000e+00 -2.000000e+00 -1.500000e+01
      vertex   0.000000e+00 4.551480e+00 -6.875453e+01
      vertex   0.000000e+00 3.936659e+00 -7.039271e+01
    endloop
  endfacet
  facet normal -1.000000e+00 0.000000e+00 0.000000e+00
    outer loop
      vertex   0.000000e+00 -2.000000e+00 -1.500000e+01
      vertex   0.000000e+00 3.936659e+00 -7.039271e+01
      vertex   0.000000e+00 3.624227e+00 -7.211435e+01
    endloop
  endfacet
  facet normal -1.000000e+00 -0.000000e+00 -0.000000e+00
    outer loop
      vertex   0.000000e+00 3.624227e+00 -7.211435e+01
      vertex   0.000000e+00 3.624227e+00 -7.386411e+01
      vertex   0.000000e+00 -2.000000e+00 -1.500000e+01
    endloop
  endfacet
  facet normal -1.000000e+00 0.000000e+00 0.000000e+00
    outer loop
      vertex   0.000000e+00 -2.000000e+00 -1.500000e+01
      vertex   0.000000e+00 3.624227e+00 -7.386411e+01
      vertex   0.000000e+00 3.512839e+00 -1.093683e+02
    endloop
  endfacet
  facet normal -1.000000e+00 0.000000e+00 0.000000e+00
    outer loop
      vertex   0.000000e+00 -2.000000e+00 -1.500000e+01
      vertex   0.000000e+00 3.512839e+00 -1.093683e+02
      vertex   0.000000e+00 -2.000000e+00 -1.990000e+02
    endloop
  endfacet
  facet normal -1.000000e+00 0.000000e+00 0.000000e+00
    outer loop
      vertex   0.000000e+00 -2.000000e+00 -1.990000e+02
      vertex   0.000000e+00 3.512839e+00 -1.093683e+02
      vertex   0.000000e+00 3.669700e+00 -1.116616e+02
    endloop
  endfacet
  facet normal -1.000000e+00 0.000000e+00 0.000000e+00
    outer loop
      vertex   0.000000e+00 -2.000000e+00 -1.990000e+02
      vertex   0.000000e+00 3.669700e+00 -1.116616e+02
      vertex   0.000000e+00 3.659153e+00 -1.641531e+02
    endloop
  endfacet
  facet normal -1.000000e+00 0.000000e+00 0.000000e+00
    outer loop
      vertex   0.000000e+00 3.659153e+00 -1.641531e+02
      vertex   0.000000e+00 3.669700e+00 -1.116616e+02
      vertex   0.000000e+00 4.137998e+00 -1.611298e+02
    endloop
  endfacet
  facet normal -1.000000e+00 0.000000e+00 0.000000e+00
    outer loop
      vertex   0.000000e+00 4.137998e+00 -1.611298e+02
      vertex   0.000000e+00 3.669700e+00 -1.116616e+02
      vertex   0.000000e+00 4.137362e+00 -1.139121e+02
    endloop
  endfacet
  facet normal -1.000000e+00 0.000000e+00 0.000000e+00
    outer loop
      vertex   0.000000e+00 4.137998e+00 -1.611298e+02
      vertex   0.000000e+00 4.137362e+00 -1.139121e+02
      vertex   0.000000e+00 4.930240e+00 -1.581732e+02
    endloop
  endfacet
  facet normal -1.000000e+00 0.000000e+00 0.000000e+00
    outer loop
      vertex   0.000000e+00 4.930240e+00 -1.581732e+02
      vertex   0.000000e+00 4.137362e+00 -1.139121e+02
      vertex   0.000000e+00 4.907112e+00 -1.160779e+02
    endloop
  endfacet
  facet normal -1.000000e+00 0.000000e+00 0.000000e+00
    outer loop
      vertex   0.000000e+00 4.930240e+00 -1.581732e+02
      vertex   0.000000e+00 4.907112e+00 -1.160779e+02
      vertex   0.000000e+00 6.027201e+00 -1.553155e+02
    endloop
  endfacet
  facet normal -1.000000e+00 0.000000e+00 0.000000e+00
    outer loop
      vertex   0.000000e+00 6.027201e+00 -1.553155e+02
      vertex   0.000000e+00 4.907112e+00 -1.160779e+02
      vertex   0.000000e+00 5.964613e+00 -1.181188e+02
    endloop
  endfacet
  facet normal -1.000000e+00 0.000000e+00 0.000000e+00
    outer loop
      vertex   0.000000e+00 6.027201e+00 -1.553155e+02
      vertex   0.000000e+00 5.964613e+00 -1.181188e+02
      vertex   0.000000e+00 7.416862e+00 -1.525881e+02
    endloop
  endfacet
  facet normal -1.000000e+00 0.000000e+00 0.000000e+00
    outer loop
      vertex   0.000000e+00 7.416862e+00 -1.525881e+02
      vertex   0.000000e+00 5.964613e+00 -1.181188e+02
      vertex   0.000000e+00 7.290164e+00 -1.199967e+02
    endloop
  endfacet
  facet normal -1.000000e+00 0.000000e+00 0.000000e+00
    outer loop
      vertex   0.000000e+00 7.416862e+00 -1.525881e+02
      vertex   0.000000e+00 7.290164e+00 -1.199967e+02
      vertex   0.000000e+00 9.083997e+00 -1.500209e+02
    endloop
  endfacet
  facet normal -1.000000e+00 0.000000e+00 0.000000e+00
    outer loop
      vertex   0.000000e+00 9.083997e+00 -1.500209e+02
      vertex   0.000000e+00 7.290164e+00 -1.199967e+02
      vertex   0.000000e+00 8.859072e+00 -1.216766e+02
    endloop
  endfacet
  facet normal -1.000000e+00 0.000000e+00 0.000000e+00
    outer loop
      vertex   0.000000e+00 9.083997e+00 -1.500209e+02
      vertex   0.000000e+00 8.859072e+00 -1.216766e+02
      vertex   0.000000e+00 1.101034e+01 -1.476421e+02
    endloop
  endfacet
  facet normal -1.000000e+00 0.000000e+00 0.000000e+00
    outer loop
      vertex   0.000000e+00 1.101034e+01 -1.476421e+02
      vertex   0.000000e+00 8.859072e+00 -1.216766e+02
      vertex   0.000000e+00 1.064211e+01 -1.231272e+02
    endloop
  endfacet
  facet normal -1.000000e+00 0.000000e+00 0.000000e+00
    outer loop
      vertex   0.000000e+00 1.101034e+01 -1.476421e+02
      vertex   0.000000e+00 1.064211e+01 -1.231272e+02
      vertex   0.000000e+00 1.317479e+01 -1.454777e+02
    endloop
  endfacet
  facet normal -1.000000e+00 0.000000e+00 0.000000e+00
    outer loop
      vertex   0.000000e+00 1.317479e+01 -1.454777e+02
      vertex   0.000000e+00 1.064211e+01 -1.231272e+02
      vertex   0.000000e+00 1.260607e+01 -1.243215e+02
    endloop
  endfacet
  facet normal -1.000000e+00 0.000000e+00 0.000000e+00
    outer loop
      vertex   0.000000e+00 1.317479e+01 -1.454777e+02
      vertex   0.000000e+00 1.260607e+01 -1.243215e+02
      vertex   0.000000e+00 1.555362e+01 -1.435513e+02
    endloop
  endfacet
  facet normal -1.000000e+00 0.000000e+00 0.000000e+00
    outer loop
      vertex   0.000000e+00 1.555362e+01 -1.435513e+02
      vertex   0.000000e+00 1.260607e+01 -1.243215e+02
      vertex   0.000000e+00 1.471436e+01 -1.252373e+02
    endloop
  endfacet
  facet normal -1.000000e+00 0.000000e+00 0.000000e+00
    outer loop
      vertex   0.000000e+00 1.555362e+01 -1.435513e+02
      vertex   0.000000e+00 1.471436e+01 -1.252373e+02
      vertex   0.000000e+00 1.812079e+01 -1.418842e+02
    endloop
  endfacet
  facet normal -1.000000e+00 0.000000e+00 0.000000e+00
    outer loop
      vertex   0.000000e+00 1.812079e+01 -1.418842e+02
      vertex   0.000000e+00 1.471436e+01 -1.252373e+02
      vertex   0.000000e+00 1.692771e+01 -1.258574e+02
    endloop
  endfacet
  facet normal -1.000000e+00 0.000000e+00 0.000000e+00
    outer loop
      vertex   0.000000e+00 1.812079e+01 -1.418842e+02
      vertex   0.000000e+00 1.692771e+01 -1.258574e+02
      vertex   0.000000e+00 2.084815e+01 -1.404945e+02
    endloop
  endfacet
  facet normal -1.000000e+00 0.000000e+00 0.000000e+00
    outer loop
      vertex   0.000000e+00 2.084815e+01 -1.404945e+02
      vertex   0.000000e+00 1.692771e+01 -1.258574e+02
      vertex   0.000000e+00 1.920489e+01 -1.261704e+02
    endloop
  endfacet
  facet normal -1.000000e+00 0.000000e+00 0.000000e+00
    outer loop
      vertex   0.000000e+00 2.084815e+01 -1.404945e+02
      vertex   0.000000e+00 1.920489e+01 -1.261704e+02
      vertex   0.000000e+00 2.150348e+01 -1.261704e+02
    endloop
  endfacet
  facet normal -1.000000e+00 0.000000e+00 0.000000e+00
    outer loop
      vertex   0.000000e+00 3.512839e+00 -1.093683e+02
      vertex   0.000000e+00 3.624227e+00 -7.386411e+01
      vertex   0.000000e+00 3.669700e+00 -1.070751e+02
    endloop
  endfacet
  facet normal -1.000000e+00 0.000000e+00 0.000000e+00
    outer loop
      vertex   0.000000e+00 3.669700e+00 -1.070751e+02
      vertex   0.000000e+00 3.624227e+00 -7.386411e+01
      vertex   0.000000e+00 3.936659e+00 -7.558575e+01
    endloop
  endfacet
  facet normal -1.000000e+00 0.000000e+00 0.000000e+00
    outer loop
      vertex   0.000000e+00 3.669700e+00 -1.070751e+02
      vertex   0.000000e+00 3.936659e+00 -7.558575e+01
      vertex   0.000000e+00 4.137362e+00 -1.048246e+02
    endloop
  endfacet
  facet normal -1.000000e+00 0.000000e+00 0.000000e+00
    outer loop
      vertex   0.000000e+00 4.137362e+00 -1.048246e+02
      vertex   0.000000e+00 3.936659e+00 -7.558575e+01
      vertex   0.000000e+00 4.551480e+00 -7.722394e+01
    endloop
  endfacet
  facet normal -1.000000e+00 0.000000e+00 0.000000e+00
    outer loop
      vertex   0.000000e+00 1.335116e+02 -1.877081e+02
      vertex   0.000000e+00 1.336640e+02 -1.859175e+02
      vertex   0.000000e+00 1.500000e+02 -1.858500e+02
    endloop
  endfacet
  facet normal -1.000000e+00 -0.000000e+00 0.000000e+00
    outer loop
      vertex   0.000000e+00 1.500000e+02 -1.858500e+02
      vertex   0.000000e+00 1.336640e+02 -1.859175e+02
      vertex   0.000000e+00 1.335116e+02 -1.841269e+02
    endloop
  endfacet
  facet normal -1.000000e+00 0.000000e+00 0.000000e+00
    outer loop
      vertex   0.000000e+00 1.500000e+02 -1.858500e+02
      vertex   0.000000e+00 1.335116e+02 -1.841269e+02
      vertex   0.000000e+00 1.330588e+02 -1.823879e+02
    endloop
  endfacet
  facet normal -1.000000e+00 0.000000e+00 0.000000e+00
    outer loop
      vertex   0.000000e+00 1.330588e+02 -1.823879e+02
      vertex   0.000000e+00 1.323186e+02 -1.807504e+02
      vertex   0.000000e+00 1.500000e+02 -1.858500e+02
    endloop
  endfacet
  facet normal -1.000000e+00 0.000000e+00 0.000000e+00
    outer loop
      vertex   0.000000e+00 1.500000e+02 -1.858500e+02
      vertex   0.000000e+00 1.323186e+02 -1.807504e+02
      vertex   0.000000e+00 1.313123e+02 -1.792615e+02
    endloop
  endfacet
  facet normal -1.000000e+00 0.000000e+00 0.000000e+00
    outer loop
      vertex   0.000000e+00 1.500000e+02 -1.858500e+02
      vertex   0.000000e+00 1.313123e+02 -1.792615e+02
      vertex   0.000000e+00 1.300689e+02 -1.779641e+02
    endloop
  endfacet
  facet normal -1.000000e+00 0.000000e+00 0.000000e+00
    outer loop
      vertex   0.000000e+00 1.300689e+02 -1.779641e+02
      vertex   0.000000e+00 1.286241e+02 -1.768955e+02
      vertex   0.000000e+00 1.500000e+02 -1.858500e+02
    endloop
  endfacet
  facet normal -1.000000e+00 0.000000e+00 0.000000e+00
    outer loop
      vertex   0.000000e+00 1.500000e+02 -1.858500e+02
      vertex   0.000000e+00 1.286241e+02 -1.768955e+02
      vertex   0.000000e+00 1.270195e+02 -1.760865e+02
    endloop
  endfacet
  facet normal -1.000000e+00 0.000000e+00 0.000000e+00
    outer loop
      vertex   0.000000e+00 1.500000e+02 -1.858500e+02
      vertex   0.000000e+00 1.270195e+02 -1.760865e+02
      vertex   0.000000e+00 5.002936e+01 -1.200000e+02
    endloop
  endfacet
  facet normal -1.000000e+00 0.000000e+00 0.000000e+00
    outer loop
      vertex   0.000000e+00 5.002936e+01 -1.200000e+02
      vertex   0.000000e+00 1.270195e+02 -1.760865e+02
      vertex   0.000000e+00 1.253012e+02 -1.755603e+02
    endloop
  endfacet
  facet normal -1.000000e+00 0.000000e+00 0.000000e+00
    outer loop
      vertex   0.000000e+00 5.002936e+01 -1.200000e+02
      vertex   0.000000e+00 1.253012e+02 -1.755603e+02
      vertex   0.000000e+00 9.550336e+01 -1.646886e+02
    endloop
  endfacet
  facet normal -1.000000e+00 0.000000e+00 0.000000e+00
    outer loop
      vertex   0.000000e+00 9.550336e+01 -1.646886e+02
      vertex   0.000000e+00 1.253012e+02 -1.755603e+02
      vertex   0.000000e+00 9.746647e+01 -1.658824e+02
    endloop
  endfacet
  facet normal -1.000000e+00 0.000000e+00 0.000000e+00
    outer loop
      vertex   0.000000e+00 9.746647e+01 -1.658824e+02
      vertex   0.000000e+00 1.253012e+02 -1.755603e+02
      vertex   0.000000e+00 1.235187e+02 -1.753320e+02
    endloop
  endfacet
  facet normal -1.000000e+00 0.000000e+00 0.000000e+00
    outer loop
      vertex   0.000000e+00 9.746647e+01 -1.658824e+02
      vertex   0.000000e+00 1.235187e+02 -1.753320e+02
      vertex   0.000000e+00 9.924874e+01 -1.673324e+02
    endloop
  endfacet
  facet normal -1.000000e+00 0.000000e+00 0.000000e+00
    outer loop
      vertex   0.000000e+00 9.924874e+01 -1.673324e+02
      vertex   0.000000e+00 1.235187e+02 -1.753320e+02
      vertex   0.000000e+00 1.217233e+02 -1.754083e+02
    endloop
  endfacet
  facet normal -1.000000e+00 0.000000e+00 0.000000e+00
    outer loop
      vertex   0.000000e+00 9.924874e+01 -1.673324e+02
      vertex   0.000000e+00 1.217233e+02 -1.754083e+02
      vertex   0.000000e+00 1.008170e+02 -1.690115e+02
    endloop
  endfacet
  facet normal -1.000000e+00 0.000000e+00 0.000000e+00
    outer loop
      vertex   0.000000e+00 1.008170e+02 -1.690115e+02
      vertex   0.000000e+00 1.217233e+02 -1.754083e+02
      vertex   0.000000e+00 1.199666e+02 -1.757869e+02
    endloop
  endfacet
  facet normal -1.000000e+00 0.000000e+00 0.000000e+00
    outer loop
      vertex   0.000000e+00 1.008170e+02 -1.690115e+02
      vertex   0.000000e+00 1.199666e+02 -1.757869e+02
      vertex   0.000000e+00 1.021419e+02 -1.708886e+02
    endloop
  endfacet
  facet normal -1.000000e+00 0.000000e+00 0.000000e+00
    outer loop
      vertex   0.000000e+00 1.021419e+02 -1.708886e+02
      vertex   0.000000e+00 1.199666e+02 -1.757869e+02
      vertex   0.000000e+00 1.182991e+02 -1.764569e+02
    endloop
  endfacet
  facet normal -1.000000e+00 0.000000e+00 0.000000e+00
    outer loop
      vertex   0.000000e+00 1.021419e+02 -1.708886e+02
      vertex   0.000000e+00 1.182991e+02 -1.764569e+02
      vertex   0.000000e+00 1.167689e+02 -1.773991e+02
    endloop
  endfacet
  facet normal -1.000000e+00 0.000000e+00 0.000000e+00
    outer loop
      vertex   0.000000e+00 1.021419e+02 -1.708886e+02
      vertex   0.000000e+00 1.167689e+02 -1.773991e+02
      vertex   0.000000e+00 1.031990e+02 -1.729286e+02
    endloop
  endfacet
  facet normal -1.000000e+00 0.000000e+00 0.000000e+00
    outer loop
      vertex   0.000000e+00 1.031990e+02 -1.729286e+02
      vertex   0.000000e+00 1.167689e+02 -1.773991e+02
      vertex   0.000000e+00 1.154199e+02 -1.785864e+02
    endloop
  endfacet
  facet normal -1.000000e+00 0.000000e+00 0.000000e+00
    outer loop
      vertex   0.000000e+00 1.031990e+02 -1.729286e+02
      vertex   0.000000e+00 1.154199e+02 -1.785864e+02
      vertex   0.000000e+00 1.039684e+02 -1.750935e+02
    endloop
  endfacet
  facet normal -1.000000e+00 0.000000e+00 0.000000e+00
    outer loop
      vertex   0.000000e+00 1.039684e+02 -1.750935e+02
      vertex   0.000000e+00 1.154199e+02 -1.785864e+02
      vertex   0.000000e+00 1.142910e+02 -1.799846e+02
    endloop
  endfacet
  facet normal -1.000000e+00 0.000000e+00 0.000000e+00
    outer loop
      vertex   0.000000e+00 1.039684e+02 -1.750935e+02
      vertex   0.000000e+00 1.142910e+02 -1.799846e+02
      vertex   0.000000e+00 1.044359e+02 -1.773431e+02
    endloop
  endfacet
  facet normal -1.000000e+00 0.000000e+00 0.000000e+00
    outer loop
      vertex   0.000000e+00 1.044359e+02 -1.773431e+02
      vertex   0.000000e+00 1.142910e+02 -1.799846e+02
      vertex   0.000000e+00 1.134146e+02 -1.815534e+02
    endloop
  endfacet
  facet normal -1.000000e+00 0.000000e+00 0.000000e+00
    outer loop
      vertex   0.000000e+00 1.044359e+02 -1.773431e+02
      vertex   0.000000e+00 1.134146e+02 -1.815534e+02
      vertex   0.000000e+00 1.045927e+02 -1.796353e+02
    endloop
  endfacet
  facet normal -1.000000e+00 0.000000e+00 0.000000e+00
    outer loop
      vertex   0.000000e+00 1.045927e+02 -1.796353e+02
      vertex   0.000000e+00 1.134146e+02 -1.815534e+02
      vertex   0.000000e+00 1.128159e+02 -1.832478e+02
    endloop
  endfacet
  facet normal -1.000000e+00 0.000000e+00 -0.000000e+00
    outer loop
      vertex   0.000000e+00 1.045927e+02 -1.796353e+02
      vertex   0.000000e+00 1.128159e+02 -1.832478e+02
      vertex   0.000000e+00 1.044359e+02 -1.819276e+02
    endloop
  endfacet
  facet normal -1.000000e+00 0.000000e+00 0.000000e+00
    outer loop
      vertex   0.000000e+00 1.044359e+02 -1.819276e+02
      vertex   0.000000e+00 1.128159e+02 -1.832478e+02
      vertex   0.000000e+00 1.125122e+02 -1.850190e+02
    endloop
  endfacet
  facet normal -1.000000e+00 0.000000e+00 -0.000000e+00
    outer loop
      vertex   0.000000e+00 1.044359e+02 -1.819276e+02
      vertex   0.000000e+00 1.125122e+02 -1.850190e+02
      vertex   0.000000e+00 1.039684e+02 -1.841771e+02
    endloop
  endfacet
  facet normal -1.000000e+00 0.000000e+00 0.000000e+00
    outer loop
      vertex   0.000000e+00 1.039684e+02 -1.841771e+02
      vertex   0.000000e+00 1.125122e+02 -1.850190e+02
      vertex   0.000000e+00 1.125122e+02 -1.868160e+02
    endloop
  endfacet
  facet normal -1.000000e+00 0.000000e+00 -0.000000e+00
    outer loop
      vertex   0.000000e+00 1.039684e+02 -1.841771e+02
      vertex   0.000000e+00 1.125122e+02 -1.868160e+02
      vertex   0.000000e+00 1.031990e+02 -1.863420e+02
    endloop
  endfacet
  facet normal -1.000000e+00 0.000000e+00 0.000000e+00
    outer loop
      vertex   0.000000e+00 1.031990e+02 -1.863420e+02
      vertex   0.000000e+00 1.125122e+02 -1.868160e+02
      vertex   0.000000e+00 1.128159e+02 -1.885872e+02
    endloop
  endfacet
  facet normal -1.000000e+00 0.000000e+00 -0.000000e+00
    outer loop
      vertex   0.000000e+00 1.031990e+02 -1.863420e+02
      vertex   0.000000e+00 1.128159e+02 -1.885872e+02
      vertex   0.000000e+00 1.021419e+02 -1.883820e+02
    endloop
  endfacet
  facet normal -1.000000e+00 0.000000e+00 0.000000e+00
    outer loop
      vertex   0.000000e+00 1.021419e+02 -1.883820e+02
      vertex   0.000000e+00 1.128159e+02 -1.885872e+02
      vertex   0.000000e+00 1.134146e+02 -1.902816e+02
    endloop
  endfacet
  facet normal -1.000000e+00 0.000000e+00 -0.000000e+00
    outer loop
      vertex   0.000000e+00 1.021419e+02 -1.883820e+02
      vertex   0.000000e+00 1.134146e+02 -1.902816e+02
      vertex   0.000000e+00 1.008170e+02 -1.902591e+02
    endloop
  endfacet
  facet normal -1.000000e+00 0.000000e+00 0.000000e+00
    outer loop
      vertex   0.000000e+00 1.008170e+02 -1.902591e+02
      vertex   0.000000e+00 1.134146e+02 -1.902816e+02
      vertex   0.000000e+00 1.142910e+02 -1.918504e+02
    endloop
  endfacet
  facet normal -1.000000e+00 0.000000e+00 -0.000000e+00
    outer loop
      vertex   0.000000e+00 1.008170e+02 -1.902591e+02
      vertex   0.000000e+00 1.142910e+02 -1.918504e+02
      vertex   0.000000e+00 9.924874e+01 -1.919382e+02
    endloop
  endfacet
  facet normal -1.000000e+00 0.000000e+00 0.000000e+00
    outer loop
      vertex   0.000000e+00 9.924874e+01 -1.919382e+02
      vertex   0.000000e+00 1.142910e+02 -1.918504e+02
      vertex   0.000000e+00 1.154199e+02 -1.932486e+02
    endloop
  endfacet
  facet normal -1.000000e+00 0.000000e+00 -0.000000e+00
    outer loop
      vertex   0.000000e+00 9.924874e+01 -1.919382e+02
      vertex   0.000000e+00 1.154199e+02 -1.932486e+02
      vertex   0.000000e+00 9.746647e+01 -1.933882e+02
    endloop
  endfacet
  facet normal -1.000000e+00 0.000000e+00 0.000000e+00
    outer loop
      vertex   0.000000e+00 9.746647e+01 -1.933882e+02
      vertex   0.000000e+00 1.154199e+02 -1.932486e+02
      vertex   0.000000e+00 1.167689e+02 -1.944358e+02
    endloop
  endfacet
  facet normal -1.000000e+00 0.000000e+00 -0.000000e+00
    outer loop
      vertex   0.000000e+00 9.746647e+01 -1.933882e+02
      vertex   0.000000e+00 1.167689e+02 -1.944358e+02
      vertex   0.000000e+00 9.550336e+01 -1.945820e+02
    endloop
  endfacet
  facet normal -1.000000e+00 0.000000e+00 0.000000e+00
    outer loop
      vertex   0.000000e+00 9.550336e+01 -1.945820e+02
      vertex   0.000000e+00 1.167689e+02 -1.944358e+02
      vertex   0.000000e+00 1.182991e+02 -1.953780e+02
    endloop
  endfacet
  facet normal -1.000000e+00 0.000000e+00 -0.000000e+00
    outer loop
      vertex   0.000000e+00 9.550336e+01 -1.945820e+02
      vertex   0.000000e+00 1.182991e+02 -1.953780e+02
      vertex   0.000000e+00 9.339598e+01 -1.954974e+02
    endloop
  endfacet
  facet normal -1.000000e+00 0.000000e+00 0.000000e+00
    outer loop
      vertex   0.000000e+00 9.339598e+01 -1.954974e+02
      vertex   0.000000e+00 1.182991e+02 -1.953780e+02
      vertex   0.000000e+00 1.199666e+02 -1.960481e+02
    endloop
  endfacet
  facet normal -1.000000e+00 0.000000e+00 -0.000000e+00
    outer loop
      vertex   0.000000e+00 9.339598e+01 -1.954974e+02
      vertex   0.000000e+00 1.199666e+02 -1.960481e+02
      vertex   0.000000e+00 9.118359e+01 -1.961173e+02
    endloop
  endfacet
  facet normal -1.000000e+00 0.000000e+00 0.000000e+00
    outer loop
      vertex   0.000000e+00 9.118359e+01 -1.961173e+02
      vertex   0.000000e+00 1.199666e+02 -1.960481e+02
      vertex   0.000000e+00 1.217233e+02 -1.964267e+02
    endloop
  endfacet
  facet normal -1.000000e+00 0.000000e+00 -0.000000e+00
    outer loop
      vertex   0.000000e+00 9.118359e+01 -1.961173e+02
      vertex   0.000000e+00 1.217233e+02 -1.964267e+02
      vertex   0.000000e+00 8.890740e+01 -1.964301e+02
    endloop
  endfacet
  facet normal -1.000000e+00 0.000000e+00 0.000000e+00
    outer loop
      vertex   0.000000e+00 8.890740e+01 -1.964301e+02
      vertex   0.000000e+00 1.217233e+02 -1.964267e+02
      vertex   0.000000e+00 1.500000e+02 -1.990000e+02
    endloop
  endfacet
  facet normal -1.000000e+00 -0.000000e+00 -0.000000e+00
    outer loop
      vertex   0.000000e+00 8.890740e+01 -1.964301e+02
      vertex   0.000000e+00 1.500000e+02 -1.990000e+02
      vertex   0.000000e+00 8.660980e+01 -1.964301e+02
    endloop
  endfacet
  facet normal -1.000000e+00 0.000000e+00 -0.000000e+00
    outer loop
      vertex   0.000000e+00 8.660980e+01 -1.964301e+02
      vertex   0.000000e+00 1.500000e+02 -1.990000e+02
      vertex   0.000000e+00 -2.000000e+00 -1.990000e+02
    endloop
  endfacet
  facet normal -1.000000e+00 0.000000e+00 0.000000e+00
    outer loop
      vertex   0.000000e+00 8.660980e+01 -1.964301e+02
      vertex   0.000000e+00 -2.000000e+00 -1.990000e+02
      vertex   0.000000e+00 3.274262e+01 -1.964536e+02
    endloop
  endfacet
  facet normal -1.000000e+00 -0.000000e+00 0.000000e+00
    outer loop
      vertex   0.000000e+00 3.274262e+01 -1.964536e+02
      vertex   0.000000e+00 -2.000000e+00 -1.990000e+02
      vertex   0.000000e+00 2.968583e+01 -1.962934e+02
    endloop
  endfacet
  facet normal -1.000000e+00 -0.000000e+00 0.000000e+00
    outer loop
      vertex   0.000000e+00 2.968583e+01 -1.962934e+02
      vertex   0.000000e+00 -2.000000e+00 -1.990000e+02
      vertex   0.000000e+00 2.666252e+01 -1.958146e+02
    endloop
  endfacet
  facet normal -1.000000e+00 -0.000000e+00 0.000000e+00
    outer loop
      vertex   0.000000e+00 2.666252e+01 -1.958146e+02
      vertex   0.000000e+00 -2.000000e+00 -1.990000e+02
      vertex   0.000000e+00 2.370583e+01 -1.950223e+02
    endloop
  endfacet
  facet normal -1.000000e+00 -0.000000e+00 0.000000e+00
    outer loop
      vertex   0.000000e+00 2.370583e+01 -1.950223e+02
      vertex   0.000000e+00 -2.000000e+00 -1.990000e+02
      vertex   0.000000e+00 2.084815e+01 -1.939254e+02
    endloop
  endfacet
  facet normal -1.000000e+00 -0.000000e+00 0.000000e+00
    outer loop
      vertex   0.000000e+00 2.084815e+01 -1.939254e+02
      vertex   0.000000e+00 -2.000000e+00 -1.990000e+02
      vertex   0.000000e+00 1.812079e+01 -1.925357e+02
    endloop
  endfacet
  facet normal -1.000000e+00 -0.000000e+00 0.000000e+00
    outer loop
      vertex   0.000000e+00 1.812079e+01 -1.925357e+02
      vertex   0.000000e+00 -2.000000e+00 -1.990000e+02
      vertex   0.000000e+00 1.555362e+01 -1.908686e+02
    endloop
  endfacet
  facet normal -1.000000e+00 -0.000000e+00 0.000000e+00
    outer loop
      vertex   0.000000e+00 1.555362e+01 -1.908686e+02
      vertex   0.000000e+00 -2.000000e+00 -1.990000e+02
      vertex   0.000000e+00 1.317479e+01 -1.889422e+02
    endloop
  endfacet
  facet normal -1.000000e+00 -0.000000e+00 0.000000e+00
    outer loop
      vertex   0.000000e+00 1.317479e+01 -1.889422e+02
      vertex   0.000000e+00 -2.000000e+00 -1.990000e+02
      vertex   0.000000e+00 1.101034e+01 -1.867778e+02
    endloop
  endfacet
  facet normal -1.000000e+00 -0.000000e+00 0.000000e+00
    outer loop
      vertex   0.000000e+00 1.101034e+01 -1.867778e+02
      vertex   0.000000e+00 -2.000000e+00 -1.990000e+02
      vertex   0.000000e+00 9.083997e+00 -1.843989e+02
    endloop
  endfacet
  facet normal -1.000000e+00 -0.000000e+00 0.000000e+00
    outer loop
      vertex   0.000000e+00 9.083997e+00 -1.843989e+02
      vertex   0.000000e+00 -2.000000e+00 -1.990000e+02
      vertex   0.000000e+00 7.416862e+00 -1.818318e+02
    endloop
  endfacet
  facet normal -1.000000e+00 -0.000000e+00 0.000000e+00
    outer loop
      vertex   0.000000e+00 7.416862e+00 -1.818318e+02
      vertex   0.000000e+00 -2.000000e+00 -1.990000e+02
      vertex   0.000000e+00 6.027201e+00 -1.791044e+02
    endloop
  endfacet
  facet normal -1.000000e+00 -0.000000e+00 0.000000e+00
    outer loop
      vertex   0.000000e+00 6.027201e+00 -1.791044e+02
      vertex   0.000000e+00 -2.000000e+00 -1.990000e+02
      vertex   0.000000e+00 4.930240e+00 -1.762467e+02
    endloop
  endfacet
  facet normal -1.000000e+00 -0.000000e+00 0.000000e+00
    outer loop
      vertex   0.000000e+00 4.930240e+00 -1.762467e+02
      vertex   0.000000e+00 -2.000000e+00 -1.990000e+02
      vertex   0.000000e+00 4.137998e+00 -1.732900e+02
    endloop
  endfacet
  facet normal -1.000000e+00 -0.000000e+00 0.000000e+00
    outer loop
      vertex   0.000000e+00 4.137998e+00 -1.732900e+02
      vertex   0.000000e+00 -2.000000e+00 -1.990000e+02
      vertex   0.000000e+00 3.659153e+00 -1.702667e+02
    endloop
  endfacet
  facet normal -1.000000e+00 -0.000000e+00 0.000000e+00
    outer loop
      vertex   0.000000e+00 3.659153e+00 -1.702667e+02
      vertex   0.000000e+00 -2.000000e+00 -1.990000e+02
      vertex   0.000000e+00 3.498953e+00 -1.672099e+02
    endloop
  endfacet
  facet normal -1.000000e+00 -0.000000e+00 0.000000e+00
    outer loop
      vertex   0.000000e+00 3.498953e+00 -1.672099e+02
      vertex   0.000000e+00 -2.000000e+00 -1.990000e+02
      vertex   0.000000e+00 3.659153e+00 -1.641531e+02
    endloop
  endfacet
  facet normal -1.000000e+00 0.000000e+00 0.000000e+00
    outer loop
      vertex   0.000000e+00 1.217233e+02 -1.964267e+02
      vertex   0.000000e+00 1.235187e+02 -1.965029e+02
      vertex   0.000000e+00 1.500000e+02 -1.990000e+02
    endloop
  endfacet
  facet normal -1.000000e+00 0.000000e+00 0.000000e+00
    outer loop
      vertex   0.000000e+00 1.500000e+02 -1.990000e+02
      vertex   0.000000e+00 1.235187e+02 -1.965029e+02
      vertex   0.000000e+00 1.253012e+02 -1.962747e+02
    endloop
  endfacet
  facet normal -1.000000e+00 0.000000e+00 0.000000e+00
    outer loop
      vertex   0.000000e+00 1.500000e+02 -1.990000e+02
      vertex   0.000000e+00 1.253012e+02 -1.962747e+02
      vertex   0.000000e+00 1.270195e+02 -1.957485e+02
    endloop
  endfacet
  facet normal -1.000000e+00 0.000000e+00 0.000000e+00
    outer loop
      vertex   0.000000e+00 1.270195e+02 -1.957485e+02
      vertex   0.000000e+00 1.286241e+02 -1.949394e+02
      vertex   0.000000e+00 1.500000e+02 -1.990000e+02
    endloop
  endfacet
  facet normal -1.000000e+00 0.000000e+00 0.000000e+00
    outer loop
      vertex   0.000000e+00 1.500000e+02 -1.990000e+02
      vertex   0.000000e+00 1.286241e+02 -1.949394e+02
      vertex   0.000000e+00 1.300689e+02 -1.938709e+02
    endloop
  endfacet
  facet normal -1.000000e+00 0.000000e+00 0.000000e+00
    outer loop
      vertex   0.000000e+00 1.500000e+02 -1.990000e+02
      vertex   0.000000e+00 1.300689e+02 -1.938709e+02
      vertex   0.000000e+00 1.313123e+02 -1.925735e+02
    endloop
  endfacet
  facet normal -1.000000e+00 0.000000e+00 0.000000e+00
    outer loop
      vertex   0.000000e+00 1.313123e+02 -1.925735e+02
      vertex   0.000000e+00 1.323186e+02 -1.910846e+02
      vertex   0.000000e+00 1.500000e+02 -1.990000e+02
    endloop
  endfacet
  facet normal -1.000000e+00 0.000000e+00 0.000000e+00
    outer loop
      vertex   0.000000e+00 1.500000e+02 -1.990000e+02
      vertex   0.000000e+00 1.323186e+02 -1.910846e+02
      vertex   0.000000e+00 1.330588e+02 -1.894471e+02
    endloop
  endfacet
  facet normal -1.000000e+00 0.000000e+00 0.000000e+00
    outer loop
      vertex   0.000000e+00 1.500000e+02 -1.990000e+02
      vertex   0.000000e+00 1.330588e+02 -1.894471e+02
      vertex   0.000000e+00 1.500000e+02 -1.858500e+02
    endloop
  endfacet
  facet normal -1.000000e+00 0.000000e+00 0.000000e+00
    outer loop
      vertex   0.000000e+00 1.500000e+02 -1.858500e+02
      vertex   0.000000e+00 1.330588e+02 -1.894471e+02
      vertex   0.000000e+00 1.335116e+02 -1.877081e+02
    endloop
  endfacet
  facet normal -1.000000e+00 0.000000e+00 0.000000e+00
    outer loop
      vertex   0.000000e+00 9.550336e+01 -1.646886e+02
      vertex   0.000000e+00 9.339598e+01 -1.637732e+02
      vertex   0.000000e+00 5.002936e+01 -1.200000e+02
    endloop
  endfacet
  facet normal -1.000000e+00 0.000000e+00 0.000000e+00
    outer loop
      vertex   0.000000e+00 5.002936e+01 -1.200000e+02
      vertex   0.000000e+00 9.339598e+01 -1.637732e+02
      vertex   0.000000e+00 9.118359e+01 -1.631534e+02
    endloop
  endfacet
  facet normal -1.000000e+00 0.000000e+00 0.000000e+00
    outer loop
      vertex   0.000000e+00 5.002936e+01 -1.200000e+02
      vertex   0.000000e+00 9.118359e+01 -1.631534e+02
      vertex   0.000000e+00 8.890740e+01 -1.628405e+02
    endloop
  endfacet
  facet normal -1.000000e+00 0.000000e+00 0.000000e+00
    outer loop
      vertex   0.000000e+00 8.890740e+01 -1.628405e+02
      vertex   0.000000e+00 8.660980e+01 -1.628405e+02
      vertex   0.000000e+00 5.002936e+01 -1.200000e+02
    endloop
  endfacet
  facet normal -1.000000e+00 0.000000e+00 0.000000e+00
    outer loop
      vertex   0.000000e+00 5.002936e+01 -1.200000e+02
      vertex   0.000000e+00 8.660980e+01 -1.628405e+02
      vertex   0.000000e+00 8.433361e+01 -1.631534e+02
    endloop
  endfacet
  facet normal -1.000000e+00 0.000000e+00 0.000000e+00
    outer loop
      vertex   0.000000e+00 5.002936e+01 -1.200000e+02
      vertex   0.000000e+00 8.433361e+01 -1.631534e+02
      vertex   0.000000e+00 5.640125e+01 -1.500209e+02
    endloop
  endfacet
  facet normal -1.000000e+00 0.000000e+00 0.000000e+00
    outer loop
      vertex   0.000000e+00 5.640125e+01 -1.500209e+02
      vertex   0.000000e+00 8.433361e+01 -1.631534e+02
      vertex   0.000000e+00 5.806838e+01 -1.525881e+02
    endloop
  endfacet
  facet normal -1.000000e+00 0.000000e+00 0.000000e+00
    outer loop
      vertex   0.000000e+00 5.806838e+01 -1.525881e+02
      vertex   0.000000e+00 8.433361e+01 -1.631534e+02
      vertex   0.000000e+00 8.212122e+01 -1.637732e+02
    endloop
  endfacet
  facet normal -1.000000e+00 0.000000e+00 0.000000e+00
    outer loop
      vertex   0.000000e+00 5.806838e+01 -1.525881e+02
      vertex   0.000000e+00 8.212122e+01 -1.637732e+02
      vertex   0.000000e+00 5.945804e+01 -1.553155e+02
    endloop
  endfacet
  facet normal -1.000000e+00 0.000000e+00 0.000000e+00
    outer loop
      vertex   0.000000e+00 5.945804e+01 -1.553155e+02
      vertex   0.000000e+00 8.212122e+01 -1.637732e+02
      vertex   0.000000e+00 8.001384e+01 -1.646886e+02
    endloop
  endfacet
  facet normal -1.000000e+00 0.000000e+00 0.000000e+00
    outer loop
      vertex   0.000000e+00 5.945804e+01 -1.553155e+02
      vertex   0.000000e+00 8.001384e+01 -1.646886e+02
      vertex   0.000000e+00 6.055500e+01 -1.581732e+02
    endloop
  endfacet
  facet normal -1.000000e+00 0.000000e+00 0.000000e+00
    outer loop
      vertex   0.000000e+00 6.055500e+01 -1.581732e+02
      vertex   0.000000e+00 8.001384e+01 -1.646886e+02
      vertex   0.000000e+00 7.805073e+01 -1.658824e+02
    endloop
  endfacet
  facet normal -1.000000e+00 0.000000e+00 0.000000e+00
    outer loop
      vertex   0.000000e+00 6.055500e+01 -1.581732e+02
      vertex   0.000000e+00 7.805073e+01 -1.658824e+02
      vertex   0.000000e+00 7.626846e+01 -1.673324e+02
    endloop
  endfacet
  facet normal -1.000000e+00 0.000000e+00 0.000000e+00
    outer loop
      vertex   0.000000e+00 6.055500e+01 -1.581732e+02
      vertex   0.000000e+00 7.626846e+01 -1.673324e+02
      vertex   0.000000e+00 6.134725e+01 -1.611298e+02
    endloop
  endfacet
  facet normal -1.000000e+00 0.000000e+00 0.000000e+00
    outer loop
      vertex   0.000000e+00 6.134725e+01 -1.611298e+02
      vertex   0.000000e+00 7.626846e+01 -1.673324e+02
      vertex   0.000000e+00 7.470023e+01 -1.690115e+02
    endloop
  endfacet
  facet normal -1.000000e+00 0.000000e+00 0.000000e+00
    outer loop
      vertex   0.000000e+00 6.134725e+01 -1.611298e+02
      vertex   0.000000e+00 7.470023e+01 -1.690115e+02
      vertex   0.000000e+00 6.182609e+01 -1.641531e+02
    endloop
  endfacet
  facet normal -1.000000e+00 0.000000e+00 0.000000e+00
    outer loop
      vertex   0.000000e+00 6.182609e+01 -1.641531e+02
      vertex   0.000000e+00 7.470023e+01 -1.690115e+02
      vertex   0.000000e+00 7.337525e+01 -1.708886e+02
    endloop
  endfacet
  facet normal -1.000000e+00 0.000000e+00 0.000000e+00
    outer loop
      vertex   0.000000e+00 6.182609e+01 -1.641531e+02
      vertex   0.000000e+00 7.337525e+01 -1.708886e+02
      vertex   0.000000e+00 6.198629e+01 -1.672099e+02
    endloop
  endfacet
  facet normal -1.000000e+00 0.000000e+00 0.000000e+00
    outer loop
      vertex   0.000000e+00 6.198629e+01 -1.672099e+02
      vertex   0.000000e+00 7.337525e+01 -1.708886e+02
      vertex   0.000000e+00 7.231821e+01 -1.729286e+02
    endloop
  endfacet
  facet normal -1.000000e+00 0.000000e+00 -0.000000e+00
    outer loop
      vertex   0.000000e+00 6.198629e+01 -1.672099e+02
      vertex   0.000000e+00 7.231821e+01 -1.729286e+02
      vertex   0.000000e+00 6.182609e+01 -1.702667e+02
    endloop
  endfacet
  facet normal -1.000000e+00 0.000000e+00 0.000000e+00
    outer loop
      vertex   0.000000e+00 6.182609e+01 -1.702667e+02
      vertex   0.000000e+00 7.231821e+01 -1.729286e+02
      vertex   0.000000e+00 7.154879e+01 -1.750935e+02
    endloop
  endfacet
  facet normal -1.000000e+00 0.000000e+00 -0.000000e+00
    outer loop
      vertex   0.000000e+00 6.182609e+01 -1.702667e+02
      vertex   0.000000e+00 7.154879e+01 -1.750935e+02
      vertex   0.000000e+00 6.134725e+01 -1.732900e+02
    endloop
  endfacet
  facet normal -1.000000e+00 0.000000e+00 0.000000e+00
    outer loop
      vertex   0.000000e+00 6.134725e+01 -1.732900e+02
      vertex   0.000000e+00 7.154879e+01 -1.750935e+02
      vertex   0.000000e+00 7.108134e+01 -1.773431e+02
    endloop
  endfacet
  facet normal -1.000000e+00 0.000000e+00 -0.000000e+00
    outer loop
      vertex   0.000000e+00 6.134725e+01 -1.732900e+02
      vertex   0.000000e+00 7.108134e+01 -1.773431e+02
      vertex   0.000000e+00 6.055500e+01 -1.762467e+02
    endloop
  endfacet
  facet normal -1.000000e+00 0.000000e+00 0.000000e+00
    outer loop
      vertex   0.000000e+00 6.055500e+01 -1.762467e+02
      vertex   0.000000e+00 7.108134e+01 -1.773431e+02
      vertex   0.000000e+00 7.092454e+01 -1.796353e+02
    endloop
  endfacet
  facet normal -1.000000e+00 0.000000e+00 -0.000000e+00
    outer loop
      vertex   0.000000e+00 6.055500e+01 -1.762467e+02
      vertex   0.000000e+00 7.092454e+01 -1.796353e+02
      vertex   0.000000e+00 5.945804e+01 -1.791044e+02
    endloop
  endfacet
  facet normal -1.000000e+00 0.000000e+00 0.000000e+00
    outer loop
      vertex   0.000000e+00 5.945804e+01 -1.791044e+02
      vertex   0.000000e+00 7.092454e+01 -1.796353e+02
      vertex   0.000000e+00 7.108134e+01 -1.819276e+02
    endloop
  endfacet
  facet normal -1.000000e+00 0.000000e+00 -0.000000e+00
    outer loop
      vertex   0.000000e+00 5.945804e+01 -1.791044e+02
      vertex   0.000000e+00 7.108134e+01 -1.819276e+02
      vertex   0.000000e+00 5.806838e+01 -1.818318e+02
    endloop
  endfacet
  facet normal -1.000000e+00 0.000000e+00 0.000000e+00
    outer loop
      vertex   0.000000e+00 5.806838e+01 -1.818318e+02
      vertex   0.000000e+00 7.108134e+01 -1.819276e+02
      vertex   0.000000e+00 7.154879e+01 -1.841771e+02
    endloop
  endfacet
  facet normal -1.000000e+00 0.000000e+00 0.000000e+00
    outer loop
      vertex   0.000000e+00 5.806838e+01 -1.818318e+02
      vertex   0.000000e+00 7.154879e+01 -1.841771e+02
      vertex   0.000000e+00 7.231821e+01 -1.863420e+02
    endloop
  endfacet
  facet normal -1.000000e+00 0.000000e+00 -0.000000e+00
    outer loop
      vertex   0.000000e+00 5.806838e+01 -1.818318e+02
      vertex   0.000000e+00 7.231821e+01 -1.863420e+02
      vertex   0.000000e+00 5.640125e+01 -1.843989e+02
    endloop
  endfacet
  facet normal -1.000000e+00 0.000000e+00 0.000000e+00
    outer loop
      vertex   0.000000e+00 5.640125e+01 -1.843989e+02
      vertex   0.000000e+00 7.231821e+01 -1.863420e+02
      vertex   0.000000e+00 7.337525e+01 -1.883820e+02
    endloop
  endfacet
  facet normal -1.000000e+00 0.000000e+00 -0.000000e+00
    outer loop
      vertex   0.000000e+00 5.640125e+01 -1.843989e+02
      vertex   0.000000e+00 7.337525e+01 -1.883820e+02
      vertex   0.000000e+00 5.447490e+01 -1.867778e+02
    endloop
  endfacet
  facet normal -1.000000e+00 0.000000e+00 0.000000e+00
    outer loop
      vertex   0.000000e+00 5.447490e+01 -1.867778e+02
      vertex   0.000000e+00 7.337525e+01 -1.883820e+02
      vertex   0.000000e+00 7.470023e+01 -1.902591e+02
    endloop
  endfacet
  facet normal -1.000000e+00 0.000000e+00 -0.000000e+00
    outer loop
      vertex   0.000000e+00 5.447490e+01 -1.867778e+02
      vertex   0.000000e+00 7.470023e+01 -1.902591e+02
      vertex   0.000000e+00 5.231045e+01 -1.889422e+02
    endloop
  endfacet
  facet normal -1.000000e+00 0.000000e+00 0.000000e+00
    outer loop
      vertex   0.000000e+00 5.231045e+01 -1.889422e+02
      vertex   0.000000e+00 7.470023e+01 -1.902591e+02
      vertex   0.000000e+00 7.626846e+01 -1.919382e+02
    endloop
  endfacet
  facet normal -1.000000e+00 0.000000e+00 -0.000000e+00
    outer loop
      vertex   0.000000e+00 5.231045e+01 -1.889422e+02
      vertex   0.000000e+00 7.626846e+01 -1.919382e+02
      vertex   0.000000e+00 4.993162e+01 -1.908686e+02
    endloop
  endfacet
  facet normal -1.000000e+00 0.000000e+00 0.000000e+00
    outer loop
      vertex   0.000000e+00 4.993162e+01 -1.908686e+02
      vertex   0.000000e+00 7.626846e+01 -1.919382e+02
      vertex   0.000000e+00 7.805073e+01 -1.933882e+02
    endloop
  endfacet
  facet normal -1.000000e+00 0.000000e+00 -0.000000e+00
    outer loop
      vertex   0.000000e+00 4.993162e+01 -1.908686e+02
      vertex   0.000000e+00 7.805073e+01 -1.933882e+02
      vertex   0.000000e+00 4.736446e+01 -1.925357e+02
    endloop
  endfacet
  facet normal -1.000000e+00 0.000000e+00 0.000000e+00
    outer loop
      vertex   0.000000e+00 4.736446e+01 -1.925357e+02
      vertex   0.000000e+00 7.805073e+01 -1.933882e+02
      vertex   0.000000e+00 8.001384e+01 -1.945820e+02
    endloop
  endfacet
  facet normal -1.000000e+00 0.000000e+00 -0.000000e+00
    outer loop
      vertex   0.000000e+00 4.736446e+01 -1.925357e+02
      vertex   0.000000e+00 8.001384e+01 -1.945820e+02
      vertex   0.000000e+00 4.463709e+01 -1.939254e+02
    endloop
  endfacet
  facet normal -1.000000e+00 0.000000e+00 0.000000e+00
    outer loop
      vertex   0.000000e+00 4.463709e+01 -1.939254e+02
      vertex   0.000000e+00 8.001384e+01 -1.945820e+02
      vertex   0.000000e+00 8.212122e+01 -1.954974e+02
    endloop
  endfacet
  facet normal -1.000000e+00 0.000000e+00 -0.000000e+00
    outer loop
      vertex   0.000000e+00 4.463709e+01 -1.939254e+02
      vertex   0.000000e+00 8.212122e+01 -1.954974e+02
      vertex   0.000000e+00 4.177941e+01 -1.950223e+02
    endloop
  endfacet
  facet normal -1.000000e+00 0.000000e+00 -0.000000e+00
    outer loop
      vertex   0.000000e+00 4.177941e+01 -1.950223e+02
      vertex   0.000000e+00 8.212122e+01 -1.954974e+02
      vertex   0.000000e+00 3.882272e+01 -1.958146e+02
    endloop
  endfacet
  facet normal -1.000000e+00 0.000000e+00 0.000000e+00
    outer loop
      vertex   0.000000e+00 3.882272e+01 -1.958146e+02
      vertex   0.000000e+00 8.212122e+01 -1.954974e+02
      vertex   0.000000e+00 8.433361e+01 -1.961173e+02
    endloop
  endfacet
  facet normal -1.000000e+00 0.000000e+00 -0.000000e+00
    outer loop
      vertex   0.000000e+00 3.882272e+01 -1.958146e+02
      vertex   0.000000e+00 8.433361e+01 -1.961173e+02
      vertex   0.000000e+00 3.579942e+01 -1.962934e+02
    endloop
  endfacet
  facet normal -1.000000e+00 0.000000e+00 0.000000e+00
    outer loop
      vertex   0.000000e+00 3.579942e+01 -1.962934e+02
      vertex   0.000000e+00 8.433361e+01 -1.961173e+02
      vertex   0.000000e+00 8.660980e+01 -1.964301e+02
    endloop
  endfacet
  facet normal -1.000000e+00 0.000000e+00 -0.000000e+00
    outer loop
      vertex   0.000000e+00 3.579942e+01 -1.962934e+02
      vertex   0.000000e+00 8.660980e+01 -1.964301e+02
      vertex   0.000000e+00 3.274262e+01 -1.964536e+02
    endloop
  endfacet
  facet normal -1.000000e+00 0.000000e+00 0.000000e+00
    outer loop
      vertex   0.000000e+00 5.640125e+01 -1.500209e+02
      vertex   0.000000e+00 5.447490e+01 -1.476421e+02
      vertex   0.000000e+00 5.002936e+01 -1.200000e+02
    endloop
  endfacet
  facet normal -1.000000e+00 0.000000e+00 0.000000e+00
    outer loop
      vertex   0.000000e+00 5.002936e+01 -1.200000e+02
      vertex   0.000000e+00 5.447490e+01 -1.476421e+02
      vertex   0.000000e+00 5.231045e+01 -1.454777e+02
    endloop
  endfacet
  facet normal -1.000000e+00 0.000000e+00 -0.000000e+00
    outer loop
      vertex   0.000000e+00 5.002936e+01 -1.200000e+02
      vertex   0.000000e+00 5.231045e+01 -1.454777e+02
      vertex   0.000000e+00 4.993162e+01 -1.435513e+02
    endloop
  endfacet
  facet normal -1.000000e+00 0.000000e+00 0.000000e+00
    outer loop
      vertex   0.000000e+00 4.993162e+01 -1.435513e+02
      vertex   0.000000e+00 4.736446e+01 -1.418842e+02
      vertex   0.000000e+00 5.002936e+01 -1.200000e+02
    endloop
  endfacet
  facet normal -1.000000e+00 -0.000000e+00 0.000000e+00
    outer loop
      vertex   0.000000e+00 5.002936e+01 -1.200000e+02
      vertex   0.000000e+00 4.736446e+01 -1.418842e+02
      vertex   0.000000e+00 5.000000e+01 -1.200000e+02
    endloop
  endfacet
  facet normal -1.000000e+00 0.000000e+00 0.000000e+00
    outer loop
      vertex   0.000000e+00 5.000000e+01 -1.200000e+02
      vertex   0.000000e+00 4.736446e+01 -1.418842e+02
      vertex   0.000000e+00 4.463709e+01 -1.404945e+02
    endloop
  endfacet
  facet normal -1.000000e+00 0.000000e+00 0.000000e+00
    outer loop
      vertex   0.000000e+00 5.000000e+01 -1.200000e+02
      vertex   0.000000e+00 4.463709e+01 -1.404945e+02
      vertex   0.000000e+00 4.177941e+01 -1.393976e+02
    endloop
  endfacet
  facet normal -1.000000e+00 0.000000e+00 0.000000e+00
    outer loop
      vertex   0.000000e+00 4.177941e+01 -1.393976e+02
      vertex   0.000000e+00 3.882272e+01 -1.386053e+02
      vertex   0.000000e+00 5.000000e+01 -1.200000e+02
    endloop
  endfacet
  facet normal -1.000000e+00 -0.000000e+00 0.000000e+00
    outer loop
      vertex   0.000000e+00 5.000000e+01 -1.200000e+02
      vertex   0.000000e+00 3.882272e+01 -1.386053e+02
      vertex   0.000000e+00 3.474376e+01 -1.181188e+02
    endloop
  endfacet
  facet normal -1.000000e+00 0.000000e+00 0.000000e+00
    outer loop
      vertex   0.000000e+00 5.000000e+01 -1.200000e+02
      vertex   0.000000e+00 3.474376e+01 -1.181188e+02
      vertex   0.000000e+00 3.580126e+01 -1.160779e+02
    endloop
  endfacet
  facet normal -1.000000e+00 0.000000e+00 -0.000000e+00
    outer loop
      vertex   0.000000e+00 3.474376e+01 -1.181188e+02
      vertex   0.000000e+00 3.882272e+01 -1.386053e+02
      vertex   0.000000e+00 3.341821e+01 -1.199967e+02
    endloop
  endfacet
  facet normal -1.000000e+00 0.000000e+00 0.000000e+00
    outer loop
      vertex   0.000000e+00 3.341821e+01 -1.199967e+02
      vertex   0.000000e+00 3.882272e+01 -1.386053e+02
      vertex   0.000000e+00 3.579942e+01 -1.381265e+02
    endloop
  endfacet
  facet normal -1.000000e+00 0.000000e+00 -0.000000e+00
    outer loop
      vertex   0.000000e+00 3.341821e+01 -1.199967e+02
      vertex   0.000000e+00 3.579942e+01 -1.381265e+02
      vertex   0.000000e+00 3.184930e+01 -1.216766e+02
    endloop
  endfacet
  facet normal -1.000000e+00 0.000000e+00 -0.000000e+00
    outer loop
      vertex   0.000000e+00 3.184930e+01 -1.216766e+02
      vertex   0.000000e+00 3.579942e+01 -1.381265e+02
      vertex   0.000000e+00 3.006626e+01 -1.231272e+02
    endloop
  endfacet
  facet normal -1.000000e+00 0.000000e+00 0.000000e+00
    outer loop
      vertex   0.000000e+00 3.006626e+01 -1.231272e+02
      vertex   0.000000e+00 3.579942e+01 -1.381265e+02
      vertex   0.000000e+00 3.274262e+01 -1.379663e+02
    endloop
  endfacet
  facet normal -1.000000e+00 0.000000e+00 -0.000000e+00
    outer loop
      vertex   0.000000e+00 3.006626e+01 -1.231272e+02
      vertex   0.000000e+00 3.274262e+01 -1.379663e+02
      vertex   0.000000e+00 2.810230e+01 -1.243215e+02
    endloop
  endfacet
  facet normal -1.000000e+00 0.000000e+00 0.000000e+00
    outer loop
      vertex   0.000000e+00 2.810230e+01 -1.243215e+02
      vertex   0.000000e+00 3.274262e+01 -1.379663e+02
      vertex   0.000000e+00 2.968583e+01 -1.381265e+02
    endloop
  endfacet
  facet normal -1.000000e+00 0.000000e+00 -0.000000e+00
    outer loop
      vertex   0.000000e+00 2.810230e+01 -1.243215e+02
      vertex   0.000000e+00 2.968583e+01 -1.381265e+02
      vertex   0.000000e+00 2.599401e+01 -1.252373e+02
    endloop
  endfacet
  facet normal -1.000000e+00 0.000000e+00 0.000000e+00
    outer loop
      vertex   0.000000e+00 2.599401e+01 -1.252373e+02
      vertex   0.000000e+00 2.968583e+01 -1.381265e+02
      vertex   0.000000e+00 2.666252e+01 -1.386053e+02
    endloop
  endfacet
  facet normal -1.000000e+00 0.000000e+00 -0.000000e+00
    outer loop
      vertex   0.000000e+00 2.599401e+01 -1.252373e+02
      vertex   0.000000e+00 2.666252e+01 -1.386053e+02
      vertex   0.000000e+00 2.378066e+01 -1.258574e+02
    endloop
  endfacet
  facet normal -1.000000e+00 0.000000e+00 -0.000000e+00
    outer loop
      vertex   0.000000e+00 2.378066e+01 -1.258574e+02
      vertex   0.000000e+00 2.666252e+01 -1.386053e+02
      vertex   0.000000e+00 2.370583e+01 -1.393976e+02
    endloop
  endfacet
  facet normal -1.000000e+00 0.000000e+00 0.000000e+00
    outer loop
      vertex   0.000000e+00 2.378066e+01 -1.258574e+02
      vertex   0.000000e+00 2.370583e+01 -1.393976e+02
      vertex   0.000000e+00 2.150348e+01 -1.261704e+02
    endloop
  endfacet
  facet normal -1.000000e+00 0.000000e+00 -0.000000e+00
    outer loop
      vertex   0.000000e+00 2.150348e+01 -1.261704e+02
      vertex   0.000000e+00 2.370583e+01 -1.393976e+02
      vertex   0.000000e+00 2.084815e+01 -1.404945e+02
    endloop
  endfacet
  facet normal -1.000000e+00 0.000000e+00 0.000000e+00
    outer loop
      vertex   0.000000e+00 3.703868e+01 -1.116616e+02
      vertex   0.000000e+00 3.719554e+01 -1.093683e+02
      vertex   0.000000e+00 5.000000e+01 -1.199067e+02
    endloop
  endfacet
  facet normal -1.000000e+00 0.000000e+00 0.000000e+00
    outer loop
      vertex   0.000000e+00 5.000000e+01 -1.199067e+02
      vertex   0.000000e+00 3.719554e+01 -1.093683e+02
      vertex   0.000000e+00 3.703868e+01 -1.070751e+02
    endloop
  endfacet
  facet normal -1.000000e+00 0.000000e+00 0.000000e+00
    outer loop
      vertex   0.000000e+00 5.000000e+01 -1.199067e+02
      vertex   0.000000e+00 3.703868e+01 -1.070751e+02
      vertex   0.000000e+00 3.657102e+01 -1.048246e+02
    endloop
  endfacet
  facet normal -1.000000e+00 0.000000e+00 0.000000e+00
    outer loop
      vertex   0.000000e+00 3.657102e+01 -1.048246e+02
      vertex   0.000000e+00 3.580126e+01 -1.026587e+02
      vertex   0.000000e+00 5.000000e+01 -1.199067e+02
    endloop
  endfacet
  facet normal -1.000000e+00 0.000000e+00 0.000000e+00
    outer loop
      vertex   0.000000e+00 5.000000e+01 -1.199067e+02
      vertex   0.000000e+00 3.580126e+01 -1.026587e+02
      vertex   0.000000e+00 3.474376e+01 -1.006178e+02
    endloop
  endfacet
  facet normal -1.000000e+00 0.000000e+00 0.000000e+00
    outer loop
      vertex   0.000000e+00 5.000000e+01 -1.200000e+02
      vertex   0.000000e+00 3.580126e+01 -1.160779e+02
      vertex   0.000000e+00 5.000000e+01 -1.199067e+02
    endloop
  endfacet
  facet normal -1.000000e+00 0.000000e+00 0.000000e+00
    outer loop
      vertex   0.000000e+00 5.000000e+01 -1.199067e+02
      vertex   0.000000e+00 3.580126e+01 -1.160779e+02
      vertex   0.000000e+00 3.657102e+01 -1.139121e+02
    endloop
  endfacet
  facet normal -1.000000e+00 0.000000e+00 0.000000e+00
    outer loop
      vertex   0.000000e+00 5.000000e+01 -1.199067e+02
      vertex   0.000000e+00 3.657102e+01 -1.139121e+02
      vertex   0.000000e+00 3.703868e+01 -1.116616e+02
    endloop
  endfacet
  facet normal -1.000000e+00 0.000000e+00 0.000000e+00
    outer loop
      vertex   0.000000e+00 -2.000000e+00 -1.500000e+01
      vertex   0.000000e+00 2.500000e+00 -1.500000e+01
      vertex   0.000000e+00 2.500000e+00 -2.000000e+01
    endloop
  endfacet
  facet normal 0.000000e+00 1.000000e+00 0.000000e+00
    outer loop
      vertex   3.000000e+01 5.000000e+01 -1.199067e+02
      vertex   3.000000e+01 5.000000e+01 -1.200000e+02
      vertex   0.000000e+00 5.000000e+01 -1.199067e+02
    endloop
  endfacet
  facet normal 0.000000e+00 1.000000e+00 0.000000e+00
    outer loop
      vertex   0.000000e+00 5.000000e+01 -1.199067e+02
      vertex   3.000000e+01 5.000000e+01 -1.200000e+02
      vertex   0.000000e+00 5.000000e+01 -1.200000e+02
    endloop
  endfacet
  facet normal 0.000000e+00 1.000000e+00 -0.000000e+00
    outer loop
      vertex   1.410055e+01 2.500000e+00 -6.668979e+00
      vertex   1.286528e+01 2.500000e+00 -1.526784e-01
      vertex   1.500642e+01 2.500000e+00 -6.549720e+00
    endloop
  endfacet
  facet normal 0.000000e+00 1.000000e+00 0.000000e+00
    outer loop
      vertex   1.500642e+01 2.500000e+00 -6.549720e+00
      vertex   1.286528e+01 2.500000e+00 -1.526784e-01
      vertex   1.500000e+01 2.500000e+00 1.110223e-15
    endloop
  endfacet
  facet normal 0.000000e+00 1.000000e+00 -0.000000e+00
    outer loop
      vertex   1.500642e+01 2.500000e+00 -6.549720e+00
      vertex   1.500000e+01 2.500000e+00 1.110223e-15
      vertex   1.713472e+01 2.500000e+00 -1.526784e-01
    endloop
  endfacet
  facet normal 0.000000e+00 1.000000e+00 -0.000000e+00
    outer loop
      vertex   1.325642e+01 2.500000e+00 -7.018631e+00
      vertex   8.768775e+00 2.500000e+00 -1.355520e+00
      vertex   1.410055e+01 2.500000e+00 -6.668979e+00
    endloop
  endfacet
  facet normal 0.000000e+00 1.000000e+00 0.000000e+00
    outer loop
      vertex   1.410055e+01 2.500000e+00 -6.668979e+00
      vertex   8.768775e+00 2.500000e+00 -1.355520e+00
      vertex   1.077401e+01 2.500000e+00 -6.076054e-01
    endloop
  endfacet
  facet normal 0.000000e+00 1.000000e+00 0.000000e+00
    outer loop
      vertex   1.410055e+01 2.500000e+00 -6.668979e+00
      vertex   1.077401e+01 2.500000e+00 -6.076054e-01
      vertex   1.286528e+01 2.500000e+00 -1.526784e-01
    endloop
  endfacet
  facet normal 0.000000e+00 1.000000e+00 -0.000000e+00
    outer loop
      vertex   1.253154e+01 2.500000e+00 -7.574846e+00
      vertex   5.177089e+00 2.500000e+00 -3.663756e+00
      vertex   1.325642e+01 2.500000e+00 -7.018631e+00
    endloop
  endfacet
  facet normal 0.000000e+00 1.000000e+00 0.000000e+00
    outer loop
      vertex   1.325642e+01 2.500000e+00 -7.018631e+00
      vertex   5.177089e+00 2.500000e+00 -3.663756e+00
      vertex   6.890388e+00 2.500000e+00 -2.381197e+00
    endloop
  endfacet
  facet normal 0.000000e+00 1.000000e+00 0.000000e+00
    outer loop
      vertex   1.325642e+01 2.500000e+00 -7.018631e+00
      vertex   6.890388e+00 2.500000e+00 -2.381197e+00
      vertex   8.768775e+00 2.500000e+00 -1.355520e+00
    endloop
  endfacet
  facet normal 0.000000e+00 1.000000e+00 0.000000e+00
    outer loop
      vertex   5.177089e+00 2.500000e+00 -3.663756e+00
      vertex   1.253154e+01 2.500000e+00 -7.574846e+00
      vertex   3.663756e+00 2.500000e+00 -5.177089e+00
    endloop
  endfacet
  facet normal 0.000000e+00 1.000000e+00 0.000000e+00
    outer loop
      vertex   3.663756e+00 2.500000e+00 -5.177089e+00
      vertex   1.253154e+01 2.500000e+00 -7.574846e+00
      vertex   1.197533e+01 2.500000e+00 -8.299720e+00
    endloop
  endfacet
  facet normal 0.000000e+00 1.000000e+00 0.000000e+00
    outer loop
      vertex   3.663756e+00 2.500000e+00 -5.177089e+00
      vertex   1.197533e+01 2.500000e+00 -8.299720e+00
      vertex   2.381197e+00 2.500000e+00 -6.890388e+00
    endloop
  endfacet
  facet normal 0.000000e+00 1.000000e+00 0.000000e+00
    outer loop
      vertex   2.381197e+00 2.500000e+00 -6.890388e+00
      vertex   1.197533e+01 2.500000e+00 -8.299720e+00
      vertex   1.162567e+01 2.500000e+00 -9.143853e+00
    endloop
  endfacet
  facet normal 0.000000e+00 1.000000e+00 0.000000e+00
    outer loop
      vertex   2.381197e+00 2.500000e+00 -6.890388e+00
      vertex   1.162567e+01 2.500000e+00 -9.143853e+00
      vertex   1.355520e+00 2.500000e+00 -8.768775e+00
    endloop
  endfacet
  facet normal 0.000000e+00 1.000000e+00 0.000000e+00
    outer loop
      vertex   1.355520e+00 2.500000e+00 -8.768775e+00
      vertex   1.162567e+01 2.500000e+00 -9.143853e+00
      vertex   1.150642e+01 2.500000e+00 -1.004972e+01
    endloop
  endfacet
  facet normal 0.000000e+00 1.000000e+00 0.000000e+00
    outer loop
      vertex   1.355520e+00 2.500000e+00 -8.768775e+00
      vertex   1.150642e+01 2.500000e+00 -1.004972e+01
      vertex   6.076054e-01 2.500000e+00 -1.077401e+01
    endloop
  endfacet
  facet normal -0.000000e+00 1.000000e+00 0.000000e+00
    outer loop
      vertex   6.076054e-01 2.500000e+00 -1.077401e+01
      vertex   1.150642e+01 2.500000e+00 -1.004972e+01
      vertex   1.162567e+01 2.500000e+00 -1.095559e+01
    endloop
  endfacet
  facet normal 0.000000e+00 1.000000e+00 0.000000e+00
    outer loop
      vertex   6.076054e-01 2.500000e+00 -1.077401e+01
      vertex   1.162567e+01 2.500000e+00 -1.095559e+01
      vertex   1.526784e-01 2.500000e+00 -1.286528e+01
    endloop
  endfacet
  facet normal 0.000000e+00 1.000000e+00 0.000000e+00
    outer loop
      vertex   1.526784e-01 2.500000e+00 -1.286528e+01
      vertex   1.162567e+01 2.500000e+00 -1.095559e+01
      vertex   1.197533e+01 2.500000e+00 -1.179972e+01
    endloop
  endfacet
  facet normal -0.000000e+00 1.000000e+00 0.000000e+00
    outer loop
      vertex   1.526784e-01 2.500000e+00 -1.286528e+01
      vertex   1.197533e+01 2.500000e+00 -1.179972e+01
      vertex   0.000000e+00 2.500000e+00 -1.500000e+01
    endloop
  endfacet
  facet normal 0.000000e+00 1.000000e+00 0.000000e+00
    outer loop
      vertex   0.000000e+00 2.500000e+00 -1.500000e+01
      vertex   1.197533e+01 2.500000e+00 -1.179972e+01
      vertex   1.253154e+01 2.500000e+00 -1.252459e+01
    endloop
  endfacet
  facet normal 0.000000e+00 1.000000e+00 0.000000e+00
    outer loop
      vertex   0.000000e+00 2.500000e+00 -1.500000e+01
      vertex   1.253154e+01 2.500000e+00 -1.252459e+01
      vertex   1.325642e+01 2.500000e+00 -1.308081e+01
    endloop
  endfacet
  facet normal -0.000000e+00 1.000000e+00 0.000000e+00
    outer loop
      vertex   0.000000e+00 2.500000e+00 -1.500000e+01
      vertex   1.325642e+01 2.500000e+00 -1.308081e+01
      vertex   0.000000e+00 2.500000e+00 -2.000000e+01
    endloop
  endfacet
  facet normal 0.000000e+00 1.000000e+00 0.000000e+00
    outer loop
      vertex   0.000000e+00 2.500000e+00 -2.000000e+01
      vertex   1.325642e+01 2.500000e+00 -1.308081e+01
      vertex   1.410055e+01 2.500000e+00 -1.343046e+01
    endloop
  endfacet
  facet normal 0.000000e+00 1.000000e+00 0.000000e+00
    outer loop
      vertex   0.000000e+00 2.500000e+00 -2.000000e+01
      vertex   1.410055e+01 2.500000e+00 -1.343046e+01
      vertex   1.500642e+01 2.500000e+00 -1.354972e+01
    endloop
  endfacet
  facet normal 0.000000e+00 1.000000e+00 0.000000e+00
    outer loop
      vertex   0.000000e+00 2.500000e+00 -2.000000e+01
      vertex   1.500642e+01 2.500000e+00 -1.354972e+01
      vertex   3.000000e+01 2.500000e+00 -2.000000e+01
    endloop
  endfacet
  facet normal 0.000000e+00 1.000000e+00 0.000000e+00
    outer loop
      vertex   3.000000e+01 2.500000e+00 -2.000000e+01
      vertex   1.500642e+01 2.500000e+00 -1.354972e+01
      vertex   1.591228e+01 2.500000e+00 -1.343046e+01
    endloop
  endfacet
  facet normal 0.000000e+00 1.000000e+00 0.000000e+00
    outer loop
      vertex   3.000000e+01 2.500000e+00 -2.000000e+01
      vertex   1.591228e+01 2.500000e+00 -1.343046e+01
      vertex   1.675642e+01 2.500000e+00 -1.308081e+01
    endloop
  endfacet
  facet normal 0.000000e+00 1.000000e+00 -0.000000e+00
    outer loop
      vertex   3.000000e+01 2.500000e+00 -2.000000e+01
      vertex   1.675642e+01 2.500000e+00 -1.308081e+01
      vertex   3.000000e+01 2.500000e+00 -1.500000e+01
    endloop
  endfacet
  facet normal 0.000000e+00 1.000000e+00 0.000000e+00
    outer loop
      vertex   3.000000e+01 2.500000e+00 -1.500000e+01
      vertex   1.675642e+01 2.500000e+00 -1.308081e+01
      vertex   1.748129e+01 2.500000e+00 -1.252459e+01
    endloop
  endfacet
  facet normal 0.000000e+00 1.000000e+00 0.000000e+00
    outer loop
      vertex   3.000000e+01 2.500000e+00 -1.500000e+01
      vertex   1.748129e+01 2.500000e+00 -1.252459e+01
      vertex   1.803750e+01 2.500000e+00 -1.179972e+01
    endloop
  endfacet
  facet normal 0.000000e+00 1.000000e+00 0.000000e+00
    outer loop
      vertex   3.000000e+01 2.500000e+00 -1.500000e+01
      vertex   1.803750e+01 2.500000e+00 -1.179972e+01
      vertex   2.984732e+01 2.500000e+00 -1.286528e+01
    endloop
  endfacet
  facet normal 0.000000e+00 1.000000e+00 0.000000e+00
    outer loop
      vertex   2.984732e+01 2.500000e+00 -1.286528e+01
      vertex   1.803750e+01 2.500000e+00 -1.179972e+01
      vertex   1.838716e+01 2.500000e+00 -1.095559e+01
    endloop
  endfacet
  facet normal 0.000000e+00 1.000000e+00 0.000000e+00
    outer loop
      vertex   2.984732e+01 2.500000e+00 -1.286528e+01
      vertex   1.838716e+01 2.500000e+00 -1.095559e+01
      vertex   2.939239e+01 2.500000e+00 -1.077401e+01
    endloop
  endfacet
  facet normal 0.000000e+00 1.000000e+00 0.000000e+00
    outer loop
      vertex   2.939239e+01 2.500000e+00 -1.077401e+01
      vertex   1.838716e+01 2.500000e+00 -1.095559e+01
      vertex   1.850642e+01 2.500000e+00 -1.004972e+01
    endloop
  endfacet
  facet normal 0.000000e+00 1.000000e+00 0.000000e+00
    outer loop
      vertex   2.939239e+01 2.500000e+00 -1.077401e+01
      vertex   1.850642e+01 2.500000e+00 -1.004972e+01
      vertex   2.864448e+01 2.500000e+00 -8.768775e+00
    endloop
  endfacet
  facet normal 0.000000e+00 1.000000e+00 0.000000e+00
    outer loop
      vertex   2.864448e+01 2.500000e+00 -8.768775e+00
      vertex   1.850642e+01 2.500000e+00 -1.004972e+01
      vertex   1.838716e+01 2.500000e+00 -9.143853e+00
    endloop
  endfacet
  facet normal 0.000000e+00 1.000000e+00 0.000000e+00
    outer loop
      vertex   2.864448e+01 2.500000e+00 -8.768775e+00
      vertex   1.838716e+01 2.500000e+00 -9.143853e+00
      vertex   2.761880e+01 2.500000e+00 -6.890388e+00
    endloop
  endfacet
  facet normal 0.000000e+00 1.000000e+00 0.000000e+00
    outer loop
      vertex   2.761880e+01 2.500000e+00 -6.890388e+00
      vertex   1.838716e+01 2.500000e+00 -9.143853e+00
      vertex   1.803750e+01 2.500000e+00 -8.299720e+00
    endloop
  endfacet
  facet normal 0.000000e+00 1.000000e+00 0.000000e+00
    outer loop
      vertex   2.761880e+01 2.500000e+00 -6.890388e+00
      vertex   1.803750e+01 2.500000e+00 -8.299720e+00
      vertex   2.633624e+01 2.500000e+00 -5.177089e+00
    endloop
  endfacet
  facet normal 0.000000e+00 1.000000e+00 0.000000e+00
    outer loop
      vertex   2.633624e+01 2.500000e+00 -5.177089e+00
      vertex   1.803750e+01 2.500000e+00 -8.299720e+00
      vertex   1.748129e+01 2.500000e+00 -7.574846e+00
    endloop
  endfacet
  facet normal 0.000000e+00 1.000000e+00 0.000000e+00
    outer loop
      vertex   2.633624e+01 2.500000e+00 -5.177089e+00
      vertex   1.748129e+01 2.500000e+00 -7.574846e+00
      vertex   2.482291e+01 2.500000e+00 -3.663756e+00
    endloop
  endfacet
  facet normal 0.000000e+00 1.000000e+00 0.000000e+00
    outer loop
      vertex   2.482291e+01 2.500000e+00 -3.663756e+00
      vertex   1.748129e+01 2.500000e+00 -7.574846e+00
      vertex   1.675642e+01 2.500000e+00 -7.018631e+00
    endloop
  endfacet
  facet normal 0.000000e+00 1.000000e+00 0.000000e+00
    outer loop
      vertex   2.482291e+01 2.500000e+00 -3.663756e+00
      vertex   1.675642e+01 2.500000e+00 -7.018631e+00
      vertex   2.310961e+01 2.500000e+00 -2.381197e+00
    endloop
  endfacet
  facet normal 0.000000e+00 1.000000e+00 0.000000e+00
    outer loop
      vertex   2.310961e+01 2.500000e+00 -2.381197e+00
      vertex   1.675642e+01 2.500000e+00 -7.018631e+00
      vertex   2.123123e+01 2.500000e+00 -1.355520e+00
    endloop
  endfacet
  facet normal 0.000000e+00 1.000000e+00 0.000000e+00
    outer loop
      vertex   2.123123e+01 2.500000e+00 -1.355520e+00
      vertex   1.675642e+01 2.500000e+00 -7.018631e+00
      vertex   1.591228e+01 2.500000e+00 -6.668979e+00
    endloop
  endfacet
  facet normal 0.000000e+00 1.000000e+00 0.000000e+00
    outer loop
      vertex   2.123123e+01 2.500000e+00 -1.355520e+00
      vertex   1.591228e+01 2.500000e+00 -6.668979e+00
      vertex   1.922599e+01 2.500000e+00 -6.076054e-01
    endloop
  endfacet
  facet normal 0.000000e+00 1.000000e+00 0.000000e+00
    outer loop
      vertex   1.922599e+01 2.500000e+00 -6.076054e-01
      vertex   1.591228e+01 2.500000e+00 -6.668979e+00
      vertex   1.713472e+01 2.500000e+00 -1.526784e-01
    endloop
  endfacet
  facet normal 0.000000e+00 1.000000e+00 0.000000e+00
    outer loop
      vertex   1.713472e+01 2.500000e+00 -1.526784e-01
      vertex   1.591228e+01 2.500000e+00 -6.668979e+00
      vertex   1.500642e+01 2.500000e+00 -6.549720e+00
    endloop
  endfacet
  facet normal -9.974521e-01 0.000000e+00 7.133918e-02
    outer loop
      vertex   0.000000e+00 2.500000e+00 -1.500000e+01
      vertex   0.000000e+00 -2.000000e+00 -1.500000e+01
      vertex   1.526784e-01 2.500000e+00 -1.286528e+01
    endloop
  endfacet
  facet normal -9.974521e-01 -2.816085e-17 7.133918e-02
    outer loop
      vertex   1.526784e-01 2.500000e+00 -1.286528e+01
      vertex   0.000000e+00 -2.000000e+00 -1.500000e+01
      vertex   1.526784e-01 -2.000000e+00 -1.286528e+01
    endloop
  endfacet
  facet normal -9.771469e-01 -8.390929e-17 2.125653e-01
    outer loop
      vertex   1.526784e-01 2.500000e+00 -1.286528e+01
      vertex   1.526784e-01 -2.000000e+00 -1.286528e+01
      vertex   6.076054e-01 2.500000e+00 -1.077401e+01
    endloop
  endfacet
  facet normal -9.771469e-01 7.325941e-17 2.125653e-01
    outer loop
      vertex   6.076054e-01 2.500000e+00 -1.077401e+01
      vertex   1.526784e-01 -2.000000e+00 -1.286528e+01
      vertex   6.076054e-01 -2.000000e+00 -1.077401e+01
    endloop
  endfacet
  facet normal -9.369497e-01 -4.473845e-17 3.494642e-01
    outer loop
      vertex   6.076054e-01 2.500000e+00 -1.077401e+01
      vertex   6.076054e-01 -2.000000e+00 -1.077401e+01
      vertex   1.355520e+00 2.500000e+00 -8.768775e+00
    endloop
  endfacet
  facet normal -9.369497e-01 -7.468464e-19 3.494642e-01
    outer loop
      vertex   1.355520e+00 2.500000e+00 -8.768775e+00
      vertex   6.076054e-01 -2.000000e+00 -1.077401e+01
      vertex   1.355520e+00 -2.000000e+00 -8.768775e+00
    endloop
  endfacet
  facet normal -8.776790e-01 5.925901e-17 4.792490e-01
    outer loop
      vertex   1.355520e+00 2.500000e+00 -8.768775e+00
      vertex   1.355520e+00 -2.000000e+00 -8.768775e+00
      vertex   2.381197e+00 2.500000e+00 -6.890388e+00
    endloop
  endfacet
  facet normal -8.776790e-01 6.857640e-18 4.792490e-01
    outer loop
      vertex   2.381197e+00 2.500000e+00 -6.890388e+00
      vertex   1.355520e+00 -2.000000e+00 -8.768775e+00
      vertex   2.381197e+00 -2.000000e+00 -6.890388e+00
    endloop
  endfacet
  facet normal -8.005412e-01 -3.137835e-16 5.992777e-01
    outer loop
      vertex   2.381197e+00 2.500000e+00 -6.890388e+00
      vertex   2.381197e+00 -2.000000e+00 -6.890388e+00
      vertex   3.663756e+00 2.500000e+00 -5.177089e+00
    endloop
  endfacet
  facet normal -8.005412e-01 -1.977292e-16 5.992777e-01
    outer loop
      vertex   3.663756e+00 2.500000e+00 -5.177089e+00
      vertex   2.381197e+00 -2.000000e+00 -6.890388e+00
      vertex   3.663756e+00 -2.000000e+00 -5.177089e+00
    endloop
  endfacet
  facet normal -7.071068e-01 -1.395638e-16 7.071068e-01
    outer loop
      vertex   3.663756e+00 2.500000e+00 -5.177089e+00
      vertex   3.663756e+00 -2.000000e+00 -5.177089e+00
      vertex   5.177089e+00 2.500000e+00 -3.663756e+00
    endloop
  endfacet
  facet normal -7.071068e-01 -6.978189e-17 7.071068e-01
    outer loop
      vertex   5.177089e+00 2.500000e+00 -3.663756e+00
      vertex   3.663756e+00 -2.000000e+00 -5.177089e+00
      vertex   5.177089e+00 -2.000000e+00 -3.663756e+00
    endloop
  endfacet
  facet normal -5.992777e-01 -3.570705e-16 8.005412e-01
    outer loop
      vertex   5.177089e+00 2.500000e+00 -3.663756e+00
      vertex   5.177089e+00 -2.000000e+00 -3.663756e+00
      vertex   6.890388e+00 2.500000e+00 -2.381197e+00
    endloop
  endfacet
  facet normal -5.992777e-01 -7.096873e-16 8.005412e-01
    outer loop
      vertex   6.890388e+00 2.500000e+00 -2.381197e+00
      vertex   5.177089e+00 -2.000000e+00 -3.663756e+00
      vertex   6.890388e+00 -2.000000e+00 -2.381197e+00
    endloop
  endfacet
  facet normal -4.792490e-01 -5.675448e-16 8.776790e-01
    outer loop
      vertex   6.890388e+00 2.500000e+00 -2.381197e+00
      vertex   6.890388e+00 -2.000000e+00 -2.381197e+00
      vertex   8.768775e+00 2.500000e+00 -1.355520e+00
    endloop
  endfacet
  facet normal -4.792490e-01 -5.471209e-17 8.776790e-01
    outer loop
      vertex   8.768775e+00 2.500000e+00 -1.355520e+00
      vertex   6.890388e+00 -2.000000e+00 -2.381197e+00
      vertex   8.768775e+00 -2.000000e+00 -1.355520e+00
    endloop
  endfacet
  facet normal -3.494642e-01 -1.864223e-16 9.369497e-01
    outer loop
      vertex   8.768775e+00 2.500000e+00 -1.355520e+00
      vertex   8.768775e+00 -2.000000e+00 -1.355520e+00
      vertex   1.077401e+01 2.500000e+00 -6.076054e-01
    endloop
  endfacet
  facet normal -3.494642e-01 5.517983e-16 9.369497e-01
    outer loop
      vertex   1.077401e+01 2.500000e+00 -6.076054e-01
      vertex   8.768775e+00 -2.000000e+00 -1.355520e+00
      vertex   1.077401e+01 -2.000000e+00 -6.076054e-01
    endloop
  endfacet
  facet normal -2.125653e-01 3.356372e-16 9.771469e-01
    outer loop
      vertex   1.077401e+01 2.500000e+00 -6.076054e-01
      vertex   1.077401e+01 -2.000000e+00 -6.076054e-01
      vertex   1.286528e+01 2.500000e+00 -1.526784e-01
    endloop
  endfacet
  facet normal -2.125653e-01 1.678186e-16 9.771469e-01
    outer loop
      vertex   1.286528e+01 2.500000e+00 -1.526784e-01
      vertex   1.077401e+01 -2.000000e+00 -6.076054e-01
      vertex   1.286528e+01 -2.000000e+00 -1.526784e-01
    endloop
  endfacet
  facet normal -7.133918e-02 5.632171e-17 9.974521e-01
    outer loop
      vertex   1.286528e+01 2.500000e+00 -1.526784e-01
      vertex   1.286528e+01 -2.000000e+00 -1.526784e-01
      vertex   1.500000e+01 2.500000e+00 1.110223e-15
    endloop
  endfacet
  facet normal -7.133918e-02 3.024093e-16 9.974521e-01
    outer loop
      vertex   1.500000e+01 2.500000e+00 1.110223e-15
      vertex   1.286528e+01 -2.000000e+00 -1.526784e-01
      vertex   1.500000e+01 -2.000000e+00 2.220446e-15
    endloop
  endfacet
  facet normal 7.133918e-02 1.897659e-16 9.974521e-01
    outer loop
      vertex   1.500000e+01 2.500000e+00 1.110223e-15
      vertex   1.500000e+01 -2.000000e+00 2.220446e-15
      vertex   1.713472e+01 2.500000e+00 -1.526784e-01
    endloop
  endfacet
  facet normal 7.133918e-02 0.000000e+00 9.974521e-01
    outer loop
      vertex   1.713472e+01 2.500000e+00 -1.526784e-01
      vertex   1.500000e+01 -2.000000e+00 2.220446e-15
      vertex   1.713472e+01 -2.000000e+00 -1.526784e-01
    endloop
  endfacet
  facet normal 2.125653e-01 0.000000e+00 9.771469e-01
    outer loop
      vertex   1.713472e+01 2.500000e+00 -1.526784e-01
      vertex   1.713472e+01 -2.000000e+00 -1.526784e-01
      vertex   1.922599e+01 2.500000e+00 -6.076054e-01
    endloop
  endfacet
  facet normal 2.125653e-01 1.678186e-16 9.771469e-01
    outer loop
      vertex   1.922599e+01 2.500000e+00 -6.076054e-01
      vertex   1.713472e+01 -2.000000e+00 -1.526784e-01
      vertex   1.922599e+01 -2.000000e+00 -6.076054e-01
    endloop
  endfacet
  facet normal 3.494642e-01 2.758991e-16 9.369497e-01
    outer loop
      vertex   1.922599e+01 2.500000e+00 -6.076054e-01
      vertex   1.922599e+01 -2.000000e+00 -6.076054e-01
      vertex   2.123123e+01 2.500000e+00 -1.355520e+00
    endloop
  endfacet
  facet normal 3.494642e-01 -2.311607e-16 9.369497e-01
    outer loop
      vertex   2.123123e+01 2.500000e+00 -1.355520e+00
      vertex   1.922599e+01 -2.000000e+00 -6.076054e-01
      vertex   2.123123e+01 -2.000000e+00 -1.355520e+00
    endloop
  endfacet
  facet normal 4.792490e-01 -2.165376e-16 8.776790e-01
    outer loop
      vertex   2.123123e+01 2.500000e+00 -1.355520e+00
      vertex   2.123123e+01 -2.000000e+00 -1.355520e+00
      vertex   2.310961e+01 2.500000e+00 -2.381197e+00
    endloop
  endfacet
  facet normal 4.792490e-01 -1.413272e-16 8.776790e-01
    outer loop
      vertex   2.310961e+01 2.500000e+00 -2.381197e+00
      vertex   2.123123e+01 -2.000000e+00 -1.355520e+00
      vertex   2.310961e+01 -2.000000e+00 -2.381197e+00
    endloop
  endfacet
  facet normal 5.992777e-01 -8.907555e-19 8.005412e-01
    outer loop
      vertex   2.310961e+01 2.500000e+00 -2.381197e+00
      vertex   2.310961e+01 -2.000000e+00 -2.381197e+00
      vertex   2.482291e+01 2.500000e+00 -3.663756e+00
    endloop
  endfacet
  facet normal 5.992777e-01 4.722341e-16 8.005412e-01
    outer loop
      vertex   2.482291e+01 2.500000e+00 -3.663756e+00
      vertex   2.310961e+01 -2.000000e+00 -2.381197e+00
      vertex   2.482291e+01 -2.000000e+00 -3.663756e+00
    endloop
  endfacet
  facet normal 7.071068e-01 6.978189e-16 7.071068e-01
    outer loop
      vertex   2.482291e+01 2.500000e+00 -3.663756e+00
      vertex   2.482291e+01 -2.000000e+00 -3.663756e+00
      vertex   2.633624e+01 2.500000e+00 -5.177089e+00
    endloop
  endfacet
  facet normal 7.071068e-01 -1.395638e-16 7.071068e-01
    outer loop
      vertex   2.633624e+01 2.500000e+00 -5.177089e+00
      vertex   2.482291e+01 -2.000000e+00 -3.663756e+00
      vertex   2.633624e+01 -2.000000e+00 -5.177089e+00
    endloop
  endfacet
  facet normal 8.005412e-01 -4.360732e-16 5.992777e-01
    outer loop
      vertex   2.633624e+01 2.500000e+00 -5.177089e+00
      vertex   2.633624e+01 -2.000000e+00 -5.177089e+00
      vertex   2.761880e+01 2.500000e+00 -6.890388e+00
    endloop
  endfacet
  facet normal 8.005412e-01 -1.068094e-15 5.992777e-01
    outer loop
      vertex   2.761880e+01 2.500000e+00 -6.890388e+00
      vertex   2.633624e+01 -2.000000e+00 -5.177089e+00
      vertex   2.761880e+01 -2.000000e+00 -6.890388e+00
    endloop
  endfacet
  facet normal 8.776790e-01 -1.416626e-15 4.792490e-01
    outer loop
      vertex   2.761880e+01 2.500000e+00 -6.890388e+00
      vertex   2.761880e+01 -2.000000e+00 -6.890388e+00
      vertex   2.864448e+01 2.500000e+00 -8.768775e+00
    endloop
  endfacet
  facet normal 8.776790e-01 3.783632e-16 4.792490e-01
    outer loop
      vertex   2.864448e+01 2.500000e+00 -8.768775e+00
      vertex   2.761880e+01 -2.000000e+00 -6.890388e+00
      vertex   2.864448e+01 -2.000000e+00 -8.768775e+00
    endloop
  endfacet
  facet normal 9.369497e-01 2.758991e-16 3.494642e-01
    outer loop
      vertex   2.864448e+01 2.500000e+00 -8.768775e+00
      vertex   2.864448e+01 -2.000000e+00 -8.768775e+00
      vertex   2.939239e+01 2.500000e+00 -1.077401e+01
    endloop
  endfacet
  facet normal 9.369497e-01 2.758991e-16 3.494642e-01
    outer loop
      vertex   2.939239e+01 2.500000e+00 -1.077401e+01
      vertex   2.864448e+01 -2.000000e+00 -8.768775e+00
      vertex   2.939239e+01 -2.000000e+00 -1.077401e+01
    endloop
  endfacet
  facet normal 9.771469e-01 1.678186e-16 2.125653e-01
    outer loop
      vertex   2.939239e+01 2.500000e+00 -1.077401e+01
      vertex   2.939239e+01 -2.000000e+00 -1.077401e+01
      vertex   2.984732e+01 2.500000e+00 -1.286528e+01
    endloop
  endfacet
  facet normal 9.771469e-01 1.710718e-15 2.125653e-01
    outer loop
      vertex   2.984732e+01 2.500000e+00 -1.286528e+01
      vertex   2.939239e+01 -2.000000e+00 -1.077401e+01
      vertex   2.984732e+01 -2.000000e+00 -1.286528e+01
    endloop
  endfacet
  facet normal 9.974521e-01 1.631282e-15 7.133918e-02
    outer loop
      vertex   2.984732e+01 2.500000e+00 -1.286528e+01
      vertex   2.984732e+01 -2.000000e+00 -1.286528e+01
      vertex   3.000000e+01 2.500000e+00 -1.500000e+01
    endloop
  endfacet
  facet normal 9.974521e-01 0.000000e+00 7.133918e-02
    outer loop
      vertex   3.000000e+01 2.500000e+00 -1.500000e+01
      vertex   2.984732e+01 -2.000000e+00 -1.286528e+01
      vertex   3.000000e+01 -2.000000e+00 -1.500000e+01
    endloop
  endfacet
  facet normal 0.000000e+00 0.000000e+00 1.000000e+00
    outer loop
      vertex   3.000000e+01 2.524654e+00 -2.000000e+01
      vertex   0.000000e+00 2.524654e+00 -2.000000e+01
      vertex   3.000000e+01 2.500000e+00 -2.000000e+01
    endloop
  endfacet
  facet normal 0.000000e+00 0.000000e+00 1.000000e+00
    outer loop
      vertex   3.000000e+01 2.500000e+00 -2.000000e+01
      vertex   0.000000e+00 2.524654e+00 -2.000000e+01
      vertex   0.000000e+00 2.500000e+00 -2.000000e+01
    endloop
  endfacet
  facet normal -0.000000e+00 0.000000e+00 1.000000e+00
    outer loop
      vertex   0.000000e+00 5.002936e+01 -1.200000e+02
      vertex   0.000000e+00 5.000000e+01 -1.200000e+02
      vertex   3.000000e+01 5.002936e+01 -1.200000e+02
    endloop
  endfacet
  facet normal 0.000000e+00 0.000000e+00 1.000000e+00
    outer loop
      vertex   3.000000e+01 5.002936e+01 -1.200000e+02
      vertex   0.000000e+00 5.000000e+01 -1.200000e+02
      vertex   3.000000e+01 5.000000e+01 -1.200000e+02
    endloop
  endfacet
  facet normal 1.214484e-14 -1.000000e+00 5.030556e-15
    outer loop
      vertex   3.407417e-02 -2.000000e+00 -1.992588e+02
      vertex   1.339746e-01 -2.000000e+00 -1.995000e+02
      vertex   0.000000e+00 -2.000000e+00 -1.990000e+02
    endloop
  endfacet
  facet normal 3.557140e-15 -1.000000e+00 2.729490e-15
    outer loop
      vertex   0.000000e+00 -2.000000e+00 -1.990000e+02
      vertex   1.339746e-01 -2.000000e+00 -1.995000e+02
      vertex   2.928932e-01 -2.000000e+00 -1.997071e+02
    endloop
  endfacet
  facet normal 1.412888e-15 -1.000000e+00 1.841311e-15
    outer loop
      vertex   0.000000e+00 -2.000000e+00 -1.990000e+02
      vertex   2.928932e-01 -2.000000e+00 -1.997071e+02
      vertex   5.000000e-01 -2.000000e+00 -1.998660e+02
    endloop
  endfacet
  facet normal 5.583323e-16 -1.000000e+00 1.347933e-15
    outer loop
      vertex   5.000000e-01 -2.000000e+00 -1.998660e+02
      vertex   7.411810e-01 -2.000000e+00 -1.999659e+02
      vertex   0.000000e+00 -2.000000e+00 -1.990000e+02
    endloop
  endfacet
  facet normal 3.951941e-15 -1.000000e+00 3.951941e-15
    outer loop
      vertex   0.000000e+00 -2.000000e+00 -1.990000e+02
      vertex   7.411810e-01 -2.000000e+00 -1.999659e+02
      vertex   1.000000e+00 -2.000000e+00 -2.000000e+02
    endloop
  endfacet
  facet normal 0.000000e+00 -1.000000e+00 0.000000e+00
    outer loop
      vertex   0.000000e+00 -2.000000e+00 -1.990000e+02
      vertex   1.000000e+00 -2.000000e+00 -2.000000e+02
      vertex   0.000000e+00 -2.000000e+00 -1.500000e+01
    endloop
  endfacet
  facet normal -1.695526e-16 -1.000000e+00 -9.165004e-19
    outer loop
      vertex   0.000000e+00 -2.000000e+00 -1.500000e+01
      vertex   1.000000e+00 -2.000000e+00 -2.000000e+02
      vertex   5.177089e+00 -2.000000e+00 -3.663756e+00
    endloop
  endfacet
  facet normal 1.442046e-16 -1.000000e+00 -1.442046e-16
    outer loop
      vertex   0.000000e+00 -2.000000e+00 -1.500000e+01
      vertex   5.177089e+00 -2.000000e+00 -3.663756e+00
      vertex   3.663756e+00 -2.000000e+00 -5.177089e+00
    endloop
  endfacet
  facet normal 0.000000e+00 -1.000000e+00 4.763621e-18
    outer loop
      vertex   2.900000e+01 -2.000000e+00 -2.000000e+02
      vertex   1.500642e+01 -2.000000e+00 -1.354972e+01
      vertex   1.000000e+00 -2.000000e+00 -2.000000e+02
    endloop
  endfacet
  facet normal 6.210009e-19 -1.000000e+00 4.716970e-18
    outer loop
      vertex   1.000000e+00 -2.000000e+00 -2.000000e+02
      vertex   1.500642e+01 -2.000000e+00 -1.354972e+01
      vertex   1.410055e+01 -2.000000e+00 -1.343046e+01
    endloop
  endfacet
  facet normal 1.916163e-18 -1.000000e+00 4.626026e-18
    outer loop
      vertex   1.000000e+00 -2.000000e+00 -2.000000e+02
      vertex   1.410055e+01 -2.000000e+00 -1.343046e+01
      vertex   1.325642e+01 -2.000000e+00 -1.308081e+01
    endloop
  endfacet
  facet normal -3.951941e-15 -1.000000e+00 3.951941e-15
    outer loop
      vertex   2.925882e+01 -2.000000e+00 -1.999659e+02
      vertex   3.000000e+01 -2.000000e+00 -1.990000e+02
      vertex   2.900000e+01 -2.000000e+00 -2.000000e+02
    endloop
  endfacet
  facet normal 0.000000e+00 -1.000000e+00 0.000000e+00
    outer loop
      vertex   2.900000e+01 -2.000000e+00 -2.000000e+02
      vertex   3.000000e+01 -2.000000e+00 -1.990000e+02
      vertex   3.000000e+01 -2.000000e+00 -1.500000e+01
    endloop
  endfacet
  facet normal 1.695526e-16 -1.000000e+00 -9.165004e-19
    outer loop
      vertex   2.900000e+01 -2.000000e+00 -2.000000e+02
      vertex   3.000000e+01 -2.000000e+00 -1.500000e+01
      vertex   2.482291e+01 -2.000000e+00 -3.663756e+00
    endloop
  endfacet
  facet normal -1.442046e-16 -1.000000e+00 -1.442046e-16
    outer loop
      vertex   2.482291e+01 -2.000000e+00 -3.663756e+00
      vertex   3.000000e+01 -2.000000e+00 -1.500000e+01
      vertex   2.633624e+01 -2.000000e+00 -5.177089e+00
    endloop
  endfacet
  facet normal -2.407260e-16 -1.000000e+00 -1.802052e-16
    outer loop
      vertex   2.633624e+01 -2.000000e+00 -5.177089e+00
      vertex   3.000000e+01 -2.000000e+00 -1.500000e+01
      vertex   2.761880e+01 -2.000000e+00 -6.890388e+00
    endloop
  endfacet
  facet normal -4.338956e-16 -1.000000e+00 -2.369249e-16
    outer loop
      vertex   2.761880e+01 -2.000000e+00 -6.890388e+00
      vertex   3.000000e+01 -2.000000e+00 -1.500000e+01
      vertex   2.864448e+01 -2.000000e+00 -8.768775e+00
    endloop
  endfacet
  facet normal -9.169649e-16 -1.000000e+00 -3.420102e-16
    outer loop
      vertex   2.864448e+01 -2.000000e+00 -8.768775e+00
      vertex   3.000000e+01 -2.000000e+00 -1.500000e+01
      vertex   2.939239e+01 -2.000000e+00 -1.077401e+01
    endloop
  endfacet
  facet normal -2.849446e-15 -1.000000e+00 -6.198591e-16
    outer loop
      vertex   2.939239e+01 -2.000000e+00 -1.077401e+01
      vertex   3.000000e+01 -2.000000e+00 -1.500000e+01
      vertex   2.984732e+01 -2.000000e+00 -1.286528e+01
    endloop
  endfacet
  facet normal -5.583323e-16 -1.000000e+00 1.347933e-15
    outer loop
      vertex   2.925882e+01 -2.000000e+00 -1.999659e+02
      vertex   2.950000e+01 -2.000000e+00 -1.998660e+02
      vertex   3.000000e+01 -2.000000e+00 -1.990000e+02
    endloop
  endfacet
  facet normal -1.412888e-15 -1.000000e+00 1.841311e-15
    outer loop
      vertex   3.000000e+01 -2.000000e+00 -1.990000e+02
      vertex   2.950000e+01 -2.000000e+00 -1.998660e+02
      vertex   2.970711e+01 -2.000000e+00 -1.997071e+02
    endloop
  endfacet
  facet normal -3.557140e-15 -1.000000e+00 2.729490e-15
    outer loop
      vertex   3.000000e+01 -2.000000e+00 -1.990000e+02
      vertex   2.970711e+01 -2.000000e+00 -1.997071e+02
      vertex   2.986603e+01 -2.000000e+00 -1.995000e+02
    endloop
  endfacet
  facet normal -1.214484e-14 -1.000000e+00 5.030556e-15
    outer loop
      vertex   2.986603e+01 -2.000000e+00 -1.995000e+02
      vertex   2.996593e+01 -2.000000e+00 -1.992588e+02
      vertex   3.000000e+01 -2.000000e+00 -1.990000e+02
    endloop
  endfacet
  facet normal -2.645121e-16 -1.000000e+00 -1.015130e-17
    outer loop
      vertex   2.900000e+01 -2.000000e+00 -2.000000e+02
      vertex   2.482291e+01 -2.000000e+00 -3.663756e+00
      vertex   1.838716e+01 -2.000000e+00 -1.095559e+01
    endloop
  endfacet
  facet normal -1.098110e-16 -1.000000e+00 -1.466903e-16
    outer loop
      vertex   1.838716e+01 -2.000000e+00 -1.095559e+01
      vertex   2.482291e+01 -2.000000e+00 -3.663756e+00
      vertex   2.310961e+01 -2.000000e+00 -2.381197e+00
    endloop
  endfacet
  facet normal -8.696855e-17 -1.000000e+00 -1.592710e-16
    outer loop
      vertex   1.838716e+01 -2.000000e+00 -1.095559e+01
      vertex   2.310961e+01 -2.000000e+00 -2.381197e+00
      vertex   2.123123e+01 -2.000000e+00 -1.355520e+00
    endloop
  endfacet
  facet normal -1.124136e-15 -1.000000e+00 1.479954e-16
    outer loop
      vertex   1.838716e+01 -2.000000e+00 -1.095559e+01
      vertex   2.123123e+01 -2.000000e+00 -1.355520e+00
      vertex   1.850642e+01 -2.000000e+00 -1.004972e+01
    endloop
  endfacet
  facet normal -6.822993e-17 -1.000000e+00 -1.829315e-16
    outer loop
      vertex   1.850642e+01 -2.000000e+00 -1.004972e+01
      vertex   2.123123e+01 -2.000000e+00 -1.355520e+00
      vertex   1.922599e+01 -2.000000e+00 -6.076054e-01
    endloop
  endfacet
  facet normal -9.050804e-16 -1.000000e+00 -1.191561e-16
    outer loop
      vertex   1.850642e+01 -2.000000e+00 -1.004972e+01
      vertex   1.922599e+01 -2.000000e+00 -6.076054e-01
      vertex   1.838716e+01 -2.000000e+00 -9.143853e+00
    endloop
  endfacet
  facet normal -4.060558e-16 -1.000000e+00 -1.681938e-16
    outer loop
      vertex   1.838716e+01 -2.000000e+00 -9.143853e+00
      vertex   1.922599e+01 -2.000000e+00 -6.076054e-01
      vertex   1.803750e+01 -2.000000e+00 -8.299720e+00
    endloop
  endfacet
  facet normal -4.860265e-17 -1.000000e+00 -2.234228e-16
    outer loop
      vertex   1.803750e+01 -2.000000e+00 -8.299720e+00
      vertex   1.922599e+01 -2.000000e+00 -6.076054e-01
      vertex   1.713472e+01 -2.000000e+00 -1.526784e-01
    endloop
  endfacet
  facet normal -3.321123e-16 -1.000000e+00 -2.548387e-16
    outer loop
      vertex   1.803750e+01 -2.000000e+00 -8.299720e+00
      vertex   1.713472e+01 -2.000000e+00 -1.526784e-01
      vertex   1.748129e+01 -2.000000e+00 -7.574846e+00
    endloop
  endfacet
  facet normal -1.904697e-16 -1.000000e+00 -2.482250e-16
    outer loop
      vertex   1.748129e+01 -2.000000e+00 -7.574846e+00
      vertex   1.713472e+01 -2.000000e+00 -1.526784e-01
      vertex   1.675642e+01 -2.000000e+00 -7.018631e+00
    endloop
  endfacet
  facet normal -1.047740e-16 -1.000000e+00 -2.529467e-16
    outer loop
      vertex   1.675642e+01 -2.000000e+00 -7.018631e+00
      vertex   1.713472e+01 -2.000000e+00 -1.526784e-01
      vertex   1.591228e+01 -2.000000e+00 -6.668979e+00
    endloop
  endfacet
  facet normal -1.923875e-17 -1.000000e+00 -2.689929e-16
    outer loop
      vertex   1.591228e+01 -2.000000e+00 -6.668979e+00
      vertex   1.713472e+01 -2.000000e+00 -1.526784e-01
      vertex   1.500000e+01 -2.000000e+00 2.220446e-15
    endloop
  endfacet
  facet normal -3.571023e-17 -1.000000e+00 -2.712461e-16
    outer loop
      vertex   1.591228e+01 -2.000000e+00 -6.668979e+00
      vertex   1.500000e+01 -2.000000e+00 2.220446e-15
      vertex   1.500642e+01 -2.000000e+00 -6.549720e+00
    endloop
  endfacet
  facet normal 3.570102e-17 -1.000000e+00 -2.711762e-16
    outer loop
      vertex   1.500642e+01 -2.000000e+00 -6.549720e+00
      vertex   1.500000e+01 -2.000000e+00 2.220446e-15
      vertex   1.410055e+01 -2.000000e+00 -6.668979e+00
    endloop
  endfacet
  facet normal 1.923608e-17 -1.000000e+00 -2.689555e-16
    outer loop
      vertex   1.410055e+01 -2.000000e+00 -6.668979e+00
      vertex   1.500000e+01 -2.000000e+00 2.220446e-15
      vertex   1.286528e+01 -2.000000e+00 -1.526784e-01
    endloop
  endfacet
  facet normal 1.046947e-16 -1.000000e+00 -2.527554e-16
    outer loop
      vertex   1.410055e+01 -2.000000e+00 -6.668979e+00
      vertex   1.286528e+01 -2.000000e+00 -1.526784e-01
      vertex   1.325642e+01 -2.000000e+00 -7.018631e+00
    endloop
  endfacet
  facet normal 1.902080e-16 -1.000000e+00 -2.478839e-16
    outer loop
      vertex   1.325642e+01 -2.000000e+00 -7.018631e+00
      vertex   1.286528e+01 -2.000000e+00 -1.526784e-01
      vertex   1.253154e+01 -2.000000e+00 -7.574846e+00
    endloop
  endfacet
  facet normal 3.313175e-16 -1.000000e+00 -2.542289e-16
    outer loop
      vertex   1.253154e+01 -2.000000e+00 -7.574846e+00
      vertex   1.286528e+01 -2.000000e+00 -1.526784e-01
      vertex   1.197533e+01 -2.000000e+00 -8.299720e+00
    endloop
  endfacet
  facet normal 4.858559e-17 -1.000000e+00 -2.233444e-16
    outer loop
      vertex   1.197533e+01 -2.000000e+00 -8.299720e+00
      vertex   1.286528e+01 -2.000000e+00 -1.526784e-01
      vertex   1.077401e+01 -2.000000e+00 -6.076054e-01
    endloop
  endfacet
  facet normal 4.048683e-16 -1.000000e+00 -1.677020e-16
    outer loop
      vertex   1.197533e+01 -2.000000e+00 -8.299720e+00
      vertex   1.077401e+01 -2.000000e+00 -6.076054e-01
      vertex   1.162567e+01 -2.000000e+00 -9.143853e+00
    endloop
  endfacet
  facet normal 8.992019e-16 -1.000000e+00 -1.183822e-16
    outer loop
      vertex   1.162567e+01 -2.000000e+00 -9.143853e+00
      vertex   1.077401e+01 -2.000000e+00 -6.076054e-01
      vertex   1.150642e+01 -2.000000e+00 -1.004972e+01
    endloop
  endfacet
  facet normal 6.819633e-17 -1.000000e+00 -1.828414e-16
    outer loop
      vertex   1.150642e+01 -2.000000e+00 -1.004972e+01
      vertex   1.077401e+01 -2.000000e+00 -6.076054e-01
      vertex   8.768775e+00 -2.000000e+00 -1.355520e+00
    endloop
  endfacet
  facet normal 1.115082e-15 -1.000000e+00 1.468034e-16
    outer loop
      vertex   1.150642e+01 -2.000000e+00 -1.004972e+01
      vertex   8.768775e+00 -2.000000e+00 -1.355520e+00
      vertex   1.162567e+01 -2.000000e+00 -1.095559e+01
    endloop
  endfacet
  facet normal 8.691395e-17 -1.000000e+00 -1.591710e-16
    outer loop
      vertex   1.162567e+01 -2.000000e+00 -1.095559e+01
      vertex   8.768775e+00 -2.000000e+00 -1.355520e+00
      vertex   6.890388e+00 -2.000000e+00 -2.381197e+00
    endloop
  endfacet
  facet normal 1.097239e-16 -1.000000e+00 -1.465740e-16
    outer loop
      vertex   1.162567e+01 -2.000000e+00 -1.095559e+01
      vertex   6.890388e+00 -2.000000e+00 -2.381197e+00
      vertex   5.177089e+00 -2.000000e+00 -3.663756e+00
    endloop
  endfacet
  facet normal 2.407260e-16 -1.000000e+00 -1.802052e-16
    outer loop
      vertex   3.663756e+00 -2.000000e+00 -5.177089e+00
      vertex   2.381197e+00 -2.000000e+00 -6.890388e+00
      vertex   0.000000e+00 -2.000000e+00 -1.500000e+01
    endloop
  endfacet
  facet normal 4.338956e-16 -1.000000e+00 -2.369249e-16
    outer loop
      vertex   0.000000e+00 -2.000000e+00 -1.500000e+01
      vertex   2.381197e+00 -2.000000e+00 -6.890388e+00
      vertex   1.355520e+00 -2.000000e+00 -8.768775e+00
    endloop
  endfacet
  facet normal 9.169649e-16 -1.000000e+00 -3.420102e-16
    outer loop
      vertex   0.000000e+00 -2.000000e+00 -1.500000e+01
      vertex   1.355520e+00 -2.000000e+00 -8.768775e+00
      vertex   6.076054e-01 -2.000000e+00 -1.077401e+01
    endloop
  endfacet
  facet normal 2.849446e-15 -1.000000e+00 -6.198591e-16
    outer loop
      vertex   6.076054e-01 -2.000000e+00 -1.077401e+01
      vertex   1.526784e-01 -2.000000e+00 -1.286528e+01
      vertex   0.000000e+00 -2.000000e+00 -1.500000e+01
    endloop
  endfacet
  facet normal 3.471423e-18 -1.000000e+00 4.524047e-18
    outer loop
      vertex   1.325642e+01 -2.000000e+00 -1.308081e+01
      vertex   1.253154e+01 -2.000000e+00 -1.252459e+01
      vertex   1.000000e+00 -2.000000e+00 -2.000000e+02
    endloop
  endfacet
  facet normal 5.715931e-18 -1.000000e+00 4.385988e-18
    outer loop
      vertex   1.000000e+00 -2.000000e+00 -2.000000e+02
      vertex   1.253154e+01 -2.000000e+00 -1.252459e+01
      vertex   1.197533e+01 -2.000000e+00 -1.179972e+01
    endloop
  endfacet
  facet normal 9.987339e-18 -1.000000e+00 4.136891e-18
    outer loop
      vertex   1.000000e+00 -2.000000e+00 -2.000000e+02
      vertex   1.197533e+01 -2.000000e+00 -1.179972e+01
      vertex   1.162567e+01 -2.000000e+00 -1.095559e+01
    endloop
  endfacet
  facet normal -9.988780e-18 -1.000000e+00 4.137488e-18
    outer loop
      vertex   1.838716e+01 -2.000000e+00 -1.095559e+01
      vertex   1.803750e+01 -2.000000e+00 -1.179972e+01
      vertex   2.900000e+01 -2.000000e+00 -2.000000e+02
    endloop
  endfacet
  facet normal -5.716403e-18 -1.000000e+00 4.386350e-18
    outer loop
      vertex   2.900000e+01 -2.000000e+00 -2.000000e+02
      vertex   1.803750e+01 -2.000000e+00 -1.179972e+01
      vertex   1.748129e+01 -2.000000e+00 -1.252459e+01
    endloop
  endfacet
  facet normal -3.471597e-18 -1.000000e+00 4.524274e-18
    outer loop
      vertex   2.900000e+01 -2.000000e+00 -2.000000e+02
      vertex   1.748129e+01 -2.000000e+00 -1.252459e+01
      vertex   1.675642e+01 -2.000000e+00 -1.308081e+01
    endloop
  endfacet
  facet normal -1.916216e-18 -1.000000e+00 4.626155e-18
    outer loop
      vertex   1.675642e+01 -2.000000e+00 -1.308081e+01
      vertex   1.591228e+01 -2.000000e+00 -1.343046e+01
      vertex   2.900000e+01 -2.000000e+00 -2.000000e+02
    endloop
  endfacet
  facet normal -6.210065e-19 -1.000000e+00 4.717013e-18
    outer loop
      vertex   2.900000e+01 -2.000000e+00 -2.000000e+02
      vertex   1.591228e+01 -2.000000e+00 -1.343046e+01
      vertex   1.500642e+01 -2.000000e+00 -1.354972e+01
    endloop
  endfacet
  facet normal 2.639982e-16 -1.000000e+00 -1.014037e-17
    outer loop
      vertex   1.000000e+00 -2.000000e+00 -2.000000e+02
      vertex   1.162567e+01 -2.000000e+00 -1.095559e+01
      vertex   5.177089e+00 -2.000000e+00 -3.663756e+00
    endloop
  endfacet
endsolid
