solid ASCII
  facet normal -1.305262e-01 -9.914449e-01 -0.000000e+00
    outer loop
      vertex   2.947414e+01 -1.698413e+01 4.397187e+01
      vertex   2.947414e+01 -1.698413e+01 4.210563e+01
      vertex   2.958802e+01 -1.699912e+01 4.397187e+01
    endloop
  endfacet
  facet normal -1.305262e-01 -9.914449e-01 2.135874e-15
    outer loop
      vertex   2.958802e+01 -1.699912e+01 4.397187e+01
      vertex   2.947414e+01 -1.698413e+01 4.210563e+01
      vertex   2.958802e+01 -1.699912e+01 4.210563e+01
    endloop
  endfacet
  facet normal 1.305262e-01 -9.914449e-01 1.638914e-15
    outer loop
      vertex   2.958802e+01 -1.699912e+01 4.397187e+01
      vertex   2.958802e+01 -1.699912e+01 4.210563e+01
      vertex   2.970190e+01 -1.698413e+01 4.397187e+01
    endloop
  endfacet
  facet normal 1.305262e-01 -9.914449e-01 -2.484801e-16
    outer loop
      vertex   2.970190e+01 -1.698413e+01 4.397187e+01
      vertex   2.958802e+01 -1.699912e+01 4.210563e+01
      vertex   2.970190e+01 -1.698413e+01 4.210563e+01
    endloop
  endfacet
  facet normal 3.826834e-01 -9.238795e-01 -7.285068e-16
    outer loop
      vertex   2.970190e+01 -1.698413e+01 4.397187e+01
      vertex   2.970190e+01 -1.698413e+01 4.210563e+01
      vertex   2.980802e+01 -1.694017e+01 4.397187e+01
    endloop
  endfacet
  facet normal 3.826834e-01 -9.238795e-01 3.017574e-16
    outer loop
      vertex   2.980802e+01 -1.694017e+01 4.397187e+01
      vertex   2.970190e+01 -1.698413e+01 4.210563e+01
      vertex   2.980802e+01 -1.694017e+01 4.210563e+01
    endloop
  endfacet
  facet normal 6.087614e-01 -7.933533e-01 -8.074830e-16
    outer loop
      vertex   2.980802e+01 -1.694017e+01 4.397187e+01
      vertex   2.980802e+01 -1.694017e+01 4.210563e+01
      vertex   2.989914e+01 -1.687025e+01 4.397187e+01
    endloop
  endfacet
  facet normal 6.087614e-01 -7.933533e-01 1.861695e-15
    outer loop
      vertex   2.989914e+01 -1.687025e+01 4.397187e+01
      vertex   2.980802e+01 -1.694017e+01 4.210563e+01
      vertex   2.989914e+01 -1.687025e+01 4.210563e+01
    endloop
  endfacet
  facet normal 7.933533e-01 -6.087614e-01 8.074830e-16
    outer loop
      vertex   2.989914e+01 -1.687025e+01 4.397187e+01
      vertex   2.989914e+01 -1.687025e+01 4.210563e+01
      vertex   2.996907e+01 -1.677912e+01 4.397187e+01
    endloop
  endfacet
  facet normal 7.933533e-01 -6.087614e-01 -3.514039e-16
    outer loop
      vertex   2.996907e+01 -1.677912e+01 4.397187e+01
      vertex   2.989914e+01 -1.687025e+01 4.210563e+01
      vertex   2.996907e+01 -1.677912e+01 4.210563e+01
    endloop
  endfacet
  facet normal 9.238795e-01 -3.826834e-01 -1.030264e-15
    outer loop
      vertex   2.996907e+01 -1.677912e+01 4.397187e+01
      vertex   2.996907e+01 -1.677912e+01 4.210563e+01
      vertex   3.001302e+01 -1.667300e+01 4.397187e+01
    endloop
  endfacet
  facet normal 9.238795e-01 -3.826834e-01 2.185520e-15
    outer loop
      vertex   3.001302e+01 -1.667300e+01 4.397187e+01
      vertex   2.996907e+01 -1.677912e+01 4.210563e+01
      vertex   3.001302e+01 -1.667300e+01 4.210563e+01
    endloop
  endfacet
  facet normal 9.659258e-01 -2.588190e-01 1.478126e-15
    outer loop
      vertex   3.001302e+01 -1.667300e+01 4.397187e+01
      vertex   3.001302e+01 -1.667300e+01 4.210563e+01
      vertex   3.004408e+01 -1.655709e+01 4.397187e+01
    endloop
  endfacet
  facet normal 9.659258e-01 -2.588190e-01 0.000000e+00
    outer loop
      vertex   3.004408e+01 -1.655709e+01 4.397187e+01
      vertex   3.001302e+01 -1.667300e+01 4.210563e+01
      vertex   3.004408e+01 -1.655709e+01 4.210563e+01
    endloop
  endfacet
  facet normal -0.000000e+00 0.000000e+00 -1.000000e+00
    outer loop
      vertex   3.004408e+01 -1.655709e+01 4.210563e+01
      vertex   3.001302e+01 -1.667300e+01 4.210563e+01
      vertex   2.658417e+01 -1.564981e+01 4.210563e+01
    endloop
  endfacet
  facet normal 0.000000e+00 0.000000e+00 -1.000000e+00
    outer loop
      vertex   2.658417e+01 -1.564981e+01 4.210563e+01
      vertex   3.001302e+01 -1.667300e+01 4.210563e+01
      vertex   2.996907e+01 -1.677912e+01 4.210563e+01
    endloop
  endfacet
  facet normal 0.000000e+00 0.000000e+00 -1.000000e+00
    outer loop
      vertex   2.658417e+01 -1.564981e+01 4.210563e+01
      vertex   2.996907e+01 -1.677912e+01 4.210563e+01
      vertex   2.989914e+01 -1.687025e+01 4.210563e+01
    endloop
  endfacet
  facet normal -0.000000e+00 0.000000e+00 -1.000000e+00
    outer loop
      vertex   2.989914e+01 -1.687025e+01 4.210563e+01
      vertex   2.980802e+01 -1.694017e+01 4.210563e+01
      vertex   2.658417e+01 -1.564981e+01 4.210563e+01
    endloop
  endfacet
  facet normal 0.000000e+00 0.000000e+00 -1.000000e+00
    outer loop
      vertex   2.658417e+01 -1.564981e+01 4.210563e+01
      vertex   2.980802e+01 -1.694017e+01 4.210563e+01
      vertex   2.947414e+01 -1.698413e+01 4.210563e+01
    endloop
  endfacet
  facet normal -0.000000e+00 -0.000000e+00 -1.000000e+00
    outer loop
      vertex   2.658417e+01 -1.564981e+01 4.210563e+01
      vertex   2.947414e+01 -1.698413e+01 4.210563e+01
      vertex   2.459317e+01 -1.564981e+01 4.210563e+01
    endloop
  endfacet
  facet normal 0.000000e+00 -0.000000e+00 -1.000000e+00
    outer loop
      vertex   2.459317e+01 -1.564981e+01 4.210563e+01
      vertex   2.947414e+01 -1.698413e+01 4.210563e+01
      vertex   2.458655e+01 -1.567450e+01 4.210563e+01
    endloop
  endfacet
  facet normal 0.000000e+00 0.000000e+00 -1.000000e+00
    outer loop
      vertex   2.980802e+01 -1.694017e+01 4.210563e+01
      vertex   2.970190e+01 -1.698413e+01 4.210563e+01
      vertex   2.947414e+01 -1.698413e+01 4.210563e+01
    endloop
  endfacet
  facet normal 0.000000e+00 0.000000e+00 -1.000000e+00
    outer loop
      vertex   2.947414e+01 -1.698413e+01 4.210563e+01
      vertex   2.970190e+01 -1.698413e+01 4.210563e+01
      vertex   2.958802e+01 -1.699912e+01 4.210563e+01
    endloop
  endfacet
  facet normal 0.000000e+00 0.000000e+00 -1.000000e+00
    outer loop
      vertex   2.658417e+01 -1.517449e+01 4.210563e+01
      vertex   3.000013e+01 -1.622321e+01 4.210563e+01
      vertex   2.658417e+01 -1.564981e+01 4.210563e+01
    endloop
  endfacet
  facet normal 0.000000e+00 0.000000e+00 -1.000000e+00
    outer loop
      vertex   2.658417e+01 -1.564981e+01 4.210563e+01
      vertex   3.000013e+01 -1.622321e+01 4.210563e+01
      vertex   3.004408e+01 -1.632933e+01 4.210563e+01
    endloop
  endfacet
  facet normal 0.000000e+00 0.000000e+00 -1.000000e+00
    outer loop
      vertex   2.658417e+01 -1.564981e+01 4.210563e+01
      vertex   3.004408e+01 -1.632933e+01 4.210563e+01
      vertex   3.005908e+01 -1.644321e+01 4.210563e+01
    endloop
  endfacet
  facet normal 0.000000e+00 0.000000e+00 -1.000000e+00
    outer loop
      vertex   2.658417e+01 -1.517449e+01 4.210563e+01
      vertex   2.973296e+01 -1.601820e+01 4.210563e+01
      vertex   3.000013e+01 -1.622321e+01 4.210563e+01
    endloop
  endfacet
  facet normal 0.000000e+00 0.000000e+00 -1.000000e+00
    outer loop
      vertex   3.000013e+01 -1.622321e+01 4.210563e+01
      vertex   2.973296e+01 -1.601820e+01 4.210563e+01
      vertex   2.993020e+01 -1.613208e+01 4.210563e+01
    endloop
  endfacet
  facet normal 0.000000e+00 0.000000e+00 -1.000000e+00
    outer loop
      vertex   2.993020e+01 -1.613208e+01 4.210563e+01
      vertex   2.973296e+01 -1.601820e+01 4.210563e+01
      vertex   2.983908e+01 -1.606216e+01 4.210563e+01
    endloop
  endfacet
  facet normal -0.000000e+00 0.000000e+00 -1.000000e+00
    outer loop
      vertex   3.005908e+01 -1.644321e+01 4.210563e+01
      vertex   3.004408e+01 -1.655709e+01 4.210563e+01
      vertex   2.658417e+01 -1.564981e+01 4.210563e+01
    endloop
  endfacet
  facet normal 9.914449e-01 -1.305262e-01 0.000000e+00
    outer loop
      vertex   3.004408e+01 -1.655709e+01 4.397187e+01
      vertex   3.004408e+01 -1.655709e+01 4.210563e+01
      vertex   3.005908e+01 -1.644321e+01 4.397187e+01
    endloop
  endfacet
  facet normal 9.914449e-01 -1.305262e-01 0.000000e+00
    outer loop
      vertex   3.005908e+01 -1.644321e+01 4.397187e+01
      vertex   3.004408e+01 -1.655709e+01 4.210563e+01
      vertex   3.005908e+01 -1.644321e+01 4.210563e+01
    endloop
  endfacet
  facet normal 9.914449e-01 1.305262e-01 0.000000e+00
    outer loop
      vertex   3.005908e+01 -1.644321e+01 4.397187e+01
      vertex   3.005908e+01 -1.644321e+01 4.210563e+01
      vertex   3.004408e+01 -1.632933e+01 4.397187e+01
    endloop
  endfacet
  facet normal 9.914449e-01 1.305262e-01 0.000000e+00
    outer loop
      vertex   3.004408e+01 -1.632933e+01 4.397187e+01
      vertex   3.005908e+01 -1.644321e+01 4.210563e+01
      vertex   3.004408e+01 -1.632933e+01 4.210563e+01
    endloop
  endfacet
  facet normal 9.238795e-01 3.826834e-01 0.000000e+00
    outer loop
      vertex   3.004408e+01 -1.632933e+01 4.397187e+01
      vertex   3.004408e+01 -1.632933e+01 4.210563e+01
      vertex   3.000013e+01 -1.622321e+01 4.397187e+01
    endloop
  endfacet
  facet normal 9.238795e-01 3.826834e-01 0.000000e+00
    outer loop
      vertex   3.000013e+01 -1.622321e+01 4.397187e+01
      vertex   3.004408e+01 -1.632933e+01 4.210563e+01
      vertex   3.000013e+01 -1.622321e+01 4.210563e+01
    endloop
  endfacet
  facet normal 7.933533e-01 6.087614e-01 0.000000e+00
    outer loop
      vertex   3.000013e+01 -1.622321e+01 4.397187e+01
      vertex   3.000013e+01 -1.622321e+01 4.210563e+01
      vertex   2.993020e+01 -1.613208e+01 4.397187e+01
    endloop
  endfacet
  facet normal 7.933533e-01 6.087614e-01 0.000000e+00
    outer loop
      vertex   2.993020e+01 -1.613208e+01 4.397187e+01
      vertex   3.000013e+01 -1.622321e+01 4.210563e+01
      vertex   2.993020e+01 -1.613208e+01 4.210563e+01
    endloop
  endfacet
  facet normal 6.087614e-01 7.933533e-01 0.000000e+00
    outer loop
      vertex   2.993020e+01 -1.613208e+01 4.397187e+01
      vertex   2.993020e+01 -1.613208e+01 4.210563e+01
      vertex   2.983908e+01 -1.606216e+01 4.397187e+01
    endloop
  endfacet
  facet normal 6.087614e-01 7.933533e-01 0.000000e+00
    outer loop
      vertex   2.983908e+01 -1.606216e+01 4.397187e+01
      vertex   2.993020e+01 -1.613208e+01 4.210563e+01
      vertex   2.983908e+01 -1.606216e+01 4.210563e+01
    endloop
  endfacet
  facet normal 3.826834e-01 9.238795e-01 0.000000e+00
    outer loop
      vertex   2.983908e+01 -1.606216e+01 4.397187e+01
      vertex   2.983908e+01 -1.606216e+01 4.210563e+01
      vertex   2.973296e+01 -1.601820e+01 4.397187e+01
    endloop
  endfacet
  facet normal 3.826834e-01 9.238795e-01 0.000000e+00
    outer loop
      vertex   2.973296e+01 -1.601820e+01 4.397187e+01
      vertex   2.983908e+01 -1.606216e+01 4.210563e+01
      vertex   2.973296e+01 -1.601820e+01 4.210563e+01
    endloop
  endfacet
  facet normal -1.305262e-01 -9.914449e-01 -0.000000e+00
    outer loop
      vertex   2.947414e+01 -1.365079e+01 4.397187e+01
      vertex   2.947414e+01 -1.365079e+01 4.210563e+01
      vertex   2.958802e+01 -1.366579e+01 4.397187e+01
    endloop
  endfacet
  facet normal -1.305262e-01 -9.914449e-01 -0.000000e+00
    outer loop
      vertex   2.958802e+01 -1.366579e+01 4.397187e+01
      vertex   2.947414e+01 -1.365079e+01 4.210563e+01
      vertex   2.958802e+01 -1.366579e+01 4.210563e+01
    endloop
  endfacet
  facet normal 1.305262e-01 -9.914449e-01 0.000000e+00
    outer loop
      vertex   2.958802e+01 -1.366579e+01 4.397187e+01
      vertex   2.958802e+01 -1.366579e+01 4.210563e+01
      vertex   2.970190e+01 -1.365079e+01 4.397187e+01
    endloop
  endfacet
  facet normal 1.305262e-01 -9.914449e-01 0.000000e+00
    outer loop
      vertex   2.970190e+01 -1.365079e+01 4.397187e+01
      vertex   2.958802e+01 -1.366579e+01 4.210563e+01
      vertex   2.970190e+01 -1.365079e+01 4.210563e+01
    endloop
  endfacet
  facet normal 3.826834e-01 -9.238795e-01 0.000000e+00
    outer loop
      vertex   2.970190e+01 -1.365079e+01 4.397187e+01
      vertex   2.970190e+01 -1.365079e+01 4.210563e+01
      vertex   2.980802e+01 -1.360684e+01 4.397187e+01
    endloop
  endfacet
  facet normal 3.826834e-01 -9.238795e-01 0.000000e+00
    outer loop
      vertex   2.980802e+01 -1.360684e+01 4.397187e+01
      vertex   2.970190e+01 -1.365079e+01 4.210563e+01
      vertex   2.980802e+01 -1.360684e+01 4.210563e+01
    endloop
  endfacet
  facet normal 6.087614e-01 -7.933533e-01 0.000000e+00
    outer loop
      vertex   2.980802e+01 -1.360684e+01 4.397187e+01
      vertex   2.980802e+01 -1.360684e+01 4.210563e+01
      vertex   2.989914e+01 -1.353691e+01 4.397187e+01
    endloop
  endfacet
  facet normal 6.087614e-01 -7.933533e-01 2.317774e-15
    outer loop
      vertex   2.989914e+01 -1.353691e+01 4.397187e+01
      vertex   2.980802e+01 -1.360684e+01 4.210563e+01
      vertex   2.989914e+01 -1.353691e+01 4.210563e+01
    endloop
  endfacet
  facet normal 7.933533e-01 -6.087614e-01 3.020582e-15
    outer loop
      vertex   2.989914e+01 -1.353691e+01 4.397187e+01
      vertex   2.989914e+01 -1.353691e+01 4.210563e+01
      vertex   2.996907e+01 -1.344579e+01 4.397187e+01
    endloop
  endfacet
  facet normal 7.933533e-01 -6.087614e-01 3.514039e-16
    outer loop
      vertex   2.996907e+01 -1.344579e+01 4.397187e+01
      vertex   2.989914e+01 -1.353691e+01 4.210563e+01
      vertex   2.996907e+01 -1.344579e+01 4.210563e+01
    endloop
  endfacet
  facet normal 9.238795e-01 -3.826834e-01 1.030264e-15
    outer loop
      vertex   2.996907e+01 -1.344579e+01 4.397187e+01
      vertex   2.996907e+01 -1.344579e+01 4.210563e+01
      vertex   3.001302e+01 -1.333967e+01 4.397187e+01
    endloop
  endfacet
  facet normal 9.238795e-01 -3.826834e-01 3.517542e-15
    outer loop
      vertex   3.001302e+01 -1.333967e+01 4.397187e+01
      vertex   2.996907e+01 -1.344579e+01 4.210563e+01
      vertex   3.001302e+01 -1.333967e+01 4.210563e+01
    endloop
  endfacet
  facet normal 9.659258e-01 -2.588190e-01 3.677627e-15
    outer loop
      vertex   3.001302e+01 -1.333967e+01 4.397187e+01
      vertex   3.001302e+01 -1.333967e+01 4.210563e+01
      vertex   3.004408e+01 -1.322376e+01 4.397187e+01
    endloop
  endfacet
  facet normal 9.659258e-01 -2.588190e-01 4.909399e-15
    outer loop
      vertex   3.004408e+01 -1.322376e+01 4.397187e+01
      vertex   3.001302e+01 -1.333967e+01 4.210563e+01
      vertex   3.004408e+01 -1.322376e+01 4.210563e+01
    endloop
  endfacet
  facet normal -0.000000e+00 0.000000e+00 -1.000000e+00
    outer loop
      vertex   3.004408e+01 -1.322376e+01 4.210563e+01
      vertex   3.001302e+01 -1.333967e+01 4.210563e+01
      vertex   2.658417e+01 -1.287643e+01 4.210563e+01
    endloop
  endfacet
  facet normal 0.000000e+00 0.000000e+00 -1.000000e+00
    outer loop
      vertex   2.658417e+01 -1.287643e+01 4.210563e+01
      vertex   3.001302e+01 -1.333967e+01 4.210563e+01
      vertex   2.996907e+01 -1.344579e+01 4.210563e+01
    endloop
  endfacet
  facet normal 0.000000e+00 0.000000e+00 -1.000000e+00
    outer loop
      vertex   2.658417e+01 -1.287643e+01 4.210563e+01
      vertex   2.996907e+01 -1.344579e+01 4.210563e+01
      vertex   2.989914e+01 -1.353691e+01 4.210563e+01
    endloop
  endfacet
  facet normal 0.000000e+00 0.000000e+00 -1.000000e+00
    outer loop
      vertex   2.658417e+01 -1.287643e+01 4.210563e+01
      vertex   2.989914e+01 -1.353691e+01 4.210563e+01
      vertex   2.947414e+01 -1.365079e+01 4.210563e+01
    endloop
  endfacet
  facet normal 0.000000e+00 0.000000e+00 -1.000000e+00
    outer loop
      vertex   2.947414e+01 -1.365079e+01 4.210563e+01
      vertex   2.989914e+01 -1.353691e+01 4.210563e+01
      vertex   2.980802e+01 -1.360684e+01 4.210563e+01
    endloop
  endfacet
  facet normal 0.000000e+00 0.000000e+00 -1.000000e+00
    outer loop
      vertex   2.947414e+01 -1.365079e+01 4.210563e+01
      vertex   2.980802e+01 -1.360684e+01 4.210563e+01
      vertex   2.970190e+01 -1.365079e+01 4.210563e+01
    endloop
  endfacet
  facet normal 0.000000e+00 0.000000e+00 -1.000000e+00
    outer loop
      vertex   2.970190e+01 -1.365079e+01 4.210563e+01
      vertex   2.958802e+01 -1.366579e+01 4.210563e+01
      vertex   2.947414e+01 -1.365079e+01 4.210563e+01
    endloop
  endfacet
  facet normal 0.000000e+00 0.000000e+00 -1.000000e+00
    outer loop
      vertex   2.658417e+01 -1.287643e+01 4.210563e+01
      vertex   2.658417e+01 -1.184115e+01 4.210563e+01
      vertex   3.004408e+01 -1.322376e+01 4.210563e+01
    endloop
  endfacet
  facet normal 0.000000e+00 0.000000e+00 -1.000000e+00
    outer loop
      vertex   3.004408e+01 -1.322376e+01 4.210563e+01
      vertex   2.658417e+01 -1.184115e+01 4.210563e+01
      vertex   3.005908e+01 -1.310988e+01 4.210563e+01
    endloop
  endfacet
  facet normal 0.000000e+00 0.000000e+00 -1.000000e+00
    outer loop
      vertex   3.005908e+01 -1.310988e+01 4.210563e+01
      vertex   2.658417e+01 -1.184115e+01 4.210563e+01
      vertex   3.004408e+01 -1.299599e+01 4.210563e+01
    endloop
  endfacet
  facet normal 0.000000e+00 0.000000e+00 -1.000000e+00
    outer loop
      vertex   3.004408e+01 -1.299599e+01 4.210563e+01
      vertex   2.658417e+01 -1.184115e+01 4.210563e+01
      vertex   2.973296e+01 -1.268487e+01 4.210563e+01
    endloop
  endfacet
  facet normal 0.000000e+00 0.000000e+00 -1.000000e+00
    outer loop
      vertex   3.004408e+01 -1.299599e+01 4.210563e+01
      vertex   2.973296e+01 -1.268487e+01 4.210563e+01
      vertex   3.000013e+01 -1.288988e+01 4.210563e+01
    endloop
  endfacet
  facet normal 0.000000e+00 0.000000e+00 -1.000000e+00
    outer loop
      vertex   3.000013e+01 -1.288988e+01 4.210563e+01
      vertex   2.973296e+01 -1.268487e+01 4.210563e+01
      vertex   2.993020e+01 -1.279875e+01 4.210563e+01
    endloop
  endfacet
  facet normal 0.000000e+00 0.000000e+00 -1.000000e+00
    outer loop
      vertex   2.993020e+01 -1.279875e+01 4.210563e+01
      vertex   2.973296e+01 -1.268487e+01 4.210563e+01
      vertex   2.983908e+01 -1.272882e+01 4.210563e+01
    endloop
  endfacet
  facet normal 9.914449e-01 -1.305262e-01 4.395988e-15
    outer loop
      vertex   3.004408e+01 -1.322376e+01 4.397187e+01
      vertex   3.004408e+01 -1.322376e+01 4.210563e+01
      vertex   3.005908e+01 -1.310988e+01 4.397187e+01
    endloop
  endfacet
  facet normal 9.914449e-01 -1.305262e-01 3.727202e-16
    outer loop
      vertex   3.005908e+01 -1.310988e+01 4.397187e+01
      vertex   3.004408e+01 -1.322376e+01 4.210563e+01
      vertex   3.005908e+01 -1.310988e+01 4.210563e+01
    endloop
  endfacet
  facet normal 9.914449e-01 1.305262e-01 -3.727202e-16
    outer loop
      vertex   3.005908e+01 -1.310988e+01 4.397187e+01
      vertex   3.005908e+01 -1.310988e+01 4.210563e+01
      vertex   3.004408e+01 -1.299599e+01 4.397187e+01
    endloop
  endfacet
  facet normal 9.914449e-01 1.305262e-01 -3.727202e-16
    outer loop
      vertex   3.004408e+01 -1.299599e+01 4.397187e+01
      vertex   3.005908e+01 -1.310988e+01 4.210563e+01
      vertex   3.004408e+01 -1.299599e+01 4.210563e+01
    endloop
  endfacet
  facet normal 9.238795e-01 3.826834e-01 -1.092760e-15
    outer loop
      vertex   3.004408e+01 -1.299599e+01 4.397187e+01
      vertex   3.004408e+01 -1.299599e+01 4.210563e+01
      vertex   3.000013e+01 -1.288988e+01 4.397187e+01
    endloop
  endfacet
  facet normal 9.238795e-01 3.826834e-01 -7.285068e-16
    outer loop
      vertex   3.000013e+01 -1.288988e+01 4.397187e+01
      vertex   3.004408e+01 -1.299599e+01 4.210563e+01
      vertex   3.000013e+01 -1.288988e+01 4.210563e+01
    endloop
  endfacet
  facet normal 7.933533e-01 6.087614e-01 -1.158887e-15
    outer loop
      vertex   3.000013e+01 -1.288988e+01 4.397187e+01
      vertex   3.000013e+01 -1.288988e+01 4.210563e+01
      vertex   2.993020e+01 -1.279875e+01 4.397187e+01
    endloop
  endfacet
  facet normal 7.933533e-01 6.087614e-01 9.308474e-16
    outer loop
      vertex   2.993020e+01 -1.279875e+01 4.397187e+01
      vertex   3.000013e+01 -1.288988e+01 4.210563e+01
      vertex   2.993020e+01 -1.279875e+01 4.210563e+01
    endloop
  endfacet
  facet normal 6.087614e-01 7.933533e-01 4.037415e-16
    outer loop
      vertex   2.993020e+01 -1.279875e+01 4.397187e+01
      vertex   2.993020e+01 -1.279875e+01 4.210563e+01
      vertex   2.983908e+01 -1.272882e+01 4.397187e+01
    endloop
  endfacet
  facet normal 6.087614e-01 7.933533e-01 0.000000e+00
    outer loop
      vertex   2.983908e+01 -1.272882e+01 4.397187e+01
      vertex   2.993020e+01 -1.279875e+01 4.210563e+01
      vertex   2.983908e+01 -1.272882e+01 4.210563e+01
    endloop
  endfacet
  facet normal 3.826834e-01 9.238795e-01 0.000000e+00
    outer loop
      vertex   2.983908e+01 -1.272882e+01 4.397187e+01
      vertex   2.983908e+01 -1.272882e+01 4.210563e+01
      vertex   2.973296e+01 -1.268487e+01 4.397187e+01
    endloop
  endfacet
  facet normal 3.826834e-01 9.238795e-01 0.000000e+00
    outer loop
      vertex   2.973296e+01 -1.268487e+01 4.397187e+01
      vertex   2.983908e+01 -1.272882e+01 4.210563e+01
      vertex   2.973296e+01 -1.268487e+01 4.210563e+01
    endloop
  endfacet
  facet normal -1.305262e-01 -9.914449e-01 -0.000000e+00
    outer loop
      vertex   2.947414e+01 -1.031746e+01 4.397187e+01
      vertex   2.947414e+01 -1.031746e+01 4.210563e+01
      vertex   2.958802e+01 -1.033245e+01 4.397187e+01
    endloop
  endfacet
  facet normal -1.305262e-01 -9.914449e-01 -0.000000e+00
    outer loop
      vertex   2.958802e+01 -1.033245e+01 4.397187e+01
      vertex   2.947414e+01 -1.031746e+01 4.210563e+01
      vertex   2.958802e+01 -1.033245e+01 4.210563e+01
    endloop
  endfacet
  facet normal 1.305262e-01 -9.914449e-01 0.000000e+00
    outer loop
      vertex   2.958802e+01 -1.033245e+01 4.397187e+01
      vertex   2.958802e+01 -1.033245e+01 4.210563e+01
      vertex   2.970190e+01 -1.031746e+01 4.397187e+01
    endloop
  endfacet
  facet normal 1.305262e-01 -9.914449e-01 9.436969e-16
    outer loop
      vertex   2.970190e+01 -1.031746e+01 4.397187e+01
      vertex   2.958802e+01 -1.033245e+01 4.210563e+01
      vertex   2.970190e+01 -1.031746e+01 4.210563e+01
    endloop
  endfacet
  facet normal 3.826834e-01 -9.238795e-01 8.793855e-16
    outer loop
      vertex   2.970190e+01 -1.031746e+01 4.397187e+01
      vertex   2.970190e+01 -1.031746e+01 4.210563e+01
      vertex   2.980802e+01 -1.027350e+01 4.397187e+01
    endloop
  endfacet
  facet normal 3.826834e-01 -9.238795e-01 0.000000e+00
    outer loop
      vertex   2.980802e+01 -1.027350e+01 4.397187e+01
      vertex   2.970190e+01 -1.031746e+01 4.210563e+01
      vertex   2.980802e+01 -1.027350e+01 4.210563e+01
    endloop
  endfacet
  facet normal 6.087614e-01 -7.933533e-01 0.000000e+00
    outer loop
      vertex   2.980802e+01 -1.027350e+01 4.397187e+01
      vertex   2.980802e+01 -1.027350e+01 4.210563e+01
      vertex   2.989914e+01 -1.020358e+01 4.397187e+01
    endloop
  endfacet
  facet normal 6.087614e-01 -7.933533e-01 -2.317774e-15
    outer loop
      vertex   2.989914e+01 -1.020358e+01 4.397187e+01
      vertex   2.980802e+01 -1.027350e+01 4.210563e+01
      vertex   2.989914e+01 -1.020358e+01 4.210563e+01
    endloop
  endfacet
  facet normal 7.933533e-01 -6.087614e-01 -3.020582e-15
    outer loop
      vertex   2.989914e+01 -1.020358e+01 4.397187e+01
      vertex   2.989914e+01 -1.020358e+01 4.210563e+01
      vertex   2.996907e+01 -1.011245e+01 4.397187e+01
    endloop
  endfacet
  facet normal 7.933533e-01 -6.087614e-01 -3.514039e-16
    outer loop
      vertex   2.996907e+01 -1.011245e+01 4.397187e+01
      vertex   2.989914e+01 -1.020358e+01 4.210563e+01
      vertex   2.996907e+01 -1.011245e+01 4.210563e+01
    endloop
  endfacet
  facet normal 9.238795e-01 -3.826834e-01 -1.030264e-15
    outer loop
      vertex   2.996907e+01 -1.011245e+01 4.397187e+01
      vertex   2.996907e+01 -1.011245e+01 4.210563e+01
      vertex   3.001302e+01 -1.000633e+01 4.397187e+01
    endloop
  endfacet
  facet normal 9.238795e-01 -3.826834e-01 -3.517542e-15
    outer loop
      vertex   3.001302e+01 -1.000633e+01 4.397187e+01
      vertex   2.996907e+01 -1.011245e+01 4.210563e+01
      vertex   3.001302e+01 -1.000633e+01 4.210563e+01
    endloop
  endfacet
  facet normal 9.659258e-01 -2.588190e-01 -3.677627e-15
    outer loop
      vertex   3.001302e+01 -1.000633e+01 4.397187e+01
      vertex   3.001302e+01 -1.000633e+01 4.210563e+01
      vertex   3.004408e+01 -9.890422e+00 4.397187e+01
    endloop
  endfacet
  facet normal 9.659258e-01 -2.588190e-01 1.231772e-15
    outer loop
      vertex   3.004408e+01 -9.890422e+00 4.397187e+01
      vertex   3.001302e+01 -1.000633e+01 4.210563e+01
      vertex   3.004408e+01 -9.890422e+00 4.210563e+01
    endloop
  endfacet
  facet normal -0.000000e+00 0.000000e+00 -1.000000e+00
    outer loop
      vertex   3.004408e+01 -9.890422e+00 4.210563e+01
      vertex   3.001302e+01 -1.000633e+01 4.210563e+01
      vertex   2.658417e+01 -9.543097e+00 4.210563e+01
    endloop
  endfacet
  facet normal 0.000000e+00 0.000000e+00 -1.000000e+00
    outer loop
      vertex   2.658417e+01 -9.543097e+00 4.210563e+01
      vertex   3.001302e+01 -1.000633e+01 4.210563e+01
      vertex   2.996907e+01 -1.011245e+01 4.210563e+01
    endloop
  endfacet
  facet normal 0.000000e+00 0.000000e+00 -1.000000e+00
    outer loop
      vertex   2.658417e+01 -9.543097e+00 4.210563e+01
      vertex   2.996907e+01 -1.011245e+01 4.210563e+01
      vertex   2.989914e+01 -1.020358e+01 4.210563e+01
    endloop
  endfacet
  facet normal 0.000000e+00 0.000000e+00 -1.000000e+00
    outer loop
      vertex   2.658417e+01 -9.543097e+00 4.210563e+01
      vertex   2.989914e+01 -1.020358e+01 4.210563e+01
      vertex   2.947414e+01 -1.031746e+01 4.210563e+01
    endloop
  endfacet
  facet normal 0.000000e+00 0.000000e+00 -1.000000e+00
    outer loop
      vertex   2.947414e+01 -1.031746e+01 4.210563e+01
      vertex   2.989914e+01 -1.020358e+01 4.210563e+01
      vertex   2.980802e+01 -1.027350e+01 4.210563e+01
    endloop
  endfacet
  facet normal 0.000000e+00 0.000000e+00 -1.000000e+00
    outer loop
      vertex   2.947414e+01 -1.031746e+01 4.210563e+01
      vertex   2.980802e+01 -1.027350e+01 4.210563e+01
      vertex   2.970190e+01 -1.031746e+01 4.210563e+01
    endloop
  endfacet
  facet normal -0.000000e+00 0.000000e+00 -1.000000e+00
    outer loop
      vertex   2.970190e+01 -1.031746e+01 4.210563e+01
      vertex   2.958802e+01 -1.033245e+01 4.210563e+01
      vertex   2.947414e+01 -1.031746e+01 4.210563e+01
    endloop
  endfacet
  facet normal 0.000000e+00 0.000000e+00 -1.000000e+00
    outer loop
      vertex   2.658417e+01 -9.543097e+00 4.210563e+01
      vertex   2.658417e+01 -8.507820e+00 4.210563e+01
      vertex   3.004408e+01 -9.890422e+00 4.210563e+01
    endloop
  endfacet
  facet normal 0.000000e+00 0.000000e+00 -1.000000e+00
    outer loop
      vertex   3.004408e+01 -9.890422e+00 4.210563e+01
      vertex   2.658417e+01 -8.507820e+00 4.210563e+01
      vertex   3.005908e+01 -9.776542e+00 4.210563e+01
    endloop
  endfacet
  facet normal 0.000000e+00 0.000000e+00 -1.000000e+00
    outer loop
      vertex   3.005908e+01 -9.776542e+00 4.210563e+01
      vertex   2.658417e+01 -8.507820e+00 4.210563e+01
      vertex   3.004408e+01 -9.662662e+00 4.210563e+01
    endloop
  endfacet
  facet normal 0.000000e+00 0.000000e+00 -1.000000e+00
    outer loop
      vertex   3.004408e+01 -9.662662e+00 4.210563e+01
      vertex   2.658417e+01 -8.507820e+00 4.210563e+01
      vertex   2.973296e+01 -9.351535e+00 4.210563e+01
    endloop
  endfacet
  facet normal 0.000000e+00 0.000000e+00 -1.000000e+00
    outer loop
      vertex   3.004408e+01 -9.662662e+00 4.210563e+01
      vertex   2.973296e+01 -9.351535e+00 4.210563e+01
      vertex   3.000013e+01 -9.556542e+00 4.210563e+01
    endloop
  endfacet
  facet normal 0.000000e+00 0.000000e+00 -1.000000e+00
    outer loop
      vertex   3.000013e+01 -9.556542e+00 4.210563e+01
      vertex   2.973296e+01 -9.351535e+00 4.210563e+01
      vertex   2.993020e+01 -9.465415e+00 4.210563e+01
    endloop
  endfacet
  facet normal 0.000000e+00 0.000000e+00 -1.000000e+00
    outer loop
      vertex   2.993020e+01 -9.465415e+00 4.210563e+01
      vertex   2.973296e+01 -9.351535e+00 4.210563e+01
      vertex   2.983908e+01 -9.395491e+00 4.210563e+01
    endloop
  endfacet
  facet normal 9.914449e-01 -1.305262e-01 6.212003e-16
    outer loop
      vertex   3.004408e+01 -9.890422e+00 4.397187e+01
      vertex   3.004408e+01 -9.890422e+00 4.210563e+01
      vertex   3.005908e+01 -9.776542e+00 4.397187e+01
    endloop
  endfacet
  facet normal 9.914449e-01 -1.305262e-01 4.969602e-16
    outer loop
      vertex   3.005908e+01 -9.776542e+00 4.397187e+01
      vertex   3.004408e+01 -9.890422e+00 4.210563e+01
      vertex   3.005908e+01 -9.776542e+00 4.210563e+01
    endloop
  endfacet
  facet normal 9.914449e-01 1.305262e-01 -4.969602e-16
    outer loop
      vertex   3.005908e+01 -9.776542e+00 4.397187e+01
      vertex   3.005908e+01 -9.776542e+00 4.210563e+01
      vertex   3.004408e+01 -9.662662e+00 4.397187e+01
    endloop
  endfacet
  facet normal 9.914449e-01 1.305262e-01 -2.260114e-15
    outer loop
      vertex   3.004408e+01 -9.662662e+00 4.397187e+01
      vertex   3.005908e+01 -9.776542e+00 4.210563e+01
      vertex   3.004408e+01 -9.662662e+00 4.210563e+01
    endloop
  endfacet
  facet normal 9.238795e-01 3.826834e-01 -2.851531e-15
    outer loop
      vertex   3.004408e+01 -9.662662e+00 4.397187e+01
      vertex   3.004408e+01 -9.662662e+00 4.210563e+01
      vertex   3.000013e+01 -9.556542e+00 4.397187e+01
    endloop
  endfacet
  facet normal 9.238795e-01 3.826834e-01 -7.285068e-16
    outer loop
      vertex   3.000013e+01 -9.556542e+00 4.397187e+01
      vertex   3.004408e+01 -9.662662e+00 4.210563e+01
      vertex   3.000013e+01 -9.556542e+00 4.210563e+01
    endloop
  endfacet
  facet normal 7.933533e-01 6.087614e-01 -1.158887e-15
    outer loop
      vertex   3.000013e+01 -9.556542e+00 4.397187e+01
      vertex   3.000013e+01 -9.556542e+00 4.210563e+01
      vertex   2.993020e+01 -9.465415e+00 4.397187e+01
    endloop
  endfacet
  facet normal 7.933533e-01 6.087614e-01 -1.158887e-15
    outer loop
      vertex   2.993020e+01 -9.465415e+00 4.397187e+01
      vertex   3.000013e+01 -9.556542e+00 4.210563e+01
      vertex   2.993020e+01 -9.465415e+00 4.210563e+01
    endloop
  endfacet
  facet normal 6.087614e-01 7.933533e-01 -1.510291e-15
    outer loop
      vertex   2.993020e+01 -9.465415e+00 4.397187e+01
      vertex   2.993020e+01 -9.465415e+00 4.210563e+01
      vertex   2.983908e+01 -9.395491e+00 4.397187e+01
    endloop
  endfacet
  facet normal 6.087614e-01 7.933533e-01 -7.551454e-16
    outer loop
      vertex   2.983908e+01 -9.395491e+00 4.397187e+01
      vertex   2.993020e+01 -9.465415e+00 4.210563e+01
      vertex   2.983908e+01 -9.395491e+00 4.210563e+01
    endloop
  endfacet
  facet normal 3.826834e-01 9.238795e-01 -8.793855e-16
    outer loop
      vertex   2.983908e+01 -9.395491e+00 4.397187e+01
      vertex   2.983908e+01 -9.395491e+00 4.210563e+01
      vertex   2.973296e+01 -9.351535e+00 4.397187e+01
    endloop
  endfacet
  facet normal 3.826834e-01 9.238795e-01 0.000000e+00
    outer loop
      vertex   2.973296e+01 -9.351535e+00 4.397187e+01
      vertex   2.983908e+01 -9.395491e+00 4.210563e+01
      vertex   2.973296e+01 -9.351535e+00 4.210563e+01
    endloop
  endfacet
  facet normal -1.305262e-01 -9.914449e-01 -0.000000e+00
    outer loop
      vertex   2.947414e+01 -6.984127e+00 4.397187e+01
      vertex   2.947414e+01 -6.984127e+00 4.210563e+01
      vertex   2.958802e+01 -6.999120e+00 4.397187e+01
    endloop
  endfacet
  facet normal -1.305262e-01 -9.914449e-01 -0.000000e+00
    outer loop
      vertex   2.958802e+01 -6.999120e+00 4.397187e+01
      vertex   2.947414e+01 -6.984127e+00 4.210563e+01
      vertex   2.958802e+01 -6.999120e+00 4.210563e+01
    endloop
  endfacet
  facet normal 1.305262e-01 -9.914449e-01 0.000000e+00
    outer loop
      vertex   2.958802e+01 -6.999120e+00 4.397187e+01
      vertex   2.958802e+01 -6.999120e+00 4.210563e+01
      vertex   2.970190e+01 -6.984127e+00 4.397187e+01
    endloop
  endfacet
  facet normal 1.305262e-01 -9.914449e-01 0.000000e+00
    outer loop
      vertex   2.970190e+01 -6.984127e+00 4.397187e+01
      vertex   2.958802e+01 -6.999120e+00 4.210563e+01
      vertex   2.970190e+01 -6.984127e+00 4.210563e+01
    endloop
  endfacet
  facet normal 3.826834e-01 -9.238795e-01 0.000000e+00
    outer loop
      vertex   2.970190e+01 -6.984127e+00 4.397187e+01
      vertex   2.970190e+01 -6.984127e+00 4.210563e+01
      vertex   2.980802e+01 -6.940171e+00 4.397187e+01
    endloop
  endfacet
  facet normal 3.826834e-01 -9.238795e-01 0.000000e+00
    outer loop
      vertex   2.980802e+01 -6.940171e+00 4.397187e+01
      vertex   2.970190e+01 -6.984127e+00 4.210563e+01
      vertex   2.980802e+01 -6.940171e+00 4.210563e+01
    endloop
  endfacet
  facet normal 6.087614e-01 -7.933533e-01 0.000000e+00
    outer loop
      vertex   2.980802e+01 -6.940171e+00 4.397187e+01
      vertex   2.980802e+01 -6.940171e+00 4.210563e+01
      vertex   2.989914e+01 -6.870247e+00 4.397187e+01
    endloop
  endfacet
  facet normal 6.087614e-01 -7.933533e-01 0.000000e+00
    outer loop
      vertex   2.989914e+01 -6.870247e+00 4.397187e+01
      vertex   2.980802e+01 -6.940171e+00 4.210563e+01
      vertex   2.989914e+01 -6.870247e+00 4.210563e+01
    endloop
  endfacet
  facet normal 7.933533e-01 -6.087614e-01 0.000000e+00
    outer loop
      vertex   2.989914e+01 -6.870247e+00 4.397187e+01
      vertex   2.989914e+01 -6.870247e+00 4.210563e+01
      vertex   2.996907e+01 -6.779120e+00 4.397187e+01
    endloop
  endfacet
  facet normal 7.933533e-01 -6.087614e-01 0.000000e+00
    outer loop
      vertex   2.996907e+01 -6.779120e+00 4.397187e+01
      vertex   2.989914e+01 -6.870247e+00 4.210563e+01
      vertex   2.996907e+01 -6.779120e+00 4.210563e+01
    endloop
  endfacet
  facet normal 9.238795e-01 -3.826834e-01 0.000000e+00
    outer loop
      vertex   2.996907e+01 -6.779120e+00 4.397187e+01
      vertex   2.996907e+01 -6.779120e+00 4.210563e+01
      vertex   3.001302e+01 -6.673000e+00 4.397187e+01
    endloop
  endfacet
  facet normal 9.238795e-01 -3.826834e-01 0.000000e+00
    outer loop
      vertex   3.001302e+01 -6.673000e+00 4.397187e+01
      vertex   2.996907e+01 -6.779120e+00 4.210563e+01
      vertex   3.001302e+01 -6.673000e+00 4.210563e+01
    endloop
  endfacet
  facet normal 9.659258e-01 -2.588190e-01 0.000000e+00
    outer loop
      vertex   3.001302e+01 -6.673000e+00 4.397187e+01
      vertex   3.001302e+01 -6.673000e+00 4.210563e+01
      vertex   3.004408e+01 -6.557089e+00 4.397187e+01
    endloop
  endfacet
  facet normal 9.659258e-01 -2.588190e-01 1.231772e-15
    outer loop
      vertex   3.004408e+01 -6.557089e+00 4.397187e+01
      vertex   3.001302e+01 -6.673000e+00 4.210563e+01
      vertex   3.004408e+01 -6.557089e+00 4.210563e+01
    endloop
  endfacet
  facet normal -0.000000e+00 0.000000e+00 -1.000000e+00
    outer loop
      vertex   3.004408e+01 -6.557089e+00 4.210563e+01
      vertex   3.001302e+01 -6.673000e+00 4.210563e+01
      vertex   2.658417e+01 -6.209763e+00 4.210563e+01
    endloop
  endfacet
  facet normal 0.000000e+00 0.000000e+00 -1.000000e+00
    outer loop
      vertex   2.658417e+01 -6.209763e+00 4.210563e+01
      vertex   3.001302e+01 -6.673000e+00 4.210563e+01
      vertex   2.996907e+01 -6.779120e+00 4.210563e+01
    endloop
  endfacet
  facet normal 0.000000e+00 0.000000e+00 -1.000000e+00
    outer loop
      vertex   2.658417e+01 -6.209763e+00 4.210563e+01
      vertex   2.996907e+01 -6.779120e+00 4.210563e+01
      vertex   2.989914e+01 -6.870247e+00 4.210563e+01
    endloop
  endfacet
  facet normal 0.000000e+00 0.000000e+00 -1.000000e+00
    outer loop
      vertex   2.658417e+01 -6.209763e+00 4.210563e+01
      vertex   2.989914e+01 -6.870247e+00 4.210563e+01
      vertex   2.947414e+01 -6.984127e+00 4.210563e+01
    endloop
  endfacet
  facet normal 0.000000e+00 0.000000e+00 -1.000000e+00
    outer loop
      vertex   2.947414e+01 -6.984127e+00 4.210563e+01
      vertex   2.989914e+01 -6.870247e+00 4.210563e+01
      vertex   2.980802e+01 -6.940171e+00 4.210563e+01
    endloop
  endfacet
  facet normal 0.000000e+00 0.000000e+00 -1.000000e+00
    outer loop
      vertex   2.947414e+01 -6.984127e+00 4.210563e+01
      vertex   2.980802e+01 -6.940171e+00 4.210563e+01
      vertex   2.970190e+01 -6.984127e+00 4.210563e+01
    endloop
  endfacet
  facet normal 0.000000e+00 0.000000e+00 -1.000000e+00
    outer loop
      vertex   2.970190e+01 -6.984127e+00 4.210563e+01
      vertex   2.958802e+01 -6.999120e+00 4.210563e+01
      vertex   2.947414e+01 -6.984127e+00 4.210563e+01
    endloop
  endfacet
  facet normal 0.000000e+00 0.000000e+00 -1.000000e+00
    outer loop
      vertex   2.658417e+01 -6.209763e+00 4.210563e+01
      vertex   2.658417e+01 -5.174487e+00 4.210563e+01
      vertex   3.004408e+01 -6.557089e+00 4.210563e+01
    endloop
  endfacet
  facet normal 0.000000e+00 0.000000e+00 -1.000000e+00
    outer loop
      vertex   3.004408e+01 -6.557089e+00 4.210563e+01
      vertex   2.658417e+01 -5.174487e+00 4.210563e+01
      vertex   3.005908e+01 -6.443209e+00 4.210563e+01
    endloop
  endfacet
  facet normal 0.000000e+00 0.000000e+00 -1.000000e+00
    outer loop
      vertex   3.005908e+01 -6.443209e+00 4.210563e+01
      vertex   2.658417e+01 -5.174487e+00 4.210563e+01
      vertex   3.004408e+01 -6.329328e+00 4.210563e+01
    endloop
  endfacet
  facet normal 0.000000e+00 0.000000e+00 -1.000000e+00
    outer loop
      vertex   3.004408e+01 -6.329328e+00 4.210563e+01
      vertex   2.658417e+01 -5.174487e+00 4.210563e+01
      vertex   2.973296e+01 -6.018201e+00 4.210563e+01
    endloop
  endfacet
  facet normal 0.000000e+00 0.000000e+00 -1.000000e+00
    outer loop
      vertex   3.004408e+01 -6.329328e+00 4.210563e+01
      vertex   2.973296e+01 -6.018201e+00 4.210563e+01
      vertex   3.000013e+01 -6.223209e+00 4.210563e+01
    endloop
  endfacet
  facet normal 0.000000e+00 0.000000e+00 -1.000000e+00
    outer loop
      vertex   3.000013e+01 -6.223209e+00 4.210563e+01
      vertex   2.973296e+01 -6.018201e+00 4.210563e+01
      vertex   2.993020e+01 -6.132082e+00 4.210563e+01
    endloop
  endfacet
  facet normal 0.000000e+00 0.000000e+00 -1.000000e+00
    outer loop
      vertex   2.993020e+01 -6.132082e+00 4.210563e+01
      vertex   2.973296e+01 -6.018201e+00 4.210563e+01
      vertex   2.983908e+01 -6.062158e+00 4.210563e+01
    endloop
  endfacet
  facet normal 9.914449e-01 -1.305262e-01 6.212003e-16
    outer loop
      vertex   3.004408e+01 -6.557089e+00 4.397187e+01
      vertex   3.004408e+01 -6.557089e+00 4.210563e+01
      vertex   3.005908e+01 -6.443209e+00 4.397187e+01
    endloop
  endfacet
  facet normal 9.914449e-01 -1.305262e-01 5.590802e-16
    outer loop
      vertex   3.005908e+01 -6.443209e+00 4.397187e+01
      vertex   3.004408e+01 -6.557089e+00 4.210563e+01
      vertex   3.005908e+01 -6.443209e+00 4.210563e+01
    endloop
  endfacet
  facet normal 9.914449e-01 1.305262e-01 -5.590802e-16
    outer loop
      vertex   3.005908e+01 -6.443209e+00 4.397187e+01
      vertex   3.005908e+01 -6.443209e+00 4.210563e+01
      vertex   3.004408e+01 -6.329328e+00 4.397187e+01
    endloop
  endfacet
  facet normal 9.914449e-01 1.305262e-01 -2.322234e-15
    outer loop
      vertex   3.004408e+01 -6.329328e+00 4.397187e+01
      vertex   3.005908e+01 -6.443209e+00 4.210563e+01
      vertex   3.004408e+01 -6.329328e+00 4.210563e+01
    endloop
  endfacet
  facet normal 9.238795e-01 3.826834e-01 -3.033658e-15
    outer loop
      vertex   3.004408e+01 -6.329328e+00 4.397187e+01
      vertex   3.004408e+01 -6.329328e+00 4.210563e+01
      vertex   3.000013e+01 -6.223209e+00 4.397187e+01
    endloop
  endfacet
  facet normal 9.238795e-01 3.826834e-01 -5.463801e-16
    outer loop
      vertex   3.000013e+01 -6.223209e+00 4.397187e+01
      vertex   3.004408e+01 -6.329328e+00 4.210563e+01
      vertex   3.000013e+01 -6.223209e+00 4.210563e+01
    endloop
  endfacet
  facet normal 7.933533e-01 6.087614e-01 -8.691652e-16
    outer loop
      vertex   3.000013e+01 -6.223209e+00 4.397187e+01
      vertex   3.000013e+01 -6.223209e+00 4.210563e+01
      vertex   2.993020e+01 -6.132082e+00 4.397187e+01
    endloop
  endfacet
  facet normal 7.933533e-01 6.087614e-01 -8.691652e-16
    outer loop
      vertex   2.993020e+01 -6.132082e+00 4.397187e+01
      vertex   3.000013e+01 -6.223209e+00 4.210563e+01
      vertex   2.993020e+01 -6.132082e+00 4.210563e+01
    endloop
  endfacet
  facet normal 6.087614e-01 7.933533e-01 -1.132718e-15
    outer loop
      vertex   2.993020e+01 -6.132082e+00 4.397187e+01
      vertex   2.993020e+01 -6.132082e+00 4.210563e+01
      vertex   2.983908e+01 -6.062158e+00 4.397187e+01
    endloop
  endfacet
  facet normal 6.087614e-01 7.933533e-01 -3.775727e-16
    outer loop
      vertex   2.983908e+01 -6.062158e+00 4.397187e+01
      vertex   2.993020e+01 -6.132082e+00 4.210563e+01
      vertex   2.983908e+01 -6.062158e+00 4.210563e+01
    endloop
  endfacet
  facet normal 3.826834e-01 9.238795e-01 -4.396927e-16
    outer loop
      vertex   2.983908e+01 -6.062158e+00 4.397187e+01
      vertex   2.983908e+01 -6.062158e+00 4.210563e+01
      vertex   2.973296e+01 -6.018201e+00 4.397187e+01
    endloop
  endfacet
  facet normal 3.826834e-01 9.238795e-01 0.000000e+00
    outer loop
      vertex   2.973296e+01 -6.018201e+00 4.397187e+01
      vertex   2.983908e+01 -6.062158e+00 4.210563e+01
      vertex   2.973296e+01 -6.018201e+00 4.210563e+01
    endloop
  endfacet
  facet normal -2.588190e-01 -9.659258e-01 0.000000e+00
    outer loop
      vertex   2.947414e+01 -1.698413e+01 4.210563e+01
      vertex   2.947414e+01 -1.698413e+01 4.397187e+01
      vertex   2.458655e+01 -1.567450e+01 4.210563e+01
    endloop
  endfacet
  facet normal -2.588190e-01 -9.659258e-01 0.000000e+00
    outer loop
      vertex   2.458655e+01 -1.567450e+01 4.210563e+01
      vertex   2.947414e+01 -1.698413e+01 4.397187e+01
      vertex   2.458655e+01 -1.567450e+01 4.397187e+01
    endloop
  endfacet
  facet normal 2.588190e-01 9.659258e-01 0.000000e+00
    outer loop
      vertex   2.973296e+01 -1.601820e+01 4.397187e+01
      vertex   2.973296e+01 -1.601820e+01 4.210563e+01
      vertex   2.658417e+01 -1.517449e+01 4.397187e+01
    endloop
  endfacet
  facet normal 2.588190e-01 9.659258e-01 0.000000e+00
    outer loop
      vertex   2.658417e+01 -1.517449e+01 4.397187e+01
      vertex   2.973296e+01 -1.601820e+01 4.210563e+01
      vertex   2.658417e+01 -1.517449e+01 4.210563e+01
    endloop
  endfacet
  facet normal -2.588190e-01 -9.659258e-01 0.000000e+00
    outer loop
      vertex   2.947414e+01 -1.365079e+01 4.210563e+01
      vertex   2.947414e+01 -1.365079e+01 4.397187e+01
      vertex   2.658417e+01 -1.287643e+01 4.210563e+01
    endloop
  endfacet
  facet normal -2.588190e-01 -9.659258e-01 0.000000e+00
    outer loop
      vertex   2.658417e+01 -1.287643e+01 4.210563e+01
      vertex   2.947414e+01 -1.365079e+01 4.397187e+01
      vertex   2.658417e+01 -1.287643e+01 4.397187e+01
    endloop
  endfacet
  facet normal 2.588190e-01 9.659258e-01 0.000000e+00
    outer loop
      vertex   2.973296e+01 -1.268487e+01 4.397187e+01
      vertex   2.973296e+01 -1.268487e+01 4.210563e+01
      vertex   2.658417e+01 -1.184115e+01 4.397187e+01
    endloop
  endfacet
  facet normal 2.588190e-01 9.659258e-01 0.000000e+00
    outer loop
      vertex   2.658417e+01 -1.184115e+01 4.397187e+01
      vertex   2.973296e+01 -1.268487e+01 4.210563e+01
      vertex   2.658417e+01 -1.184115e+01 4.210563e+01
    endloop
  endfacet
  facet normal -2.588190e-01 -9.659258e-01 0.000000e+00
    outer loop
      vertex   2.947414e+01 -1.031746e+01 4.210563e+01
      vertex   2.947414e+01 -1.031746e+01 4.397187e+01
      vertex   2.658417e+01 -9.543097e+00 4.210563e+01
    endloop
  endfacet
  facet normal -2.588190e-01 -9.659258e-01 0.000000e+00
    outer loop
      vertex   2.658417e+01 -9.543097e+00 4.210563e+01
      vertex   2.947414e+01 -1.031746e+01 4.397187e+01
      vertex   2.658417e+01 -9.543097e+00 4.397187e+01
    endloop
  endfacet
  facet normal 2.588190e-01 9.659258e-01 0.000000e+00
    outer loop
      vertex   2.973296e+01 -9.351535e+00 4.397187e+01
      vertex   2.973296e+01 -9.351535e+00 4.210563e+01
      vertex   2.658417e+01 -8.507820e+00 4.397187e+01
    endloop
  endfacet
  facet normal 2.588190e-01 9.659258e-01 0.000000e+00
    outer loop
      vertex   2.658417e+01 -8.507820e+00 4.397187e+01
      vertex   2.973296e+01 -9.351535e+00 4.210563e+01
      vertex   2.658417e+01 -8.507820e+00 4.210563e+01
    endloop
  endfacet
  facet normal -2.588190e-01 -9.659258e-01 0.000000e+00
    outer loop
      vertex   2.947414e+01 -6.984127e+00 4.210563e+01
      vertex   2.947414e+01 -6.984127e+00 4.397187e+01
      vertex   2.658417e+01 -6.209763e+00 4.210563e+01
    endloop
  endfacet
  facet normal -2.588190e-01 -9.659258e-01 0.000000e+00
    outer loop
      vertex   2.658417e+01 -6.209763e+00 4.210563e+01
      vertex   2.947414e+01 -6.984127e+00 4.397187e+01
      vertex   2.658417e+01 -6.209763e+00 4.397187e+01
    endloop
  endfacet
  facet normal 2.588190e-01 9.659258e-01 0.000000e+00
    outer loop
      vertex   2.973296e+01 -6.018201e+00 4.397187e+01
      vertex   2.973296e+01 -6.018201e+00 4.210563e+01
      vertex   2.658417e+01 -5.174487e+00 4.397187e+01
    endloop
  endfacet
  facet normal 2.588190e-01 9.659258e-01 0.000000e+00
    outer loop
      vertex   2.658417e+01 -5.174487e+00 4.397187e+01
      vertex   2.973296e+01 -6.018201e+00 4.210563e+01
      vertex   2.658417e+01 -5.174487e+00 4.210563e+01
    endloop
  endfacet
  facet normal -0.000000e+00 -1.000000e+00 -0.000000e+00
    outer loop
      vertex   2.658417e+01 -1.564981e+01 4.210563e+01
      vertex   2.459317e+01 -1.564981e+01 4.210563e+01
      vertex   2.658417e+01 -1.564981e+01 4.210000e+01
    endloop
  endfacet
  facet normal 0.000000e+00 -1.000000e+00 0.000000e+00
    outer loop
      vertex   2.658417e+01 -1.564981e+01 4.210000e+01
      vertex   2.459317e+01 -1.564981e+01 4.210563e+01
      vertex   2.458417e+01 -1.564981e+01 4.210000e+01
    endloop
  endfacet
  facet normal 0.000000e+00 -1.000000e+00 0.000000e+00
    outer loop
      vertex   2.458417e+01 -1.564981e+01 4.210000e+01
      vertex   2.459317e+01 -1.564981e+01 4.210563e+01
      vertex   2.459317e+01 -1.564981e+01 4.397187e+01
    endloop
  endfacet
  facet normal 0.000000e+00 -1.000000e+00 0.000000e+00
    outer loop
      vertex   2.458417e+01 -1.564981e+01 4.210000e+01
      vertex   2.459317e+01 -1.564981e+01 4.397187e+01
      vertex   2.458417e+01 -1.564981e+01 4.411000e+01
    endloop
  endfacet
  facet normal 0.000000e+00 -1.000000e+00 0.000000e+00
    outer loop
      vertex   2.458417e+01 -1.564981e+01 4.411000e+01
      vertex   2.459317e+01 -1.564981e+01 4.397187e+01
      vertex   2.658417e+01 -1.564981e+01 4.411000e+01
    endloop
  endfacet
  facet normal 0.000000e+00 -1.000000e+00 -0.000000e+00
    outer loop
      vertex   2.658417e+01 -1.564981e+01 4.411000e+01
      vertex   2.459317e+01 -1.564981e+01 4.397187e+01
      vertex   2.658417e+01 -1.564981e+01 4.397187e+01
    endloop
  endfacet
  facet normal 0.000000e+00 1.000000e+00 0.000000e+00
    outer loop
      vertex   2.484996e+01 -4.709808e+00 4.210000e+01
      vertex   2.484996e+01 -4.709808e+00 4.397187e+01
      vertex   2.658417e+01 -4.709808e+00 4.210000e+01
    endloop
  endfacet
  facet normal 0.000000e+00 1.000000e+00 -0.000000e+00
    outer loop
      vertex   2.658417e+01 -4.709808e+00 4.210000e+01
      vertex   2.484996e+01 -4.709808e+00 4.397187e+01
      vertex   2.658417e+01 -4.709808e+00 4.411000e+01
    endloop
  endfacet
  facet normal 0.000000e+00 1.000000e+00 0.000000e+00
    outer loop
      vertex   2.658417e+01 -4.709808e+00 4.411000e+01
      vertex   2.484996e+01 -4.709808e+00 4.397187e+01
      vertex   2.458417e+01 -4.709808e+00 4.411000e+01
    endloop
  endfacet
  facet normal 0.000000e+00 1.000000e+00 0.000000e+00
    outer loop
      vertex   2.458417e+01 -4.709808e+00 4.411000e+01
      vertex   2.484996e+01 -4.709808e+00 4.397187e+01
      vertex   2.484504e+01 -4.709808e+00 4.397187e+01
    endloop
  endfacet
  facet normal 0.000000e+00 1.000000e+00 0.000000e+00
    outer loop
      vertex   2.458417e+01 -4.709808e+00 4.411000e+01
      vertex   2.484504e+01 -4.709808e+00 4.397187e+01
      vertex   2.458417e+01 -4.709808e+00 4.210000e+01
    endloop
  endfacet
  facet normal 0.000000e+00 1.000000e+00 0.000000e+00
    outer loop
      vertex   2.458417e+01 -4.709808e+00 4.210000e+01
      vertex   2.484504e+01 -4.709808e+00 4.397187e+01
      vertex   2.484504e+01 -4.709808e+00 4.210000e+01
    endloop
  endfacet
  facet normal 1.000000e+00 0.000000e+00 -0.000000e+00
    outer loop
      vertex   2.658417e+01 -8.507820e+00 4.397187e+01
      vertex   2.658417e+01 -4.709808e+00 4.411000e+01
      vertex   2.658417e+01 -9.543097e+00 4.397187e+01
    endloop
  endfacet
  facet normal 1.000000e+00 0.000000e+00 -0.000000e+00
    outer loop
      vertex   2.658417e+01 -9.543097e+00 4.397187e+01
      vertex   2.658417e+01 -4.709808e+00 4.411000e+01
      vertex   2.658417e+01 -1.564981e+01 4.411000e+01
    endloop
  endfacet
  facet normal 1.000000e+00 0.000000e+00 0.000000e+00
    outer loop
      vertex   2.658417e+01 -9.543097e+00 4.397187e+01
      vertex   2.658417e+01 -1.564981e+01 4.411000e+01
      vertex   2.658417e+01 -1.184115e+01 4.397187e+01
    endloop
  endfacet
  facet normal 1.000000e+00 0.000000e+00 0.000000e+00
    outer loop
      vertex   2.658417e+01 -1.184115e+01 4.397187e+01
      vertex   2.658417e+01 -1.564981e+01 4.411000e+01
      vertex   2.658417e+01 -1.287643e+01 4.397187e+01
    endloop
  endfacet
  facet normal 1.000000e+00 0.000000e+00 0.000000e+00
    outer loop
      vertex   2.658417e+01 -1.287643e+01 4.397187e+01
      vertex   2.658417e+01 -1.564981e+01 4.411000e+01
      vertex   2.658417e+01 -1.517449e+01 4.397187e+01
    endloop
  endfacet
  facet normal 1.000000e+00 0.000000e+00 0.000000e+00
    outer loop
      vertex   2.658417e+01 -1.287643e+01 4.397187e+01
      vertex   2.658417e+01 -1.517449e+01 4.397187e+01
      vertex   2.658417e+01 -1.517449e+01 4.210563e+01
    endloop
  endfacet
  facet normal 1.000000e+00 0.000000e+00 0.000000e+00
    outer loop
      vertex   2.658417e+01 -4.709808e+00 4.411000e+01
      vertex   2.658417e+01 -8.507820e+00 4.397187e+01
      vertex   2.658417e+01 -6.209763e+00 4.397187e+01
    endloop
  endfacet
  facet normal 1.000000e+00 0.000000e+00 0.000000e+00
    outer loop
      vertex   2.658417e+01 -6.209763e+00 4.397187e+01
      vertex   2.658417e+01 -8.507820e+00 4.397187e+01
      vertex   2.658417e+01 -8.507820e+00 4.210563e+01
    endloop
  endfacet
  facet normal 1.000000e+00 0.000000e+00 0.000000e+00
    outer loop
      vertex   2.658417e+01 -6.209763e+00 4.397187e+01
      vertex   2.658417e+01 -8.507820e+00 4.210563e+01
      vertex   2.658417e+01 -6.209763e+00 4.210563e+01
    endloop
  endfacet
  facet normal 1.000000e+00 0.000000e+00 0.000000e+00
    outer loop
      vertex   2.658417e+01 -6.209763e+00 4.210563e+01
      vertex   2.658417e+01 -8.507820e+00 4.210563e+01
      vertex   2.658417e+01 -4.709808e+00 4.210000e+01
    endloop
  endfacet
  facet normal 1.000000e+00 -0.000000e+00 0.000000e+00
    outer loop
      vertex   2.658417e+01 -6.209763e+00 4.210563e+01
      vertex   2.658417e+01 -4.709808e+00 4.210000e+01
      vertex   2.658417e+01 -5.174487e+00 4.210563e+01
    endloop
  endfacet
  facet normal 1.000000e+00 -0.000000e+00 0.000000e+00
    outer loop
      vertex   2.658417e+01 -5.174487e+00 4.210563e+01
      vertex   2.658417e+01 -4.709808e+00 4.210000e+01
      vertex   2.658417e+01 -5.174487e+00 4.397187e+01
    endloop
  endfacet
  facet normal 1.000000e+00 -0.000000e+00 0.000000e+00
    outer loop
      vertex   2.658417e+01 -5.174487e+00 4.397187e+01
      vertex   2.658417e+01 -4.709808e+00 4.210000e+01
      vertex   2.658417e+01 -4.709808e+00 4.411000e+01
    endloop
  endfacet
  facet normal 1.000000e+00 0.000000e+00 -0.000000e+00
    outer loop
      vertex   2.658417e+01 -5.174487e+00 4.397187e+01
      vertex   2.658417e+01 -4.709808e+00 4.411000e+01
      vertex   2.658417e+01 -6.209763e+00 4.397187e+01
    endloop
  endfacet
  facet normal 1.000000e+00 0.000000e+00 0.000000e+00
    outer loop
      vertex   2.658417e+01 -8.507820e+00 4.210563e+01
      vertex   2.658417e+01 -9.543097e+00 4.210563e+01
      vertex   2.658417e+01 -4.709808e+00 4.210000e+01
    endloop
  endfacet
  facet normal 1.000000e+00 0.000000e+00 0.000000e+00
    outer loop
      vertex   2.658417e+01 -4.709808e+00 4.210000e+01
      vertex   2.658417e+01 -9.543097e+00 4.210563e+01
      vertex   2.658417e+01 -1.564981e+01 4.210000e+01
    endloop
  endfacet
  facet normal 1.000000e+00 0.000000e+00 0.000000e+00
    outer loop
      vertex   2.658417e+01 -1.564981e+01 4.210000e+01
      vertex   2.658417e+01 -9.543097e+00 4.210563e+01
      vertex   2.658417e+01 -1.184115e+01 4.210563e+01
    endloop
  endfacet
  facet normal 1.000000e+00 0.000000e+00 0.000000e+00
    outer loop
      vertex   2.658417e+01 -1.564981e+01 4.210000e+01
      vertex   2.658417e+01 -1.184115e+01 4.210563e+01
      vertex   2.658417e+01 -1.287643e+01 4.210563e+01
    endloop
  endfacet
  facet normal 1.000000e+00 0.000000e+00 -0.000000e+00
    outer loop
      vertex   2.658417e+01 -9.543097e+00 4.210563e+01
      vertex   2.658417e+01 -9.543097e+00 4.397187e+01
      vertex   2.658417e+01 -1.184115e+01 4.210563e+01
    endloop
  endfacet
  facet normal 1.000000e+00 0.000000e+00 0.000000e+00
    outer loop
      vertex   2.658417e+01 -1.184115e+01 4.210563e+01
      vertex   2.658417e+01 -9.543097e+00 4.397187e+01
      vertex   2.658417e+01 -1.184115e+01 4.397187e+01
    endloop
  endfacet
  facet normal 1.000000e+00 0.000000e+00 0.000000e+00
    outer loop
      vertex   2.658417e+01 -1.564981e+01 4.210000e+01
      vertex   2.658417e+01 -1.287643e+01 4.210563e+01
      vertex   2.658417e+01 -1.517449e+01 4.210563e+01
    endloop
  endfacet
  facet normal 1.000000e+00 0.000000e+00 0.000000e+00
    outer loop
      vertex   2.658417e+01 -1.517449e+01 4.210563e+01
      vertex   2.658417e+01 -1.287643e+01 4.210563e+01
      vertex   2.658417e+01 -1.287643e+01 4.397187e+01
    endloop
  endfacet
  facet normal 1.000000e+00 0.000000e+00 0.000000e+00
    outer loop
      vertex   2.658417e+01 -1.517449e+01 4.210563e+01
      vertex   2.658417e+01 -1.564981e+01 4.210563e+01
      vertex   2.658417e+01 -1.564981e+01 4.210000e+01
    endloop
  endfacet
  facet normal 1.000000e+00 0.000000e+00 0.000000e+00
    outer loop
      vertex   2.658417e+01 -1.564981e+01 4.411000e+01
      vertex   2.658417e+01 -1.564981e+01 4.397187e+01
      vertex   2.658417e+01 -1.517449e+01 4.397187e+01
    endloop
  endfacet
  facet normal -0.000000e+00 -0.000000e+00 -1.000000e+00
    outer loop
      vertex   2.658417e+01 -4.709808e+00 4.210000e+01
      vertex   2.658417e+01 -1.564981e+01 4.210000e+01
      vertex   2.484996e+01 -4.709808e+00 4.210000e+01
    endloop
  endfacet
  facet normal 0.000000e+00 -0.000000e+00 -1.000000e+00
    outer loop
      vertex   2.484996e+01 -4.709808e+00 4.210000e+01
      vertex   2.658417e+01 -1.564981e+01 4.210000e+01
      vertex   2.458417e+01 -1.564981e+01 4.210000e+01
    endloop
  endfacet
  facet normal -0.000000e+00 0.000000e+00 -1.000000e+00
    outer loop
      vertex   2.484996e+01 -4.709808e+00 4.210000e+01
      vertex   2.458417e+01 -1.564981e+01 4.210000e+01
      vertex   2.484504e+01 -4.709808e+00 4.210000e+01
    endloop
  endfacet
  facet normal -0.000000e+00 0.000000e+00 -1.000000e+00
    outer loop
      vertex   2.484504e+01 -4.709808e+00 4.210000e+01
      vertex   2.458417e+01 -1.564981e+01 4.210000e+01
      vertex   2.458417e+01 -4.709808e+00 4.210000e+01
    endloop
  endfacet
  facet normal -1.000000e+00 0.000000e+00 0.000000e+00
    outer loop
      vertex   2.458417e+01 -1.564981e+01 4.210000e+01
      vertex   2.458417e+01 -1.564981e+01 4.411000e+01
      vertex   2.458417e+01 -4.709808e+00 4.210000e+01
    endloop
  endfacet
  facet normal -1.000000e+00 0.000000e+00 0.000000e+00
    outer loop
      vertex   2.458417e+01 -4.709808e+00 4.210000e+01
      vertex   2.458417e+01 -1.564981e+01 4.411000e+01
      vertex   2.458417e+01 -4.709808e+00 4.411000e+01
    endloop
  endfacet
  facet normal 0.000000e+00 -0.000000e+00 1.000000e+00
    outer loop
      vertex   2.958802e+01 -1.699912e+01 4.397187e+01
      vertex   2.970190e+01 -1.698413e+01 4.397187e+01
      vertex   2.947414e+01 -1.698413e+01 4.397187e+01
    endloop
  endfacet
  facet normal 0.000000e+00 0.000000e+00 1.000000e+00
    outer loop
      vertex   2.947414e+01 -1.698413e+01 4.397187e+01
      vertex   2.970190e+01 -1.698413e+01 4.397187e+01
      vertex   2.980802e+01 -1.694017e+01 4.397187e+01
    endloop
  endfacet
  facet normal 0.000000e+00 -0.000000e+00 1.000000e+00
    outer loop
      vertex   2.947414e+01 -1.698413e+01 4.397187e+01
      vertex   2.980802e+01 -1.694017e+01 4.397187e+01
      vertex   2.658417e+01 -1.564981e+01 4.397187e+01
    endloop
  endfacet
  facet normal 0.000000e+00 0.000000e+00 1.000000e+00
    outer loop
      vertex   2.658417e+01 -1.564981e+01 4.397187e+01
      vertex   2.980802e+01 -1.694017e+01 4.397187e+01
      vertex   2.989914e+01 -1.687025e+01 4.397187e+01
    endloop
  endfacet
  facet normal 0.000000e+00 0.000000e+00 1.000000e+00
    outer loop
      vertex   2.658417e+01 -1.564981e+01 4.397187e+01
      vertex   2.989914e+01 -1.687025e+01 4.397187e+01
      vertex   2.996907e+01 -1.677912e+01 4.397187e+01
    endloop
  endfacet
  facet normal 0.000000e+00 -0.000000e+00 1.000000e+00
    outer loop
      vertex   2.996907e+01 -1.677912e+01 4.397187e+01
      vertex   3.001302e+01 -1.667300e+01 4.397187e+01
      vertex   2.658417e+01 -1.564981e+01 4.397187e+01
    endloop
  endfacet
  facet normal 0.000000e+00 0.000000e+00 1.000000e+00
    outer loop
      vertex   2.658417e+01 -1.564981e+01 4.397187e+01
      vertex   3.001302e+01 -1.667300e+01 4.397187e+01
      vertex   3.004408e+01 -1.655709e+01 4.397187e+01
    endloop
  endfacet
  facet normal 0.000000e+00 0.000000e+00 1.000000e+00
    outer loop
      vertex   2.658417e+01 -1.564981e+01 4.397187e+01
      vertex   3.004408e+01 -1.655709e+01 4.397187e+01
      vertex   3.005908e+01 -1.644321e+01 4.397187e+01
    endloop
  endfacet
  facet normal 0.000000e+00 0.000000e+00 1.000000e+00
    outer loop
      vertex   3.005908e+01 -1.644321e+01 4.397187e+01
      vertex   3.004408e+01 -1.632933e+01 4.397187e+01
      vertex   2.658417e+01 -1.564981e+01 4.397187e+01
    endloop
  endfacet
  facet normal 0.000000e+00 0.000000e+00 1.000000e+00
    outer loop
      vertex   2.658417e+01 -1.564981e+01 4.397187e+01
      vertex   3.004408e+01 -1.632933e+01 4.397187e+01
      vertex   3.000013e+01 -1.622321e+01 4.397187e+01
    endloop
  endfacet
  facet normal -0.000000e+00 0.000000e+00 1.000000e+00
    outer loop
      vertex   2.658417e+01 -1.564981e+01 4.397187e+01
      vertex   3.000013e+01 -1.622321e+01 4.397187e+01
      vertex   2.658417e+01 -1.517449e+01 4.397187e+01
    endloop
  endfacet
  facet normal 0.000000e+00 0.000000e+00 1.000000e+00
    outer loop
      vertex   2.658417e+01 -1.517449e+01 4.397187e+01
      vertex   3.000013e+01 -1.622321e+01 4.397187e+01
      vertex   2.973296e+01 -1.601820e+01 4.397187e+01
    endloop
  endfacet
  facet normal 0.000000e+00 0.000000e+00 1.000000e+00
    outer loop
      vertex   2.973296e+01 -1.601820e+01 4.397187e+01
      vertex   3.000013e+01 -1.622321e+01 4.397187e+01
      vertex   2.993020e+01 -1.613208e+01 4.397187e+01
    endloop
  endfacet
  facet normal 0.000000e+00 0.000000e+00 1.000000e+00
    outer loop
      vertex   2.973296e+01 -1.601820e+01 4.397187e+01
      vertex   2.993020e+01 -1.613208e+01 4.397187e+01
      vertex   2.983908e+01 -1.606216e+01 4.397187e+01
    endloop
  endfacet
  facet normal 0.000000e+00 0.000000e+00 1.000000e+00
    outer loop
      vertex   2.658417e+01 -1.564981e+01 4.397187e+01
      vertex   2.459317e+01 -1.564981e+01 4.397187e+01
      vertex   2.947414e+01 -1.698413e+01 4.397187e+01
    endloop
  endfacet
  facet normal 0.000000e+00 0.000000e+00 1.000000e+00
    outer loop
      vertex   2.947414e+01 -1.698413e+01 4.397187e+01
      vertex   2.459317e+01 -1.564981e+01 4.397187e+01
      vertex   2.458655e+01 -1.567450e+01 4.397187e+01
    endloop
  endfacet
  facet normal -9.659258e-01 2.588190e-01 0.000000e+00
    outer loop
      vertex   2.459317e+01 -1.564981e+01 4.397187e+01
      vertex   2.459317e+01 -1.564981e+01 4.210563e+01
      vertex   2.458655e+01 -1.567450e+01 4.397187e+01
    endloop
  endfacet
  facet normal -9.659258e-01 2.588190e-01 0.000000e+00
    outer loop
      vertex   2.458655e+01 -1.567450e+01 4.397187e+01
      vertex   2.459317e+01 -1.564981e+01 4.210563e+01
      vertex   2.458655e+01 -1.567450e+01 4.210563e+01
    endloop
  endfacet
  facet normal 0.000000e+00 -0.000000e+00 1.000000e+00
    outer loop
      vertex   2.958802e+01 -1.033245e+01 4.397187e+01
      vertex   2.970190e+01 -1.031746e+01 4.397187e+01
      vertex   2.947414e+01 -1.031746e+01 4.397187e+01
    endloop
  endfacet
  facet normal 0.000000e+00 0.000000e+00 1.000000e+00
    outer loop
      vertex   2.947414e+01 -1.031746e+01 4.397187e+01
      vertex   2.970190e+01 -1.031746e+01 4.397187e+01
      vertex   2.980802e+01 -1.027350e+01 4.397187e+01
    endloop
  endfacet
  facet normal 0.000000e+00 0.000000e+00 1.000000e+00
    outer loop
      vertex   2.947414e+01 -1.031746e+01 4.397187e+01
      vertex   2.980802e+01 -1.027350e+01 4.397187e+01
      vertex   2.989914e+01 -1.020358e+01 4.397187e+01
    endloop
  endfacet
  facet normal 0.000000e+00 -0.000000e+00 1.000000e+00
    outer loop
      vertex   2.947414e+01 -1.031746e+01 4.397187e+01
      vertex   2.989914e+01 -1.020358e+01 4.397187e+01
      vertex   2.658417e+01 -9.543097e+00 4.397187e+01
    endloop
  endfacet
  facet normal 0.000000e+00 0.000000e+00 1.000000e+00
    outer loop
      vertex   2.658417e+01 -9.543097e+00 4.397187e+01
      vertex   2.989914e+01 -1.020358e+01 4.397187e+01
      vertex   2.996907e+01 -1.011245e+01 4.397187e+01
    endloop
  endfacet
  facet normal 0.000000e+00 0.000000e+00 1.000000e+00
    outer loop
      vertex   2.658417e+01 -9.543097e+00 4.397187e+01
      vertex   2.996907e+01 -1.011245e+01 4.397187e+01
      vertex   3.001302e+01 -1.000633e+01 4.397187e+01
    endloop
  endfacet
  facet normal 0.000000e+00 -0.000000e+00 1.000000e+00
    outer loop
      vertex   3.001302e+01 -1.000633e+01 4.397187e+01
      vertex   3.004408e+01 -9.890422e+00 4.397187e+01
      vertex   2.658417e+01 -9.543097e+00 4.397187e+01
    endloop
  endfacet
  facet normal -0.000000e+00 0.000000e+00 1.000000e+00
    outer loop
      vertex   2.658417e+01 -9.543097e+00 4.397187e+01
      vertex   3.004408e+01 -9.890422e+00 4.397187e+01
      vertex   2.658417e+01 -8.507820e+00 4.397187e+01
    endloop
  endfacet
  facet normal 0.000000e+00 0.000000e+00 1.000000e+00
    outer loop
      vertex   2.658417e+01 -8.507820e+00 4.397187e+01
      vertex   3.004408e+01 -9.890422e+00 4.397187e+01
      vertex   3.005908e+01 -9.776542e+00 4.397187e+01
    endloop
  endfacet
  facet normal 0.000000e+00 0.000000e+00 1.000000e+00
    outer loop
      vertex   2.658417e+01 -8.507820e+00 4.397187e+01
      vertex   3.005908e+01 -9.776542e+00 4.397187e+01
      vertex   3.004408e+01 -9.662662e+00 4.397187e+01
    endloop
  endfacet
  facet normal 0.000000e+00 0.000000e+00 1.000000e+00
    outer loop
      vertex   2.658417e+01 -8.507820e+00 4.397187e+01
      vertex   3.004408e+01 -9.662662e+00 4.397187e+01
      vertex   2.973296e+01 -9.351535e+00 4.397187e+01
    endloop
  endfacet
  facet normal 0.000000e+00 0.000000e+00 1.000000e+00
    outer loop
      vertex   2.973296e+01 -9.351535e+00 4.397187e+01
      vertex   3.004408e+01 -9.662662e+00 4.397187e+01
      vertex   3.000013e+01 -9.556542e+00 4.397187e+01
    endloop
  endfacet
  facet normal 0.000000e+00 0.000000e+00 1.000000e+00
    outer loop
      vertex   2.973296e+01 -9.351535e+00 4.397187e+01
      vertex   3.000013e+01 -9.556542e+00 4.397187e+01
      vertex   2.993020e+01 -9.465415e+00 4.397187e+01
    endloop
  endfacet
  facet normal 0.000000e+00 0.000000e+00 1.000000e+00
    outer loop
      vertex   2.993020e+01 -9.465415e+00 4.397187e+01
      vertex   2.983908e+01 -9.395491e+00 4.397187e+01
      vertex   2.973296e+01 -9.351535e+00 4.397187e+01
    endloop
  endfacet
  facet normal -9.659258e-01 2.588190e-01 0.000000e+00
    outer loop
      vertex   2.484504e+01 -4.709808e+00 3.910563e+01
      vertex   2.484504e+01 -4.709808e+00 4.210000e+01
      vertex   2.484537e+01 -4.708577e+00 3.910563e+01
    endloop
  endfacet
  facet normal -9.659258e-01 2.588190e-01 0.000000e+00
    outer loop
      vertex   2.484537e+01 -4.708577e+00 3.910563e+01
      vertex   2.484504e+01 -4.709808e+00 4.210000e+01
      vertex   2.484537e+01 -4.708577e+00 4.397187e+01
    endloop
  endfacet
  facet normal -9.659258e-01 2.588190e-01 0.000000e+00
    outer loop
      vertex   2.484537e+01 -4.708577e+00 4.397187e+01
      vertex   2.484504e+01 -4.709808e+00 4.210000e+01
      vertex   2.484504e+01 -4.709808e+00 4.397187e+01
    endloop
  endfacet
  facet normal 0.000000e+00 0.000000e+00 -1.000000e+00
    outer loop
      vertex   2.484996e+01 -4.709808e+00 3.910563e+01
      vertex   2.484504e+01 -4.709808e+00 3.910563e+01
      vertex   2.484537e+01 -4.708577e+00 3.910563e+01
    endloop
  endfacet
  facet normal 0.000000e+00 -0.000000e+00 1.000000e+00
    outer loop
      vertex   2.958802e+01 -6.999120e+00 4.397187e+01
      vertex   2.970190e+01 -6.984127e+00 4.397187e+01
      vertex   2.947414e+01 -6.984127e+00 4.397187e+01
    endloop
  endfacet
  facet normal 0.000000e+00 0.000000e+00 1.000000e+00
    outer loop
      vertex   2.947414e+01 -6.984127e+00 4.397187e+01
      vertex   2.970190e+01 -6.984127e+00 4.397187e+01
      vertex   2.980802e+01 -6.940171e+00 4.397187e+01
    endloop
  endfacet
  facet normal 0.000000e+00 0.000000e+00 1.000000e+00
    outer loop
      vertex   2.947414e+01 -6.984127e+00 4.397187e+01
      vertex   2.980802e+01 -6.940171e+00 4.397187e+01
      vertex   2.989914e+01 -6.870247e+00 4.397187e+01
    endloop
  endfacet
  facet normal 0.000000e+00 -0.000000e+00 1.000000e+00
    outer loop
      vertex   2.947414e+01 -6.984127e+00 4.397187e+01
      vertex   2.989914e+01 -6.870247e+00 4.397187e+01
      vertex   2.658417e+01 -6.209763e+00 4.397187e+01
    endloop
  endfacet
  facet normal 0.000000e+00 0.000000e+00 1.000000e+00
    outer loop
      vertex   2.658417e+01 -6.209763e+00 4.397187e+01
      vertex   2.989914e+01 -6.870247e+00 4.397187e+01
      vertex   2.996907e+01 -6.779120e+00 4.397187e+01
    endloop
  endfacet
  facet normal 0.000000e+00 0.000000e+00 1.000000e+00
    outer loop
      vertex   2.658417e+01 -6.209763e+00 4.397187e+01
      vertex   2.996907e+01 -6.779120e+00 4.397187e+01
      vertex   3.001302e+01 -6.673000e+00 4.397187e+01
    endloop
  endfacet
  facet normal 0.000000e+00 -0.000000e+00 1.000000e+00
    outer loop
      vertex   3.001302e+01 -6.673000e+00 4.397187e+01
      vertex   3.004408e+01 -6.557089e+00 4.397187e+01
      vertex   2.658417e+01 -6.209763e+00 4.397187e+01
    endloop
  endfacet
  facet normal -0.000000e+00 0.000000e+00 1.000000e+00
    outer loop
      vertex   2.658417e+01 -6.209763e+00 4.397187e+01
      vertex   3.004408e+01 -6.557089e+00 4.397187e+01
      vertex   2.658417e+01 -5.174487e+00 4.397187e+01
    endloop
  endfacet
  facet normal 0.000000e+00 0.000000e+00 1.000000e+00
    outer loop
      vertex   2.658417e+01 -5.174487e+00 4.397187e+01
      vertex   3.004408e+01 -6.557089e+00 4.397187e+01
      vertex   3.005908e+01 -6.443209e+00 4.397187e+01
    endloop
  endfacet
  facet normal 0.000000e+00 0.000000e+00 1.000000e+00
    outer loop
      vertex   2.658417e+01 -5.174487e+00 4.397187e+01
      vertex   3.005908e+01 -6.443209e+00 4.397187e+01
      vertex   3.004408e+01 -6.329328e+00 4.397187e+01
    endloop
  endfacet
  facet normal 0.000000e+00 0.000000e+00 1.000000e+00
    outer loop
      vertex   2.658417e+01 -5.174487e+00 4.397187e+01
      vertex   3.004408e+01 -6.329328e+00 4.397187e+01
      vertex   2.973296e+01 -6.018201e+00 4.397187e+01
    endloop
  endfacet
  facet normal 0.000000e+00 0.000000e+00 1.000000e+00
    outer loop
      vertex   2.973296e+01 -6.018201e+00 4.397187e+01
      vertex   3.004408e+01 -6.329328e+00 4.397187e+01
      vertex   3.000013e+01 -6.223209e+00 4.397187e+01
    endloop
  endfacet
  facet normal 0.000000e+00 0.000000e+00 1.000000e+00
    outer loop
      vertex   2.973296e+01 -6.018201e+00 4.397187e+01
      vertex   3.000013e+01 -6.223209e+00 4.397187e+01
      vertex   2.993020e+01 -6.132082e+00 4.397187e+01
    endloop
  endfacet
  facet normal 0.000000e+00 0.000000e+00 1.000000e+00
    outer loop
      vertex   2.993020e+01 -6.132082e+00 4.397187e+01
      vertex   2.983908e+01 -6.062158e+00 4.397187e+01
      vertex   2.973296e+01 -6.018201e+00 4.397187e+01
    endloop
  endfacet
  facet normal 0.000000e+00 0.000000e+00 1.000000e+00
    outer loop
      vertex   2.484504e+01 -4.709808e+00 4.397187e+01
      vertex   2.484996e+01 -4.709808e+00 4.397187e+01
      vertex   2.484537e+01 -4.708577e+00 4.397187e+01
    endloop
  endfacet
  facet normal 2.588190e-01 9.659258e-01 -9.824518e-16
    outer loop
      vertex   2.484996e+01 -4.709808e+00 4.397187e+01
      vertex   2.484996e+01 -4.709808e+00 4.210000e+01
      vertex   2.484537e+01 -4.708577e+00 4.397187e+01
    endloop
  endfacet
  facet normal 2.588190e-01 9.659258e-01 0.000000e+00
    outer loop
      vertex   2.484537e+01 -4.708577e+00 4.397187e+01
      vertex   2.484996e+01 -4.709808e+00 4.210000e+01
      vertex   2.484537e+01 -4.708577e+00 3.910563e+01
    endloop
  endfacet
  facet normal 2.588190e-01 9.659258e-01 6.141345e-16
    outer loop
      vertex   2.484537e+01 -4.708577e+00 3.910563e+01
      vertex   2.484996e+01 -4.709808e+00 4.210000e+01
      vertex   2.484996e+01 -4.709808e+00 3.910563e+01
    endloop
  endfacet
  facet normal 0.000000e+00 -0.000000e+00 1.000000e+00
    outer loop
      vertex   2.958802e+01 -1.366579e+01 4.397187e+01
      vertex   2.970190e+01 -1.365079e+01 4.397187e+01
      vertex   2.947414e+01 -1.365079e+01 4.397187e+01
    endloop
  endfacet
  facet normal 0.000000e+00 0.000000e+00 1.000000e+00
    outer loop
      vertex   2.947414e+01 -1.365079e+01 4.397187e+01
      vertex   2.970190e+01 -1.365079e+01 4.397187e+01
      vertex   2.980802e+01 -1.360684e+01 4.397187e+01
    endloop
  endfacet
  facet normal 0.000000e+00 0.000000e+00 1.000000e+00
    outer loop
      vertex   2.947414e+01 -1.365079e+01 4.397187e+01
      vertex   2.980802e+01 -1.360684e+01 4.397187e+01
      vertex   2.989914e+01 -1.353691e+01 4.397187e+01
    endloop
  endfacet
  facet normal 0.000000e+00 -0.000000e+00 1.000000e+00
    outer loop
      vertex   2.947414e+01 -1.365079e+01 4.397187e+01
      vertex   2.989914e+01 -1.353691e+01 4.397187e+01
      vertex   2.658417e+01 -1.287643e+01 4.397187e+01
    endloop
  endfacet
  facet normal 0.000000e+00 0.000000e+00 1.000000e+00
    outer loop
      vertex   2.658417e+01 -1.287643e+01 4.397187e+01
      vertex   2.989914e+01 -1.353691e+01 4.397187e+01
      vertex   2.996907e+01 -1.344579e+01 4.397187e+01
    endloop
  endfacet
  facet normal 0.000000e+00 0.000000e+00 1.000000e+00
    outer loop
      vertex   2.658417e+01 -1.287643e+01 4.397187e+01
      vertex   2.996907e+01 -1.344579e+01 4.397187e+01
      vertex   3.001302e+01 -1.333967e+01 4.397187e+01
    endloop
  endfacet
  facet normal 0.000000e+00 -0.000000e+00 1.000000e+00
    outer loop
      vertex   3.001302e+01 -1.333967e+01 4.397187e+01
      vertex   3.004408e+01 -1.322376e+01 4.397187e+01
      vertex   2.658417e+01 -1.287643e+01 4.397187e+01
    endloop
  endfacet
  facet normal -0.000000e+00 0.000000e+00 1.000000e+00
    outer loop
      vertex   2.658417e+01 -1.287643e+01 4.397187e+01
      vertex   3.004408e+01 -1.322376e+01 4.397187e+01
      vertex   2.658417e+01 -1.184115e+01 4.397187e+01
    endloop
  endfacet
  facet normal 0.000000e+00 0.000000e+00 1.000000e+00
    outer loop
      vertex   2.658417e+01 -1.184115e+01 4.397187e+01
      vertex   3.004408e+01 -1.322376e+01 4.397187e+01
      vertex   3.005908e+01 -1.310988e+01 4.397187e+01
    endloop
  endfacet
  facet normal 0.000000e+00 0.000000e+00 1.000000e+00
    outer loop
      vertex   2.658417e+01 -1.184115e+01 4.397187e+01
      vertex   3.005908e+01 -1.310988e+01 4.397187e+01
      vertex   3.004408e+01 -1.299599e+01 4.397187e+01
    endloop
  endfacet
  facet normal 0.000000e+00 0.000000e+00 1.000000e+00
    outer loop
      vertex   2.658417e+01 -1.184115e+01 4.397187e+01
      vertex   3.004408e+01 -1.299599e+01 4.397187e+01
      vertex   2.973296e+01 -1.268487e+01 4.397187e+01
    endloop
  endfacet
  facet normal 0.000000e+00 0.000000e+00 1.000000e+00
    outer loop
      vertex   2.973296e+01 -1.268487e+01 4.397187e+01
      vertex   3.004408e+01 -1.299599e+01 4.397187e+01
      vertex   3.000013e+01 -1.288988e+01 4.397187e+01
    endloop
  endfacet
  facet normal 0.000000e+00 0.000000e+00 1.000000e+00
    outer loop
      vertex   2.973296e+01 -1.268487e+01 4.397187e+01
      vertex   3.000013e+01 -1.288988e+01 4.397187e+01
      vertex   2.993020e+01 -1.279875e+01 4.397187e+01
    endloop
  endfacet
  facet normal 0.000000e+00 0.000000e+00 1.000000e+00
    outer loop
      vertex   2.993020e+01 -1.279875e+01 4.397187e+01
      vertex   2.983908e+01 -1.272882e+01 4.397187e+01
      vertex   2.973296e+01 -1.268487e+01 4.397187e+01
    endloop
  endfacet
  facet normal 0.000000e+00 -1.000000e+00 0.000000e+00
    outer loop
      vertex   2.484996e+01 -4.709808e+00 3.910563e+01
      vertex   2.484996e+01 -4.709808e+00 4.210000e+01
      vertex   2.484504e+01 -4.709808e+00 3.910563e+01
    endloop
  endfacet
  facet normal 0.000000e+00 -1.000000e+00 0.000000e+00
    outer loop
      vertex   2.484504e+01 -4.709808e+00 3.910563e+01
      vertex   2.484996e+01 -4.709808e+00 4.210000e+01
      vertex   2.484504e+01 -4.709808e+00 4.210000e+01
    endloop
  endfacet
  facet normal 1.305262e-01 9.914449e-01 0.000000e+00
    outer loop
      vertex   -6.631085e+01 3.408203e+01 4.397187e+01
      vertex   -6.631085e+01 3.408203e+01 4.210563e+01
      vertex   -6.642474e+01 3.409703e+01 4.397187e+01
    endloop
  endfacet
  facet normal 1.305262e-01 9.914449e-01 0.000000e+00
    outer loop
      vertex   -6.642474e+01 3.409703e+01 4.397187e+01
      vertex   -6.631085e+01 3.408203e+01 4.210563e+01
      vertex   -6.642474e+01 3.409703e+01 4.210563e+01
    endloop
  endfacet
  facet normal -1.305262e-01 9.914449e-01 0.000000e+00
    outer loop
      vertex   -6.642474e+01 3.409703e+01 4.397187e+01
      vertex   -6.642474e+01 3.409703e+01 4.210563e+01
      vertex   -6.653862e+01 3.408203e+01 4.397187e+01
    endloop
  endfacet
  facet normal -1.305262e-01 9.914449e-01 0.000000e+00
    outer loop
      vertex   -6.653862e+01 3.408203e+01 4.397187e+01
      vertex   -6.642474e+01 3.409703e+01 4.210563e+01
      vertex   -6.653862e+01 3.408203e+01 4.210563e+01
    endloop
  endfacet
  facet normal -3.826834e-01 9.238795e-01 0.000000e+00
    outer loop
      vertex   -6.653862e+01 3.408203e+01 4.397187e+01
      vertex   -6.653862e+01 3.408203e+01 4.210563e+01
      vertex   -6.664474e+01 3.403808e+01 4.397187e+01
    endloop
  endfacet
  facet normal -3.826834e-01 9.238795e-01 0.000000e+00
    outer loop
      vertex   -6.664474e+01 3.403808e+01 4.397187e+01
      vertex   -6.653862e+01 3.408203e+01 4.210563e+01
      vertex   -6.664474e+01 3.403808e+01 4.210563e+01
    endloop
  endfacet
  facet normal -6.087614e-01 7.933533e-01 0.000000e+00
    outer loop
      vertex   -6.664474e+01 3.403808e+01 4.397187e+01
      vertex   -6.664474e+01 3.403808e+01 4.210563e+01
      vertex   -6.673586e+01 3.396815e+01 4.397187e+01
    endloop
  endfacet
  facet normal -6.087614e-01 7.933533e-01 0.000000e+00
    outer loop
      vertex   -6.673586e+01 3.396815e+01 4.397187e+01
      vertex   -6.664474e+01 3.403808e+01 4.210563e+01
      vertex   -6.673586e+01 3.396815e+01 4.210563e+01
    endloop
  endfacet
  facet normal -7.933533e-01 6.087614e-01 0.000000e+00
    outer loop
      vertex   -6.673586e+01 3.396815e+01 4.397187e+01
      vertex   -6.673586e+01 3.396815e+01 4.210563e+01
      vertex   -6.680579e+01 3.387703e+01 4.397187e+01
    endloop
  endfacet
  facet normal -7.933533e-01 6.087614e-01 2.317774e-15
    outer loop
      vertex   -6.680579e+01 3.387703e+01 4.397187e+01
      vertex   -6.673586e+01 3.396815e+01 4.210563e+01
      vertex   -6.680579e+01 3.387703e+01 4.210563e+01
    endloop
  endfacet
  facet normal -9.238795e-01 3.826834e-01 1.457014e-15
    outer loop
      vertex   -6.680579e+01 3.387703e+01 4.397187e+01
      vertex   -6.680579e+01 3.387703e+01 4.210563e+01
      vertex   -6.684974e+01 3.377091e+01 4.397187e+01
    endloop
  endfacet
  facet normal -9.238795e-01 3.826834e-01 1.457014e-15
    outer loop
      vertex   -6.684974e+01 3.377091e+01 4.397187e+01
      vertex   -6.680579e+01 3.387703e+01 4.210563e+01
      vertex   -6.684974e+01 3.377091e+01 4.210563e+01
    endloop
  endfacet
  facet normal -9.659258e-01 2.588190e-01 9.854173e-16
    outer loop
      vertex   -6.684974e+01 3.377091e+01 4.397187e+01
      vertex   -6.684974e+01 3.377091e+01 4.210563e+01
      vertex   -6.688080e+01 3.365500e+01 4.397187e+01
    endloop
  endfacet
  facet normal -9.659258e-01 2.588190e-01 0.000000e+00
    outer loop
      vertex   -6.688080e+01 3.365500e+01 4.397187e+01
      vertex   -6.684974e+01 3.377091e+01 4.210563e+01
      vertex   -6.688080e+01 3.365500e+01 4.210563e+01
    endloop
  endfacet
  facet normal 0.000000e+00 0.000000e+00 -1.000000e+00
    outer loop
      vertex   -6.688080e+01 3.365500e+01 4.210563e+01
      vertex   -6.684974e+01 3.377091e+01 4.210563e+01
      vertex   -6.342089e+01 3.274771e+01 4.210563e+01
    endloop
  endfacet
  facet normal 0.000000e+00 0.000000e+00 -1.000000e+00
    outer loop
      vertex   -6.342089e+01 3.274771e+01 4.210563e+01
      vertex   -6.684974e+01 3.377091e+01 4.210563e+01
      vertex   -6.680579e+01 3.387703e+01 4.210563e+01
    endloop
  endfacet
  facet normal 0.000000e+00 0.000000e+00 -1.000000e+00
    outer loop
      vertex   -6.342089e+01 3.274771e+01 4.210563e+01
      vertex   -6.680579e+01 3.387703e+01 4.210563e+01
      vertex   -6.673586e+01 3.396815e+01 4.210563e+01
    endloop
  endfacet
  facet normal 0.000000e+00 0.000000e+00 -1.000000e+00
    outer loop
      vertex   -6.673586e+01 3.396815e+01 4.210563e+01
      vertex   -6.664474e+01 3.403808e+01 4.210563e+01
      vertex   -6.342089e+01 3.274771e+01 4.210563e+01
    endloop
  endfacet
  facet normal 0.000000e+00 0.000000e+00 -1.000000e+00
    outer loop
      vertex   -6.342089e+01 3.274771e+01 4.210563e+01
      vertex   -6.664474e+01 3.403808e+01 4.210563e+01
      vertex   -6.631085e+01 3.408203e+01 4.210563e+01
    endloop
  endfacet
  facet normal 0.000000e+00 0.000000e+00 -1.000000e+00
    outer loop
      vertex   -6.342089e+01 3.274771e+01 4.210563e+01
      vertex   -6.631085e+01 3.408203e+01 4.210563e+01
      vertex   -6.142989e+01 3.274771e+01 4.210563e+01
    endloop
  endfacet
  facet normal 0.000000e+00 0.000000e+00 -1.000000e+00
    outer loop
      vertex   -6.142989e+01 3.274771e+01 4.210563e+01
      vertex   -6.631085e+01 3.408203e+01 4.210563e+01
      vertex   -6.142327e+01 3.277241e+01 4.210563e+01
    endloop
  endfacet
  facet normal 0.000000e+00 0.000000e+00 -1.000000e+00
    outer loop
      vertex   -6.664474e+01 3.403808e+01 4.210563e+01
      vertex   -6.653862e+01 3.408203e+01 4.210563e+01
      vertex   -6.631085e+01 3.408203e+01 4.210563e+01
    endloop
  endfacet
  facet normal 0.000000e+00 0.000000e+00 -1.000000e+00
    outer loop
      vertex   -6.631085e+01 3.408203e+01 4.210563e+01
      vertex   -6.653862e+01 3.408203e+01 4.210563e+01
      vertex   -6.642474e+01 3.409703e+01 4.210563e+01
    endloop
  endfacet
  facet normal 0.000000e+00 0.000000e+00 -1.000000e+00
    outer loop
      vertex   -6.342089e+01 3.227239e+01 4.210563e+01
      vertex   -6.683684e+01 3.332112e+01 4.210563e+01
      vertex   -6.342089e+01 3.274771e+01 4.210563e+01
    endloop
  endfacet
  facet normal 0.000000e+00 0.000000e+00 -1.000000e+00
    outer loop
      vertex   -6.342089e+01 3.274771e+01 4.210563e+01
      vertex   -6.683684e+01 3.332112e+01 4.210563e+01
      vertex   -6.688080e+01 3.342723e+01 4.210563e+01
    endloop
  endfacet
  facet normal 0.000000e+00 0.000000e+00 -1.000000e+00
    outer loop
      vertex   -6.342089e+01 3.274771e+01 4.210563e+01
      vertex   -6.688080e+01 3.342723e+01 4.210563e+01
      vertex   -6.689579e+01 3.354112e+01 4.210563e+01
    endloop
  endfacet
  facet normal 0.000000e+00 0.000000e+00 -1.000000e+00
    outer loop
      vertex   -6.342089e+01 3.227239e+01 4.210563e+01
      vertex   -6.656967e+01 3.311611e+01 4.210563e+01
      vertex   -6.683684e+01 3.332112e+01 4.210563e+01
    endloop
  endfacet
  facet normal 0.000000e+00 0.000000e+00 -1.000000e+00
    outer loop
      vertex   -6.683684e+01 3.332112e+01 4.210563e+01
      vertex   -6.656967e+01 3.311611e+01 4.210563e+01
      vertex   -6.676692e+01 3.322999e+01 4.210563e+01
    endloop
  endfacet
  facet normal 0.000000e+00 0.000000e+00 -1.000000e+00
    outer loop
      vertex   -6.676692e+01 3.322999e+01 4.210563e+01
      vertex   -6.656967e+01 3.311611e+01 4.210563e+01
      vertex   -6.667579e+01 3.316006e+01 4.210563e+01
    endloop
  endfacet
  facet normal 0.000000e+00 0.000000e+00 -1.000000e+00
    outer loop
      vertex   -6.689579e+01 3.354112e+01 4.210563e+01
      vertex   -6.688080e+01 3.365500e+01 4.210563e+01
      vertex   -6.342089e+01 3.274771e+01 4.210563e+01
    endloop
  endfacet
  facet normal -9.914449e-01 1.305262e-01 0.000000e+00
    outer loop
      vertex   -6.688080e+01 3.365500e+01 4.397187e+01
      vertex   -6.688080e+01 3.365500e+01 4.210563e+01
      vertex   -6.689579e+01 3.354112e+01 4.397187e+01
    endloop
  endfacet
  facet normal -9.914449e-01 1.305262e-01 0.000000e+00
    outer loop
      vertex   -6.689579e+01 3.354112e+01 4.397187e+01
      vertex   -6.688080e+01 3.365500e+01 4.210563e+01
      vertex   -6.689579e+01 3.354112e+01 4.210563e+01
    endloop
  endfacet
  facet normal -9.914449e-01 -1.305262e-01 -0.000000e+00
    outer loop
      vertex   -6.689579e+01 3.354112e+01 4.397187e+01
      vertex   -6.689579e+01 3.354112e+01 4.210563e+01
      vertex   -6.688080e+01 3.342723e+01 4.397187e+01
    endloop
  endfacet
  facet normal -9.914449e-01 -1.305262e-01 -0.000000e+00
    outer loop
      vertex   -6.688080e+01 3.342723e+01 4.397187e+01
      vertex   -6.689579e+01 3.354112e+01 4.210563e+01
      vertex   -6.688080e+01 3.342723e+01 4.210563e+01
    endloop
  endfacet
  facet normal -9.238795e-01 -3.826834e-01 -0.000000e+00
    outer loop
      vertex   -6.688080e+01 3.342723e+01 4.397187e+01
      vertex   -6.688080e+01 3.342723e+01 4.210563e+01
      vertex   -6.683684e+01 3.332112e+01 4.397187e+01
    endloop
  endfacet
  facet normal -9.238795e-01 -3.826834e-01 -0.000000e+00
    outer loop
      vertex   -6.683684e+01 3.332112e+01 4.397187e+01
      vertex   -6.688080e+01 3.342723e+01 4.210563e+01
      vertex   -6.683684e+01 3.332112e+01 4.210563e+01
    endloop
  endfacet
  facet normal -7.933533e-01 -6.087614e-01 -0.000000e+00
    outer loop
      vertex   -6.683684e+01 3.332112e+01 4.397187e+01
      vertex   -6.683684e+01 3.332112e+01 4.210563e+01
      vertex   -6.676692e+01 3.322999e+01 4.397187e+01
    endloop
  endfacet
  facet normal -7.933533e-01 -6.087614e-01 -0.000000e+00
    outer loop
      vertex   -6.676692e+01 3.322999e+01 4.397187e+01
      vertex   -6.683684e+01 3.332112e+01 4.210563e+01
      vertex   -6.676692e+01 3.322999e+01 4.210563e+01
    endloop
  endfacet
  facet normal -6.087614e-01 -7.933533e-01 -0.000000e+00
    outer loop
      vertex   -6.676692e+01 3.322999e+01 4.397187e+01
      vertex   -6.676692e+01 3.322999e+01 4.210563e+01
      vertex   -6.667579e+01 3.316006e+01 4.397187e+01
    endloop
  endfacet
  facet normal -6.087614e-01 -7.933533e-01 -0.000000e+00
    outer loop
      vertex   -6.667579e+01 3.316006e+01 4.397187e+01
      vertex   -6.676692e+01 3.322999e+01 4.210563e+01
      vertex   -6.667579e+01 3.316006e+01 4.210563e+01
    endloop
  endfacet
  facet normal -3.826834e-01 -9.238795e-01 -0.000000e+00
    outer loop
      vertex   -6.667579e+01 3.316006e+01 4.397187e+01
      vertex   -6.667579e+01 3.316006e+01 4.210563e+01
      vertex   -6.656967e+01 3.311611e+01 4.397187e+01
    endloop
  endfacet
  facet normal -3.826834e-01 -9.238795e-01 -0.000000e+00
    outer loop
      vertex   -6.656967e+01 3.311611e+01 4.397187e+01
      vertex   -6.667579e+01 3.316006e+01 4.210563e+01
      vertex   -6.656967e+01 3.311611e+01 4.210563e+01
    endloop
  endfacet
  facet normal 1.305262e-01 9.914449e-01 0.000000e+00
    outer loop
      vertex   -6.631085e+01 3.074870e+01 4.397187e+01
      vertex   -6.631085e+01 3.074870e+01 4.210563e+01
      vertex   -6.642474e+01 3.076369e+01 4.397187e+01
    endloop
  endfacet
  facet normal 1.305262e-01 9.914449e-01 -9.939204e-16
    outer loop
      vertex   -6.642474e+01 3.076369e+01 4.397187e+01
      vertex   -6.631085e+01 3.074870e+01 4.210563e+01
      vertex   -6.642474e+01 3.076369e+01 4.210563e+01
    endloop
  endfacet
  facet normal -1.305262e-01 9.914449e-01 9.939204e-16
    outer loop
      vertex   -6.642474e+01 3.076369e+01 4.397187e+01
      vertex   -6.642474e+01 3.076369e+01 4.210563e+01
      vertex   -6.653862e+01 3.074870e+01 4.397187e+01
    endloop
  endfacet
  facet normal -1.305262e-01 9.914449e-01 0.000000e+00
    outer loop
      vertex   -6.653862e+01 3.074870e+01 4.397187e+01
      vertex   -6.642474e+01 3.076369e+01 4.210563e+01
      vertex   -6.653862e+01 3.074870e+01 4.210563e+01
    endloop
  endfacet
  facet normal -3.826834e-01 9.238795e-01 0.000000e+00
    outer loop
      vertex   -6.653862e+01 3.074870e+01 4.397187e+01
      vertex   -6.653862e+01 3.074870e+01 4.210563e+01
      vertex   -6.664474e+01 3.070474e+01 4.397187e+01
    endloop
  endfacet
  facet normal -3.826834e-01 9.238795e-01 0.000000e+00
    outer loop
      vertex   -6.664474e+01 3.070474e+01 4.397187e+01
      vertex   -6.653862e+01 3.074870e+01 4.210563e+01
      vertex   -6.664474e+01 3.070474e+01 4.210563e+01
    endloop
  endfacet
  facet normal -6.087614e-01 7.933533e-01 0.000000e+00
    outer loop
      vertex   -6.664474e+01 3.070474e+01 4.397187e+01
      vertex   -6.664474e+01 3.070474e+01 4.210563e+01
      vertex   -6.673586e+01 3.063482e+01 4.397187e+01
    endloop
  endfacet
  facet normal -6.087614e-01 7.933533e-01 -3.020582e-15
    outer loop
      vertex   -6.673586e+01 3.063482e+01 4.397187e+01
      vertex   -6.664474e+01 3.070474e+01 4.210563e+01
      vertex   -6.673586e+01 3.063482e+01 4.210563e+01
    endloop
  endfacet
  facet normal -7.933533e-01 6.087614e-01 -2.317774e-15
    outer loop
      vertex   -6.673586e+01 3.063482e+01 4.397187e+01
      vertex   -6.673586e+01 3.063482e+01 4.210563e+01
      vertex   -6.680579e+01 3.054369e+01 4.397187e+01
    endloop
  endfacet
  facet normal -7.933533e-01 6.087614e-01 0.000000e+00
    outer loop
      vertex   -6.680579e+01 3.054369e+01 4.397187e+01
      vertex   -6.673586e+01 3.063482e+01 4.210563e+01
      vertex   -6.680579e+01 3.054369e+01 4.210563e+01
    endloop
  endfacet
  facet normal -9.238795e-01 3.826834e-01 0.000000e+00
    outer loop
      vertex   -6.680579e+01 3.054369e+01 4.397187e+01
      vertex   -6.680579e+01 3.054369e+01 4.210563e+01
      vertex   -6.684974e+01 3.043757e+01 4.397187e+01
    endloop
  endfacet
  facet normal -9.238795e-01 3.826834e-01 0.000000e+00
    outer loop
      vertex   -6.684974e+01 3.043757e+01 4.397187e+01
      vertex   -6.680579e+01 3.054369e+01 4.210563e+01
      vertex   -6.684974e+01 3.043757e+01 4.210563e+01
    endloop
  endfacet
  facet normal -9.659258e-01 2.588190e-01 0.000000e+00
    outer loop
      vertex   -6.684974e+01 3.043757e+01 4.397187e+01
      vertex   -6.684974e+01 3.043757e+01 4.210563e+01
      vertex   -6.688080e+01 3.032166e+01 4.397187e+01
    endloop
  endfacet
  facet normal -9.659258e-01 2.588190e-01 9.854173e-16
    outer loop
      vertex   -6.688080e+01 3.032166e+01 4.397187e+01
      vertex   -6.684974e+01 3.043757e+01 4.210563e+01
      vertex   -6.688080e+01 3.032166e+01 4.210563e+01
    endloop
  endfacet
  facet normal 0.000000e+00 0.000000e+00 -1.000000e+00
    outer loop
      vertex   -6.688080e+01 3.032166e+01 4.210563e+01
      vertex   -6.684974e+01 3.043757e+01 4.210563e+01
      vertex   -6.342089e+01 2.997434e+01 4.210563e+01
    endloop
  endfacet
  facet normal 0.000000e+00 0.000000e+00 -1.000000e+00
    outer loop
      vertex   -6.342089e+01 2.997434e+01 4.210563e+01
      vertex   -6.684974e+01 3.043757e+01 4.210563e+01
      vertex   -6.680579e+01 3.054369e+01 4.210563e+01
    endloop
  endfacet
  facet normal 0.000000e+00 0.000000e+00 -1.000000e+00
    outer loop
      vertex   -6.342089e+01 2.997434e+01 4.210563e+01
      vertex   -6.680579e+01 3.054369e+01 4.210563e+01
      vertex   -6.673586e+01 3.063482e+01 4.210563e+01
    endloop
  endfacet
  facet normal 0.000000e+00 0.000000e+00 -1.000000e+00
    outer loop
      vertex   -6.342089e+01 2.997434e+01 4.210563e+01
      vertex   -6.673586e+01 3.063482e+01 4.210563e+01
      vertex   -6.631085e+01 3.074870e+01 4.210563e+01
    endloop
  endfacet
  facet normal 0.000000e+00 0.000000e+00 -1.000000e+00
    outer loop
      vertex   -6.631085e+01 3.074870e+01 4.210563e+01
      vertex   -6.673586e+01 3.063482e+01 4.210563e+01
      vertex   -6.664474e+01 3.070474e+01 4.210563e+01
    endloop
  endfacet
  facet normal 0.000000e+00 0.000000e+00 -1.000000e+00
    outer loop
      vertex   -6.631085e+01 3.074870e+01 4.210563e+01
      vertex   -6.664474e+01 3.070474e+01 4.210563e+01
      vertex   -6.653862e+01 3.074870e+01 4.210563e+01
    endloop
  endfacet
  facet normal 0.000000e+00 0.000000e+00 -1.000000e+00
    outer loop
      vertex   -6.653862e+01 3.074870e+01 4.210563e+01
      vertex   -6.642474e+01 3.076369e+01 4.210563e+01
      vertex   -6.631085e+01 3.074870e+01 4.210563e+01
    endloop
  endfacet
  facet normal -0.000000e+00 -0.000000e+00 -1.000000e+00
    outer loop
      vertex   -6.342089e+01 2.997434e+01 4.210563e+01
      vertex   -6.342089e+01 2.893906e+01 4.210563e+01
      vertex   -6.688080e+01 3.032166e+01 4.210563e+01
    endloop
  endfacet
  facet normal 0.000000e+00 -0.000000e+00 -1.000000e+00
    outer loop
      vertex   -6.688080e+01 3.032166e+01 4.210563e+01
      vertex   -6.342089e+01 2.893906e+01 4.210563e+01
      vertex   -6.689579e+01 3.020778e+01 4.210563e+01
    endloop
  endfacet
  facet normal 0.000000e+00 0.000000e+00 -1.000000e+00
    outer loop
      vertex   -6.689579e+01 3.020778e+01 4.210563e+01
      vertex   -6.342089e+01 2.893906e+01 4.210563e+01
      vertex   -6.688080e+01 3.009390e+01 4.210563e+01
    endloop
  endfacet
  facet normal 0.000000e+00 0.000000e+00 -1.000000e+00
    outer loop
      vertex   -6.688080e+01 3.009390e+01 4.210563e+01
      vertex   -6.342089e+01 2.893906e+01 4.210563e+01
      vertex   -6.656967e+01 2.978277e+01 4.210563e+01
    endloop
  endfacet
  facet normal 0.000000e+00 0.000000e+00 -1.000000e+00
    outer loop
      vertex   -6.688080e+01 3.009390e+01 4.210563e+01
      vertex   -6.656967e+01 2.978277e+01 4.210563e+01
      vertex   -6.683684e+01 2.998778e+01 4.210563e+01
    endloop
  endfacet
  facet normal 0.000000e+00 0.000000e+00 -1.000000e+00
    outer loop
      vertex   -6.683684e+01 2.998778e+01 4.210563e+01
      vertex   -6.656967e+01 2.978277e+01 4.210563e+01
      vertex   -6.676692e+01 2.989665e+01 4.210563e+01
    endloop
  endfacet
  facet normal 0.000000e+00 0.000000e+00 -1.000000e+00
    outer loop
      vertex   -6.676692e+01 2.989665e+01 4.210563e+01
      vertex   -6.656967e+01 2.978277e+01 4.210563e+01
      vertex   -6.667579e+01 2.982673e+01 4.210563e+01
    endloop
  endfacet
  facet normal -9.914449e-01 1.305262e-01 4.969602e-16
    outer loop
      vertex   -6.688080e+01 3.032166e+01 4.397187e+01
      vertex   -6.688080e+01 3.032166e+01 4.210563e+01
      vertex   -6.689579e+01 3.020778e+01 4.397187e+01
    endloop
  endfacet
  facet normal -9.914449e-01 1.305262e-01 4.969602e-16
    outer loop
      vertex   -6.689579e+01 3.020778e+01 4.397187e+01
      vertex   -6.688080e+01 3.032166e+01 4.210563e+01
      vertex   -6.689579e+01 3.020778e+01 4.210563e+01
    endloop
  endfacet
  facet normal -9.914449e-01 -1.305262e-01 -4.969602e-16
    outer loop
      vertex   -6.689579e+01 3.020778e+01 4.397187e+01
      vertex   -6.689579e+01 3.020778e+01 4.210563e+01
      vertex   -6.688080e+01 3.009390e+01 4.397187e+01
    endloop
  endfacet
  facet normal -9.914449e-01 -1.305262e-01 -0.000000e+00
    outer loop
      vertex   -6.688080e+01 3.009390e+01 4.397187e+01
      vertex   -6.689579e+01 3.020778e+01 4.210563e+01
      vertex   -6.688080e+01 3.009390e+01 4.210563e+01
    endloop
  endfacet
  facet normal -9.238795e-01 -3.826834e-01 -0.000000e+00
    outer loop
      vertex   -6.688080e+01 3.009390e+01 4.397187e+01
      vertex   -6.688080e+01 3.009390e+01 4.210563e+01
      vertex   -6.683684e+01 2.998778e+01 4.397187e+01
    endloop
  endfacet
  facet normal -9.238795e-01 -3.826834e-01 -7.285068e-16
    outer loop
      vertex   -6.683684e+01 2.998778e+01 4.397187e+01
      vertex   -6.688080e+01 3.009390e+01 4.210563e+01
      vertex   -6.683684e+01 2.998778e+01 4.210563e+01
    endloop
  endfacet
  facet normal -7.933533e-01 -6.087614e-01 -1.158887e-15
    outer loop
      vertex   -6.683684e+01 2.998778e+01 4.397187e+01
      vertex   -6.683684e+01 2.998778e+01 4.210563e+01
      vertex   -6.676692e+01 2.989665e+01 4.397187e+01
    endloop
  endfacet
  facet normal -7.933533e-01 -6.087614e-01 -0.000000e+00
    outer loop
      vertex   -6.676692e+01 2.989665e+01 4.397187e+01
      vertex   -6.683684e+01 2.998778e+01 4.210563e+01
      vertex   -6.676692e+01 2.989665e+01 4.210563e+01
    endloop
  endfacet
  facet normal -6.087614e-01 -7.933533e-01 -0.000000e+00
    outer loop
      vertex   -6.676692e+01 2.989665e+01 4.397187e+01
      vertex   -6.676692e+01 2.989665e+01 4.210563e+01
      vertex   -6.667579e+01 2.982673e+01 4.397187e+01
    endloop
  endfacet
  facet normal -6.087614e-01 -7.933533e-01 -0.000000e+00
    outer loop
      vertex   -6.667579e+01 2.982673e+01 4.397187e+01
      vertex   -6.676692e+01 2.989665e+01 4.210563e+01
      vertex   -6.667579e+01 2.982673e+01 4.210563e+01
    endloop
  endfacet
  facet normal -3.826834e-01 -9.238795e-01 -0.000000e+00
    outer loop
      vertex   -6.667579e+01 2.982673e+01 4.397187e+01
      vertex   -6.667579e+01 2.982673e+01 4.210563e+01
      vertex   -6.656967e+01 2.978277e+01 4.397187e+01
    endloop
  endfacet
  facet normal -3.826834e-01 -9.238795e-01 -0.000000e+00
    outer loop
      vertex   -6.656967e+01 2.978277e+01 4.397187e+01
      vertex   -6.667579e+01 2.982673e+01 4.210563e+01
      vertex   -6.656967e+01 2.978277e+01 4.210563e+01
    endloop
  endfacet
  facet normal 1.305262e-01 9.914449e-01 0.000000e+00
    outer loop
      vertex   -6.631085e+01 2.741537e+01 4.397187e+01
      vertex   -6.631085e+01 2.741537e+01 4.210563e+01
      vertex   -6.642474e+01 2.743036e+01 4.397187e+01
    endloop
  endfacet
  facet normal 1.305262e-01 9.914449e-01 9.939204e-16
    outer loop
      vertex   -6.642474e+01 2.743036e+01 4.397187e+01
      vertex   -6.631085e+01 2.741537e+01 4.210563e+01
      vertex   -6.642474e+01 2.743036e+01 4.210563e+01
    endloop
  endfacet
  facet normal -1.305262e-01 9.914449e-01 -9.939204e-16
    outer loop
      vertex   -6.642474e+01 2.743036e+01 4.397187e+01
      vertex   -6.642474e+01 2.743036e+01 4.210563e+01
      vertex   -6.653862e+01 2.741537e+01 4.397187e+01
    endloop
  endfacet
  facet normal -1.305262e-01 9.914449e-01 0.000000e+00
    outer loop
      vertex   -6.653862e+01 2.741537e+01 4.397187e+01
      vertex   -6.642474e+01 2.743036e+01 4.210563e+01
      vertex   -6.653862e+01 2.741537e+01 4.210563e+01
    endloop
  endfacet
  facet normal -3.826834e-01 9.238795e-01 0.000000e+00
    outer loop
      vertex   -6.653862e+01 2.741537e+01 4.397187e+01
      vertex   -6.653862e+01 2.741537e+01 4.210563e+01
      vertex   -6.664474e+01 2.737141e+01 4.397187e+01
    endloop
  endfacet
  facet normal -3.826834e-01 9.238795e-01 0.000000e+00
    outer loop
      vertex   -6.664474e+01 2.737141e+01 4.397187e+01
      vertex   -6.653862e+01 2.741537e+01 4.210563e+01
      vertex   -6.664474e+01 2.737141e+01 4.210563e+01
    endloop
  endfacet
  facet normal -6.087614e-01 7.933533e-01 0.000000e+00
    outer loop
      vertex   -6.664474e+01 2.737141e+01 4.397187e+01
      vertex   -6.664474e+01 2.737141e+01 4.210563e+01
      vertex   -6.673586e+01 2.730149e+01 4.397187e+01
    endloop
  endfacet
  facet normal -6.087614e-01 7.933533e-01 1.510291e-15
    outer loop
      vertex   -6.673586e+01 2.730149e+01 4.397187e+01
      vertex   -6.664474e+01 2.737141e+01 4.210563e+01
      vertex   -6.673586e+01 2.730149e+01 4.210563e+01
    endloop
  endfacet
  facet normal -7.933533e-01 6.087614e-01 1.158887e-15
    outer loop
      vertex   -6.673586e+01 2.730149e+01 4.397187e+01
      vertex   -6.673586e+01 2.730149e+01 4.210563e+01
      vertex   -6.680579e+01 2.721036e+01 4.397187e+01
    endloop
  endfacet
  facet normal -7.933533e-01 6.087614e-01 0.000000e+00
    outer loop
      vertex   -6.680579e+01 2.721036e+01 4.397187e+01
      vertex   -6.673586e+01 2.730149e+01 4.210563e+01
      vertex   -6.680579e+01 2.721036e+01 4.210563e+01
    endloop
  endfacet
  facet normal -9.238795e-01 3.826834e-01 0.000000e+00
    outer loop
      vertex   -6.680579e+01 2.721036e+01 4.397187e+01
      vertex   -6.680579e+01 2.721036e+01 4.210563e+01
      vertex   -6.684974e+01 2.710424e+01 4.397187e+01
    endloop
  endfacet
  facet normal -9.238795e-01 3.826834e-01 0.000000e+00
    outer loop
      vertex   -6.684974e+01 2.710424e+01 4.397187e+01
      vertex   -6.680579e+01 2.721036e+01 4.210563e+01
      vertex   -6.684974e+01 2.710424e+01 4.210563e+01
    endloop
  endfacet
  facet normal -9.659258e-01 2.588190e-01 0.000000e+00
    outer loop
      vertex   -6.684974e+01 2.710424e+01 4.397187e+01
      vertex   -6.684974e+01 2.710424e+01 4.210563e+01
      vertex   -6.688080e+01 2.698833e+01 4.397187e+01
    endloop
  endfacet
  facet normal -9.659258e-01 2.588190e-01 1.478126e-15
    outer loop
      vertex   -6.688080e+01 2.698833e+01 4.397187e+01
      vertex   -6.684974e+01 2.710424e+01 4.210563e+01
      vertex   -6.688080e+01 2.698833e+01 4.210563e+01
    endloop
  endfacet
  facet normal 0.000000e+00 0.000000e+00 -1.000000e+00
    outer loop
      vertex   -6.688080e+01 2.698833e+01 4.210563e+01
      vertex   -6.684974e+01 2.710424e+01 4.210563e+01
      vertex   -6.342089e+01 2.664100e+01 4.210563e+01
    endloop
  endfacet
  facet normal 0.000000e+00 0.000000e+00 -1.000000e+00
    outer loop
      vertex   -6.342089e+01 2.664100e+01 4.210563e+01
      vertex   -6.684974e+01 2.710424e+01 4.210563e+01
      vertex   -6.680579e+01 2.721036e+01 4.210563e+01
    endloop
  endfacet
  facet normal 0.000000e+00 0.000000e+00 -1.000000e+00
    outer loop
      vertex   -6.342089e+01 2.664100e+01 4.210563e+01
      vertex   -6.680579e+01 2.721036e+01 4.210563e+01
      vertex   -6.673586e+01 2.730149e+01 4.210563e+01
    endloop
  endfacet
  facet normal 0.000000e+00 0.000000e+00 -1.000000e+00
    outer loop
      vertex   -6.342089e+01 2.664100e+01 4.210563e+01
      vertex   -6.673586e+01 2.730149e+01 4.210563e+01
      vertex   -6.631085e+01 2.741537e+01 4.210563e+01
    endloop
  endfacet
  facet normal 0.000000e+00 0.000000e+00 -1.000000e+00
    outer loop
      vertex   -6.631085e+01 2.741537e+01 4.210563e+01
      vertex   -6.673586e+01 2.730149e+01 4.210563e+01
      vertex   -6.664474e+01 2.737141e+01 4.210563e+01
    endloop
  endfacet
  facet normal 0.000000e+00 0.000000e+00 -1.000000e+00
    outer loop
      vertex   -6.631085e+01 2.741537e+01 4.210563e+01
      vertex   -6.664474e+01 2.737141e+01 4.210563e+01
      vertex   -6.653862e+01 2.741537e+01 4.210563e+01
    endloop
  endfacet
  facet normal 0.000000e+00 0.000000e+00 -1.000000e+00
    outer loop
      vertex   -6.653862e+01 2.741537e+01 4.210563e+01
      vertex   -6.642474e+01 2.743036e+01 4.210563e+01
      vertex   -6.631085e+01 2.741537e+01 4.210563e+01
    endloop
  endfacet
  facet normal -0.000000e+00 -0.000000e+00 -1.000000e+00
    outer loop
      vertex   -6.342089e+01 2.664100e+01 4.210563e+01
      vertex   -6.342089e+01 2.560573e+01 4.210563e+01
      vertex   -6.688080e+01 2.698833e+01 4.210563e+01
    endloop
  endfacet
  facet normal 0.000000e+00 -0.000000e+00 -1.000000e+00
    outer loop
      vertex   -6.688080e+01 2.698833e+01 4.210563e+01
      vertex   -6.342089e+01 2.560573e+01 4.210563e+01
      vertex   -6.689579e+01 2.687445e+01 4.210563e+01
    endloop
  endfacet
  facet normal 0.000000e+00 0.000000e+00 -1.000000e+00
    outer loop
      vertex   -6.689579e+01 2.687445e+01 4.210563e+01
      vertex   -6.342089e+01 2.560573e+01 4.210563e+01
      vertex   -6.688080e+01 2.676057e+01 4.210563e+01
    endloop
  endfacet
  facet normal 0.000000e+00 0.000000e+00 -1.000000e+00
    outer loop
      vertex   -6.688080e+01 2.676057e+01 4.210563e+01
      vertex   -6.342089e+01 2.560573e+01 4.210563e+01
      vertex   -6.656967e+01 2.644944e+01 4.210563e+01
    endloop
  endfacet
  facet normal 0.000000e+00 0.000000e+00 -1.000000e+00
    outer loop
      vertex   -6.688080e+01 2.676057e+01 4.210563e+01
      vertex   -6.656967e+01 2.644944e+01 4.210563e+01
      vertex   -6.683684e+01 2.665445e+01 4.210563e+01
    endloop
  endfacet
  facet normal 0.000000e+00 0.000000e+00 -1.000000e+00
    outer loop
      vertex   -6.683684e+01 2.665445e+01 4.210563e+01
      vertex   -6.656967e+01 2.644944e+01 4.210563e+01
      vertex   -6.676692e+01 2.656332e+01 4.210563e+01
    endloop
  endfacet
  facet normal 0.000000e+00 0.000000e+00 -1.000000e+00
    outer loop
      vertex   -6.676692e+01 2.656332e+01 4.210563e+01
      vertex   -6.656967e+01 2.644944e+01 4.210563e+01
      vertex   -6.667579e+01 2.649340e+01 4.210563e+01
    endloop
  endfacet
  facet normal -9.914449e-01 1.305262e-01 7.454403e-16
    outer loop
      vertex   -6.688080e+01 2.698833e+01 4.397187e+01
      vertex   -6.688080e+01 2.698833e+01 4.210563e+01
      vertex   -6.689579e+01 2.687445e+01 4.397187e+01
    endloop
  endfacet
  facet normal -9.914449e-01 1.305262e-01 2.484801e-16
    outer loop
      vertex   -6.689579e+01 2.687445e+01 4.397187e+01
      vertex   -6.688080e+01 2.698833e+01 4.210563e+01
      vertex   -6.689579e+01 2.687445e+01 4.210563e+01
    endloop
  endfacet
  facet normal -9.914449e-01 -1.305262e-01 -2.484801e-16
    outer loop
      vertex   -6.689579e+01 2.687445e+01 4.397187e+01
      vertex   -6.689579e+01 2.687445e+01 4.210563e+01
      vertex   -6.688080e+01 2.676057e+01 4.397187e+01
    endloop
  endfacet
  facet normal -9.914449e-01 -1.305262e-01 -2.484801e-16
    outer loop
      vertex   -6.688080e+01 2.676057e+01 4.397187e+01
      vertex   -6.689579e+01 2.687445e+01 4.210563e+01
      vertex   -6.688080e+01 2.676057e+01 4.210563e+01
    endloop
  endfacet
  facet normal -9.238795e-01 -3.826834e-01 -7.285068e-16
    outer loop
      vertex   -6.688080e+01 2.676057e+01 4.397187e+01
      vertex   -6.688080e+01 2.676057e+01 4.210563e+01
      vertex   -6.683684e+01 2.665445e+01 4.397187e+01
    endloop
  endfacet
  facet normal -9.238795e-01 -3.826834e-01 -1.457014e-15
    outer loop
      vertex   -6.683684e+01 2.665445e+01 4.397187e+01
      vertex   -6.688080e+01 2.676057e+01 4.210563e+01
      vertex   -6.683684e+01 2.665445e+01 4.210563e+01
    endloop
  endfacet
  facet normal -7.933533e-01 -6.087614e-01 -2.317774e-15
    outer loop
      vertex   -6.683684e+01 2.665445e+01 4.397187e+01
      vertex   -6.683684e+01 2.665445e+01 4.210563e+01
      vertex   -6.676692e+01 2.656332e+01 4.397187e+01
    endloop
  endfacet
  facet normal -7.933533e-01 -6.087614e-01 -0.000000e+00
    outer loop
      vertex   -6.676692e+01 2.656332e+01 4.397187e+01
      vertex   -6.683684e+01 2.665445e+01 4.210563e+01
      vertex   -6.676692e+01 2.656332e+01 4.210563e+01
    endloop
  endfacet
  facet normal -6.087614e-01 -7.933533e-01 -0.000000e+00
    outer loop
      vertex   -6.676692e+01 2.656332e+01 4.397187e+01
      vertex   -6.676692e+01 2.656332e+01 4.210563e+01
      vertex   -6.667579e+01 2.649340e+01 4.397187e+01
    endloop
  endfacet
  facet normal -6.087614e-01 -7.933533e-01 -0.000000e+00
    outer loop
      vertex   -6.667579e+01 2.649340e+01 4.397187e+01
      vertex   -6.676692e+01 2.656332e+01 4.210563e+01
      vertex   -6.667579e+01 2.649340e+01 4.210563e+01
    endloop
  endfacet
  facet normal -3.826834e-01 -9.238795e-01 -0.000000e+00
    outer loop
      vertex   -6.667579e+01 2.649340e+01 4.397187e+01
      vertex   -6.667579e+01 2.649340e+01 4.210563e+01
      vertex   -6.656967e+01 2.644944e+01 4.397187e+01
    endloop
  endfacet
  facet normal -3.826834e-01 -9.238795e-01 -0.000000e+00
    outer loop
      vertex   -6.656967e+01 2.644944e+01 4.397187e+01
      vertex   -6.667579e+01 2.649340e+01 4.210563e+01
      vertex   -6.656967e+01 2.644944e+01 4.210563e+01
    endloop
  endfacet
  facet normal 1.305262e-01 9.914449e-01 0.000000e+00
    outer loop
      vertex   -6.631085e+01 2.408203e+01 4.397187e+01
      vertex   -6.631085e+01 2.408203e+01 4.210563e+01
      vertex   -6.642474e+01 2.409703e+01 4.397187e+01
    endloop
  endfacet
  facet normal 1.305262e-01 9.914449e-01 0.000000e+00
    outer loop
      vertex   -6.642474e+01 2.409703e+01 4.397187e+01
      vertex   -6.631085e+01 2.408203e+01 4.210563e+01
      vertex   -6.642474e+01 2.409703e+01 4.210563e+01
    endloop
  endfacet
  facet normal -1.305262e-01 9.914449e-01 0.000000e+00
    outer loop
      vertex   -6.642474e+01 2.409703e+01 4.397187e+01
      vertex   -6.642474e+01 2.409703e+01 4.210563e+01
      vertex   -6.653862e+01 2.408203e+01 4.397187e+01
    endloop
  endfacet
  facet normal -1.305262e-01 9.914449e-01 0.000000e+00
    outer loop
      vertex   -6.653862e+01 2.408203e+01 4.397187e+01
      vertex   -6.642474e+01 2.409703e+01 4.210563e+01
      vertex   -6.653862e+01 2.408203e+01 4.210563e+01
    endloop
  endfacet
  facet normal -3.826834e-01 9.238795e-01 0.000000e+00
    outer loop
      vertex   -6.653862e+01 2.408203e+01 4.397187e+01
      vertex   -6.653862e+01 2.408203e+01 4.210563e+01
      vertex   -6.664474e+01 2.403808e+01 4.397187e+01
    endloop
  endfacet
  facet normal -3.826834e-01 9.238795e-01 0.000000e+00
    outer loop
      vertex   -6.664474e+01 2.403808e+01 4.397187e+01
      vertex   -6.653862e+01 2.408203e+01 4.210563e+01
      vertex   -6.664474e+01 2.403808e+01 4.210563e+01
    endloop
  endfacet
  facet normal -6.087614e-01 7.933533e-01 0.000000e+00
    outer loop
      vertex   -6.664474e+01 2.403808e+01 4.397187e+01
      vertex   -6.664474e+01 2.403808e+01 4.210563e+01
      vertex   -6.673586e+01 2.396815e+01 4.397187e+01
    endloop
  endfacet
  facet normal -6.087614e-01 7.933533e-01 0.000000e+00
    outer loop
      vertex   -6.673586e+01 2.396815e+01 4.397187e+01
      vertex   -6.664474e+01 2.403808e+01 4.210563e+01
      vertex   -6.673586e+01 2.396815e+01 4.210563e+01
    endloop
  endfacet
  facet normal -7.933533e-01 6.087614e-01 0.000000e+00
    outer loop
      vertex   -6.673586e+01 2.396815e+01 4.397187e+01
      vertex   -6.673586e+01 2.396815e+01 4.210563e+01
      vertex   -6.680579e+01 2.387703e+01 4.397187e+01
    endloop
  endfacet
  facet normal -7.933533e-01 6.087614e-01 0.000000e+00
    outer loop
      vertex   -6.680579e+01 2.387703e+01 4.397187e+01
      vertex   -6.673586e+01 2.396815e+01 4.210563e+01
      vertex   -6.680579e+01 2.387703e+01 4.210563e+01
    endloop
  endfacet
  facet normal -9.238795e-01 3.826834e-01 0.000000e+00
    outer loop
      vertex   -6.680579e+01 2.387703e+01 4.397187e+01
      vertex   -6.680579e+01 2.387703e+01 4.210563e+01
      vertex   -6.684974e+01 2.377091e+01 4.397187e+01
    endloop
  endfacet
  facet normal -9.238795e-01 3.826834e-01 0.000000e+00
    outer loop
      vertex   -6.684974e+01 2.377091e+01 4.397187e+01
      vertex   -6.680579e+01 2.387703e+01 4.210563e+01
      vertex   -6.684974e+01 2.377091e+01 4.210563e+01
    endloop
  endfacet
  facet normal -9.659258e-01 2.588190e-01 0.000000e+00
    outer loop
      vertex   -6.684974e+01 2.377091e+01 4.397187e+01
      vertex   -6.684974e+01 2.377091e+01 4.210563e+01
      vertex   -6.688080e+01 2.365500e+01 4.397187e+01
    endloop
  endfacet
  facet normal -9.659258e-01 2.588190e-01 9.854173e-16
    outer loop
      vertex   -6.688080e+01 2.365500e+01 4.397187e+01
      vertex   -6.684974e+01 2.377091e+01 4.210563e+01
      vertex   -6.688080e+01 2.365500e+01 4.210563e+01
    endloop
  endfacet
  facet normal 0.000000e+00 0.000000e+00 -1.000000e+00
    outer loop
      vertex   -6.688080e+01 2.365500e+01 4.210563e+01
      vertex   -6.684974e+01 2.377091e+01 4.210563e+01
      vertex   -6.342089e+01 2.330767e+01 4.210563e+01
    endloop
  endfacet
  facet normal 0.000000e+00 0.000000e+00 -1.000000e+00
    outer loop
      vertex   -6.342089e+01 2.330767e+01 4.210563e+01
      vertex   -6.684974e+01 2.377091e+01 4.210563e+01
      vertex   -6.680579e+01 2.387703e+01 4.210563e+01
    endloop
  endfacet
  facet normal 0.000000e+00 0.000000e+00 -1.000000e+00
    outer loop
      vertex   -6.342089e+01 2.330767e+01 4.210563e+01
      vertex   -6.680579e+01 2.387703e+01 4.210563e+01
      vertex   -6.673586e+01 2.396815e+01 4.210563e+01
    endloop
  endfacet
  facet normal 0.000000e+00 0.000000e+00 -1.000000e+00
    outer loop
      vertex   -6.342089e+01 2.330767e+01 4.210563e+01
      vertex   -6.673586e+01 2.396815e+01 4.210563e+01
      vertex   -6.631085e+01 2.408203e+01 4.210563e+01
    endloop
  endfacet
  facet normal 0.000000e+00 0.000000e+00 -1.000000e+00
    outer loop
      vertex   -6.631085e+01 2.408203e+01 4.210563e+01
      vertex   -6.673586e+01 2.396815e+01 4.210563e+01
      vertex   -6.664474e+01 2.403808e+01 4.210563e+01
    endloop
  endfacet
  facet normal 0.000000e+00 0.000000e+00 -1.000000e+00
    outer loop
      vertex   -6.631085e+01 2.408203e+01 4.210563e+01
      vertex   -6.664474e+01 2.403808e+01 4.210563e+01
      vertex   -6.653862e+01 2.408203e+01 4.210563e+01
    endloop
  endfacet
  facet normal 0.000000e+00 0.000000e+00 -1.000000e+00
    outer loop
      vertex   -6.653862e+01 2.408203e+01 4.210563e+01
      vertex   -6.642474e+01 2.409703e+01 4.210563e+01
      vertex   -6.631085e+01 2.408203e+01 4.210563e+01
    endloop
  endfacet
  facet normal -0.000000e+00 -0.000000e+00 -1.000000e+00
    outer loop
      vertex   -6.342089e+01 2.330767e+01 4.210563e+01
      vertex   -6.342089e+01 2.227239e+01 4.210563e+01
      vertex   -6.688080e+01 2.365500e+01 4.210563e+01
    endloop
  endfacet
  facet normal 0.000000e+00 -0.000000e+00 -1.000000e+00
    outer loop
      vertex   -6.688080e+01 2.365500e+01 4.210563e+01
      vertex   -6.342089e+01 2.227239e+01 4.210563e+01
      vertex   -6.689579e+01 2.354112e+01 4.210563e+01
    endloop
  endfacet
  facet normal 0.000000e+00 0.000000e+00 -1.000000e+00
    outer loop
      vertex   -6.689579e+01 2.354112e+01 4.210563e+01
      vertex   -6.342089e+01 2.227239e+01 4.210563e+01
      vertex   -6.688080e+01 2.342723e+01 4.210563e+01
    endloop
  endfacet
  facet normal 0.000000e+00 0.000000e+00 -1.000000e+00
    outer loop
      vertex   -6.688080e+01 2.342723e+01 4.210563e+01
      vertex   -6.342089e+01 2.227239e+01 4.210563e+01
      vertex   -6.656967e+01 2.311611e+01 4.210563e+01
    endloop
  endfacet
  facet normal 0.000000e+00 0.000000e+00 -1.000000e+00
    outer loop
      vertex   -6.688080e+01 2.342723e+01 4.210563e+01
      vertex   -6.656967e+01 2.311611e+01 4.210563e+01
      vertex   -6.683684e+01 2.332112e+01 4.210563e+01
    endloop
  endfacet
  facet normal 0.000000e+00 0.000000e+00 -1.000000e+00
    outer loop
      vertex   -6.683684e+01 2.332112e+01 4.210563e+01
      vertex   -6.656967e+01 2.311611e+01 4.210563e+01
      vertex   -6.676692e+01 2.322999e+01 4.210563e+01
    endloop
  endfacet
  facet normal 0.000000e+00 0.000000e+00 -1.000000e+00
    outer loop
      vertex   -6.676692e+01 2.322999e+01 4.210563e+01
      vertex   -6.656967e+01 2.311611e+01 4.210563e+01
      vertex   -6.667579e+01 2.316006e+01 4.210563e+01
    endloop
  endfacet
  facet normal -9.914449e-01 1.305262e-01 4.969602e-16
    outer loop
      vertex   -6.688080e+01 2.365500e+01 4.397187e+01
      vertex   -6.688080e+01 2.365500e+01 4.210563e+01
      vertex   -6.689579e+01 2.354112e+01 4.397187e+01
    endloop
  endfacet
  facet normal -9.914449e-01 1.305262e-01 2.484801e-16
    outer loop
      vertex   -6.689579e+01 2.354112e+01 4.397187e+01
      vertex   -6.688080e+01 2.365500e+01 4.210563e+01
      vertex   -6.689579e+01 2.354112e+01 4.210563e+01
    endloop
  endfacet
  facet normal -9.914449e-01 -1.305262e-01 -2.484801e-16
    outer loop
      vertex   -6.689579e+01 2.354112e+01 4.397187e+01
      vertex   -6.689579e+01 2.354112e+01 4.210563e+01
      vertex   -6.688080e+01 2.342723e+01 4.397187e+01
    endloop
  endfacet
  facet normal -9.914449e-01 -1.305262e-01 7.052615e-15
    outer loop
      vertex   -6.688080e+01 2.342723e+01 4.397187e+01
      vertex   -6.689579e+01 2.354112e+01 4.210563e+01
      vertex   -6.688080e+01 2.342723e+01 4.210563e+01
    endloop
  endfacet
  facet normal -9.238795e-01 -3.826834e-01 5.578070e-15
    outer loop
      vertex   -6.688080e+01 2.342723e+01 4.397187e+01
      vertex   -6.688080e+01 2.342723e+01 4.210563e+01
      vertex   -6.683684e+01 2.332112e+01 4.397187e+01
    endloop
  endfacet
  facet normal -9.238795e-01 -3.826834e-01 -7.285068e-16
    outer loop
      vertex   -6.683684e+01 2.332112e+01 4.397187e+01
      vertex   -6.688080e+01 2.342723e+01 4.210563e+01
      vertex   -6.683684e+01 2.332112e+01 4.210563e+01
    endloop
  endfacet
  facet normal -7.933533e-01 -6.087614e-01 -1.158887e-15
    outer loop
      vertex   -6.683684e+01 2.332112e+01 4.397187e+01
      vertex   -6.683684e+01 2.332112e+01 4.210563e+01
      vertex   -6.676692e+01 2.322999e+01 4.397187e+01
    endloop
  endfacet
  facet normal -7.933533e-01 -6.087614e-01 -0.000000e+00
    outer loop
      vertex   -6.676692e+01 2.322999e+01 4.397187e+01
      vertex   -6.683684e+01 2.332112e+01 4.210563e+01
      vertex   -6.676692e+01 2.322999e+01 4.210563e+01
    endloop
  endfacet
  facet normal -6.087614e-01 -7.933533e-01 -0.000000e+00
    outer loop
      vertex   -6.676692e+01 2.322999e+01 4.397187e+01
      vertex   -6.676692e+01 2.322999e+01 4.210563e+01
      vertex   -6.667579e+01 2.316006e+01 4.397187e+01
    endloop
  endfacet
  facet normal -6.087614e-01 -7.933533e-01 4.635548e-15
    outer loop
      vertex   -6.667579e+01 2.316006e+01 4.397187e+01
      vertex   -6.676692e+01 2.322999e+01 4.210563e+01
      vertex   -6.667579e+01 2.316006e+01 4.210563e+01
    endloop
  endfacet
  facet normal -3.826834e-01 -9.238795e-01 2.914027e-15
    outer loop
      vertex   -6.667579e+01 2.316006e+01 4.397187e+01
      vertex   -6.667579e+01 2.316006e+01 4.210563e+01
      vertex   -6.656967e+01 2.311611e+01 4.397187e+01
    endloop
  endfacet
  facet normal -3.826834e-01 -9.238795e-01 -0.000000e+00
    outer loop
      vertex   -6.656967e+01 2.311611e+01 4.397187e+01
      vertex   -6.667579e+01 2.316006e+01 4.210563e+01
      vertex   -6.656967e+01 2.311611e+01 4.210563e+01
    endloop
  endfacet
  facet normal 2.588190e-01 9.659258e-01 -0.000000e+00
    outer loop
      vertex   -6.631085e+01 3.408203e+01 4.210563e+01
      vertex   -6.631085e+01 3.408203e+01 4.397187e+01
      vertex   -6.142327e+01 3.277241e+01 4.210563e+01
    endloop
  endfacet
  facet normal 2.588190e-01 9.659258e-01 -0.000000e+00
    outer loop
      vertex   -6.142327e+01 3.277241e+01 4.210563e+01
      vertex   -6.631085e+01 3.408203e+01 4.397187e+01
      vertex   -6.142327e+01 3.277241e+01 4.397187e+01
    endloop
  endfacet
  facet normal -2.588190e-01 -9.659258e-01 -0.000000e+00
    outer loop
      vertex   -6.656967e+01 3.311611e+01 4.397187e+01
      vertex   -6.656967e+01 3.311611e+01 4.210563e+01
      vertex   -6.342089e+01 3.227239e+01 4.397187e+01
    endloop
  endfacet
  facet normal -2.588190e-01 -9.659258e-01 -0.000000e+00
    outer loop
      vertex   -6.342089e+01 3.227239e+01 4.397187e+01
      vertex   -6.656967e+01 3.311611e+01 4.210563e+01
      vertex   -6.342089e+01 3.227239e+01 4.210563e+01
    endloop
  endfacet
  facet normal 2.588190e-01 9.659258e-01 -0.000000e+00
    outer loop
      vertex   -6.631085e+01 3.074870e+01 4.210563e+01
      vertex   -6.631085e+01 3.074870e+01 4.397187e+01
      vertex   -6.342089e+01 2.997434e+01 4.210563e+01
    endloop
  endfacet
  facet normal 2.588190e-01 9.659258e-01 -0.000000e+00
    outer loop
      vertex   -6.342089e+01 2.997434e+01 4.210563e+01
      vertex   -6.631085e+01 3.074870e+01 4.397187e+01
      vertex   -6.342089e+01 2.997434e+01 4.397187e+01
    endloop
  endfacet
  facet normal -2.588190e-01 -9.659258e-01 -0.000000e+00
    outer loop
      vertex   -6.656967e+01 2.978277e+01 4.397187e+01
      vertex   -6.656967e+01 2.978277e+01 4.210563e+01
      vertex   -6.342089e+01 2.893906e+01 4.397187e+01
    endloop
  endfacet
  facet normal -2.588190e-01 -9.659258e-01 -0.000000e+00
    outer loop
      vertex   -6.342089e+01 2.893906e+01 4.397187e+01
      vertex   -6.656967e+01 2.978277e+01 4.210563e+01
      vertex   -6.342089e+01 2.893906e+01 4.210563e+01
    endloop
  endfacet
  facet normal 2.588190e-01 9.659258e-01 -0.000000e+00
    outer loop
      vertex   -6.631085e+01 2.741537e+01 4.210563e+01
      vertex   -6.631085e+01 2.741537e+01 4.397187e+01
      vertex   -6.342089e+01 2.664100e+01 4.210563e+01
    endloop
  endfacet
  facet normal 2.588190e-01 9.659258e-01 -0.000000e+00
    outer loop
      vertex   -6.342089e+01 2.664100e+01 4.210563e+01
      vertex   -6.631085e+01 2.741537e+01 4.397187e+01
      vertex   -6.342089e+01 2.664100e+01 4.397187e+01
    endloop
  endfacet
  facet normal -2.588190e-01 -9.659258e-01 -0.000000e+00
    outer loop
      vertex   -6.656967e+01 2.644944e+01 4.397187e+01
      vertex   -6.656967e+01 2.644944e+01 4.210563e+01
      vertex   -6.342089e+01 2.560573e+01 4.397187e+01
    endloop
  endfacet
  facet normal -2.588190e-01 -9.659258e-01 -0.000000e+00
    outer loop
      vertex   -6.342089e+01 2.560573e+01 4.397187e+01
      vertex   -6.656967e+01 2.644944e+01 4.210563e+01
      vertex   -6.342089e+01 2.560573e+01 4.210563e+01
    endloop
  endfacet
  facet normal 2.588190e-01 9.659258e-01 -0.000000e+00
    outer loop
      vertex   -6.631085e+01 2.408203e+01 4.210563e+01
      vertex   -6.631085e+01 2.408203e+01 4.397187e+01
      vertex   -6.342089e+01 2.330767e+01 4.210563e+01
    endloop
  endfacet
  facet normal 2.588190e-01 9.659258e-01 -0.000000e+00
    outer loop
      vertex   -6.342089e+01 2.330767e+01 4.210563e+01
      vertex   -6.631085e+01 2.408203e+01 4.397187e+01
      vertex   -6.342089e+01 2.330767e+01 4.397187e+01
    endloop
  endfacet
  facet normal -2.588190e-01 -9.659258e-01 -0.000000e+00
    outer loop
      vertex   -6.656967e+01 2.311611e+01 4.397187e+01
      vertex   -6.656967e+01 2.311611e+01 4.210563e+01
      vertex   -6.342089e+01 2.227239e+01 4.397187e+01
    endloop
  endfacet
  facet normal -2.588190e-01 -9.659258e-01 -0.000000e+00
    outer loop
      vertex   -6.342089e+01 2.227239e+01 4.397187e+01
      vertex   -6.656967e+01 2.311611e+01 4.210563e+01
      vertex   -6.342089e+01 2.227239e+01 4.210563e+01
    endloop
  endfacet
  facet normal -0.000000e+00 1.000000e+00 0.000000e+00
    outer loop
      vertex   -6.342089e+01 3.274771e+01 4.210563e+01
      vertex   -6.142989e+01 3.274771e+01 4.210563e+01
      vertex   -6.342089e+01 3.274771e+01 4.210000e+01
    endloop
  endfacet
  facet normal 0.000000e+00 1.000000e+00 0.000000e+00
    outer loop
      vertex   -6.342089e+01 3.274771e+01 4.210000e+01
      vertex   -6.142989e+01 3.274771e+01 4.210563e+01
      vertex   -6.142089e+01 3.274771e+01 4.210000e+01
    endloop
  endfacet
  facet normal 0.000000e+00 1.000000e+00 0.000000e+00
    outer loop
      vertex   -6.142089e+01 3.274771e+01 4.210000e+01
      vertex   -6.142989e+01 3.274771e+01 4.210563e+01
      vertex   -6.142989e+01 3.274771e+01 4.397187e+01
    endloop
  endfacet
  facet normal 0.000000e+00 1.000000e+00 -0.000000e+00
    outer loop
      vertex   -6.142089e+01 3.274771e+01 4.210000e+01
      vertex   -6.142989e+01 3.274771e+01 4.397187e+01
      vertex   -6.142089e+01 3.274771e+01 4.411000e+01
    endloop
  endfacet
  facet normal 0.000000e+00 1.000000e+00 0.000000e+00
    outer loop
      vertex   -6.142089e+01 3.274771e+01 4.411000e+01
      vertex   -6.142989e+01 3.274771e+01 4.397187e+01
      vertex   -6.342089e+01 3.274771e+01 4.411000e+01
    endloop
  endfacet
  facet normal 0.000000e+00 1.000000e+00 0.000000e+00
    outer loop
      vertex   -6.342089e+01 3.274771e+01 4.411000e+01
      vertex   -6.142989e+01 3.274771e+01 4.397187e+01
      vertex   -6.342089e+01 3.274771e+01 4.397187e+01
    endloop
  endfacet
  facet normal 0.000000e+00 -1.000000e+00 0.000000e+00
    outer loop
      vertex   -6.168668e+01 2.180771e+01 4.210000e+01
      vertex   -6.168668e+01 2.180771e+01 4.397187e+01
      vertex   -6.342089e+01 2.180771e+01 4.210000e+01
    endloop
  endfacet
  facet normal 0.000000e+00 -1.000000e+00 0.000000e+00
    outer loop
      vertex   -6.342089e+01 2.180771e+01 4.210000e+01
      vertex   -6.168668e+01 2.180771e+01 4.397187e+01
      vertex   -6.342089e+01 2.180771e+01 4.411000e+01
    endloop
  endfacet
  facet normal 0.000000e+00 -1.000000e+00 0.000000e+00
    outer loop
      vertex   -6.342089e+01 2.180771e+01 4.411000e+01
      vertex   -6.168668e+01 2.180771e+01 4.397187e+01
      vertex   -6.142089e+01 2.180771e+01 4.411000e+01
    endloop
  endfacet
  facet normal 0.000000e+00 -1.000000e+00 0.000000e+00
    outer loop
      vertex   -6.142089e+01 2.180771e+01 4.411000e+01
      vertex   -6.168668e+01 2.180771e+01 4.397187e+01
      vertex   -6.168176e+01 2.180771e+01 4.397187e+01
    endloop
  endfacet
  facet normal 0.000000e+00 -1.000000e+00 -0.000000e+00
    outer loop
      vertex   -6.142089e+01 2.180771e+01 4.411000e+01
      vertex   -6.168176e+01 2.180771e+01 4.397187e+01
      vertex   -6.142089e+01 2.180771e+01 4.210000e+01
    endloop
  endfacet
  facet normal 0.000000e+00 -1.000000e+00 0.000000e+00
    outer loop
      vertex   -6.142089e+01 2.180771e+01 4.210000e+01
      vertex   -6.168176e+01 2.180771e+01 4.397187e+01
      vertex   -6.168176e+01 2.180771e+01 4.210000e+01
    endloop
  endfacet
  facet normal -1.000000e+00 0.000000e+00 0.000000e+00
    outer loop
      vertex   -6.342089e+01 2.560573e+01 4.397187e+01
      vertex   -6.342089e+01 2.180771e+01 4.411000e+01
      vertex   -6.342089e+01 2.664100e+01 4.397187e+01
    endloop
  endfacet
  facet normal -1.000000e+00 0.000000e+00 0.000000e+00
    outer loop
      vertex   -6.342089e+01 2.664100e+01 4.397187e+01
      vertex   -6.342089e+01 2.180771e+01 4.411000e+01
      vertex   -6.342089e+01 3.274771e+01 4.411000e+01
    endloop
  endfacet
  facet normal -1.000000e+00 0.000000e+00 0.000000e+00
    outer loop
      vertex   -6.342089e+01 2.664100e+01 4.397187e+01
      vertex   -6.342089e+01 3.274771e+01 4.411000e+01
      vertex   -6.342089e+01 2.893906e+01 4.397187e+01
    endloop
  endfacet
  facet normal -1.000000e+00 0.000000e+00 0.000000e+00
    outer loop
      vertex   -6.342089e+01 2.893906e+01 4.397187e+01
      vertex   -6.342089e+01 3.274771e+01 4.411000e+01
      vertex   -6.342089e+01 2.997434e+01 4.397187e+01
    endloop
  endfacet
  facet normal -1.000000e+00 0.000000e+00 0.000000e+00
    outer loop
      vertex   -6.342089e+01 2.997434e+01 4.397187e+01
      vertex   -6.342089e+01 3.274771e+01 4.411000e+01
      vertex   -6.342089e+01 3.227239e+01 4.397187e+01
    endloop
  endfacet
  facet normal -1.000000e+00 0.000000e+00 0.000000e+00
    outer loop
      vertex   -6.342089e+01 2.997434e+01 4.397187e+01
      vertex   -6.342089e+01 3.227239e+01 4.397187e+01
      vertex   -6.342089e+01 3.227239e+01 4.210563e+01
    endloop
  endfacet
  facet normal -1.000000e+00 0.000000e+00 0.000000e+00
    outer loop
      vertex   -6.342089e+01 2.180771e+01 4.411000e+01
      vertex   -6.342089e+01 2.560573e+01 4.397187e+01
      vertex   -6.342089e+01 2.330767e+01 4.397187e+01
    endloop
  endfacet
  facet normal -1.000000e+00 0.000000e+00 0.000000e+00
    outer loop
      vertex   -6.342089e+01 2.330767e+01 4.397187e+01
      vertex   -6.342089e+01 2.560573e+01 4.397187e+01
      vertex   -6.342089e+01 2.560573e+01 4.210563e+01
    endloop
  endfacet
  facet normal -1.000000e+00 0.000000e+00 0.000000e+00
    outer loop
      vertex   -6.342089e+01 2.330767e+01 4.397187e+01
      vertex   -6.342089e+01 2.560573e+01 4.210563e+01
      vertex   -6.342089e+01 2.330767e+01 4.210563e+01
    endloop
  endfacet
  facet normal -1.000000e+00 0.000000e+00 -0.000000e+00
    outer loop
      vertex   -6.342089e+01 2.330767e+01 4.210563e+01
      vertex   -6.342089e+01 2.560573e+01 4.210563e+01
      vertex   -6.342089e+01 2.180771e+01 4.210000e+01
    endloop
  endfacet
  facet normal -1.000000e+00 -0.000000e+00 0.000000e+00
    outer loop
      vertex   -6.342089e+01 2.330767e+01 4.210563e+01
      vertex   -6.342089e+01 2.180771e+01 4.210000e+01
      vertex   -6.342089e+01 2.227239e+01 4.210563e+01
    endloop
  endfacet
  facet normal -1.000000e+00 -0.000000e+00 0.000000e+00
    outer loop
      vertex   -6.342089e+01 2.227239e+01 4.210563e+01
      vertex   -6.342089e+01 2.180771e+01 4.210000e+01
      vertex   -6.342089e+01 2.227239e+01 4.397187e+01
    endloop
  endfacet
  facet normal -1.000000e+00 -0.000000e+00 0.000000e+00
    outer loop
      vertex   -6.342089e+01 2.227239e+01 4.397187e+01
      vertex   -6.342089e+01 2.180771e+01 4.210000e+01
      vertex   -6.342089e+01 2.180771e+01 4.411000e+01
    endloop
  endfacet
  facet normal -1.000000e+00 0.000000e+00 0.000000e+00
    outer loop
      vertex   -6.342089e+01 2.227239e+01 4.397187e+01
      vertex   -6.342089e+01 2.180771e+01 4.411000e+01
      vertex   -6.342089e+01 2.330767e+01 4.397187e+01
    endloop
  endfacet
  facet normal -1.000000e+00 0.000000e+00 -0.000000e+00
    outer loop
      vertex   -6.342089e+01 2.560573e+01 4.210563e+01
      vertex   -6.342089e+01 2.664100e+01 4.210563e+01
      vertex   -6.342089e+01 2.180771e+01 4.210000e+01
    endloop
  endfacet
  facet normal -1.000000e+00 0.000000e+00 0.000000e+00
    outer loop
      vertex   -6.342089e+01 2.180771e+01 4.210000e+01
      vertex   -6.342089e+01 2.664100e+01 4.210563e+01
      vertex   -6.342089e+01 3.274771e+01 4.210000e+01
    endloop
  endfacet
  facet normal -1.000000e+00 0.000000e+00 0.000000e+00
    outer loop
      vertex   -6.342089e+01 3.274771e+01 4.210000e+01
      vertex   -6.342089e+01 2.664100e+01 4.210563e+01
      vertex   -6.342089e+01 2.893906e+01 4.210563e+01
    endloop
  endfacet
  facet normal -1.000000e+00 0.000000e+00 0.000000e+00
    outer loop
      vertex   -6.342089e+01 3.274771e+01 4.210000e+01
      vertex   -6.342089e+01 2.893906e+01 4.210563e+01
      vertex   -6.342089e+01 2.997434e+01 4.210563e+01
    endloop
  endfacet
  facet normal -1.000000e+00 0.000000e+00 0.000000e+00
    outer loop
      vertex   -6.342089e+01 2.664100e+01 4.210563e+01
      vertex   -6.342089e+01 2.664100e+01 4.397187e+01
      vertex   -6.342089e+01 2.893906e+01 4.210563e+01
    endloop
  endfacet
  facet normal -1.000000e+00 0.000000e+00 0.000000e+00
    outer loop
      vertex   -6.342089e+01 2.893906e+01 4.210563e+01
      vertex   -6.342089e+01 2.664100e+01 4.397187e+01
      vertex   -6.342089e+01 2.893906e+01 4.397187e+01
    endloop
  endfacet
  facet normal -1.000000e+00 0.000000e+00 0.000000e+00
    outer loop
      vertex   -6.342089e+01 3.274771e+01 4.210000e+01
      vertex   -6.342089e+01 2.997434e+01 4.210563e+01
      vertex   -6.342089e+01 3.227239e+01 4.210563e+01
    endloop
  endfacet
  facet normal -1.000000e+00 0.000000e+00 0.000000e+00
    outer loop
      vertex   -6.342089e+01 3.227239e+01 4.210563e+01
      vertex   -6.342089e+01 2.997434e+01 4.210563e+01
      vertex   -6.342089e+01 2.997434e+01 4.397187e+01
    endloop
  endfacet
  facet normal -1.000000e+00 0.000000e+00 0.000000e+00
    outer loop
      vertex   -6.342089e+01 3.227239e+01 4.210563e+01
      vertex   -6.342089e+01 3.274771e+01 4.210563e+01
      vertex   -6.342089e+01 3.274771e+01 4.210000e+01
    endloop
  endfacet
  facet normal -1.000000e+00 0.000000e+00 -0.000000e+00
    outer loop
      vertex   -6.342089e+01 3.274771e+01 4.411000e+01
      vertex   -6.342089e+01 3.274771e+01 4.397187e+01
      vertex   -6.342089e+01 3.227239e+01 4.397187e+01
    endloop
  endfacet
  facet normal 0.000000e+00 0.000000e+00 -1.000000e+00
    outer loop
      vertex   -6.342089e+01 2.180771e+01 4.210000e+01
      vertex   -6.342089e+01 3.274771e+01 4.210000e+01
      vertex   -6.168668e+01 2.180771e+01 4.210000e+01
    endloop
  endfacet
  facet normal 0.000000e+00 0.000000e+00 -1.000000e+00
    outer loop
      vertex   -6.168668e+01 2.180771e+01 4.210000e+01
      vertex   -6.342089e+01 3.274771e+01 4.210000e+01
      vertex   -6.142089e+01 3.274771e+01 4.210000e+01
    endloop
  endfacet
  facet normal 0.000000e+00 0.000000e+00 -1.000000e+00
    outer loop
      vertex   -6.168668e+01 2.180771e+01 4.210000e+01
      vertex   -6.142089e+01 3.274771e+01 4.210000e+01
      vertex   -6.168176e+01 2.180771e+01 4.210000e+01
    endloop
  endfacet
  facet normal 0.000000e+00 0.000000e+00 -1.000000e+00
    outer loop
      vertex   -6.168176e+01 2.180771e+01 4.210000e+01
      vertex   -6.142089e+01 3.274771e+01 4.210000e+01
      vertex   -6.142089e+01 2.180771e+01 4.210000e+01
    endloop
  endfacet
  facet normal 1.000000e+00 0.000000e+00 -0.000000e+00
    outer loop
      vertex   -6.142089e+01 3.274771e+01 4.210000e+01
      vertex   -6.142089e+01 3.274771e+01 4.411000e+01
      vertex   -6.142089e+01 2.180771e+01 4.210000e+01
    endloop
  endfacet
  facet normal 1.000000e+00 0.000000e+00 0.000000e+00
    outer loop
      vertex   -6.142089e+01 2.180771e+01 4.210000e+01
      vertex   -6.142089e+01 3.274771e+01 4.411000e+01
      vertex   -6.142089e+01 2.180771e+01 4.411000e+01
    endloop
  endfacet
  facet normal 0.000000e+00 0.000000e+00 1.000000e+00
    outer loop
      vertex   -6.642474e+01 3.409703e+01 4.397187e+01
      vertex   -6.653862e+01 3.408203e+01 4.397187e+01
      vertex   -6.631085e+01 3.408203e+01 4.397187e+01
    endloop
  endfacet
  facet normal 0.000000e+00 0.000000e+00 1.000000e+00
    outer loop
      vertex   -6.631085e+01 3.408203e+01 4.397187e+01
      vertex   -6.653862e+01 3.408203e+01 4.397187e+01
      vertex   -6.664474e+01 3.403808e+01 4.397187e+01
    endloop
  endfacet
  facet normal 0.000000e+00 0.000000e+00 1.000000e+00
    outer loop
      vertex   -6.631085e+01 3.408203e+01 4.397187e+01
      vertex   -6.664474e+01 3.403808e+01 4.397187e+01
      vertex   -6.342089e+01 3.274771e+01 4.397187e+01
    endloop
  endfacet
  facet normal 0.000000e+00 0.000000e+00 1.000000e+00
    outer loop
      vertex   -6.342089e+01 3.274771e+01 4.397187e+01
      vertex   -6.664474e+01 3.403808e+01 4.397187e+01
      vertex   -6.673586e+01 3.396815e+01 4.397187e+01
    endloop
  endfacet
  facet normal 0.000000e+00 0.000000e+00 1.000000e+00
    outer loop
      vertex   -6.342089e+01 3.274771e+01 4.397187e+01
      vertex   -6.673586e+01 3.396815e+01 4.397187e+01
      vertex   -6.680579e+01 3.387703e+01 4.397187e+01
    endloop
  endfacet
  facet normal 0.000000e+00 0.000000e+00 1.000000e+00
    outer loop
      vertex   -6.680579e+01 3.387703e+01 4.397187e+01
      vertex   -6.684974e+01 3.377091e+01 4.397187e+01
      vertex   -6.342089e+01 3.274771e+01 4.397187e+01
    endloop
  endfacet
  facet normal 0.000000e+00 0.000000e+00 1.000000e+00
    outer loop
      vertex   -6.342089e+01 3.274771e+01 4.397187e+01
      vertex   -6.684974e+01 3.377091e+01 4.397187e+01
      vertex   -6.688080e+01 3.365500e+01 4.397187e+01
    endloop
  endfacet
  facet normal 0.000000e+00 0.000000e+00 1.000000e+00
    outer loop
      vertex   -6.342089e+01 3.274771e+01 4.397187e+01
      vertex   -6.688080e+01 3.365500e+01 4.397187e+01
      vertex   -6.689579e+01 3.354112e+01 4.397187e+01
    endloop
  endfacet
  facet normal 0.000000e+00 0.000000e+00 1.000000e+00
    outer loop
      vertex   -6.689579e+01 3.354112e+01 4.397187e+01
      vertex   -6.688080e+01 3.342723e+01 4.397187e+01
      vertex   -6.342089e+01 3.274771e+01 4.397187e+01
    endloop
  endfacet
  facet normal 0.000000e+00 0.000000e+00 1.000000e+00
    outer loop
      vertex   -6.342089e+01 3.274771e+01 4.397187e+01
      vertex   -6.688080e+01 3.342723e+01 4.397187e+01
      vertex   -6.683684e+01 3.332112e+01 4.397187e+01
    endloop
  endfacet
  facet normal 0.000000e+00 0.000000e+00 1.000000e+00
    outer loop
      vertex   -6.342089e+01 3.274771e+01 4.397187e+01
      vertex   -6.683684e+01 3.332112e+01 4.397187e+01
      vertex   -6.342089e+01 3.227239e+01 4.397187e+01
    endloop
  endfacet
  facet normal 0.000000e+00 0.000000e+00 1.000000e+00
    outer loop
      vertex   -6.342089e+01 3.227239e+01 4.397187e+01
      vertex   -6.683684e+01 3.332112e+01 4.397187e+01
      vertex   -6.656967e+01 3.311611e+01 4.397187e+01
    endloop
  endfacet
  facet normal 0.000000e+00 0.000000e+00 1.000000e+00
    outer loop
      vertex   -6.656967e+01 3.311611e+01 4.397187e+01
      vertex   -6.683684e+01 3.332112e+01 4.397187e+01
      vertex   -6.676692e+01 3.322999e+01 4.397187e+01
    endloop
  endfacet
  facet normal 0.000000e+00 0.000000e+00 1.000000e+00
    outer loop
      vertex   -6.656967e+01 3.311611e+01 4.397187e+01
      vertex   -6.676692e+01 3.322999e+01 4.397187e+01
      vertex   -6.667579e+01 3.316006e+01 4.397187e+01
    endloop
  endfacet
  facet normal 0.000000e+00 -0.000000e+00 1.000000e+00
    outer loop
      vertex   -6.342089e+01 3.274771e+01 4.397187e+01
      vertex   -6.142989e+01 3.274771e+01 4.397187e+01
      vertex   -6.631085e+01 3.408203e+01 4.397187e+01
    endloop
  endfacet
  facet normal 0.000000e+00 0.000000e+00 1.000000e+00
    outer loop
      vertex   -6.631085e+01 3.408203e+01 4.397187e+01
      vertex   -6.142989e+01 3.274771e+01 4.397187e+01
      vertex   -6.142327e+01 3.277241e+01 4.397187e+01
    endloop
  endfacet
  facet normal 9.659258e-01 -2.588190e-01 0.000000e+00
    outer loop
      vertex   -6.142989e+01 3.274771e+01 4.397187e+01
      vertex   -6.142989e+01 3.274771e+01 4.210563e+01
      vertex   -6.142327e+01 3.277241e+01 4.397187e+01
    endloop
  endfacet
  facet normal 9.659258e-01 -2.588190e-01 0.000000e+00
    outer loop
      vertex   -6.142327e+01 3.277241e+01 4.397187e+01
      vertex   -6.142989e+01 3.274771e+01 4.210563e+01
      vertex   -6.142327e+01 3.277241e+01 4.210563e+01
    endloop
  endfacet
  facet normal 0.000000e+00 0.000000e+00 1.000000e+00
    outer loop
      vertex   -6.642474e+01 2.743036e+01 4.397187e+01
      vertex   -6.653862e+01 2.741537e+01 4.397187e+01
      vertex   -6.631085e+01 2.741537e+01 4.397187e+01
    endloop
  endfacet
  facet normal 0.000000e+00 0.000000e+00 1.000000e+00
    outer loop
      vertex   -6.631085e+01 2.741537e+01 4.397187e+01
      vertex   -6.653862e+01 2.741537e+01 4.397187e+01
      vertex   -6.664474e+01 2.737141e+01 4.397187e+01
    endloop
  endfacet
  facet normal 0.000000e+00 0.000000e+00 1.000000e+00
    outer loop
      vertex   -6.631085e+01 2.741537e+01 4.397187e+01
      vertex   -6.664474e+01 2.737141e+01 4.397187e+01
      vertex   -6.673586e+01 2.730149e+01 4.397187e+01
    endloop
  endfacet
  facet normal 0.000000e+00 0.000000e+00 1.000000e+00
    outer loop
      vertex   -6.631085e+01 2.741537e+01 4.397187e+01
      vertex   -6.673586e+01 2.730149e+01 4.397187e+01
      vertex   -6.342089e+01 2.664100e+01 4.397187e+01
    endloop
  endfacet
  facet normal 0.000000e+00 0.000000e+00 1.000000e+00
    outer loop
      vertex   -6.342089e+01 2.664100e+01 4.397187e+01
      vertex   -6.673586e+01 2.730149e+01 4.397187e+01
      vertex   -6.680579e+01 2.721036e+01 4.397187e+01
    endloop
  endfacet
  facet normal 0.000000e+00 0.000000e+00 1.000000e+00
    outer loop
      vertex   -6.342089e+01 2.664100e+01 4.397187e+01
      vertex   -6.680579e+01 2.721036e+01 4.397187e+01
      vertex   -6.684974e+01 2.710424e+01 4.397187e+01
    endloop
  endfacet
  facet normal 0.000000e+00 0.000000e+00 1.000000e+00
    outer loop
      vertex   -6.684974e+01 2.710424e+01 4.397187e+01
      vertex   -6.688080e+01 2.698833e+01 4.397187e+01
      vertex   -6.342089e+01 2.664100e+01 4.397187e+01
    endloop
  endfacet
  facet normal 0.000000e+00 0.000000e+00 1.000000e+00
    outer loop
      vertex   -6.342089e+01 2.664100e+01 4.397187e+01
      vertex   -6.688080e+01 2.698833e+01 4.397187e+01
      vertex   -6.342089e+01 2.560573e+01 4.397187e+01
    endloop
  endfacet
  facet normal 0.000000e+00 0.000000e+00 1.000000e+00
    outer loop
      vertex   -6.342089e+01 2.560573e+01 4.397187e+01
      vertex   -6.688080e+01 2.698833e+01 4.397187e+01
      vertex   -6.689579e+01 2.687445e+01 4.397187e+01
    endloop
  endfacet
  facet normal 0.000000e+00 0.000000e+00 1.000000e+00
    outer loop
      vertex   -6.342089e+01 2.560573e+01 4.397187e+01
      vertex   -6.689579e+01 2.687445e+01 4.397187e+01
      vertex   -6.688080e+01 2.676057e+01 4.397187e+01
    endloop
  endfacet
  facet normal 0.000000e+00 0.000000e+00 1.000000e+00
    outer loop
      vertex   -6.342089e+01 2.560573e+01 4.397187e+01
      vertex   -6.688080e+01 2.676057e+01 4.397187e+01
      vertex   -6.656967e+01 2.644944e+01 4.397187e+01
    endloop
  endfacet
  facet normal 0.000000e+00 0.000000e+00 1.000000e+00
    outer loop
      vertex   -6.656967e+01 2.644944e+01 4.397187e+01
      vertex   -6.688080e+01 2.676057e+01 4.397187e+01
      vertex   -6.683684e+01 2.665445e+01 4.397187e+01
    endloop
  endfacet
  facet normal 0.000000e+00 0.000000e+00 1.000000e+00
    outer loop
      vertex   -6.656967e+01 2.644944e+01 4.397187e+01
      vertex   -6.683684e+01 2.665445e+01 4.397187e+01
      vertex   -6.676692e+01 2.656332e+01 4.397187e+01
    endloop
  endfacet
  facet normal 0.000000e+00 0.000000e+00 1.000000e+00
    outer loop
      vertex   -6.676692e+01 2.656332e+01 4.397187e+01
      vertex   -6.667579e+01 2.649340e+01 4.397187e+01
      vertex   -6.656967e+01 2.644944e+01 4.397187e+01
    endloop
  endfacet
  facet normal 9.659258e-01 -2.588190e-01 0.000000e+00
    outer loop
      vertex   -6.168176e+01 2.180771e+01 3.910563e+01
      vertex   -6.168176e+01 2.180771e+01 4.210000e+01
      vertex   -6.168209e+01 2.180648e+01 3.910563e+01
    endloop
  endfacet
  facet normal 9.659258e-01 -2.588190e-01 0.000000e+00
    outer loop
      vertex   -6.168209e+01 2.180648e+01 3.910563e+01
      vertex   -6.168176e+01 2.180771e+01 4.210000e+01
      vertex   -6.168209e+01 2.180648e+01 4.397187e+01
    endloop
  endfacet
  facet normal 9.659258e-01 -2.588190e-01 0.000000e+00
    outer loop
      vertex   -6.168209e+01 2.180648e+01 4.397187e+01
      vertex   -6.168176e+01 2.180771e+01 4.210000e+01
      vertex   -6.168176e+01 2.180771e+01 4.397187e+01
    endloop
  endfacet
  facet normal 0.000000e+00 0.000000e+00 -1.000000e+00
    outer loop
      vertex   -6.168668e+01 2.180771e+01 3.910563e+01
      vertex   -6.168176e+01 2.180771e+01 3.910563e+01
      vertex   -6.168209e+01 2.180648e+01 3.910563e+01
    endloop
  endfacet
  facet normal 0.000000e+00 0.000000e+00 1.000000e+00
    outer loop
      vertex   -6.642474e+01 2.409703e+01 4.397187e+01
      vertex   -6.653862e+01 2.408203e+01 4.397187e+01
      vertex   -6.631085e+01 2.408203e+01 4.397187e+01
    endloop
  endfacet
  facet normal 0.000000e+00 0.000000e+00 1.000000e+00
    outer loop
      vertex   -6.631085e+01 2.408203e+01 4.397187e+01
      vertex   -6.653862e+01 2.408203e+01 4.397187e+01
      vertex   -6.664474e+01 2.403808e+01 4.397187e+01
    endloop
  endfacet
  facet normal 0.000000e+00 0.000000e+00 1.000000e+00
    outer loop
      vertex   -6.631085e+01 2.408203e+01 4.397187e+01
      vertex   -6.664474e+01 2.403808e+01 4.397187e+01
      vertex   -6.673586e+01 2.396815e+01 4.397187e+01
    endloop
  endfacet
  facet normal 0.000000e+00 0.000000e+00 1.000000e+00
    outer loop
      vertex   -6.631085e+01 2.408203e+01 4.397187e+01
      vertex   -6.673586e+01 2.396815e+01 4.397187e+01
      vertex   -6.342089e+01 2.330767e+01 4.397187e+01
    endloop
  endfacet
  facet normal 0.000000e+00 0.000000e+00 1.000000e+00
    outer loop
      vertex   -6.342089e+01 2.330767e+01 4.397187e+01
      vertex   -6.673586e+01 2.396815e+01 4.397187e+01
      vertex   -6.680579e+01 2.387703e+01 4.397187e+01
    endloop
  endfacet
  facet normal 0.000000e+00 0.000000e+00 1.000000e+00
    outer loop
      vertex   -6.342089e+01 2.330767e+01 4.397187e+01
      vertex   -6.680579e+01 2.387703e+01 4.397187e+01
      vertex   -6.684974e+01 2.377091e+01 4.397187e+01
    endloop
  endfacet
  facet normal 0.000000e+00 0.000000e+00 1.000000e+00
    outer loop
      vertex   -6.684974e+01 2.377091e+01 4.397187e+01
      vertex   -6.688080e+01 2.365500e+01 4.397187e+01
      vertex   -6.342089e+01 2.330767e+01 4.397187e+01
    endloop
  endfacet
  facet normal 0.000000e+00 0.000000e+00 1.000000e+00
    outer loop
      vertex   -6.342089e+01 2.330767e+01 4.397187e+01
      vertex   -6.688080e+01 2.365500e+01 4.397187e+01
      vertex   -6.342089e+01 2.227239e+01 4.397187e+01
    endloop
  endfacet
  facet normal 0.000000e+00 0.000000e+00 1.000000e+00
    outer loop
      vertex   -6.342089e+01 2.227239e+01 4.397187e+01
      vertex   -6.688080e+01 2.365500e+01 4.397187e+01
      vertex   -6.689579e+01 2.354112e+01 4.397187e+01
    endloop
  endfacet
  facet normal 0.000000e+00 0.000000e+00 1.000000e+00
    outer loop
      vertex   -6.342089e+01 2.227239e+01 4.397187e+01
      vertex   -6.689579e+01 2.354112e+01 4.397187e+01
      vertex   -6.688080e+01 2.342723e+01 4.397187e+01
    endloop
  endfacet
  facet normal 0.000000e+00 0.000000e+00 1.000000e+00
    outer loop
      vertex   -6.342089e+01 2.227239e+01 4.397187e+01
      vertex   -6.688080e+01 2.342723e+01 4.397187e+01
      vertex   -6.656967e+01 2.311611e+01 4.397187e+01
    endloop
  endfacet
  facet normal 0.000000e+00 0.000000e+00 1.000000e+00
    outer loop
      vertex   -6.656967e+01 2.311611e+01 4.397187e+01
      vertex   -6.688080e+01 2.342723e+01 4.397187e+01
      vertex   -6.683684e+01 2.332112e+01 4.397187e+01
    endloop
  endfacet
  facet normal 0.000000e+00 0.000000e+00 1.000000e+00
    outer loop
      vertex   -6.656967e+01 2.311611e+01 4.397187e+01
      vertex   -6.683684e+01 2.332112e+01 4.397187e+01
      vertex   -6.676692e+01 2.322999e+01 4.397187e+01
    endloop
  endfacet
  facet normal 0.000000e+00 0.000000e+00 1.000000e+00
    outer loop
      vertex   -6.676692e+01 2.322999e+01 4.397187e+01
      vertex   -6.667579e+01 2.316006e+01 4.397187e+01
      vertex   -6.656967e+01 2.311611e+01 4.397187e+01
    endloop
  endfacet
  facet normal 0.000000e+00 0.000000e+00 1.000000e+00
    outer loop
      vertex   -6.168176e+01 2.180771e+01 4.397187e+01
      vertex   -6.168668e+01 2.180771e+01 4.397187e+01
      vertex   -6.168209e+01 2.180648e+01 4.397187e+01
    endloop
  endfacet
  facet normal -2.588190e-01 -9.659258e-01 -0.000000e+00
    outer loop
      vertex   -6.168668e+01 2.180771e+01 4.397187e+01
      vertex   -6.168668e+01 2.180771e+01 4.210000e+01
      vertex   -6.168209e+01 2.180648e+01 4.397187e+01
    endloop
  endfacet
  facet normal -2.588190e-01 -9.659258e-01 -0.000000e+00
    outer loop
      vertex   -6.168209e+01 2.180648e+01 4.397187e+01
      vertex   -6.168668e+01 2.180771e+01 4.210000e+01
      vertex   -6.168209e+01 2.180648e+01 3.910563e+01
    endloop
  endfacet
  facet normal -2.588190e-01 -9.659258e-01 0.000000e+00
    outer loop
      vertex   -6.168209e+01 2.180648e+01 3.910563e+01
      vertex   -6.168668e+01 2.180771e+01 4.210000e+01
      vertex   -6.168668e+01 2.180771e+01 3.910563e+01
    endloop
  endfacet
  facet normal 0.000000e+00 0.000000e+00 1.000000e+00
    outer loop
      vertex   -6.642474e+01 3.076369e+01 4.397187e+01
      vertex   -6.653862e+01 3.074870e+01 4.397187e+01
      vertex   -6.631085e+01 3.074870e+01 4.397187e+01
    endloop
  endfacet
  facet normal 0.000000e+00 0.000000e+00 1.000000e+00
    outer loop
      vertex   -6.631085e+01 3.074870e+01 4.397187e+01
      vertex   -6.653862e+01 3.074870e+01 4.397187e+01
      vertex   -6.664474e+01 3.070474e+01 4.397187e+01
    endloop
  endfacet
  facet normal 0.000000e+00 0.000000e+00 1.000000e+00
    outer loop
      vertex   -6.631085e+01 3.074870e+01 4.397187e+01
      vertex   -6.664474e+01 3.070474e+01 4.397187e+01
      vertex   -6.673586e+01 3.063482e+01 4.397187e+01
    endloop
  endfacet
  facet normal 0.000000e+00 0.000000e+00 1.000000e+00
    outer loop
      vertex   -6.631085e+01 3.074870e+01 4.397187e+01
      vertex   -6.673586e+01 3.063482e+01 4.397187e+01
      vertex   -6.342089e+01 2.997434e+01 4.397187e+01
    endloop
  endfacet
  facet normal 0.000000e+00 0.000000e+00 1.000000e+00
    outer loop
      vertex   -6.342089e+01 2.997434e+01 4.397187e+01
      vertex   -6.673586e+01 3.063482e+01 4.397187e+01
      vertex   -6.680579e+01 3.054369e+01 4.397187e+01
    endloop
  endfacet
  facet normal 0.000000e+00 0.000000e+00 1.000000e+00
    outer loop
      vertex   -6.342089e+01 2.997434e+01 4.397187e+01
      vertex   -6.680579e+01 3.054369e+01 4.397187e+01
      vertex   -6.684974e+01 3.043757e+01 4.397187e+01
    endloop
  endfacet
  facet normal 0.000000e+00 0.000000e+00 1.000000e+00
    outer loop
      vertex   -6.684974e+01 3.043757e+01 4.397187e+01
      vertex   -6.688080e+01 3.032166e+01 4.397187e+01
      vertex   -6.342089e+01 2.997434e+01 4.397187e+01
    endloop
  endfacet
  facet normal 0.000000e+00 0.000000e+00 1.000000e+00
    outer loop
      vertex   -6.342089e+01 2.997434e+01 4.397187e+01
      vertex   -6.688080e+01 3.032166e+01 4.397187e+01
      vertex   -6.342089e+01 2.893906e+01 4.397187e+01
    endloop
  endfacet
  facet normal 0.000000e+00 0.000000e+00 1.000000e+00
    outer loop
      vertex   -6.342089e+01 2.893906e+01 4.397187e+01
      vertex   -6.688080e+01 3.032166e+01 4.397187e+01
      vertex   -6.689579e+01 3.020778e+01 4.397187e+01
    endloop
  endfacet
  facet normal 0.000000e+00 0.000000e+00 1.000000e+00
    outer loop
      vertex   -6.342089e+01 2.893906e+01 4.397187e+01
      vertex   -6.689579e+01 3.020778e+01 4.397187e+01
      vertex   -6.688080e+01 3.009390e+01 4.397187e+01
    endloop
  endfacet
  facet normal 0.000000e+00 0.000000e+00 1.000000e+00
    outer loop
      vertex   -6.342089e+01 2.893906e+01 4.397187e+01
      vertex   -6.688080e+01 3.009390e+01 4.397187e+01
      vertex   -6.656967e+01 2.978277e+01 4.397187e+01
    endloop
  endfacet
  facet normal 0.000000e+00 0.000000e+00 1.000000e+00
    outer loop
      vertex   -6.656967e+01 2.978277e+01 4.397187e+01
      vertex   -6.688080e+01 3.009390e+01 4.397187e+01
      vertex   -6.683684e+01 2.998778e+01 4.397187e+01
    endloop
  endfacet
  facet normal 0.000000e+00 0.000000e+00 1.000000e+00
    outer loop
      vertex   -6.656967e+01 2.978277e+01 4.397187e+01
      vertex   -6.683684e+01 2.998778e+01 4.397187e+01
      vertex   -6.676692e+01 2.989665e+01 4.397187e+01
    endloop
  endfacet
  facet normal 0.000000e+00 0.000000e+00 1.000000e+00
    outer loop
      vertex   -6.676692e+01 2.989665e+01 4.397187e+01
      vertex   -6.667579e+01 2.982673e+01 4.397187e+01
      vertex   -6.656967e+01 2.978277e+01 4.397187e+01
    endloop
  endfacet
  facet normal 0.000000e+00 1.000000e+00 0.000000e+00
    outer loop
      vertex   -6.168668e+01 2.180771e+01 3.910563e+01
      vertex   -6.168668e+01 2.180771e+01 4.210000e+01
      vertex   -6.168176e+01 2.180771e+01 3.910563e+01
    endloop
  endfacet
  facet normal 0.000000e+00 1.000000e+00 -0.000000e+00
    outer loop
      vertex   -6.168176e+01 2.180771e+01 3.910563e+01
      vertex   -6.168668e+01 2.180771e+01 4.210000e+01
      vertex   -6.168176e+01 2.180771e+01 4.210000e+01
    endloop
  endfacet
  facet normal -9.914449e-01 1.305262e-01 0.000000e+00
    outer loop
      vertex   1.451983e+01 -3.126239e+01 4.397187e+01
      vertex   1.451983e+01 -3.126239e+01 3.910563e+01
      vertex   1.450484e+01 -3.137627e+01 4.153875e+01
    endloop
  endfacet
  facet normal -9.914449e-01 1.305262e-01 0.000000e+00
    outer loop
      vertex   1.450484e+01 -3.137627e+01 4.153875e+01
      vertex   1.451983e+01 -3.126239e+01 3.910563e+01
      vertex   1.450484e+01 -3.137627e+01 3.910563e+01
    endloop
  endfacet
  facet normal -9.914449e-01 -1.305262e-01 -0.000000e+00
    outer loop
      vertex   1.450484e+01 -3.137627e+01 4.153875e+01
      vertex   1.450484e+01 -3.137627e+01 3.910563e+01
      vertex   1.451983e+01 -3.149015e+01 4.153875e+01
    endloop
  endfacet
  facet normal -9.914449e-01 -1.305262e-01 -0.000000e+00
    outer loop
      vertex   1.451983e+01 -3.149015e+01 4.153875e+01
      vertex   1.450484e+01 -3.137627e+01 3.910563e+01
      vertex   1.451983e+01 -3.149015e+01 3.910563e+01
    endloop
  endfacet
  facet normal -9.238795e-01 -3.826834e-01 -0.000000e+00
    outer loop
      vertex   1.451983e+01 -3.149015e+01 4.153875e+01
      vertex   1.451983e+01 -3.149015e+01 3.910563e+01
      vertex   1.456379e+01 -3.159627e+01 4.153875e+01
    endloop
  endfacet
  facet normal -9.238795e-01 -3.826834e-01 -0.000000e+00
    outer loop
      vertex   1.456379e+01 -3.159627e+01 4.153875e+01
      vertex   1.451983e+01 -3.149015e+01 3.910563e+01
      vertex   1.456379e+01 -3.159627e+01 3.910563e+01
    endloop
  endfacet
  facet normal -7.933533e-01 -6.087614e-01 -0.000000e+00
    outer loop
      vertex   1.456379e+01 -3.159627e+01 4.153875e+01
      vertex   1.456379e+01 -3.159627e+01 3.910563e+01
      vertex   1.463371e+01 -3.168740e+01 4.153875e+01
    endloop
  endfacet
  facet normal -7.933533e-01 -6.087614e-01 -0.000000e+00
    outer loop
      vertex   1.463371e+01 -3.168740e+01 4.153875e+01
      vertex   1.456379e+01 -3.159627e+01 3.910563e+01
      vertex   1.463371e+01 -3.168740e+01 3.910563e+01
    endloop
  endfacet
  facet normal -6.087614e-01 -7.933533e-01 -0.000000e+00
    outer loop
      vertex   1.463371e+01 -3.168740e+01 4.153875e+01
      vertex   1.463371e+01 -3.168740e+01 3.910563e+01
      vertex   1.472484e+01 -3.175732e+01 4.153875e+01
    endloop
  endfacet
  facet normal -6.087614e-01 -7.933533e-01 -4.444412e-16
    outer loop
      vertex   1.472484e+01 -3.175732e+01 4.153875e+01
      vertex   1.463371e+01 -3.168740e+01 3.910563e+01
      vertex   1.472484e+01 -3.175732e+01 3.910563e+01
    endloop
  endfacet
  facet normal -3.826834e-01 -9.238795e-01 -2.793874e-16
    outer loop
      vertex   1.472484e+01 -3.175732e+01 4.153875e+01
      vertex   1.472484e+01 -3.175732e+01 3.910563e+01
      vertex   1.483096e+01 -3.180128e+01 3.910563e+01
    endloop
  endfacet
  facet normal -3.826834e-01 -9.238795e-01 0.000000e+00
    outer loop
      vertex   1.483096e+01 -3.180128e+01 3.910563e+01
      vertex   1.483096e+01 -3.180128e+01 4.397187e+01
      vertex   1.472484e+01 -3.175732e+01 4.153875e+01
    endloop
  endfacet
  facet normal -3.826834e-01 -9.238795e-01 2.793874e-16
    outer loop
      vertex   1.472484e+01 -3.175732e+01 4.153875e+01
      vertex   1.483096e+01 -3.180128e+01 4.397187e+01
      vertex   1.472484e+01 -3.175732e+01 4.397187e+01
    endloop
  endfacet
  facet normal -6.087614e-01 -7.933533e-01 4.444412e-16
    outer loop
      vertex   1.472484e+01 -3.175732e+01 4.153875e+01
      vertex   1.472484e+01 -3.175732e+01 4.397187e+01
      vertex   1.463371e+01 -3.168740e+01 4.153875e+01
    endloop
  endfacet
  facet normal -6.087614e-01 -7.933533e-01 0.000000e+00
    outer loop
      vertex   1.463371e+01 -3.168740e+01 4.153875e+01
      vertex   1.472484e+01 -3.175732e+01 4.397187e+01
      vertex   1.463371e+01 -3.168740e+01 4.397187e+01
    endloop
  endfacet
  facet normal -7.933533e-01 -6.087614e-01 0.000000e+00
    outer loop
      vertex   1.463371e+01 -3.168740e+01 4.153875e+01
      vertex   1.463371e+01 -3.168740e+01 4.397187e+01
      vertex   1.456379e+01 -3.159627e+01 4.153875e+01
    endloop
  endfacet
  facet normal -7.933533e-01 -6.087614e-01 0.000000e+00
    outer loop
      vertex   1.456379e+01 -3.159627e+01 4.153875e+01
      vertex   1.463371e+01 -3.168740e+01 4.397187e+01
      vertex   1.456379e+01 -3.159627e+01 4.397187e+01
    endloop
  endfacet
  facet normal -9.238795e-01 -3.826834e-01 0.000000e+00
    outer loop
      vertex   1.456379e+01 -3.159627e+01 4.153875e+01
      vertex   1.456379e+01 -3.159627e+01 4.397187e+01
      vertex   1.451983e+01 -3.149015e+01 4.153875e+01
    endloop
  endfacet
  facet normal -9.238795e-01 -3.826834e-01 0.000000e+00
    outer loop
      vertex   1.451983e+01 -3.149015e+01 4.153875e+01
      vertex   1.456379e+01 -3.159627e+01 4.397187e+01
      vertex   1.451983e+01 -3.149015e+01 4.397187e+01
    endloop
  endfacet
  facet normal -9.914449e-01 -1.305262e-01 0.000000e+00
    outer loop
      vertex   1.451983e+01 -3.149015e+01 4.153875e+01
      vertex   1.451983e+01 -3.149015e+01 4.397187e+01
      vertex   1.450484e+01 -3.137627e+01 4.153875e+01
    endloop
  endfacet
  facet normal -9.914449e-01 -1.305262e-01 0.000000e+00
    outer loop
      vertex   1.450484e+01 -3.137627e+01 4.153875e+01
      vertex   1.451983e+01 -3.149015e+01 4.397187e+01
      vertex   1.450484e+01 -3.137627e+01 4.397187e+01
    endloop
  endfacet
  facet normal -9.914449e-01 1.305262e-01 0.000000e+00
    outer loop
      vertex   1.450484e+01 -3.137627e+01 4.153875e+01
      vertex   1.450484e+01 -3.137627e+01 4.397187e+01
      vertex   1.451983e+01 -3.126239e+01 4.397187e+01
    endloop
  endfacet
  facet normal -9.659258e-01 2.588190e-01 0.000000e+00
    outer loop
      vertex   1.451983e+01 -3.126239e+01 3.910563e+01
      vertex   1.451983e+01 -3.126239e+01 4.397187e+01
      vertex   1.582945e+01 -2.637480e+01 3.910563e+01
    endloop
  endfacet
  facet normal -9.659258e-01 2.588190e-01 0.000000e+00
    outer loop
      vertex   1.582945e+01 -2.637480e+01 3.910563e+01
      vertex   1.451983e+01 -3.126239e+01 4.397187e+01
      vertex   1.582945e+01 -2.637480e+01 4.397187e+01
    endloop
  endfacet
  facet normal -0.000000e+00 0.000000e+00 1.000000e+00
    outer loop
      vertex   1.450484e+01 -3.137627e+01 4.397187e+01
      vertex   1.451983e+01 -3.149015e+01 4.397187e+01
      vertex   1.451983e+01 -3.126239e+01 4.397187e+01
    endloop
  endfacet
  facet normal 0.000000e+00 0.000000e+00 1.000000e+00
    outer loop
      vertex   1.451983e+01 -3.126239e+01 4.397187e+01
      vertex   1.451983e+01 -3.149015e+01 4.397187e+01
      vertex   1.456379e+01 -3.159627e+01 4.397187e+01
    endloop
  endfacet
  facet normal -0.000000e+00 0.000000e+00 1.000000e+00
    outer loop
      vertex   1.451983e+01 -3.126239e+01 4.397187e+01
      vertex   1.456379e+01 -3.159627e+01 4.397187e+01
      vertex   1.583277e+01 -2.837600e+01 4.397187e+01
    endloop
  endfacet
  facet normal 0.000000e+00 0.000000e+00 1.000000e+00
    outer loop
      vertex   1.583277e+01 -2.837600e+01 4.397187e+01
      vertex   1.456379e+01 -3.159627e+01 4.397187e+01
      vertex   1.463371e+01 -3.168740e+01 4.397187e+01
    endloop
  endfacet
  facet normal 0.000000e+00 0.000000e+00 1.000000e+00
    outer loop
      vertex   1.583277e+01 -2.837600e+01 4.397187e+01
      vertex   1.463371e+01 -3.168740e+01 4.397187e+01
      vertex   1.472484e+01 -3.175732e+01 4.397187e+01
    endloop
  endfacet
  facet normal -0.000000e+00 0.000000e+00 1.000000e+00
    outer loop
      vertex   1.472484e+01 -3.175732e+01 4.397187e+01
      vertex   1.483096e+01 -3.180128e+01 4.397187e+01
      vertex   1.583277e+01 -2.837600e+01 4.397187e+01
    endloop
  endfacet
  facet normal 0.000000e+00 0.000000e+00 1.000000e+00
    outer loop
      vertex   1.583277e+01 -2.837600e+01 4.397187e+01
      vertex   1.483096e+01 -3.180128e+01 4.397187e+01
      vertex   1.494687e+01 -3.183233e+01 4.397187e+01
    endloop
  endfacet
  facet normal 0.000000e+00 0.000000e+00 1.000000e+00
    outer loop
      vertex   1.583277e+01 -2.837600e+01 4.397187e+01
      vertex   1.494687e+01 -3.183233e+01 4.397187e+01
      vertex   1.506075e+01 -3.184733e+01 4.397187e+01
    endloop
  endfacet
  facet normal 0.000000e+00 0.000000e+00 1.000000e+00
    outer loop
      vertex   1.506075e+01 -3.184733e+01 4.397187e+01
      vertex   1.517463e+01 -3.183233e+01 4.397187e+01
      vertex   1.583277e+01 -2.837600e+01 4.397187e+01
    endloop
  endfacet
  facet normal -0.000000e+00 0.000000e+00 1.000000e+00
    outer loop
      vertex   1.583277e+01 -2.837600e+01 4.397187e+01
      vertex   1.517463e+01 -3.183233e+01 4.397187e+01
      vertex   1.632851e+01 -2.837600e+01 4.397187e+01
    endloop
  endfacet
  facet normal 0.000000e+00 0.000000e+00 1.000000e+00
    outer loop
      vertex   1.632851e+01 -2.837600e+01 4.397187e+01
      vertex   1.517463e+01 -3.183233e+01 4.397187e+01
      vertex   1.528075e+01 -3.178838e+01 4.397187e+01
    endloop
  endfacet
  facet normal 0.000000e+00 0.000000e+00 1.000000e+00
    outer loop
      vertex   1.632851e+01 -2.837600e+01 4.397187e+01
      vertex   1.528075e+01 -3.178838e+01 4.397187e+01
      vertex   1.548575e+01 -3.152121e+01 4.397187e+01
    endloop
  endfacet
  facet normal 0.000000e+00 0.000000e+00 1.000000e+00
    outer loop
      vertex   1.548575e+01 -3.152121e+01 4.397187e+01
      vertex   1.528075e+01 -3.178838e+01 4.397187e+01
      vertex   1.537187e+01 -3.171845e+01 4.397187e+01
    endloop
  endfacet
  facet normal 0.000000e+00 0.000000e+00 1.000000e+00
    outer loop
      vertex   1.548575e+01 -3.152121e+01 4.397187e+01
      vertex   1.537187e+01 -3.171845e+01 4.397187e+01
      vertex   1.544180e+01 -3.162733e+01 4.397187e+01
    endloop
  endfacet
  facet normal 0.000000e+00 -0.000000e+00 1.000000e+00
    outer loop
      vertex   1.583277e+01 -2.837600e+01 4.397187e+01
      vertex   1.583277e+01 -2.637600e+01 4.397187e+01
      vertex   1.451983e+01 -3.126239e+01 4.397187e+01
    endloop
  endfacet
  facet normal 0.000000e+00 0.000000e+00 1.000000e+00
    outer loop
      vertex   1.451983e+01 -3.126239e+01 4.397187e+01
      vertex   1.583277e+01 -2.637600e+01 4.397187e+01
      vertex   1.582945e+01 -2.637480e+01 4.397187e+01
    endloop
  endfacet
  facet normal 0.000000e+00 0.000000e+00 1.000000e+00
    outer loop
      vertex   1.582945e+01 -2.637480e+01 4.397187e+01
      vertex   1.583277e+01 -2.637600e+01 4.397187e+01
      vertex   1.583392e+01 -2.637600e+01 4.397187e+01
    endloop
  endfacet
  facet normal -1.305262e-01 -9.914449e-01 -0.000000e+00
    outer loop
      vertex   1.494687e+01 -3.183233e+01 4.397187e+01
      vertex   1.494687e+01 -3.183233e+01 3.910563e+01
      vertex   1.506075e+01 -3.184733e+01 4.153875e+01
    endloop
  endfacet
  facet normal -1.305262e-01 -9.914449e-01 -0.000000e+00
    outer loop
      vertex   1.506075e+01 -3.184733e+01 4.153875e+01
      vertex   1.494687e+01 -3.183233e+01 3.910563e+01
      vertex   1.506075e+01 -3.184733e+01 3.910563e+01
    endloop
  endfacet
  facet normal 1.305262e-01 -9.914449e-01 0.000000e+00
    outer loop
      vertex   1.506075e+01 -3.184733e+01 4.153875e+01
      vertex   1.506075e+01 -3.184733e+01 3.910563e+01
      vertex   1.517463e+01 -3.183233e+01 4.153875e+01
    endloop
  endfacet
  facet normal 1.305262e-01 -9.914449e-01 0.000000e+00
    outer loop
      vertex   1.517463e+01 -3.183233e+01 4.153875e+01
      vertex   1.506075e+01 -3.184733e+01 3.910563e+01
      vertex   1.517463e+01 -3.183233e+01 3.910563e+01
    endloop
  endfacet
  facet normal 3.826834e-01 -9.238795e-01 0.000000e+00
    outer loop
      vertex   1.517463e+01 -3.183233e+01 4.153875e+01
      vertex   1.517463e+01 -3.183233e+01 3.910563e+01
      vertex   1.528075e+01 -3.178838e+01 4.153875e+01
    endloop
  endfacet
  facet normal 3.826834e-01 -9.238795e-01 0.000000e+00
    outer loop
      vertex   1.528075e+01 -3.178838e+01 4.153875e+01
      vertex   1.517463e+01 -3.183233e+01 3.910563e+01
      vertex   1.528075e+01 -3.178838e+01 3.910563e+01
    endloop
  endfacet
  facet normal 6.087614e-01 -7.933533e-01 0.000000e+00
    outer loop
      vertex   1.528075e+01 -3.178838e+01 4.153875e+01
      vertex   1.528075e+01 -3.178838e+01 3.910563e+01
      vertex   1.537187e+01 -3.171845e+01 4.153875e+01
    endloop
  endfacet
  facet normal 6.087614e-01 -7.933533e-01 0.000000e+00
    outer loop
      vertex   1.537187e+01 -3.171845e+01 4.153875e+01
      vertex   1.528075e+01 -3.178838e+01 3.910563e+01
      vertex   1.537187e+01 -3.171845e+01 3.910563e+01
    endloop
  endfacet
  facet normal 7.933533e-01 -6.087614e-01 0.000000e+00
    outer loop
      vertex   1.537187e+01 -3.171845e+01 4.153875e+01
      vertex   1.537187e+01 -3.171845e+01 3.910563e+01
      vertex   1.544180e+01 -3.162733e+01 4.153875e+01
    endloop
  endfacet
  facet normal 7.933533e-01 -6.087614e-01 0.000000e+00
    outer loop
      vertex   1.544180e+01 -3.162733e+01 4.153875e+01
      vertex   1.537187e+01 -3.171845e+01 3.910563e+01
      vertex   1.544180e+01 -3.162733e+01 3.910563e+01
    endloop
  endfacet
  facet normal 9.238795e-01 -3.826834e-01 0.000000e+00
    outer loop
      vertex   1.544180e+01 -3.162733e+01 4.153875e+01
      vertex   1.544180e+01 -3.162733e+01 3.910563e+01
      vertex   1.548575e+01 -3.152121e+01 3.910563e+01
    endloop
  endfacet
  facet normal 9.238795e-01 -3.826834e-01 0.000000e+00
    outer loop
      vertex   1.548575e+01 -3.152121e+01 3.910563e+01
      vertex   1.548575e+01 -3.152121e+01 4.397187e+01
      vertex   1.544180e+01 -3.162733e+01 4.153875e+01
    endloop
  endfacet
  facet normal 9.238795e-01 -3.826834e-01 0.000000e+00
    outer loop
      vertex   1.544180e+01 -3.162733e+01 4.153875e+01
      vertex   1.548575e+01 -3.152121e+01 4.397187e+01
      vertex   1.544180e+01 -3.162733e+01 4.397187e+01
    endloop
  endfacet
  facet normal 7.933533e-01 -6.087614e-01 0.000000e+00
    outer loop
      vertex   1.544180e+01 -3.162733e+01 4.153875e+01
      vertex   1.544180e+01 -3.162733e+01 4.397187e+01
      vertex   1.537187e+01 -3.171845e+01 4.153875e+01
    endloop
  endfacet
  facet normal 7.933533e-01 -6.087614e-01 0.000000e+00
    outer loop
      vertex   1.537187e+01 -3.171845e+01 4.153875e+01
      vertex   1.544180e+01 -3.162733e+01 4.397187e+01
      vertex   1.537187e+01 -3.171845e+01 4.397187e+01
    endloop
  endfacet
  facet normal 6.087614e-01 -7.933533e-01 0.000000e+00
    outer loop
      vertex   1.537187e+01 -3.171845e+01 4.153875e+01
      vertex   1.537187e+01 -3.171845e+01 4.397187e+01
      vertex   1.528075e+01 -3.178838e+01 4.153875e+01
    endloop
  endfacet
  facet normal 6.087614e-01 -7.933533e-01 0.000000e+00
    outer loop
      vertex   1.528075e+01 -3.178838e+01 4.153875e+01
      vertex   1.537187e+01 -3.171845e+01 4.397187e+01
      vertex   1.528075e+01 -3.178838e+01 4.397187e+01
    endloop
  endfacet
  facet normal 3.826834e-01 -9.238795e-01 0.000000e+00
    outer loop
      vertex   1.528075e+01 -3.178838e+01 4.153875e+01
      vertex   1.528075e+01 -3.178838e+01 4.397187e+01
      vertex   1.517463e+01 -3.183233e+01 4.153875e+01
    endloop
  endfacet
  facet normal 3.826834e-01 -9.238795e-01 0.000000e+00
    outer loop
      vertex   1.517463e+01 -3.183233e+01 4.153875e+01
      vertex   1.528075e+01 -3.178838e+01 4.397187e+01
      vertex   1.517463e+01 -3.183233e+01 4.397187e+01
    endloop
  endfacet
  facet normal 1.305262e-01 -9.914449e-01 0.000000e+00
    outer loop
      vertex   1.517463e+01 -3.183233e+01 4.153875e+01
      vertex   1.517463e+01 -3.183233e+01 4.397187e+01
      vertex   1.506075e+01 -3.184733e+01 4.153875e+01
    endloop
  endfacet
  facet normal 1.305262e-01 -9.914449e-01 0.000000e+00
    outer loop
      vertex   1.506075e+01 -3.184733e+01 4.153875e+01
      vertex   1.517463e+01 -3.183233e+01 4.397187e+01
      vertex   1.506075e+01 -3.184733e+01 4.397187e+01
    endloop
  endfacet
  facet normal -1.305262e-01 -9.914449e-01 0.000000e+00
    outer loop
      vertex   1.506075e+01 -3.184733e+01 4.153875e+01
      vertex   1.506075e+01 -3.184733e+01 4.397187e+01
      vertex   1.494687e+01 -3.183233e+01 4.397187e+01
    endloop
  endfacet
  facet normal 9.659258e-01 -2.588190e-01 0.000000e+00
    outer loop
      vertex   1.548575e+01 -3.152121e+01 4.397187e+01
      vertex   1.548575e+01 -3.152121e+01 3.910563e+01
      vertex   1.632851e+01 -2.837600e+01 4.397187e+01
    endloop
  endfacet
  facet normal 9.659258e-01 -2.588190e-01 0.000000e+00
    outer loop
      vertex   1.632851e+01 -2.837600e+01 4.397187e+01
      vertex   1.548575e+01 -3.152121e+01 3.910563e+01
      vertex   1.632851e+01 -2.837600e+01 3.910563e+01
    endloop
  endfacet
  facet normal -9.914449e-01 1.305262e-01 0.000000e+00
    outer loop
      vertex   1.785316e+01 -3.126239e+01 4.397187e+01
      vertex   1.785316e+01 -3.126239e+01 3.910563e+01
      vertex   1.783817e+01 -3.137627e+01 4.153875e+01
    endloop
  endfacet
  facet normal -9.914449e-01 1.305262e-01 0.000000e+00
    outer loop
      vertex   1.783817e+01 -3.137627e+01 4.153875e+01
      vertex   1.785316e+01 -3.126239e+01 3.910563e+01
      vertex   1.783817e+01 -3.137627e+01 3.910563e+01
    endloop
  endfacet
  facet normal -9.914449e-01 -1.305262e-01 -0.000000e+00
    outer loop
      vertex   1.783817e+01 -3.137627e+01 4.153875e+01
      vertex   1.783817e+01 -3.137627e+01 3.910563e+01
      vertex   1.785316e+01 -3.149015e+01 4.153875e+01
    endloop
  endfacet
  facet normal -9.914449e-01 -1.305262e-01 -0.000000e+00
    outer loop
      vertex   1.785316e+01 -3.149015e+01 4.153875e+01
      vertex   1.783817e+01 -3.137627e+01 3.910563e+01
      vertex   1.785316e+01 -3.149015e+01 3.910563e+01
    endloop
  endfacet
  facet normal -9.238795e-01 -3.826834e-01 -0.000000e+00
    outer loop
      vertex   1.785316e+01 -3.149015e+01 4.153875e+01
      vertex   1.785316e+01 -3.149015e+01 3.910563e+01
      vertex   1.789712e+01 -3.159627e+01 4.153875e+01
    endloop
  endfacet
  facet normal -9.238795e-01 -3.826834e-01 -0.000000e+00
    outer loop
      vertex   1.789712e+01 -3.159627e+01 4.153875e+01
      vertex   1.785316e+01 -3.149015e+01 3.910563e+01
      vertex   1.789712e+01 -3.159627e+01 3.910563e+01
    endloop
  endfacet
  facet normal -7.933533e-01 -6.087614e-01 -0.000000e+00
    outer loop
      vertex   1.789712e+01 -3.159627e+01 4.153875e+01
      vertex   1.789712e+01 -3.159627e+01 3.910563e+01
      vertex   1.796704e+01 -3.168740e+01 4.153875e+01
    endloop
  endfacet
  facet normal -7.933533e-01 -6.087614e-01 -0.000000e+00
    outer loop
      vertex   1.796704e+01 -3.168740e+01 4.153875e+01
      vertex   1.789712e+01 -3.159627e+01 3.910563e+01
      vertex   1.796704e+01 -3.168740e+01 3.910563e+01
    endloop
  endfacet
  facet normal -6.087614e-01 -7.933533e-01 -0.000000e+00
    outer loop
      vertex   1.796704e+01 -3.168740e+01 4.153875e+01
      vertex   1.796704e+01 -3.168740e+01 3.910563e+01
      vertex   1.805817e+01 -3.175732e+01 4.153875e+01
    endloop
  endfacet
  facet normal -6.087614e-01 -7.933533e-01 -3.205710e-15
    outer loop
      vertex   1.805817e+01 -3.175732e+01 4.153875e+01
      vertex   1.796704e+01 -3.168740e+01 3.910563e+01
      vertex   1.805817e+01 -3.175732e+01 3.910563e+01
    endloop
  endfacet
  facet normal -3.826834e-01 -9.238795e-01 -3.256778e-15
    outer loop
      vertex   1.805817e+01 -3.175732e+01 4.153875e+01
      vertex   1.805817e+01 -3.175732e+01 3.910563e+01
      vertex   1.816429e+01 -3.180128e+01 3.910563e+01
    endloop
  endfacet
  facet normal -3.826834e-01 -9.238795e-01 0.000000e+00
    outer loop
      vertex   1.816429e+01 -3.180128e+01 3.910563e+01
      vertex   1.816429e+01 -3.180128e+01 4.397187e+01
      vertex   1.805817e+01 -3.175732e+01 4.153875e+01
    endloop
  endfacet
  facet normal -3.826834e-01 -9.238795e-01 3.256778e-15
    outer loop
      vertex   1.805817e+01 -3.175732e+01 4.153875e+01
      vertex   1.816429e+01 -3.180128e+01 4.397187e+01
      vertex   1.805817e+01 -3.175732e+01 4.397187e+01
    endloop
  endfacet
  facet normal -6.087614e-01 -7.933533e-01 3.205710e-15
    outer loop
      vertex   1.805817e+01 -3.175732e+01 4.153875e+01
      vertex   1.805817e+01 -3.175732e+01 4.397187e+01
      vertex   1.796704e+01 -3.168740e+01 4.153875e+01
    endloop
  endfacet
  facet normal -6.087614e-01 -7.933533e-01 0.000000e+00
    outer loop
      vertex   1.796704e+01 -3.168740e+01 4.153875e+01
      vertex   1.805817e+01 -3.175732e+01 4.397187e+01
      vertex   1.796704e+01 -3.168740e+01 4.397187e+01
    endloop
  endfacet
  facet normal -7.933533e-01 -6.087614e-01 0.000000e+00
    outer loop
      vertex   1.796704e+01 -3.168740e+01 4.153875e+01
      vertex   1.796704e+01 -3.168740e+01 4.397187e+01
      vertex   1.789712e+01 -3.159627e+01 4.153875e+01
    endloop
  endfacet
  facet normal -7.933533e-01 -6.087614e-01 0.000000e+00
    outer loop
      vertex   1.789712e+01 -3.159627e+01 4.153875e+01
      vertex   1.796704e+01 -3.168740e+01 4.397187e+01
      vertex   1.789712e+01 -3.159627e+01 4.397187e+01
    endloop
  endfacet
  facet normal -9.238795e-01 -3.826834e-01 0.000000e+00
    outer loop
      vertex   1.789712e+01 -3.159627e+01 4.153875e+01
      vertex   1.789712e+01 -3.159627e+01 4.397187e+01
      vertex   1.785316e+01 -3.149015e+01 4.153875e+01
    endloop
  endfacet
  facet normal -9.238795e-01 -3.826834e-01 0.000000e+00
    outer loop
      vertex   1.785316e+01 -3.149015e+01 4.153875e+01
      vertex   1.789712e+01 -3.159627e+01 4.397187e+01
      vertex   1.785316e+01 -3.149015e+01 4.397187e+01
    endloop
  endfacet
  facet normal -9.914449e-01 -1.305262e-01 0.000000e+00
    outer loop
      vertex   1.785316e+01 -3.149015e+01 4.153875e+01
      vertex   1.785316e+01 -3.149015e+01 4.397187e+01
      vertex   1.783817e+01 -3.137627e+01 4.153875e+01
    endloop
  endfacet
  facet normal -9.914449e-01 -1.305262e-01 0.000000e+00
    outer loop
      vertex   1.783817e+01 -3.137627e+01 4.153875e+01
      vertex   1.785316e+01 -3.149015e+01 4.397187e+01
      vertex   1.783817e+01 -3.137627e+01 4.397187e+01
    endloop
  endfacet
  facet normal -9.914449e-01 1.305262e-01 0.000000e+00
    outer loop
      vertex   1.783817e+01 -3.137627e+01 4.153875e+01
      vertex   1.783817e+01 -3.137627e+01 4.397187e+01
      vertex   1.785316e+01 -3.126239e+01 4.397187e+01
    endloop
  endfacet
  facet normal -9.659258e-01 2.588190e-01 0.000000e+00
    outer loop
      vertex   1.785316e+01 -3.126239e+01 3.910563e+01
      vertex   1.785316e+01 -3.126239e+01 4.397187e+01
      vertex   1.862657e+01 -2.837600e+01 3.910563e+01
    endloop
  endfacet
  facet normal -9.659258e-01 2.588190e-01 0.000000e+00
    outer loop
      vertex   1.862657e+01 -2.837600e+01 3.910563e+01
      vertex   1.785316e+01 -3.126239e+01 4.397187e+01
      vertex   1.862657e+01 -2.837600e+01 4.397187e+01
    endloop
  endfacet
  facet normal -0.000000e+00 0.000000e+00 1.000000e+00
    outer loop
      vertex   1.783817e+01 -3.137627e+01 4.397187e+01
      vertex   1.785316e+01 -3.149015e+01 4.397187e+01
      vertex   1.785316e+01 -3.126239e+01 4.397187e+01
    endloop
  endfacet
  facet normal 0.000000e+00 0.000000e+00 1.000000e+00
    outer loop
      vertex   1.785316e+01 -3.126239e+01 4.397187e+01
      vertex   1.785316e+01 -3.149015e+01 4.397187e+01
      vertex   1.789712e+01 -3.159627e+01 4.397187e+01
    endloop
  endfacet
  facet normal 0.000000e+00 0.000000e+00 1.000000e+00
    outer loop
      vertex   1.785316e+01 -3.126239e+01 4.397187e+01
      vertex   1.789712e+01 -3.159627e+01 4.397187e+01
      vertex   1.796704e+01 -3.168740e+01 4.397187e+01
    endloop
  endfacet
  facet normal -0.000000e+00 0.000000e+00 1.000000e+00
    outer loop
      vertex   1.785316e+01 -3.126239e+01 4.397187e+01
      vertex   1.796704e+01 -3.168740e+01 4.397187e+01
      vertex   1.862657e+01 -2.837600e+01 4.397187e+01
    endloop
  endfacet
  facet normal 0.000000e+00 0.000000e+00 1.000000e+00
    outer loop
      vertex   1.862657e+01 -2.837600e+01 4.397187e+01
      vertex   1.796704e+01 -3.168740e+01 4.397187e+01
      vertex   1.805817e+01 -3.175732e+01 4.397187e+01
    endloop
  endfacet
  facet normal 0.000000e+00 0.000000e+00 1.000000e+00
    outer loop
      vertex   1.862657e+01 -2.837600e+01 4.397187e+01
      vertex   1.805817e+01 -3.175732e+01 4.397187e+01
      vertex   1.816429e+01 -3.180128e+01 4.397187e+01
    endloop
  endfacet
  facet normal -0.000000e+00 0.000000e+00 1.000000e+00
    outer loop
      vertex   1.816429e+01 -3.180128e+01 4.397187e+01
      vertex   1.828020e+01 -3.183233e+01 4.397187e+01
      vertex   1.862657e+01 -2.837600e+01 4.397187e+01
    endloop
  endfacet
  facet normal -0.000000e+00 0.000000e+00 1.000000e+00
    outer loop
      vertex   1.862657e+01 -2.837600e+01 4.397187e+01
      vertex   1.828020e+01 -3.183233e+01 4.397187e+01
      vertex   1.966184e+01 -2.837600e+01 4.397187e+01
    endloop
  endfacet
  facet normal 0.000000e+00 0.000000e+00 1.000000e+00
    outer loop
      vertex   1.966184e+01 -2.837600e+01 4.397187e+01
      vertex   1.828020e+01 -3.183233e+01 4.397187e+01
      vertex   1.839408e+01 -3.184733e+01 4.397187e+01
    endloop
  endfacet
  facet normal 0.000000e+00 0.000000e+00 1.000000e+00
    outer loop
      vertex   1.966184e+01 -2.837600e+01 4.397187e+01
      vertex   1.839408e+01 -3.184733e+01 4.397187e+01
      vertex   1.850796e+01 -3.183233e+01 4.397187e+01
    endloop
  endfacet
  facet normal 0.000000e+00 0.000000e+00 1.000000e+00
    outer loop
      vertex   1.966184e+01 -2.837600e+01 4.397187e+01
      vertex   1.850796e+01 -3.183233e+01 4.397187e+01
      vertex   1.881909e+01 -3.152121e+01 4.397187e+01
    endloop
  endfacet
  facet normal 0.000000e+00 0.000000e+00 1.000000e+00
    outer loop
      vertex   1.881909e+01 -3.152121e+01 4.397187e+01
      vertex   1.850796e+01 -3.183233e+01 4.397187e+01
      vertex   1.861408e+01 -3.178838e+01 4.397187e+01
    endloop
  endfacet
  facet normal 0.000000e+00 0.000000e+00 1.000000e+00
    outer loop
      vertex   1.881909e+01 -3.152121e+01 4.397187e+01
      vertex   1.861408e+01 -3.178838e+01 4.397187e+01
      vertex   1.870521e+01 -3.171845e+01 4.397187e+01
    endloop
  endfacet
  facet normal 0.000000e+00 0.000000e+00 1.000000e+00
    outer loop
      vertex   1.870521e+01 -3.171845e+01 4.397187e+01
      vertex   1.877513e+01 -3.162733e+01 4.397187e+01
      vertex   1.881909e+01 -3.152121e+01 4.397187e+01
    endloop
  endfacet
  facet normal -1.305262e-01 -9.914449e-01 -0.000000e+00
    outer loop
      vertex   1.828020e+01 -3.183233e+01 4.397187e+01
      vertex   1.828020e+01 -3.183233e+01 3.910563e+01
      vertex   1.839408e+01 -3.184733e+01 4.153875e+01
    endloop
  endfacet
  facet normal -1.305262e-01 -9.914449e-01 -0.000000e+00
    outer loop
      vertex   1.839408e+01 -3.184733e+01 4.153875e+01
      vertex   1.828020e+01 -3.183233e+01 3.910563e+01
      vertex   1.839408e+01 -3.184733e+01 3.910563e+01
    endloop
  endfacet
  facet normal 1.305262e-01 -9.914449e-01 0.000000e+00
    outer loop
      vertex   1.839408e+01 -3.184733e+01 4.153875e+01
      vertex   1.839408e+01 -3.184733e+01 3.910563e+01
      vertex   1.850796e+01 -3.183233e+01 4.153875e+01
    endloop
  endfacet
  facet normal 1.305262e-01 -9.914449e-01 -1.447657e-15
    outer loop
      vertex   1.850796e+01 -3.183233e+01 4.153875e+01
      vertex   1.839408e+01 -3.184733e+01 3.910563e+01
      vertex   1.850796e+01 -3.183233e+01 3.910563e+01
    endloop
  endfacet
  facet normal 3.826834e-01 -9.238795e-01 -1.349002e-15
    outer loop
      vertex   1.850796e+01 -3.183233e+01 4.153875e+01
      vertex   1.850796e+01 -3.183233e+01 3.910563e+01
      vertex   1.861408e+01 -3.178838e+01 4.153875e+01
    endloop
  endfacet
  facet normal 3.826834e-01 -9.238795e-01 0.000000e+00
    outer loop
      vertex   1.861408e+01 -3.178838e+01 4.153875e+01
      vertex   1.850796e+01 -3.183233e+01 3.910563e+01
      vertex   1.861408e+01 -3.178838e+01 3.910563e+01
    endloop
  endfacet
  facet normal 6.087614e-01 -7.933533e-01 0.000000e+00
    outer loop
      vertex   1.861408e+01 -3.178838e+01 4.153875e+01
      vertex   1.861408e+01 -3.178838e+01 3.910563e+01
      vertex   1.870521e+01 -3.171845e+01 4.153875e+01
    endloop
  endfacet
  facet normal 6.087614e-01 -7.933533e-01 0.000000e+00
    outer loop
      vertex   1.870521e+01 -3.171845e+01 4.153875e+01
      vertex   1.861408e+01 -3.178838e+01 3.910563e+01
      vertex   1.870521e+01 -3.171845e+01 3.910563e+01
    endloop
  endfacet
  facet normal 7.933533e-01 -6.087614e-01 0.000000e+00
    outer loop
      vertex   1.870521e+01 -3.171845e+01 4.153875e+01
      vertex   1.870521e+01 -3.171845e+01 3.910563e+01
      vertex   1.877513e+01 -3.162733e+01 4.153875e+01
    endloop
  endfacet
  facet normal 7.933533e-01 -6.087614e-01 -1.158414e-15
    outer loop
      vertex   1.877513e+01 -3.162733e+01 4.153875e+01
      vertex   1.870521e+01 -3.171845e+01 3.910563e+01
      vertex   1.877513e+01 -3.162733e+01 3.910563e+01
    endloop
  endfacet
  facet normal 9.238795e-01 -3.826834e-01 -1.349002e-15
    outer loop
      vertex   1.877513e+01 -3.162733e+01 4.153875e+01
      vertex   1.877513e+01 -3.162733e+01 3.910563e+01
      vertex   1.881909e+01 -3.152121e+01 3.910563e+01
    endloop
  endfacet
  facet normal 9.238795e-01 -3.826834e-01 0.000000e+00
    outer loop
      vertex   1.881909e+01 -3.152121e+01 3.910563e+01
      vertex   1.881909e+01 -3.152121e+01 4.397187e+01
      vertex   1.877513e+01 -3.162733e+01 4.153875e+01
    endloop
  endfacet
  facet normal 9.238795e-01 -3.826834e-01 1.349002e-15
    outer loop
      vertex   1.877513e+01 -3.162733e+01 4.153875e+01
      vertex   1.881909e+01 -3.152121e+01 4.397187e+01
      vertex   1.877513e+01 -3.162733e+01 4.397187e+01
    endloop
  endfacet
  facet normal 7.933533e-01 -6.087614e-01 1.158414e-15
    outer loop
      vertex   1.877513e+01 -3.162733e+01 4.153875e+01
      vertex   1.877513e+01 -3.162733e+01 4.397187e+01
      vertex   1.870521e+01 -3.171845e+01 4.153875e+01
    endloop
  endfacet
  facet normal 7.933533e-01 -6.087614e-01 0.000000e+00
    outer loop
      vertex   1.870521e+01 -3.171845e+01 4.153875e+01
      vertex   1.877513e+01 -3.162733e+01 4.397187e+01
      vertex   1.870521e+01 -3.171845e+01 4.397187e+01
    endloop
  endfacet
  facet normal 6.087614e-01 -7.933533e-01 0.000000e+00
    outer loop
      vertex   1.870521e+01 -3.171845e+01 4.153875e+01
      vertex   1.870521e+01 -3.171845e+01 4.397187e+01
      vertex   1.861408e+01 -3.178838e+01 4.153875e+01
    endloop
  endfacet
  facet normal 6.087614e-01 -7.933533e-01 0.000000e+00
    outer loop
      vertex   1.861408e+01 -3.178838e+01 4.153875e+01
      vertex   1.870521e+01 -3.171845e+01 4.397187e+01
      vertex   1.861408e+01 -3.178838e+01 4.397187e+01
    endloop
  endfacet
  facet normal 3.826834e-01 -9.238795e-01 0.000000e+00
    outer loop
      vertex   1.861408e+01 -3.178838e+01 4.153875e+01
      vertex   1.861408e+01 -3.178838e+01 4.397187e+01
      vertex   1.850796e+01 -3.183233e+01 4.153875e+01
    endloop
  endfacet
  facet normal 3.826834e-01 -9.238795e-01 1.349002e-15
    outer loop
      vertex   1.850796e+01 -3.183233e+01 4.153875e+01
      vertex   1.861408e+01 -3.178838e+01 4.397187e+01
      vertex   1.850796e+01 -3.183233e+01 4.397187e+01
    endloop
  endfacet
  facet normal 1.305262e-01 -9.914449e-01 1.447657e-15
    outer loop
      vertex   1.850796e+01 -3.183233e+01 4.153875e+01
      vertex   1.850796e+01 -3.183233e+01 4.397187e+01
      vertex   1.839408e+01 -3.184733e+01 4.153875e+01
    endloop
  endfacet
  facet normal 1.305262e-01 -9.914449e-01 0.000000e+00
    outer loop
      vertex   1.839408e+01 -3.184733e+01 4.153875e+01
      vertex   1.850796e+01 -3.183233e+01 4.397187e+01
      vertex   1.839408e+01 -3.184733e+01 4.397187e+01
    endloop
  endfacet
  facet normal -1.305262e-01 -9.914449e-01 0.000000e+00
    outer loop
      vertex   1.839408e+01 -3.184733e+01 4.153875e+01
      vertex   1.839408e+01 -3.184733e+01 4.397187e+01
      vertex   1.828020e+01 -3.183233e+01 4.397187e+01
    endloop
  endfacet
  facet normal 9.659258e-01 -2.588190e-01 0.000000e+00
    outer loop
      vertex   1.881909e+01 -3.152121e+01 4.397187e+01
      vertex   1.881909e+01 -3.152121e+01 3.910563e+01
      vertex   1.966184e+01 -2.837600e+01 4.397187e+01
    endloop
  endfacet
  facet normal 9.659258e-01 -2.588190e-01 0.000000e+00
    outer loop
      vertex   1.966184e+01 -2.837600e+01 4.397187e+01
      vertex   1.881909e+01 -3.152121e+01 3.910563e+01
      vertex   1.966184e+01 -2.837600e+01 3.910563e+01
    endloop
  endfacet
  facet normal -9.914449e-01 1.305262e-01 0.000000e+00
    outer loop
      vertex   2.118650e+01 -3.126239e+01 4.397187e+01
      vertex   2.118650e+01 -3.126239e+01 3.910563e+01
      vertex   2.117150e+01 -3.137627e+01 4.153875e+01
    endloop
  endfacet
  facet normal -9.914449e-01 1.305262e-01 0.000000e+00
    outer loop
      vertex   2.117150e+01 -3.137627e+01 4.153875e+01
      vertex   2.118650e+01 -3.126239e+01 3.910563e+01
      vertex   2.117150e+01 -3.137627e+01 3.910563e+01
    endloop
  endfacet
  facet normal -9.914449e-01 -1.305262e-01 -0.000000e+00
    outer loop
      vertex   2.117150e+01 -3.137627e+01 4.153875e+01
      vertex   2.117150e+01 -3.137627e+01 3.910563e+01
      vertex   2.118650e+01 -3.149015e+01 4.153875e+01
    endloop
  endfacet
  facet normal -9.914449e-01 -1.305262e-01 -1.447657e-15
    outer loop
      vertex   2.118650e+01 -3.149015e+01 4.153875e+01
      vertex   2.117150e+01 -3.137627e+01 3.910563e+01
      vertex   2.118650e+01 -3.149015e+01 3.910563e+01
    endloop
  endfacet
  facet normal -9.238795e-01 -3.826834e-01 -1.349002e-15
    outer loop
      vertex   2.118650e+01 -3.149015e+01 4.153875e+01
      vertex   2.118650e+01 -3.149015e+01 3.910563e+01
      vertex   2.123045e+01 -3.159627e+01 4.153875e+01
    endloop
  endfacet
  facet normal -9.238795e-01 -3.826834e-01 -0.000000e+00
    outer loop
      vertex   2.123045e+01 -3.159627e+01 4.153875e+01
      vertex   2.118650e+01 -3.149015e+01 3.910563e+01
      vertex   2.123045e+01 -3.159627e+01 3.910563e+01
    endloop
  endfacet
  facet normal -7.933533e-01 -6.087614e-01 -0.000000e+00
    outer loop
      vertex   2.123045e+01 -3.159627e+01 4.153875e+01
      vertex   2.123045e+01 -3.159627e+01 3.910563e+01
      vertex   2.130038e+01 -3.168740e+01 4.153875e+01
    endloop
  endfacet
  facet normal -7.933533e-01 -6.087614e-01 3.205710e-15
    outer loop
      vertex   2.130038e+01 -3.168740e+01 4.153875e+01
      vertex   2.123045e+01 -3.159627e+01 3.910563e+01
      vertex   2.130038e+01 -3.168740e+01 3.910563e+01
    endloop
  endfacet
  facet normal -6.087614e-01 -7.933533e-01 2.936179e-15
    outer loop
      vertex   2.130038e+01 -3.168740e+01 4.153875e+01
      vertex   2.130038e+01 -3.168740e+01 3.910563e+01
      vertex   2.139150e+01 -3.175732e+01 4.153875e+01
    endloop
  endfacet
  facet normal -6.087614e-01 -7.933533e-01 -0.000000e+00
    outer loop
      vertex   2.139150e+01 -3.175732e+01 4.153875e+01
      vertex   2.130038e+01 -3.168740e+01 3.910563e+01
      vertex   2.139150e+01 -3.175732e+01 3.910563e+01
    endloop
  endfacet
  facet normal -3.826834e-01 -9.238795e-01 -0.000000e+00
    outer loop
      vertex   2.139150e+01 -3.175732e+01 4.153875e+01
      vertex   2.139150e+01 -3.175732e+01 3.910563e+01
      vertex   2.149762e+01 -3.180128e+01 3.910563e+01
    endloop
  endfacet
  facet normal -3.826834e-01 -9.238795e-01 0.000000e+00
    outer loop
      vertex   2.149762e+01 -3.180128e+01 3.910563e+01
      vertex   2.149762e+01 -3.180128e+01 4.397187e+01
      vertex   2.139150e+01 -3.175732e+01 4.153875e+01
    endloop
  endfacet
  facet normal -3.826834e-01 -9.238795e-01 0.000000e+00
    outer loop
      vertex   2.139150e+01 -3.175732e+01 4.153875e+01
      vertex   2.149762e+01 -3.180128e+01 4.397187e+01
      vertex   2.139150e+01 -3.175732e+01 4.397187e+01
    endloop
  endfacet
  facet normal -6.087614e-01 -7.933533e-01 0.000000e+00
    outer loop
      vertex   2.139150e+01 -3.175732e+01 4.153875e+01
      vertex   2.139150e+01 -3.175732e+01 4.397187e+01
      vertex   2.130038e+01 -3.168740e+01 4.153875e+01
    endloop
  endfacet
  facet normal -6.087614e-01 -7.933533e-01 -2.936179e-15
    outer loop
      vertex   2.130038e+01 -3.168740e+01 4.153875e+01
      vertex   2.139150e+01 -3.175732e+01 4.397187e+01
      vertex   2.130038e+01 -3.168740e+01 4.397187e+01
    endloop
  endfacet
  facet normal -7.933533e-01 -6.087614e-01 -3.205710e-15
    outer loop
      vertex   2.130038e+01 -3.168740e+01 4.153875e+01
      vertex   2.130038e+01 -3.168740e+01 4.397187e+01
      vertex   2.123045e+01 -3.159627e+01 4.153875e+01
    endloop
  endfacet
  facet normal -7.933533e-01 -6.087614e-01 0.000000e+00
    outer loop
      vertex   2.123045e+01 -3.159627e+01 4.153875e+01
      vertex   2.130038e+01 -3.168740e+01 4.397187e+01
      vertex   2.123045e+01 -3.159627e+01 4.397187e+01
    endloop
  endfacet
  facet normal -9.238795e-01 -3.826834e-01 0.000000e+00
    outer loop
      vertex   2.123045e+01 -3.159627e+01 4.153875e+01
      vertex   2.123045e+01 -3.159627e+01 4.397187e+01
      vertex   2.118650e+01 -3.149015e+01 4.153875e+01
    endloop
  endfacet
  facet normal -9.238795e-01 -3.826834e-01 1.349002e-15
    outer loop
      vertex   2.118650e+01 -3.149015e+01 4.153875e+01
      vertex   2.123045e+01 -3.159627e+01 4.397187e+01
      vertex   2.118650e+01 -3.149015e+01 4.397187e+01
    endloop
  endfacet
  facet normal -9.914449e-01 -1.305262e-01 1.447657e-15
    outer loop
      vertex   2.118650e+01 -3.149015e+01 4.153875e+01
      vertex   2.118650e+01 -3.149015e+01 4.397187e+01
      vertex   2.117150e+01 -3.137627e+01 4.153875e+01
    endloop
  endfacet
  facet normal -9.914449e-01 -1.305262e-01 0.000000e+00
    outer loop
      vertex   2.117150e+01 -3.137627e+01 4.153875e+01
      vertex   2.118650e+01 -3.149015e+01 4.397187e+01
      vertex   2.117150e+01 -3.137627e+01 4.397187e+01
    endloop
  endfacet
  facet normal -9.914449e-01 1.305262e-01 0.000000e+00
    outer loop
      vertex   2.117150e+01 -3.137627e+01 4.153875e+01
      vertex   2.117150e+01 -3.137627e+01 4.397187e+01
      vertex   2.118650e+01 -3.126239e+01 4.397187e+01
    endloop
  endfacet
  facet normal -9.659258e-01 2.588190e-01 0.000000e+00
    outer loop
      vertex   2.118650e+01 -3.126239e+01 3.910563e+01
      vertex   2.118650e+01 -3.126239e+01 4.397187e+01
      vertex   2.195990e+01 -2.837600e+01 3.910563e+01
    endloop
  endfacet
  facet normal -9.659258e-01 2.588190e-01 0.000000e+00
    outer loop
      vertex   2.195990e+01 -2.837600e+01 3.910563e+01
      vertex   2.118650e+01 -3.126239e+01 4.397187e+01
      vertex   2.195990e+01 -2.837600e+01 4.397187e+01
    endloop
  endfacet
  facet normal -0.000000e+00 0.000000e+00 1.000000e+00
    outer loop
      vertex   2.117150e+01 -3.137627e+01 4.397187e+01
      vertex   2.118650e+01 -3.149015e+01 4.397187e+01
      vertex   2.118650e+01 -3.126239e+01 4.397187e+01
    endloop
  endfacet
  facet normal 0.000000e+00 0.000000e+00 1.000000e+00
    outer loop
      vertex   2.118650e+01 -3.126239e+01 4.397187e+01
      vertex   2.118650e+01 -3.149015e+01 4.397187e+01
      vertex   2.123045e+01 -3.159627e+01 4.397187e+01
    endloop
  endfacet
  facet normal 0.000000e+00 0.000000e+00 1.000000e+00
    outer loop
      vertex   2.118650e+01 -3.126239e+01 4.397187e+01
      vertex   2.123045e+01 -3.159627e+01 4.397187e+01
      vertex   2.130038e+01 -3.168740e+01 4.397187e+01
    endloop
  endfacet
  facet normal -0.000000e+00 0.000000e+00 1.000000e+00
    outer loop
      vertex   2.118650e+01 -3.126239e+01 4.397187e+01
      vertex   2.130038e+01 -3.168740e+01 4.397187e+01
      vertex   2.195990e+01 -2.837600e+01 4.397187e+01
    endloop
  endfacet
  facet normal 0.000000e+00 0.000000e+00 1.000000e+00
    outer loop
      vertex   2.195990e+01 -2.837600e+01 4.397187e+01
      vertex   2.130038e+01 -3.168740e+01 4.397187e+01
      vertex   2.139150e+01 -3.175732e+01 4.397187e+01
    endloop
  endfacet
  facet normal 0.000000e+00 0.000000e+00 1.000000e+00
    outer loop
      vertex   2.195990e+01 -2.837600e+01 4.397187e+01
      vertex   2.139150e+01 -3.175732e+01 4.397187e+01
      vertex   2.149762e+01 -3.180128e+01 4.397187e+01
    endloop
  endfacet
  facet normal -0.000000e+00 0.000000e+00 1.000000e+00
    outer loop
      vertex   2.149762e+01 -3.180128e+01 4.397187e+01
      vertex   2.161353e+01 -3.183233e+01 4.397187e+01
      vertex   2.195990e+01 -2.837600e+01 4.397187e+01
    endloop
  endfacet
  facet normal -0.000000e+00 0.000000e+00 1.000000e+00
    outer loop
      vertex   2.195990e+01 -2.837600e+01 4.397187e+01
      vertex   2.161353e+01 -3.183233e+01 4.397187e+01
      vertex   2.299518e+01 -2.837600e+01 4.397187e+01
    endloop
  endfacet
  facet normal 0.000000e+00 0.000000e+00 1.000000e+00
    outer loop
      vertex   2.299518e+01 -2.837600e+01 4.397187e+01
      vertex   2.161353e+01 -3.183233e+01 4.397187e+01
      vertex   2.172741e+01 -3.184733e+01 4.397187e+01
    endloop
  endfacet
  facet normal 0.000000e+00 0.000000e+00 1.000000e+00
    outer loop
      vertex   2.299518e+01 -2.837600e+01 4.397187e+01
      vertex   2.172741e+01 -3.184733e+01 4.397187e+01
      vertex   2.184129e+01 -3.183233e+01 4.397187e+01
    endloop
  endfacet
  facet normal 0.000000e+00 0.000000e+00 1.000000e+00
    outer loop
      vertex   2.299518e+01 -2.837600e+01 4.397187e+01
      vertex   2.184129e+01 -3.183233e+01 4.397187e+01
      vertex   2.215242e+01 -3.152121e+01 4.397187e+01
    endloop
  endfacet
  facet normal 0.000000e+00 0.000000e+00 1.000000e+00
    outer loop
      vertex   2.215242e+01 -3.152121e+01 4.397187e+01
      vertex   2.184129e+01 -3.183233e+01 4.397187e+01
      vertex   2.194741e+01 -3.178838e+01 4.397187e+01
    endloop
  endfacet
  facet normal 0.000000e+00 0.000000e+00 1.000000e+00
    outer loop
      vertex   2.215242e+01 -3.152121e+01 4.397187e+01
      vertex   2.194741e+01 -3.178838e+01 4.397187e+01
      vertex   2.203854e+01 -3.171845e+01 4.397187e+01
    endloop
  endfacet
  facet normal 0.000000e+00 0.000000e+00 1.000000e+00
    outer loop
      vertex   2.203854e+01 -3.171845e+01 4.397187e+01
      vertex   2.210847e+01 -3.162733e+01 4.397187e+01
      vertex   2.215242e+01 -3.152121e+01 4.397187e+01
    endloop
  endfacet
  facet normal -1.305262e-01 -9.914449e-01 -0.000000e+00
    outer loop
      vertex   2.161353e+01 -3.183233e+01 4.397187e+01
      vertex   2.161353e+01 -3.183233e+01 3.910563e+01
      vertex   2.172741e+01 -3.184733e+01 4.153875e+01
    endloop
  endfacet
  facet normal -1.305262e-01 -9.914449e-01 -0.000000e+00
    outer loop
      vertex   2.172741e+01 -3.184733e+01 4.153875e+01
      vertex   2.161353e+01 -3.183233e+01 3.910563e+01
      vertex   2.172741e+01 -3.184733e+01 3.910563e+01
    endloop
  endfacet
  facet normal 1.305262e-01 -9.914449e-01 0.000000e+00
    outer loop
      vertex   2.172741e+01 -3.184733e+01 4.153875e+01
      vertex   2.172741e+01 -3.184733e+01 3.910563e+01
      vertex   2.184129e+01 -3.183233e+01 4.153875e+01
    endloop
  endfacet
  facet normal 1.305262e-01 -9.914449e-01 -1.447657e-15
    outer loop
      vertex   2.184129e+01 -3.183233e+01 4.153875e+01
      vertex   2.172741e+01 -3.184733e+01 3.910563e+01
      vertex   2.184129e+01 -3.183233e+01 3.910563e+01
    endloop
  endfacet
  facet normal 3.826834e-01 -9.238795e-01 -1.349002e-15
    outer loop
      vertex   2.184129e+01 -3.183233e+01 4.153875e+01
      vertex   2.184129e+01 -3.183233e+01 3.910563e+01
      vertex   2.194741e+01 -3.178838e+01 4.153875e+01
    endloop
  endfacet
  facet normal 3.826834e-01 -9.238795e-01 0.000000e+00
    outer loop
      vertex   2.194741e+01 -3.178838e+01 4.153875e+01
      vertex   2.184129e+01 -3.183233e+01 3.910563e+01
      vertex   2.194741e+01 -3.178838e+01 3.910563e+01
    endloop
  endfacet
  facet normal 6.087614e-01 -7.933533e-01 0.000000e+00
    outer loop
      vertex   2.194741e+01 -3.178838e+01 4.153875e+01
      vertex   2.194741e+01 -3.178838e+01 3.910563e+01
      vertex   2.203854e+01 -3.171845e+01 4.153875e+01
    endloop
  endfacet
  facet normal 6.087614e-01 -7.933533e-01 0.000000e+00
    outer loop
      vertex   2.203854e+01 -3.171845e+01 4.153875e+01
      vertex   2.194741e+01 -3.178838e+01 3.910563e+01
      vertex   2.203854e+01 -3.171845e+01 3.910563e+01
    endloop
  endfacet
  facet normal 7.933533e-01 -6.087614e-01 0.000000e+00
    outer loop
      vertex   2.203854e+01 -3.171845e+01 4.153875e+01
      vertex   2.203854e+01 -3.171845e+01 3.910563e+01
      vertex   2.210847e+01 -3.162733e+01 4.153875e+01
    endloop
  endfacet
  facet normal 7.933533e-01 -6.087614e-01 0.000000e+00
    outer loop
      vertex   2.210847e+01 -3.162733e+01 4.153875e+01
      vertex   2.203854e+01 -3.171845e+01 3.910563e+01
      vertex   2.210847e+01 -3.162733e+01 3.910563e+01
    endloop
  endfacet
  facet normal 9.238795e-01 -3.826834e-01 0.000000e+00
    outer loop
      vertex   2.210847e+01 -3.162733e+01 4.153875e+01
      vertex   2.210847e+01 -3.162733e+01 3.910563e+01
      vertex   2.215242e+01 -3.152121e+01 3.910563e+01
    endloop
  endfacet
  facet normal 9.238795e-01 -3.826834e-01 0.000000e+00
    outer loop
      vertex   2.215242e+01 -3.152121e+01 3.910563e+01
      vertex   2.215242e+01 -3.152121e+01 4.397187e+01
      vertex   2.210847e+01 -3.162733e+01 4.153875e+01
    endloop
  endfacet
  facet normal 9.238795e-01 -3.826834e-01 0.000000e+00
    outer loop
      vertex   2.210847e+01 -3.162733e+01 4.153875e+01
      vertex   2.215242e+01 -3.152121e+01 4.397187e+01
      vertex   2.210847e+01 -3.162733e+01 4.397187e+01
    endloop
  endfacet
  facet normal 7.933533e-01 -6.087614e-01 0.000000e+00
    outer loop
      vertex   2.210847e+01 -3.162733e+01 4.153875e+01
      vertex   2.210847e+01 -3.162733e+01 4.397187e+01
      vertex   2.203854e+01 -3.171845e+01 4.153875e+01
    endloop
  endfacet
  facet normal 7.933533e-01 -6.087614e-01 0.000000e+00
    outer loop
      vertex   2.203854e+01 -3.171845e+01 4.153875e+01
      vertex   2.210847e+01 -3.162733e+01 4.397187e+01
      vertex   2.203854e+01 -3.171845e+01 4.397187e+01
    endloop
  endfacet
  facet normal 6.087614e-01 -7.933533e-01 0.000000e+00
    outer loop
      vertex   2.203854e+01 -3.171845e+01 4.153875e+01
      vertex   2.203854e+01 -3.171845e+01 4.397187e+01
      vertex   2.194741e+01 -3.178838e+01 4.153875e+01
    endloop
  endfacet
  facet normal 6.087614e-01 -7.933533e-01 0.000000e+00
    outer loop
      vertex   2.194741e+01 -3.178838e+01 4.153875e+01
      vertex   2.203854e+01 -3.171845e+01 4.397187e+01
      vertex   2.194741e+01 -3.178838e+01 4.397187e+01
    endloop
  endfacet
  facet normal 3.826834e-01 -9.238795e-01 0.000000e+00
    outer loop
      vertex   2.194741e+01 -3.178838e+01 4.153875e+01
      vertex   2.194741e+01 -3.178838e+01 4.397187e+01
      vertex   2.184129e+01 -3.183233e+01 4.153875e+01
    endloop
  endfacet
  facet normal 3.826834e-01 -9.238795e-01 1.349002e-15
    outer loop
      vertex   2.184129e+01 -3.183233e+01 4.153875e+01
      vertex   2.194741e+01 -3.178838e+01 4.397187e+01
      vertex   2.184129e+01 -3.183233e+01 4.397187e+01
    endloop
  endfacet
  facet normal 1.305262e-01 -9.914449e-01 1.447657e-15
    outer loop
      vertex   2.184129e+01 -3.183233e+01 4.153875e+01
      vertex   2.184129e+01 -3.183233e+01 4.397187e+01
      vertex   2.172741e+01 -3.184733e+01 4.153875e+01
    endloop
  endfacet
  facet normal 1.305262e-01 -9.914449e-01 0.000000e+00
    outer loop
      vertex   2.172741e+01 -3.184733e+01 4.153875e+01
      vertex   2.184129e+01 -3.183233e+01 4.397187e+01
      vertex   2.172741e+01 -3.184733e+01 4.397187e+01
    endloop
  endfacet
  facet normal -1.305262e-01 -9.914449e-01 0.000000e+00
    outer loop
      vertex   2.172741e+01 -3.184733e+01 4.153875e+01
      vertex   2.172741e+01 -3.184733e+01 4.397187e+01
      vertex   2.161353e+01 -3.183233e+01 4.397187e+01
    endloop
  endfacet
  facet normal 9.659258e-01 -2.588190e-01 0.000000e+00
    outer loop
      vertex   2.215242e+01 -3.152121e+01 4.397187e+01
      vertex   2.215242e+01 -3.152121e+01 3.910563e+01
      vertex   2.299518e+01 -2.837600e+01 4.397187e+01
    endloop
  endfacet
  facet normal 9.659258e-01 -2.588190e-01 0.000000e+00
    outer loop
      vertex   2.299518e+01 -2.837600e+01 4.397187e+01
      vertex   2.215242e+01 -3.152121e+01 3.910563e+01
      vertex   2.299518e+01 -2.837600e+01 3.910563e+01
    endloop
  endfacet
  facet normal -9.914449e-01 1.305262e-01 0.000000e+00
    outer loop
      vertex   2.451983e+01 -3.126239e+01 4.397187e+01
      vertex   2.451983e+01 -3.126239e+01 3.910563e+01
      vertex   2.450484e+01 -3.137627e+01 4.153875e+01
    endloop
  endfacet
  facet normal -9.914449e-01 1.305262e-01 0.000000e+00
    outer loop
      vertex   2.450484e+01 -3.137627e+01 4.153875e+01
      vertex   2.451983e+01 -3.126239e+01 3.910563e+01
      vertex   2.450484e+01 -3.137627e+01 3.910563e+01
    endloop
  endfacet
  facet normal -9.914449e-01 -1.305262e-01 -0.000000e+00
    outer loop
      vertex   2.450484e+01 -3.137627e+01 4.153875e+01
      vertex   2.450484e+01 -3.137627e+01 3.910563e+01
      vertex   2.451983e+01 -3.149015e+01 4.153875e+01
    endloop
  endfacet
  facet normal -9.914449e-01 -1.305262e-01 -2.895314e-15
    outer loop
      vertex   2.451983e+01 -3.149015e+01 4.153875e+01
      vertex   2.450484e+01 -3.137627e+01 3.910563e+01
      vertex   2.451983e+01 -3.149015e+01 3.910563e+01
    endloop
  endfacet
  facet normal -9.238795e-01 -3.826834e-01 -2.698003e-15
    outer loop
      vertex   2.451983e+01 -3.149015e+01 4.153875e+01
      vertex   2.451983e+01 -3.149015e+01 3.910563e+01
      vertex   2.456379e+01 -3.159627e+01 4.153875e+01
    endloop
  endfacet
  facet normal -9.238795e-01 -3.826834e-01 -0.000000e+00
    outer loop
      vertex   2.456379e+01 -3.159627e+01 4.153875e+01
      vertex   2.451983e+01 -3.149015e+01 3.910563e+01
      vertex   2.456379e+01 -3.159627e+01 3.910563e+01
    endloop
  endfacet
  facet normal -7.933533e-01 -6.087614e-01 -0.000000e+00
    outer loop
      vertex   2.456379e+01 -3.159627e+01 4.153875e+01
      vertex   2.456379e+01 -3.159627e+01 3.910563e+01
      vertex   2.463371e+01 -3.168740e+01 4.153875e+01
    endloop
  endfacet
  facet normal -7.933533e-01 -6.087614e-01 2.047296e-15
    outer loop
      vertex   2.463371e+01 -3.168740e+01 4.153875e+01
      vertex   2.456379e+01 -3.159627e+01 3.910563e+01
      vertex   2.463371e+01 -3.168740e+01 3.910563e+01
    endloop
  endfacet
  facet normal -6.087614e-01 -7.933533e-01 2.047296e-15
    outer loop
      vertex   2.463371e+01 -3.168740e+01 4.153875e+01
      vertex   2.463371e+01 -3.168740e+01 3.910563e+01
      vertex   2.472484e+01 -3.175732e+01 4.153875e+01
    endloop
  endfacet
  facet normal -6.087614e-01 -7.933533e-01 -0.000000e+00
    outer loop
      vertex   2.472484e+01 -3.175732e+01 4.153875e+01
      vertex   2.463371e+01 -3.168740e+01 3.910563e+01
      vertex   2.472484e+01 -3.175732e+01 3.910563e+01
    endloop
  endfacet
  facet normal -3.826834e-01 -9.238795e-01 -0.000000e+00
    outer loop
      vertex   2.472484e+01 -3.175732e+01 4.153875e+01
      vertex   2.472484e+01 -3.175732e+01 3.910563e+01
      vertex   2.483096e+01 -3.180128e+01 3.910563e+01
    endloop
  endfacet
  facet normal -3.826834e-01 -9.238795e-01 0.000000e+00
    outer loop
      vertex   2.483096e+01 -3.180128e+01 3.910563e+01
      vertex   2.483096e+01 -3.180128e+01 4.397187e+01
      vertex   2.472484e+01 -3.175732e+01 4.153875e+01
    endloop
  endfacet
  facet normal -3.826834e-01 -9.238795e-01 0.000000e+00
    outer loop
      vertex   2.472484e+01 -3.175732e+01 4.153875e+01
      vertex   2.483096e+01 -3.180128e+01 4.397187e+01
      vertex   2.472484e+01 -3.175732e+01 4.397187e+01
    endloop
  endfacet
  facet normal -6.087614e-01 -7.933533e-01 0.000000e+00
    outer loop
      vertex   2.472484e+01 -3.175732e+01 4.153875e+01
      vertex   2.472484e+01 -3.175732e+01 4.397187e+01
      vertex   2.463371e+01 -3.168740e+01 4.153875e+01
    endloop
  endfacet
  facet normal -6.087614e-01 -7.933533e-01 -2.047296e-15
    outer loop
      vertex   2.463371e+01 -3.168740e+01 4.153875e+01
      vertex   2.472484e+01 -3.175732e+01 4.397187e+01
      vertex   2.463371e+01 -3.168740e+01 4.397187e+01
    endloop
  endfacet
  facet normal -7.933533e-01 -6.087614e-01 -2.047296e-15
    outer loop
      vertex   2.463371e+01 -3.168740e+01 4.153875e+01
      vertex   2.463371e+01 -3.168740e+01 4.397187e+01
      vertex   2.456379e+01 -3.159627e+01 4.153875e+01
    endloop
  endfacet
  facet normal -7.933533e-01 -6.087614e-01 0.000000e+00
    outer loop
      vertex   2.456379e+01 -3.159627e+01 4.153875e+01
      vertex   2.463371e+01 -3.168740e+01 4.397187e+01
      vertex   2.456379e+01 -3.159627e+01 4.397187e+01
    endloop
  endfacet
  facet normal -9.238795e-01 -3.826834e-01 0.000000e+00
    outer loop
      vertex   2.456379e+01 -3.159627e+01 4.153875e+01
      vertex   2.456379e+01 -3.159627e+01 4.397187e+01
      vertex   2.451983e+01 -3.149015e+01 4.153875e+01
    endloop
  endfacet
  facet normal -9.238795e-01 -3.826834e-01 2.698003e-15
    outer loop
      vertex   2.451983e+01 -3.149015e+01 4.153875e+01
      vertex   2.456379e+01 -3.159627e+01 4.397187e+01
      vertex   2.451983e+01 -3.149015e+01 4.397187e+01
    endloop
  endfacet
  facet normal -9.914449e-01 -1.305262e-01 2.895314e-15
    outer loop
      vertex   2.451983e+01 -3.149015e+01 4.153875e+01
      vertex   2.451983e+01 -3.149015e+01 4.397187e+01
      vertex   2.450484e+01 -3.137627e+01 4.153875e+01
    endloop
  endfacet
  facet normal -9.914449e-01 -1.305262e-01 0.000000e+00
    outer loop
      vertex   2.450484e+01 -3.137627e+01 4.153875e+01
      vertex   2.451983e+01 -3.149015e+01 4.397187e+01
      vertex   2.450484e+01 -3.137627e+01 4.397187e+01
    endloop
  endfacet
  facet normal -9.914449e-01 1.305262e-01 0.000000e+00
    outer loop
      vertex   2.450484e+01 -3.137627e+01 4.153875e+01
      vertex   2.450484e+01 -3.137627e+01 4.397187e+01
      vertex   2.451983e+01 -3.126239e+01 4.397187e+01
    endloop
  endfacet
  facet normal -9.659258e-01 2.588190e-01 0.000000e+00
    outer loop
      vertex   2.451983e+01 -3.126239e+01 3.910563e+01
      vertex   2.451983e+01 -3.126239e+01 4.397187e+01
      vertex   2.529323e+01 -2.837600e+01 3.910563e+01
    endloop
  endfacet
  facet normal -9.659258e-01 2.588190e-01 0.000000e+00
    outer loop
      vertex   2.529323e+01 -2.837600e+01 3.910563e+01
      vertex   2.451983e+01 -3.126239e+01 4.397187e+01
      vertex   2.529323e+01 -2.837600e+01 4.397187e+01
    endloop
  endfacet
  facet normal -0.000000e+00 0.000000e+00 1.000000e+00
    outer loop
      vertex   2.450484e+01 -3.137627e+01 4.397187e+01
      vertex   2.451983e+01 -3.149015e+01 4.397187e+01
      vertex   2.451983e+01 -3.126239e+01 4.397187e+01
    endloop
  endfacet
  facet normal 0.000000e+00 0.000000e+00 1.000000e+00
    outer loop
      vertex   2.451983e+01 -3.126239e+01 4.397187e+01
      vertex   2.451983e+01 -3.149015e+01 4.397187e+01
      vertex   2.456379e+01 -3.159627e+01 4.397187e+01
    endloop
  endfacet
  facet normal 0.000000e+00 0.000000e+00 1.000000e+00
    outer loop
      vertex   2.451983e+01 -3.126239e+01 4.397187e+01
      vertex   2.456379e+01 -3.159627e+01 4.397187e+01
      vertex   2.463371e+01 -3.168740e+01 4.397187e+01
    endloop
  endfacet
  facet normal -0.000000e+00 0.000000e+00 1.000000e+00
    outer loop
      vertex   2.451983e+01 -3.126239e+01 4.397187e+01
      vertex   2.463371e+01 -3.168740e+01 4.397187e+01
      vertex   2.529323e+01 -2.837600e+01 4.397187e+01
    endloop
  endfacet
  facet normal 0.000000e+00 0.000000e+00 1.000000e+00
    outer loop
      vertex   2.529323e+01 -2.837600e+01 4.397187e+01
      vertex   2.463371e+01 -3.168740e+01 4.397187e+01
      vertex   2.472484e+01 -3.175732e+01 4.397187e+01
    endloop
  endfacet
  facet normal 0.000000e+00 0.000000e+00 1.000000e+00
    outer loop
      vertex   2.529323e+01 -2.837600e+01 4.397187e+01
      vertex   2.472484e+01 -3.175732e+01 4.397187e+01
      vertex   2.483096e+01 -3.180128e+01 4.397187e+01
    endloop
  endfacet
  facet normal -0.000000e+00 0.000000e+00 1.000000e+00
    outer loop
      vertex   2.483096e+01 -3.180128e+01 4.397187e+01
      vertex   2.494687e+01 -3.183233e+01 4.397187e+01
      vertex   2.529323e+01 -2.837600e+01 4.397187e+01
    endloop
  endfacet
  facet normal -0.000000e+00 0.000000e+00 1.000000e+00
    outer loop
      vertex   2.529323e+01 -2.837600e+01 4.397187e+01
      vertex   2.494687e+01 -3.183233e+01 4.397187e+01
      vertex   2.632851e+01 -2.837600e+01 4.397187e+01
    endloop
  endfacet
  facet normal 0.000000e+00 0.000000e+00 1.000000e+00
    outer loop
      vertex   2.632851e+01 -2.837600e+01 4.397187e+01
      vertex   2.494687e+01 -3.183233e+01 4.397187e+01
      vertex   2.506075e+01 -3.184733e+01 4.397187e+01
    endloop
  endfacet
  facet normal 0.000000e+00 0.000000e+00 1.000000e+00
    outer loop
      vertex   2.632851e+01 -2.837600e+01 4.397187e+01
      vertex   2.506075e+01 -3.184733e+01 4.397187e+01
      vertex   2.517463e+01 -3.183233e+01 4.397187e+01
    endloop
  endfacet
  facet normal 0.000000e+00 0.000000e+00 1.000000e+00
    outer loop
      vertex   2.632851e+01 -2.837600e+01 4.397187e+01
      vertex   2.517463e+01 -3.183233e+01 4.397187e+01
      vertex   2.548575e+01 -3.152121e+01 4.397187e+01
    endloop
  endfacet
  facet normal 0.000000e+00 0.000000e+00 1.000000e+00
    outer loop
      vertex   2.548575e+01 -3.152121e+01 4.397187e+01
      vertex   2.517463e+01 -3.183233e+01 4.397187e+01
      vertex   2.528075e+01 -3.178838e+01 4.397187e+01
    endloop
  endfacet
  facet normal 0.000000e+00 0.000000e+00 1.000000e+00
    outer loop
      vertex   2.548575e+01 -3.152121e+01 4.397187e+01
      vertex   2.528075e+01 -3.178838e+01 4.397187e+01
      vertex   2.537187e+01 -3.171845e+01 4.397187e+01
    endloop
  endfacet
  facet normal 0.000000e+00 0.000000e+00 1.000000e+00
    outer loop
      vertex   2.537187e+01 -3.171845e+01 4.397187e+01
      vertex   2.544180e+01 -3.162733e+01 4.397187e+01
      vertex   2.548575e+01 -3.152121e+01 4.397187e+01
    endloop
  endfacet
  facet normal -1.305262e-01 -9.914449e-01 -0.000000e+00
    outer loop
      vertex   2.494687e+01 -3.183233e+01 4.397187e+01
      vertex   2.494687e+01 -3.183233e+01 3.910563e+01
      vertex   2.506075e+01 -3.184733e+01 4.153875e+01
    endloop
  endfacet
  facet normal -1.305262e-01 -9.914449e-01 -0.000000e+00
    outer loop
      vertex   2.506075e+01 -3.184733e+01 4.153875e+01
      vertex   2.494687e+01 -3.183233e+01 3.910563e+01
      vertex   2.506075e+01 -3.184733e+01 3.910563e+01
    endloop
  endfacet
  facet normal 1.305262e-01 -9.914449e-01 0.000000e+00
    outer loop
      vertex   2.506075e+01 -3.184733e+01 4.153875e+01
      vertex   2.506075e+01 -3.184733e+01 3.910563e+01
      vertex   2.517463e+01 -3.183233e+01 4.153875e+01
    endloop
  endfacet
  facet normal 1.305262e-01 -9.914449e-01 -1.447657e-15
    outer loop
      vertex   2.517463e+01 -3.183233e+01 4.153875e+01
      vertex   2.506075e+01 -3.184733e+01 3.910563e+01
      vertex   2.517463e+01 -3.183233e+01 3.910563e+01
    endloop
  endfacet
  facet normal 3.826834e-01 -9.238795e-01 -1.349002e-15
    outer loop
      vertex   2.517463e+01 -3.183233e+01 4.153875e+01
      vertex   2.517463e+01 -3.183233e+01 3.910563e+01
      vertex   2.528075e+01 -3.178838e+01 4.153875e+01
    endloop
  endfacet
  facet normal 3.826834e-01 -9.238795e-01 0.000000e+00
    outer loop
      vertex   2.528075e+01 -3.178838e+01 4.153875e+01
      vertex   2.517463e+01 -3.183233e+01 3.910563e+01
      vertex   2.528075e+01 -3.178838e+01 3.910563e+01
    endloop
  endfacet
  facet normal 6.087614e-01 -7.933533e-01 0.000000e+00
    outer loop
      vertex   2.528075e+01 -3.178838e+01 4.153875e+01
      vertex   2.528075e+01 -3.178838e+01 3.910563e+01
      vertex   2.537187e+01 -3.171845e+01 4.153875e+01
    endloop
  endfacet
  facet normal 6.087614e-01 -7.933533e-01 -8.888823e-16
    outer loop
      vertex   2.537187e+01 -3.171845e+01 4.153875e+01
      vertex   2.528075e+01 -3.178838e+01 3.910563e+01
      vertex   2.537187e+01 -3.171845e+01 3.910563e+01
    endloop
  endfacet
  facet normal 7.933533e-01 -6.087614e-01 -1.158414e-15
    outer loop
      vertex   2.537187e+01 -3.171845e+01 4.153875e+01
      vertex   2.537187e+01 -3.171845e+01 3.910563e+01
      vertex   2.544180e+01 -3.162733e+01 4.153875e+01
    endloop
  endfacet
  facet normal 7.933533e-01 -6.087614e-01 0.000000e+00
    outer loop
      vertex   2.544180e+01 -3.162733e+01 4.153875e+01
      vertex   2.537187e+01 -3.171845e+01 3.910563e+01
      vertex   2.544180e+01 -3.162733e+01 3.910563e+01
    endloop
  endfacet
  facet normal 9.238795e-01 -3.826834e-01 0.000000e+00
    outer loop
      vertex   2.544180e+01 -3.162733e+01 4.153875e+01
      vertex   2.544180e+01 -3.162733e+01 3.910563e+01
      vertex   2.548575e+01 -3.152121e+01 3.910563e+01
    endloop
  endfacet
  facet normal 9.238795e-01 -3.826834e-01 -6.745009e-16
    outer loop
      vertex   2.548575e+01 -3.152121e+01 3.910563e+01
      vertex   2.548575e+01 -3.152121e+01 4.397187e+01
      vertex   2.544180e+01 -3.162733e+01 4.153875e+01
    endloop
  endfacet
  facet normal 9.238795e-01 -3.826834e-01 0.000000e+00
    outer loop
      vertex   2.544180e+01 -3.162733e+01 4.153875e+01
      vertex   2.548575e+01 -3.152121e+01 4.397187e+01
      vertex   2.544180e+01 -3.162733e+01 4.397187e+01
    endloop
  endfacet
  facet normal 7.933533e-01 -6.087614e-01 0.000000e+00
    outer loop
      vertex   2.544180e+01 -3.162733e+01 4.153875e+01
      vertex   2.544180e+01 -3.162733e+01 4.397187e+01
      vertex   2.537187e+01 -3.171845e+01 4.153875e+01
    endloop
  endfacet
  facet normal 7.933533e-01 -6.087614e-01 8.888823e-16
    outer loop
      vertex   2.537187e+01 -3.171845e+01 4.153875e+01
      vertex   2.544180e+01 -3.162733e+01 4.397187e+01
      vertex   2.537187e+01 -3.171845e+01 4.397187e+01
    endloop
  endfacet
  facet normal 6.087614e-01 -7.933533e-01 1.158414e-15
    outer loop
      vertex   2.537187e+01 -3.171845e+01 4.153875e+01
      vertex   2.537187e+01 -3.171845e+01 4.397187e+01
      vertex   2.528075e+01 -3.178838e+01 4.153875e+01
    endloop
  endfacet
  facet normal 6.087614e-01 -7.933533e-01 0.000000e+00
    outer loop
      vertex   2.528075e+01 -3.178838e+01 4.153875e+01
      vertex   2.537187e+01 -3.171845e+01 4.397187e+01
      vertex   2.528075e+01 -3.178838e+01 4.397187e+01
    endloop
  endfacet
  facet normal 3.826834e-01 -9.238795e-01 0.000000e+00
    outer loop
      vertex   2.528075e+01 -3.178838e+01 4.153875e+01
      vertex   2.528075e+01 -3.178838e+01 4.397187e+01
      vertex   2.517463e+01 -3.183233e+01 4.153875e+01
    endloop
  endfacet
  facet normal 3.826834e-01 -9.238795e-01 1.349002e-15
    outer loop
      vertex   2.517463e+01 -3.183233e+01 4.153875e+01
      vertex   2.528075e+01 -3.178838e+01 4.397187e+01
      vertex   2.517463e+01 -3.183233e+01 4.397187e+01
    endloop
  endfacet
  facet normal 1.305262e-01 -9.914449e-01 1.447657e-15
    outer loop
      vertex   2.517463e+01 -3.183233e+01 4.153875e+01
      vertex   2.517463e+01 -3.183233e+01 4.397187e+01
      vertex   2.506075e+01 -3.184733e+01 4.153875e+01
    endloop
  endfacet
  facet normal 1.305262e-01 -9.914449e-01 0.000000e+00
    outer loop
      vertex   2.506075e+01 -3.184733e+01 4.153875e+01
      vertex   2.517463e+01 -3.183233e+01 4.397187e+01
      vertex   2.506075e+01 -3.184733e+01 4.397187e+01
    endloop
  endfacet
  facet normal -1.305262e-01 -9.914449e-01 0.000000e+00
    outer loop
      vertex   2.506075e+01 -3.184733e+01 4.153875e+01
      vertex   2.506075e+01 -3.184733e+01 4.397187e+01
      vertex   2.494687e+01 -3.183233e+01 4.397187e+01
    endloop
  endfacet
  facet normal 9.659258e-01 -2.588190e-01 -7.051978e-16
    outer loop
      vertex   2.548575e+01 -3.152121e+01 4.397187e+01
      vertex   2.548575e+01 -3.152121e+01 3.910563e+01
      vertex   2.632851e+01 -2.837600e+01 4.397187e+01
    endloop
  endfacet
  facet normal 9.659258e-01 -2.588190e-01 0.000000e+00
    outer loop
      vertex   2.632851e+01 -2.837600e+01 4.397187e+01
      vertex   2.548575e+01 -3.152121e+01 3.910563e+01
      vertex   2.632851e+01 -2.837600e+01 3.910563e+01
    endloop
  endfacet
  facet normal -2.588190e-01 -9.659258e-01 -0.000000e+00
    outer loop
      vertex   1.483096e+01 -3.180128e+01 4.397187e+01
      vertex   1.483096e+01 -3.180128e+01 3.910563e+01
      vertex   1.494687e+01 -3.183233e+01 4.397187e+01
    endloop
  endfacet
  facet normal -2.588190e-01 -9.659258e-01 -0.000000e+00
    outer loop
      vertex   1.494687e+01 -3.183233e+01 4.397187e+01
      vertex   1.483096e+01 -3.180128e+01 3.910563e+01
      vertex   1.494687e+01 -3.183233e+01 3.910563e+01
    endloop
  endfacet
  facet normal -2.588190e-01 -9.659258e-01 -0.000000e+00
    outer loop
      vertex   1.816429e+01 -3.180128e+01 4.397187e+01
      vertex   1.816429e+01 -3.180128e+01 3.910563e+01
      vertex   1.828020e+01 -3.183233e+01 4.397187e+01
    endloop
  endfacet
  facet normal -2.588190e-01 -9.659258e-01 -0.000000e+00
    outer loop
      vertex   1.828020e+01 -3.183233e+01 4.397187e+01
      vertex   1.816429e+01 -3.180128e+01 3.910563e+01
      vertex   1.828020e+01 -3.183233e+01 3.910563e+01
    endloop
  endfacet
  facet normal -2.588190e-01 -9.659258e-01 -0.000000e+00
    outer loop
      vertex   2.149762e+01 -3.180128e+01 4.397187e+01
      vertex   2.149762e+01 -3.180128e+01 3.910563e+01
      vertex   2.161353e+01 -3.183233e+01 4.397187e+01
    endloop
  endfacet
  facet normal -2.588190e-01 -9.659258e-01 -0.000000e+00
    outer loop
      vertex   2.161353e+01 -3.183233e+01 4.397187e+01
      vertex   2.149762e+01 -3.180128e+01 3.910563e+01
      vertex   2.161353e+01 -3.183233e+01 3.910563e+01
    endloop
  endfacet
  facet normal -2.588190e-01 -9.659258e-01 -0.000000e+00
    outer loop
      vertex   2.483096e+01 -3.180128e+01 4.397187e+01
      vertex   2.483096e+01 -3.180128e+01 3.910563e+01
      vertex   2.494687e+01 -3.183233e+01 4.397187e+01
    endloop
  endfacet
  facet normal -2.588190e-01 -9.659258e-01 -0.000000e+00
    outer loop
      vertex   2.494687e+01 -3.183233e+01 4.397187e+01
      vertex   2.483096e+01 -3.180128e+01 3.910563e+01
      vertex   2.494687e+01 -3.183233e+01 3.910563e+01
    endloop
  endfacet
  facet normal -1.000000e+00 0.000000e+00 0.000000e+00
    outer loop
      vertex   1.583277e+01 -2.837600e+01 4.397187e+01
      vertex   1.583277e+01 -2.837600e+01 4.411000e+01
      vertex   1.583277e+01 -2.637600e+01 4.397187e+01
    endloop
  endfacet
  facet normal -1.000000e+00 0.000000e+00 0.000000e+00
    outer loop
      vertex   1.583277e+01 -2.637600e+01 4.397187e+01
      vertex   1.583277e+01 -2.837600e+01 4.411000e+01
      vertex   1.583277e+01 -2.637600e+01 4.411000e+01
    endloop
  endfacet
  facet normal 1.000000e+00 0.000000e+00 0.000000e+00
    outer loop
      vertex   2.679277e+01 -2.637600e+01 4.411000e+01
      vertex   2.679277e+01 -2.663292e+01 4.397187e+01
      vertex   2.679277e+01 -2.637600e+01 3.910000e+01
    endloop
  endfacet
  facet normal 1.000000e+00 0.000000e+00 0.000000e+00
    outer loop
      vertex   2.679277e+01 -2.637600e+01 3.910000e+01
      vertex   2.679277e+01 -2.663292e+01 4.397187e+01
      vertex   2.679277e+01 -2.663292e+01 3.910563e+01
    endloop
  endfacet
  facet normal 1.000000e+00 0.000000e+00 0.000000e+00
    outer loop
      vertex   2.679277e+01 -2.637600e+01 3.910000e+01
      vertex   2.679277e+01 -2.663292e+01 3.910563e+01
      vertex   2.679277e+01 -2.664338e+01 3.910563e+01
    endloop
  endfacet
  facet normal 1.000000e+00 0.000000e+00 -0.000000e+00
    outer loop
      vertex   2.679277e+01 -2.663292e+01 4.397187e+01
      vertex   2.679277e+01 -2.637600e+01 4.411000e+01
      vertex   2.679277e+01 -2.664338e+01 4.397187e+01
    endloop
  endfacet
  facet normal 1.000000e+00 0.000000e+00 -0.000000e+00
    outer loop
      vertex   2.679277e+01 -2.664338e+01 4.397187e+01
      vertex   2.679277e+01 -2.637600e+01 4.411000e+01
      vertex   2.679277e+01 -2.837600e+01 4.411000e+01
    endloop
  endfacet
  facet normal 1.000000e+00 0.000000e+00 0.000000e+00
    outer loop
      vertex   2.679277e+01 -2.664338e+01 4.397187e+01
      vertex   2.679277e+01 -2.837600e+01 4.411000e+01
      vertex   2.679277e+01 -2.837600e+01 3.910000e+01
    endloop
  endfacet
  facet normal 1.000000e+00 0.000000e+00 0.000000e+00
    outer loop
      vertex   2.679277e+01 -2.664338e+01 4.397187e+01
      vertex   2.679277e+01 -2.837600e+01 3.910000e+01
      vertex   2.679277e+01 -2.664338e+01 3.910563e+01
    endloop
  endfacet
  facet normal 1.000000e+00 0.000000e+00 0.000000e+00
    outer loop
      vertex   2.679277e+01 -2.664338e+01 3.910563e+01
      vertex   2.679277e+01 -2.837600e+01 3.910000e+01
      vertex   2.679277e+01 -2.637600e+01 3.910000e+01
    endloop
  endfacet
  facet normal 0.000000e+00 -1.000000e+00 0.000000e+00
    outer loop
      vertex   2.299518e+01 -2.837600e+01 4.397187e+01
      vertex   2.679277e+01 -2.837600e+01 4.411000e+01
      vertex   2.195990e+01 -2.837600e+01 4.397187e+01
    endloop
  endfacet
  facet normal 0.000000e+00 -1.000000e+00 0.000000e+00
    outer loop
      vertex   2.195990e+01 -2.837600e+01 4.397187e+01
      vertex   2.679277e+01 -2.837600e+01 4.411000e+01
      vertex   1.583277e+01 -2.837600e+01 4.411000e+01
    endloop
  endfacet
  facet normal 0.000000e+00 -1.000000e+00 0.000000e+00
    outer loop
      vertex   2.195990e+01 -2.837600e+01 4.397187e+01
      vertex   1.583277e+01 -2.837600e+01 4.411000e+01
      vertex   1.966184e+01 -2.837600e+01 4.397187e+01
    endloop
  endfacet
  facet normal 0.000000e+00 -1.000000e+00 0.000000e+00
    outer loop
      vertex   1.966184e+01 -2.837600e+01 4.397187e+01
      vertex   1.583277e+01 -2.837600e+01 4.411000e+01
      vertex   1.862657e+01 -2.837600e+01 4.397187e+01
    endloop
  endfacet
  facet normal 0.000000e+00 -1.000000e+00 0.000000e+00
    outer loop
      vertex   1.862657e+01 -2.837600e+01 4.397187e+01
      vertex   1.583277e+01 -2.837600e+01 4.411000e+01
      vertex   1.632851e+01 -2.837600e+01 4.397187e+01
    endloop
  endfacet
  facet normal -0.000000e+00 -1.000000e+00 0.000000e+00
    outer loop
      vertex   1.862657e+01 -2.837600e+01 4.397187e+01
      vertex   1.632851e+01 -2.837600e+01 4.397187e+01
      vertex   1.632851e+01 -2.837600e+01 3.910563e+01
    endloop
  endfacet
  facet normal 0.000000e+00 -1.000000e+00 0.000000e+00
    outer loop
      vertex   2.679277e+01 -2.837600e+01 4.411000e+01
      vertex   2.299518e+01 -2.837600e+01 4.397187e+01
      vertex   2.529323e+01 -2.837600e+01 4.397187e+01
    endloop
  endfacet
  facet normal -0.000000e+00 -1.000000e+00 0.000000e+00
    outer loop
      vertex   2.529323e+01 -2.837600e+01 4.397187e+01
      vertex   2.299518e+01 -2.837600e+01 4.397187e+01
      vertex   2.299518e+01 -2.837600e+01 3.910563e+01
    endloop
  endfacet
  facet normal 0.000000e+00 -1.000000e+00 -0.000000e+00
    outer loop
      vertex   2.529323e+01 -2.837600e+01 4.397187e+01
      vertex   2.299518e+01 -2.837600e+01 3.910563e+01
      vertex   2.529323e+01 -2.837600e+01 3.910563e+01
    endloop
  endfacet
  facet normal -0.000000e+00 -1.000000e+00 -0.000000e+00
    outer loop
      vertex   2.529323e+01 -2.837600e+01 3.910563e+01
      vertex   2.299518e+01 -2.837600e+01 3.910563e+01
      vertex   2.679277e+01 -2.837600e+01 3.910000e+01
    endloop
  endfacet
  facet normal 0.000000e+00 -1.000000e+00 0.000000e+00
    outer loop
      vertex   2.529323e+01 -2.837600e+01 3.910563e+01
      vertex   2.679277e+01 -2.837600e+01 3.910000e+01
      vertex   2.632851e+01 -2.837600e+01 3.910563e+01
    endloop
  endfacet
  facet normal 0.000000e+00 -1.000000e+00 0.000000e+00
    outer loop
      vertex   2.632851e+01 -2.837600e+01 3.910563e+01
      vertex   2.679277e+01 -2.837600e+01 3.910000e+01
      vertex   2.632851e+01 -2.837600e+01 4.397187e+01
    endloop
  endfacet
  facet normal 0.000000e+00 -1.000000e+00 0.000000e+00
    outer loop
      vertex   2.632851e+01 -2.837600e+01 4.397187e+01
      vertex   2.679277e+01 -2.837600e+01 3.910000e+01
      vertex   2.679277e+01 -2.837600e+01 4.411000e+01
    endloop
  endfacet
  facet normal 0.000000e+00 -1.000000e+00 0.000000e+00
    outer loop
      vertex   2.632851e+01 -2.837600e+01 4.397187e+01
      vertex   2.679277e+01 -2.837600e+01 4.411000e+01
      vertex   2.529323e+01 -2.837600e+01 4.397187e+01
    endloop
  endfacet
  facet normal -0.000000e+00 -1.000000e+00 -0.000000e+00
    outer loop
      vertex   2.299518e+01 -2.837600e+01 3.910563e+01
      vertex   2.195990e+01 -2.837600e+01 3.910563e+01
      vertex   2.679277e+01 -2.837600e+01 3.910000e+01
    endloop
  endfacet
  facet normal 0.000000e+00 -1.000000e+00 0.000000e+00
    outer loop
      vertex   2.679277e+01 -2.837600e+01 3.910000e+01
      vertex   2.195990e+01 -2.837600e+01 3.910563e+01
      vertex   1.583277e+01 -2.837600e+01 3.910000e+01
    endloop
  endfacet
  facet normal 0.000000e+00 -1.000000e+00 0.000000e+00
    outer loop
      vertex   1.583277e+01 -2.837600e+01 3.910000e+01
      vertex   2.195990e+01 -2.837600e+01 3.910563e+01
      vertex   1.966184e+01 -2.837600e+01 3.910563e+01
    endloop
  endfacet
  facet normal 0.000000e+00 -1.000000e+00 0.000000e+00
    outer loop
      vertex   1.583277e+01 -2.837600e+01 3.910000e+01
      vertex   1.966184e+01 -2.837600e+01 3.910563e+01
      vertex   1.862657e+01 -2.837600e+01 3.910563e+01
    endloop
  endfacet
  facet normal 0.000000e+00 -1.000000e+00 0.000000e+00
    outer loop
      vertex   2.195990e+01 -2.837600e+01 3.910563e+01
      vertex   2.195990e+01 -2.837600e+01 4.397187e+01
      vertex   1.966184e+01 -2.837600e+01 3.910563e+01
    endloop
  endfacet
  facet normal 0.000000e+00 -1.000000e+00 0.000000e+00
    outer loop
      vertex   1.966184e+01 -2.837600e+01 3.910563e+01
      vertex   2.195990e+01 -2.837600e+01 4.397187e+01
      vertex   1.966184e+01 -2.837600e+01 4.397187e+01
    endloop
  endfacet
  facet normal 0.000000e+00 -1.000000e+00 0.000000e+00
    outer loop
      vertex   1.583277e+01 -2.837600e+01 3.910000e+01
      vertex   1.862657e+01 -2.837600e+01 3.910563e+01
      vertex   1.632851e+01 -2.837600e+01 3.910563e+01
    endloop
  endfacet
  facet normal 0.000000e+00 -1.000000e+00 0.000000e+00
    outer loop
      vertex   1.632851e+01 -2.837600e+01 3.910563e+01
      vertex   1.862657e+01 -2.837600e+01 3.910563e+01
      vertex   1.862657e+01 -2.837600e+01 4.397187e+01
    endloop
  endfacet
  facet normal -0.000000e+00 -1.000000e+00 0.000000e+00
    outer loop
      vertex   1.632851e+01 -2.837600e+01 3.910563e+01
      vertex   1.583277e+01 -2.837600e+01 3.910563e+01
      vertex   1.583277e+01 -2.837600e+01 3.910000e+01
    endloop
  endfacet
  facet normal 0.000000e+00 -1.000000e+00 0.000000e+00
    outer loop
      vertex   1.583277e+01 -2.837600e+01 4.411000e+01
      vertex   1.583277e+01 -2.837600e+01 4.397187e+01
      vertex   1.632851e+01 -2.837600e+01 4.397187e+01
    endloop
  endfacet
  facet normal 0.000000e+00 1.000000e+00 -0.000000e+00
    outer loop
      vertex   1.916247e+01 -2.637600e+01 4.397187e+01
      vertex   1.583277e+01 -2.637600e+01 4.411000e+01
      vertex   1.916725e+01 -2.637600e+01 4.397187e+01
    endloop
  endfacet
  facet normal 0.000000e+00 1.000000e+00 -0.000000e+00
    outer loop
      vertex   1.916725e+01 -2.637600e+01 4.397187e+01
      vertex   1.583277e+01 -2.637600e+01 4.411000e+01
      vertex   2.249580e+01 -2.637600e+01 4.397187e+01
    endloop
  endfacet
  facet normal -0.000000e+00 1.000000e+00 0.000000e+00
    outer loop
      vertex   1.916725e+01 -2.637600e+01 4.397187e+01
      vertex   2.249580e+01 -2.637600e+01 4.397187e+01
      vertex   2.249580e+01 -2.637600e+01 3.910563e+01
    endloop
  endfacet
  facet normal 0.000000e+00 1.000000e+00 0.000000e+00
    outer loop
      vertex   1.583277e+01 -2.637600e+01 4.411000e+01
      vertex   1.916247e+01 -2.637600e+01 4.397187e+01
      vertex   1.583392e+01 -2.637600e+01 4.397187e+01
    endloop
  endfacet
  facet normal -0.000000e+00 1.000000e+00 0.000000e+00
    outer loop
      vertex   1.583392e+01 -2.637600e+01 4.397187e+01
      vertex   1.916247e+01 -2.637600e+01 4.397187e+01
      vertex   1.916247e+01 -2.637600e+01 3.910563e+01
    endloop
  endfacet
  facet normal 0.000000e+00 1.000000e+00 0.000000e+00
    outer loop
      vertex   1.583392e+01 -2.637600e+01 4.397187e+01
      vertex   1.916247e+01 -2.637600e+01 3.910563e+01
      vertex   1.583392e+01 -2.637600e+01 3.910563e+01
    endloop
  endfacet
  facet normal -0.000000e+00 1.000000e+00 0.000000e+00
    outer loop
      vertex   1.583392e+01 -2.637600e+01 3.910563e+01
      vertex   1.916247e+01 -2.637600e+01 3.910563e+01
      vertex   1.583277e+01 -2.637600e+01 3.910000e+01
    endloop
  endfacet
  facet normal 0.000000e+00 1.000000e+00 0.000000e+00
    outer loop
      vertex   1.583392e+01 -2.637600e+01 3.910563e+01
      vertex   1.583277e+01 -2.637600e+01 3.910000e+01
      vertex   1.583277e+01 -2.637600e+01 3.910563e+01
    endloop
  endfacet
  facet normal -0.000000e+00 1.000000e+00 0.000000e+00
    outer loop
      vertex   1.916247e+01 -2.637600e+01 3.910563e+01
      vertex   1.916725e+01 -2.637600e+01 3.910563e+01
      vertex   1.583277e+01 -2.637600e+01 3.910000e+01
    endloop
  endfacet
  facet normal 0.000000e+00 1.000000e+00 0.000000e+00
    outer loop
      vertex   1.583277e+01 -2.637600e+01 3.910000e+01
      vertex   1.916725e+01 -2.637600e+01 3.910563e+01
      vertex   2.249580e+01 -2.637600e+01 3.910563e+01
    endloop
  endfacet
  facet normal 0.000000e+00 1.000000e+00 0.000000e+00
    outer loop
      vertex   1.583277e+01 -2.637600e+01 3.910000e+01
      vertex   2.249580e+01 -2.637600e+01 3.910563e+01
      vertex   2.679277e+01 -2.637600e+01 3.910000e+01
    endloop
  endfacet
  facet normal 0.000000e+00 1.000000e+00 0.000000e+00
    outer loop
      vertex   2.679277e+01 -2.637600e+01 3.910000e+01
      vertex   2.249580e+01 -2.637600e+01 3.910563e+01
      vertex   2.250058e+01 -2.637600e+01 3.910563e+01
    endloop
  endfacet
  facet normal 0.000000e+00 1.000000e+00 0.000000e+00
    outer loop
      vertex   2.679277e+01 -2.637600e+01 3.910000e+01
      vertex   2.250058e+01 -2.637600e+01 3.910563e+01
      vertex   2.582913e+01 -2.637600e+01 3.910563e+01
    endloop
  endfacet
  facet normal 0.000000e+00 1.000000e+00 0.000000e+00
    outer loop
      vertex   2.582913e+01 -2.637600e+01 3.910563e+01
      vertex   2.250058e+01 -2.637600e+01 3.910563e+01
      vertex   2.250058e+01 -2.637600e+01 4.397187e+01
    endloop
  endfacet
  facet normal 0.000000e+00 1.000000e+00 -0.000000e+00
    outer loop
      vertex   2.582913e+01 -2.637600e+01 3.910563e+01
      vertex   2.250058e+01 -2.637600e+01 4.397187e+01
      vertex   2.582913e+01 -2.637600e+01 4.397187e+01
    endloop
  endfacet
  facet normal 0.000000e+00 1.000000e+00 -0.000000e+00
    outer loop
      vertex   2.582913e+01 -2.637600e+01 4.397187e+01
      vertex   2.250058e+01 -2.637600e+01 4.397187e+01
      vertex   2.679277e+01 -2.637600e+01 4.411000e+01
    endloop
  endfacet
  facet normal 0.000000e+00 1.000000e+00 0.000000e+00
    outer loop
      vertex   2.582913e+01 -2.637600e+01 4.397187e+01
      vertex   2.679277e+01 -2.637600e+01 4.411000e+01
      vertex   2.583392e+01 -2.637600e+01 4.397187e+01
    endloop
  endfacet
  facet normal -0.000000e+00 1.000000e+00 0.000000e+00
    outer loop
      vertex   2.583392e+01 -2.637600e+01 4.397187e+01
      vertex   2.679277e+01 -2.637600e+01 4.411000e+01
      vertex   2.679277e+01 -2.637600e+01 3.910000e+01
    endloop
  endfacet
  facet normal 0.000000e+00 1.000000e+00 0.000000e+00
    outer loop
      vertex   2.583392e+01 -2.637600e+01 4.397187e+01
      vertex   2.679277e+01 -2.637600e+01 3.910000e+01
      vertex   2.583392e+01 -2.637600e+01 3.910563e+01
    endloop
  endfacet
  facet normal 0.000000e+00 1.000000e+00 0.000000e+00
    outer loop
      vertex   2.583392e+01 -2.637600e+01 3.910563e+01
      vertex   2.679277e+01 -2.637600e+01 3.910000e+01
      vertex   2.582913e+01 -2.637600e+01 3.910563e+01
    endloop
  endfacet
  facet normal 0.000000e+00 1.000000e+00 0.000000e+00
    outer loop
      vertex   1.916725e+01 -2.637600e+01 3.910563e+01
      vertex   1.916725e+01 -2.637600e+01 4.397187e+01
      vertex   2.249580e+01 -2.637600e+01 3.910563e+01
    endloop
  endfacet
  facet normal 0.000000e+00 1.000000e+00 -0.000000e+00
    outer loop
      vertex   2.250058e+01 -2.637600e+01 4.397187e+01
      vertex   2.249580e+01 -2.637600e+01 4.397187e+01
      vertex   2.679277e+01 -2.637600e+01 4.411000e+01
    endloop
  endfacet
  facet normal 0.000000e+00 1.000000e+00 0.000000e+00
    outer loop
      vertex   2.679277e+01 -2.637600e+01 4.411000e+01
      vertex   2.249580e+01 -2.637600e+01 4.397187e+01
      vertex   1.583277e+01 -2.637600e+01 4.411000e+01
    endloop
  endfacet
  facet normal 0.000000e+00 1.000000e+00 0.000000e+00
    outer loop
      vertex   1.583392e+01 -2.637600e+01 4.397187e+01
      vertex   1.583277e+01 -2.637600e+01 4.397187e+01
      vertex   1.583277e+01 -2.637600e+01 4.411000e+01
    endloop
  endfacet
  facet normal -0.000000e+00 -0.000000e+00 -1.000000e+00
    outer loop
      vertex   2.679277e+01 -2.637600e+01 3.910000e+01
      vertex   2.679277e+01 -2.837600e+01 3.910000e+01
      vertex   1.583277e+01 -2.637600e+01 3.910000e+01
    endloop
  endfacet
  facet normal 0.000000e+00 0.000000e+00 -1.000000e+00
    outer loop
      vertex   1.583277e+01 -2.637600e+01 3.910000e+01
      vertex   2.679277e+01 -2.837600e+01 3.910000e+01
      vertex   1.583277e+01 -2.837600e+01 3.910000e+01
    endloop
  endfacet
  facet normal -1.000000e+00 -0.000000e+00 -0.000000e+00
    outer loop
      vertex   1.583277e+01 -2.637600e+01 3.910563e+01
      vertex   1.583277e+01 -2.637600e+01 3.910000e+01
      vertex   1.583277e+01 -2.837600e+01 3.910563e+01
    endloop
  endfacet
  facet normal -1.000000e+00 0.000000e+00 0.000000e+00
    outer loop
      vertex   1.583277e+01 -2.837600e+01 3.910563e+01
      vertex   1.583277e+01 -2.637600e+01 3.910000e+01
      vertex   1.583277e+01 -2.837600e+01 3.910000e+01
    endloop
  endfacet
  facet normal 0.000000e+00 0.000000e+00 -1.000000e+00
    outer loop
      vertex   1.494687e+01 -3.183233e+01 3.910563e+01
      vertex   1.483096e+01 -3.180128e+01 3.910563e+01
      vertex   1.583277e+01 -2.837600e+01 3.910563e+01
    endloop
  endfacet
  facet normal 0.000000e+00 0.000000e+00 -1.000000e+00
    outer loop
      vertex   1.583277e+01 -2.837600e+01 3.910563e+01
      vertex   1.483096e+01 -3.180128e+01 3.910563e+01
      vertex   1.472484e+01 -3.175732e+01 3.910563e+01
    endloop
  endfacet
  facet normal 0.000000e+00 0.000000e+00 -1.000000e+00
    outer loop
      vertex   1.583277e+01 -2.837600e+01 3.910563e+01
      vertex   1.472484e+01 -3.175732e+01 3.910563e+01
      vertex   1.463371e+01 -3.168740e+01 3.910563e+01
    endloop
  endfacet
  facet normal 0.000000e+00 0.000000e+00 -1.000000e+00
    outer loop
      vertex   1.463371e+01 -3.168740e+01 3.910563e+01
      vertex   1.456379e+01 -3.159627e+01 3.910563e+01
      vertex   1.583277e+01 -2.837600e+01 3.910563e+01
    endloop
  endfacet
  facet normal 0.000000e+00 0.000000e+00 -1.000000e+00
    outer loop
      vertex   1.583277e+01 -2.837600e+01 3.910563e+01
      vertex   1.456379e+01 -3.159627e+01 3.910563e+01
      vertex   1.451983e+01 -3.126239e+01 3.910563e+01
    endloop
  endfacet
  facet normal -0.000000e+00 0.000000e+00 -1.000000e+00
    outer loop
      vertex   1.583277e+01 -2.837600e+01 3.910563e+01
      vertex   1.451983e+01 -3.126239e+01 3.910563e+01
      vertex   1.583277e+01 -2.637600e+01 3.910563e+01
    endloop
  endfacet
  facet normal -0.000000e+00 0.000000e+00 -1.000000e+00
    outer loop
      vertex   1.583277e+01 -2.637600e+01 3.910563e+01
      vertex   1.451983e+01 -3.126239e+01 3.910563e+01
      vertex   1.582945e+01 -2.637480e+01 3.910563e+01
    endloop
  endfacet
  facet normal 0.000000e+00 0.000000e+00 -1.000000e+00
    outer loop
      vertex   1.583277e+01 -2.637600e+01 3.910563e+01
      vertex   1.582945e+01 -2.637480e+01 3.910563e+01
      vertex   1.583392e+01 -2.637600e+01 3.910563e+01
    endloop
  endfacet
  facet normal 0.000000e+00 0.000000e+00 -1.000000e+00
    outer loop
      vertex   1.456379e+01 -3.159627e+01 3.910563e+01
      vertex   1.451983e+01 -3.149015e+01 3.910563e+01
      vertex   1.451983e+01 -3.126239e+01 3.910563e+01
    endloop
  endfacet
  facet normal 0.000000e+00 0.000000e+00 -1.000000e+00
    outer loop
      vertex   1.451983e+01 -3.126239e+01 3.910563e+01
      vertex   1.451983e+01 -3.149015e+01 3.910563e+01
      vertex   1.450484e+01 -3.137627e+01 3.910563e+01
    endloop
  endfacet
  facet normal -0.000000e+00 0.000000e+00 -1.000000e+00
    outer loop
      vertex   1.632851e+01 -2.837600e+01 3.910563e+01
      vertex   1.517463e+01 -3.183233e+01 3.910563e+01
      vertex   1.583277e+01 -2.837600e+01 3.910563e+01
    endloop
  endfacet
  facet normal 0.000000e+00 0.000000e+00 -1.000000e+00
    outer loop
      vertex   1.583277e+01 -2.837600e+01 3.910563e+01
      vertex   1.517463e+01 -3.183233e+01 3.910563e+01
      vertex   1.506075e+01 -3.184733e+01 3.910563e+01
    endloop
  endfacet
  facet normal 0.000000e+00 0.000000e+00 -1.000000e+00
    outer loop
      vertex   1.583277e+01 -2.837600e+01 3.910563e+01
      vertex   1.506075e+01 -3.184733e+01 3.910563e+01
      vertex   1.494687e+01 -3.183233e+01 3.910563e+01
    endloop
  endfacet
  facet normal 0.000000e+00 0.000000e+00 -1.000000e+00
    outer loop
      vertex   1.517463e+01 -3.183233e+01 3.910563e+01
      vertex   1.632851e+01 -2.837600e+01 3.910563e+01
      vertex   1.528075e+01 -3.178838e+01 3.910563e+01
    endloop
  endfacet
  facet normal 0.000000e+00 0.000000e+00 -1.000000e+00
    outer loop
      vertex   1.528075e+01 -3.178838e+01 3.910563e+01
      vertex   1.632851e+01 -2.837600e+01 3.910563e+01
      vertex   1.548575e+01 -3.152121e+01 3.910563e+01
    endloop
  endfacet
  facet normal 0.000000e+00 0.000000e+00 -1.000000e+00
    outer loop
      vertex   1.528075e+01 -3.178838e+01 3.910563e+01
      vertex   1.548575e+01 -3.152121e+01 3.910563e+01
      vertex   1.537187e+01 -3.171845e+01 3.910563e+01
    endloop
  endfacet
  facet normal 0.000000e+00 0.000000e+00 -1.000000e+00
    outer loop
      vertex   1.537187e+01 -3.171845e+01 3.910563e+01
      vertex   1.548575e+01 -3.152121e+01 3.910563e+01
      vertex   1.544180e+01 -3.162733e+01 3.910563e+01
    endloop
  endfacet
  facet normal 2.588190e-01 9.659258e-01 0.000000e+00
    outer loop
      vertex   1.583392e+01 -2.637600e+01 4.397187e+01
      vertex   1.583392e+01 -2.637600e+01 3.910563e+01
      vertex   1.582945e+01 -2.637480e+01 4.397187e+01
    endloop
  endfacet
  facet normal 2.588190e-01 9.659258e-01 0.000000e+00
    outer loop
      vertex   1.582945e+01 -2.637480e+01 4.397187e+01
      vertex   1.583392e+01 -2.637600e+01 3.910563e+01
      vertex   1.582945e+01 -2.637480e+01 3.910563e+01
    endloop
  endfacet
  facet normal 0.000000e+00 0.000000e+00 -1.000000e+00
    outer loop
      vertex   2.250058e+01 -2.637600e+01 3.910563e+01
      vertex   2.249580e+01 -2.637600e+01 3.910563e+01
      vertex   2.249612e+01 -2.637480e+01 3.910563e+01
    endloop
  endfacet
  facet normal 0.000000e+00 0.000000e+00 -1.000000e+00
    outer loop
      vertex   2.161353e+01 -3.183233e+01 3.910563e+01
      vertex   2.149762e+01 -3.180128e+01 3.910563e+01
      vertex   2.195990e+01 -2.837600e+01 3.910563e+01
    endloop
  endfacet
  facet normal 0.000000e+00 0.000000e+00 -1.000000e+00
    outer loop
      vertex   2.195990e+01 -2.837600e+01 3.910563e+01
      vertex   2.149762e+01 -3.180128e+01 3.910563e+01
      vertex   2.139150e+01 -3.175732e+01 3.910563e+01
    endloop
  endfacet
  facet normal 0.000000e+00 0.000000e+00 -1.000000e+00
    outer loop
      vertex   2.195990e+01 -2.837600e+01 3.910563e+01
      vertex   2.139150e+01 -3.175732e+01 3.910563e+01
      vertex   2.130038e+01 -3.168740e+01 3.910563e+01
    endloop
  endfacet
  facet normal 0.000000e+00 0.000000e+00 -1.000000e+00
    outer loop
      vertex   2.195990e+01 -2.837600e+01 3.910563e+01
      vertex   2.130038e+01 -3.168740e+01 3.910563e+01
      vertex   2.118650e+01 -3.126239e+01 3.910563e+01
    endloop
  endfacet
  facet normal 0.000000e+00 0.000000e+00 -1.000000e+00
    outer loop
      vertex   2.118650e+01 -3.126239e+01 3.910563e+01
      vertex   2.130038e+01 -3.168740e+01 3.910563e+01
      vertex   2.123045e+01 -3.159627e+01 3.910563e+01
    endloop
  endfacet
  facet normal 0.000000e+00 0.000000e+00 -1.000000e+00
    outer loop
      vertex   2.118650e+01 -3.126239e+01 3.910563e+01
      vertex   2.123045e+01 -3.159627e+01 3.910563e+01
      vertex   2.118650e+01 -3.149015e+01 3.910563e+01
    endloop
  endfacet
  facet normal 0.000000e+00 0.000000e+00 -1.000000e+00
    outer loop
      vertex   2.118650e+01 -3.149015e+01 3.910563e+01
      vertex   2.117150e+01 -3.137627e+01 3.910563e+01
      vertex   2.118650e+01 -3.126239e+01 3.910563e+01
    endloop
  endfacet
  facet normal 0.000000e+00 -0.000000e+00 -1.000000e+00
    outer loop
      vertex   2.195990e+01 -2.837600e+01 3.910563e+01
      vertex   2.299518e+01 -2.837600e+01 3.910563e+01
      vertex   2.161353e+01 -3.183233e+01 3.910563e+01
    endloop
  endfacet
  facet normal 0.000000e+00 0.000000e+00 -1.000000e+00
    outer loop
      vertex   2.161353e+01 -3.183233e+01 3.910563e+01
      vertex   2.299518e+01 -2.837600e+01 3.910563e+01
      vertex   2.172741e+01 -3.184733e+01 3.910563e+01
    endloop
  endfacet
  facet normal 0.000000e+00 0.000000e+00 -1.000000e+00
    outer loop
      vertex   2.172741e+01 -3.184733e+01 3.910563e+01
      vertex   2.299518e+01 -2.837600e+01 3.910563e+01
      vertex   2.184129e+01 -3.183233e+01 3.910563e+01
    endloop
  endfacet
  facet normal 0.000000e+00 0.000000e+00 -1.000000e+00
    outer loop
      vertex   2.184129e+01 -3.183233e+01 3.910563e+01
      vertex   2.299518e+01 -2.837600e+01 3.910563e+01
      vertex   2.215242e+01 -3.152121e+01 3.910563e+01
    endloop
  endfacet
  facet normal 0.000000e+00 0.000000e+00 -1.000000e+00
    outer loop
      vertex   2.184129e+01 -3.183233e+01 3.910563e+01
      vertex   2.215242e+01 -3.152121e+01 3.910563e+01
      vertex   2.194741e+01 -3.178838e+01 3.910563e+01
    endloop
  endfacet
  facet normal 0.000000e+00 0.000000e+00 -1.000000e+00
    outer loop
      vertex   2.194741e+01 -3.178838e+01 3.910563e+01
      vertex   2.215242e+01 -3.152121e+01 3.910563e+01
      vertex   2.203854e+01 -3.171845e+01 3.910563e+01
    endloop
  endfacet
  facet normal 0.000000e+00 0.000000e+00 -1.000000e+00
    outer loop
      vertex   2.203854e+01 -3.171845e+01 3.910563e+01
      vertex   2.215242e+01 -3.152121e+01 3.910563e+01
      vertex   2.210847e+01 -3.162733e+01 3.910563e+01
    endloop
  endfacet
  facet normal -9.659258e-01 2.588190e-01 0.000000e+00
    outer loop
      vertex   2.249580e+01 -2.637600e+01 3.910563e+01
      vertex   2.249580e+01 -2.637600e+01 4.397187e+01
      vertex   2.249612e+01 -2.637480e+01 3.910563e+01
    endloop
  endfacet
  facet normal -9.659258e-01 2.588190e-01 0.000000e+00
    outer loop
      vertex   2.249612e+01 -2.637480e+01 3.910563e+01
      vertex   2.249580e+01 -2.637600e+01 4.397187e+01
      vertex   2.249612e+01 -2.637480e+01 4.397187e+01
    endloop
  endfacet
  facet normal 0.000000e+00 0.000000e+00 1.000000e+00
    outer loop
      vertex   2.249580e+01 -2.637600e+01 4.397187e+01
      vertex   2.250058e+01 -2.637600e+01 4.397187e+01
      vertex   2.249612e+01 -2.637480e+01 4.397187e+01
    endloop
  endfacet
  facet normal 2.588190e-01 9.659258e-01 0.000000e+00
    outer loop
      vertex   2.250058e+01 -2.637600e+01 4.397187e+01
      vertex   2.250058e+01 -2.637600e+01 3.910563e+01
      vertex   2.249612e+01 -2.637480e+01 4.397187e+01
    endloop
  endfacet
  facet normal 2.588190e-01 9.659258e-01 0.000000e+00
    outer loop
      vertex   2.249612e+01 -2.637480e+01 4.397187e+01
      vertex   2.250058e+01 -2.637600e+01 3.910563e+01
      vertex   2.249612e+01 -2.637480e+01 3.910563e+01
    endloop
  endfacet
  facet normal 9.659258e-01 -2.588190e-01 0.000000e+00
    outer loop
      vertex   2.679277e+01 -2.664338e+01 4.397187e+01
      vertex   2.679277e+01 -2.664338e+01 3.910563e+01
      vertex   2.679538e+01 -2.663362e+01 4.397187e+01
    endloop
  endfacet
  facet normal 9.659258e-01 -2.588190e-01 0.000000e+00
    outer loop
      vertex   2.679538e+01 -2.663362e+01 4.397187e+01
      vertex   2.679277e+01 -2.664338e+01 3.910563e+01
      vertex   2.679538e+01 -2.663362e+01 3.910563e+01
    endloop
  endfacet
  facet normal 2.588190e-01 9.659258e-01 0.000000e+00
    outer loop
      vertex   2.583392e+01 -2.637600e+01 4.397187e+01
      vertex   2.583392e+01 -2.637600e+01 3.910563e+01
      vertex   2.582945e+01 -2.637480e+01 4.397187e+01
    endloop
  endfacet
  facet normal 2.588190e-01 9.659258e-01 0.000000e+00
    outer loop
      vertex   2.582945e+01 -2.637480e+01 4.397187e+01
      vertex   2.583392e+01 -2.637600e+01 3.910563e+01
      vertex   2.582945e+01 -2.637480e+01 3.910563e+01
    endloop
  endfacet
  facet normal 2.588190e-01 9.659258e-01 -0.000000e+00
    outer loop
      vertex   2.679277e+01 -2.663292e+01 3.910563e+01
      vertex   2.679277e+01 -2.663292e+01 4.397187e+01
      vertex   2.679538e+01 -2.663362e+01 3.910563e+01
    endloop
  endfacet
  facet normal 2.588190e-01 9.659258e-01 -0.000000e+00
    outer loop
      vertex   2.679538e+01 -2.663362e+01 3.910563e+01
      vertex   2.679277e+01 -2.663292e+01 4.397187e+01
      vertex   2.679538e+01 -2.663362e+01 4.397187e+01
    endloop
  endfacet
  facet normal 0.000000e+00 0.000000e+00 -1.000000e+00
    outer loop
      vertex   2.679277e+01 -2.664338e+01 3.910563e+01
      vertex   2.679277e+01 -2.663292e+01 3.910563e+01
      vertex   2.679538e+01 -2.663362e+01 3.910563e+01
    endloop
  endfacet
  facet normal 0.000000e+00 0.000000e+00 -1.000000e+00
    outer loop
      vertex   2.583392e+01 -2.637600e+01 3.910563e+01
      vertex   2.582913e+01 -2.637600e+01 3.910563e+01
      vertex   2.582945e+01 -2.637480e+01 3.910563e+01
    endloop
  endfacet
  facet normal 0.000000e+00 0.000000e+00 -1.000000e+00
    outer loop
      vertex   2.494687e+01 -3.183233e+01 3.910563e+01
      vertex   2.483096e+01 -3.180128e+01 3.910563e+01
      vertex   2.529323e+01 -2.837600e+01 3.910563e+01
    endloop
  endfacet
  facet normal 0.000000e+00 0.000000e+00 -1.000000e+00
    outer loop
      vertex   2.529323e+01 -2.837600e+01 3.910563e+01
      vertex   2.483096e+01 -3.180128e+01 3.910563e+01
      vertex   2.472484e+01 -3.175732e+01 3.910563e+01
    endloop
  endfacet
  facet normal 0.000000e+00 0.000000e+00 -1.000000e+00
    outer loop
      vertex   2.529323e+01 -2.837600e+01 3.910563e+01
      vertex   2.472484e+01 -3.175732e+01 3.910563e+01
      vertex   2.463371e+01 -3.168740e+01 3.910563e+01
    endloop
  endfacet
  facet normal 0.000000e+00 0.000000e+00 -1.000000e+00
    outer loop
      vertex   2.529323e+01 -2.837600e+01 3.910563e+01
      vertex   2.463371e+01 -3.168740e+01 3.910563e+01
      vertex   2.451983e+01 -3.126239e+01 3.910563e+01
    endloop
  endfacet
  facet normal 0.000000e+00 0.000000e+00 -1.000000e+00
    outer loop
      vertex   2.451983e+01 -3.126239e+01 3.910563e+01
      vertex   2.463371e+01 -3.168740e+01 3.910563e+01
      vertex   2.456379e+01 -3.159627e+01 3.910563e+01
    endloop
  endfacet
  facet normal 0.000000e+00 0.000000e+00 -1.000000e+00
    outer loop
      vertex   2.451983e+01 -3.126239e+01 3.910563e+01
      vertex   2.456379e+01 -3.159627e+01 3.910563e+01
      vertex   2.451983e+01 -3.149015e+01 3.910563e+01
    endloop
  endfacet
  facet normal 0.000000e+00 0.000000e+00 -1.000000e+00
    outer loop
      vertex   2.451983e+01 -3.149015e+01 3.910563e+01
      vertex   2.450484e+01 -3.137627e+01 3.910563e+01
      vertex   2.451983e+01 -3.126239e+01 3.910563e+01
    endloop
  endfacet
  facet normal 0.000000e+00 -0.000000e+00 -1.000000e+00
    outer loop
      vertex   2.529323e+01 -2.837600e+01 3.910563e+01
      vertex   2.632851e+01 -2.837600e+01 3.910563e+01
      vertex   2.494687e+01 -3.183233e+01 3.910563e+01
    endloop
  endfacet
  facet normal 0.000000e+00 0.000000e+00 -1.000000e+00
    outer loop
      vertex   2.494687e+01 -3.183233e+01 3.910563e+01
      vertex   2.632851e+01 -2.837600e+01 3.910563e+01
      vertex   2.506075e+01 -3.184733e+01 3.910563e+01
    endloop
  endfacet
  facet normal 0.000000e+00 0.000000e+00 -1.000000e+00
    outer loop
      vertex   2.506075e+01 -3.184733e+01 3.910563e+01
      vertex   2.632851e+01 -2.837600e+01 3.910563e+01
      vertex   2.517463e+01 -3.183233e+01 3.910563e+01
    endloop
  endfacet
  facet normal 0.000000e+00 0.000000e+00 -1.000000e+00
    outer loop
      vertex   2.517463e+01 -3.183233e+01 3.910563e+01
      vertex   2.632851e+01 -2.837600e+01 3.910563e+01
      vertex   2.548575e+01 -3.152121e+01 3.910563e+01
    endloop
  endfacet
  facet normal 0.000000e+00 0.000000e+00 -1.000000e+00
    outer loop
      vertex   2.517463e+01 -3.183233e+01 3.910563e+01
      vertex   2.548575e+01 -3.152121e+01 3.910563e+01
      vertex   2.528075e+01 -3.178838e+01 3.910563e+01
    endloop
  endfacet
  facet normal 0.000000e+00 0.000000e+00 -1.000000e+00
    outer loop
      vertex   2.528075e+01 -3.178838e+01 3.910563e+01
      vertex   2.548575e+01 -3.152121e+01 3.910563e+01
      vertex   2.537187e+01 -3.171845e+01 3.910563e+01
    endloop
  endfacet
  facet normal 0.000000e+00 0.000000e+00 -1.000000e+00
    outer loop
      vertex   2.537187e+01 -3.171845e+01 3.910563e+01
      vertex   2.548575e+01 -3.152121e+01 3.910563e+01
      vertex   2.544180e+01 -3.162733e+01 3.910563e+01
    endloop
  endfacet
  facet normal -9.659258e-01 2.588190e-01 0.000000e+00
    outer loop
      vertex   2.582913e+01 -2.637600e+01 3.910563e+01
      vertex   2.582913e+01 -2.637600e+01 4.397187e+01
      vertex   2.582945e+01 -2.637480e+01 3.910563e+01
    endloop
  endfacet
  facet normal -9.659258e-01 2.588190e-01 0.000000e+00
    outer loop
      vertex   2.582945e+01 -2.637480e+01 3.910563e+01
      vertex   2.582913e+01 -2.637600e+01 4.397187e+01
      vertex   2.582945e+01 -2.637480e+01 4.397187e+01
    endloop
  endfacet
  facet normal 0.000000e+00 0.000000e+00 1.000000e+00
    outer loop
      vertex   2.582913e+01 -2.637600e+01 4.397187e+01
      vertex   2.583392e+01 -2.637600e+01 4.397187e+01
      vertex   2.582945e+01 -2.637480e+01 4.397187e+01
    endloop
  endfacet
  facet normal 0.000000e+00 0.000000e+00 1.000000e+00
    outer loop
      vertex   2.679277e+01 -2.663292e+01 4.397187e+01
      vertex   2.679277e+01 -2.664338e+01 4.397187e+01
      vertex   2.679538e+01 -2.663362e+01 4.397187e+01
    endloop
  endfacet
  facet normal 0.000000e+00 0.000000e+00 -1.000000e+00
    outer loop
      vertex   1.916725e+01 -2.637600e+01 3.910563e+01
      vertex   1.916247e+01 -2.637600e+01 3.910563e+01
      vertex   1.916279e+01 -2.637480e+01 3.910563e+01
    endloop
  endfacet
  facet normal 0.000000e+00 0.000000e+00 -1.000000e+00
    outer loop
      vertex   1.828020e+01 -3.183233e+01 3.910563e+01
      vertex   1.816429e+01 -3.180128e+01 3.910563e+01
      vertex   1.862657e+01 -2.837600e+01 3.910563e+01
    endloop
  endfacet
  facet normal 0.000000e+00 0.000000e+00 -1.000000e+00
    outer loop
      vertex   1.862657e+01 -2.837600e+01 3.910563e+01
      vertex   1.816429e+01 -3.180128e+01 3.910563e+01
      vertex   1.805817e+01 -3.175732e+01 3.910563e+01
    endloop
  endfacet
  facet normal 0.000000e+00 0.000000e+00 -1.000000e+00
    outer loop
      vertex   1.862657e+01 -2.837600e+01 3.910563e+01
      vertex   1.805817e+01 -3.175732e+01 3.910563e+01
      vertex   1.796704e+01 -3.168740e+01 3.910563e+01
    endloop
  endfacet
  facet normal 0.000000e+00 0.000000e+00 -1.000000e+00
    outer loop
      vertex   1.862657e+01 -2.837600e+01 3.910563e+01
      vertex   1.796704e+01 -3.168740e+01 3.910563e+01
      vertex   1.785316e+01 -3.126239e+01 3.910563e+01
    endloop
  endfacet
  facet normal 0.000000e+00 0.000000e+00 -1.000000e+00
    outer loop
      vertex   1.785316e+01 -3.126239e+01 3.910563e+01
      vertex   1.796704e+01 -3.168740e+01 3.910563e+01
      vertex   1.789712e+01 -3.159627e+01 3.910563e+01
    endloop
  endfacet
  facet normal 0.000000e+00 0.000000e+00 -1.000000e+00
    outer loop
      vertex   1.785316e+01 -3.126239e+01 3.910563e+01
      vertex   1.789712e+01 -3.159627e+01 3.910563e+01
      vertex   1.785316e+01 -3.149015e+01 3.910563e+01
    endloop
  endfacet
  facet normal 0.000000e+00 0.000000e+00 -1.000000e+00
    outer loop
      vertex   1.785316e+01 -3.149015e+01 3.910563e+01
      vertex   1.783817e+01 -3.137627e+01 3.910563e+01
      vertex   1.785316e+01 -3.126239e+01 3.910563e+01
    endloop
  endfacet
  facet normal 0.000000e+00 -0.000000e+00 -1.000000e+00
    outer loop
      vertex   1.862657e+01 -2.837600e+01 3.910563e+01
      vertex   1.966184e+01 -2.837600e+01 3.910563e+01
      vertex   1.828020e+01 -3.183233e+01 3.910563e+01
    endloop
  endfacet
  facet normal 0.000000e+00 0.000000e+00 -1.000000e+00
    outer loop
      vertex   1.828020e+01 -3.183233e+01 3.910563e+01
      vertex   1.966184e+01 -2.837600e+01 3.910563e+01
      vertex   1.839408e+01 -3.184733e+01 3.910563e+01
    endloop
  endfacet
  facet normal 0.000000e+00 0.000000e+00 -1.000000e+00
    outer loop
      vertex   1.839408e+01 -3.184733e+01 3.910563e+01
      vertex   1.966184e+01 -2.837600e+01 3.910563e+01
      vertex   1.850796e+01 -3.183233e+01 3.910563e+01
    endloop
  endfacet
  facet normal 0.000000e+00 0.000000e+00 -1.000000e+00
    outer loop
      vertex   1.850796e+01 -3.183233e+01 3.910563e+01
      vertex   1.966184e+01 -2.837600e+01 3.910563e+01
      vertex   1.881909e+01 -3.152121e+01 3.910563e+01
    endloop
  endfacet
  facet normal 0.000000e+00 0.000000e+00 -1.000000e+00
    outer loop
      vertex   1.850796e+01 -3.183233e+01 3.910563e+01
      vertex   1.881909e+01 -3.152121e+01 3.910563e+01
      vertex   1.861408e+01 -3.178838e+01 3.910563e+01
    endloop
  endfacet
  facet normal 0.000000e+00 0.000000e+00 -1.000000e+00
    outer loop
      vertex   1.861408e+01 -3.178838e+01 3.910563e+01
      vertex   1.881909e+01 -3.152121e+01 3.910563e+01
      vertex   1.870521e+01 -3.171845e+01 3.910563e+01
    endloop
  endfacet
  facet normal 0.000000e+00 0.000000e+00 -1.000000e+00
    outer loop
      vertex   1.870521e+01 -3.171845e+01 3.910563e+01
      vertex   1.881909e+01 -3.152121e+01 3.910563e+01
      vertex   1.877513e+01 -3.162733e+01 3.910563e+01
    endloop
  endfacet
  facet normal -9.659258e-01 2.588190e-01 0.000000e+00
    outer loop
      vertex   1.916247e+01 -2.637600e+01 3.910563e+01
      vertex   1.916247e+01 -2.637600e+01 4.397187e+01
      vertex   1.916279e+01 -2.637480e+01 3.910563e+01
    endloop
  endfacet
  facet normal -9.659258e-01 2.588190e-01 0.000000e+00
    outer loop
      vertex   1.916279e+01 -2.637480e+01 3.910563e+01
      vertex   1.916247e+01 -2.637600e+01 4.397187e+01
      vertex   1.916279e+01 -2.637480e+01 4.397187e+01
    endloop
  endfacet
  facet normal 0.000000e+00 0.000000e+00 1.000000e+00
    outer loop
      vertex   1.916247e+01 -2.637600e+01 4.397187e+01
      vertex   1.916725e+01 -2.637600e+01 4.397187e+01
      vertex   1.916279e+01 -2.637480e+01 4.397187e+01
    endloop
  endfacet
  facet normal 2.588190e-01 9.659258e-01 0.000000e+00
    outer loop
      vertex   1.916725e+01 -2.637600e+01 4.397187e+01
      vertex   1.916725e+01 -2.637600e+01 3.910563e+01
      vertex   1.916279e+01 -2.637480e+01 4.397187e+01
    endloop
  endfacet
  facet normal 2.588190e-01 9.659258e-01 0.000000e+00
    outer loop
      vertex   1.916279e+01 -2.637480e+01 4.397187e+01
      vertex   1.916725e+01 -2.637600e+01 3.910563e+01
      vertex   1.916279e+01 -2.637480e+01 3.910563e+01
    endloop
  endfacet
  facet normal 1.305262e-01 -9.914449e-01 0.000000e+00
    outer loop
      vertex   -4.847123e+01 1.168215e+01 4.411000e+01
      vertex   -4.847123e+01 1.168215e+01 4.161000e+01
      vertex   -4.831594e+01 1.170259e+01 4.411000e+01
    endloop
  endfacet
  facet normal 1.305262e-01 -9.914449e-01 0.000000e+00
    outer loop
      vertex   -4.831594e+01 1.170259e+01 4.411000e+01
      vertex   -4.847123e+01 1.168215e+01 4.161000e+01
      vertex   -4.831594e+01 1.170259e+01 4.161000e+01
    endloop
  endfacet
  facet normal 3.826834e-01 -9.238795e-01 0.000000e+00
    outer loop
      vertex   -4.831594e+01 1.170259e+01 4.411000e+01
      vertex   -4.831594e+01 1.170259e+01 4.161000e+01
      vertex   -4.817123e+01 1.176253e+01 4.411000e+01
    endloop
  endfacet
  facet normal 3.826834e-01 -9.238795e-01 0.000000e+00
    outer loop
      vertex   -4.817123e+01 1.176253e+01 4.411000e+01
      vertex   -4.831594e+01 1.170259e+01 4.161000e+01
      vertex   -4.817123e+01 1.176253e+01 4.161000e+01
    endloop
  endfacet
  facet normal 6.087614e-01 -7.933533e-01 0.000000e+00
    outer loop
      vertex   -4.817123e+01 1.176253e+01 4.411000e+01
      vertex   -4.817123e+01 1.176253e+01 4.161000e+01
      vertex   -4.804697e+01 1.185789e+01 4.411000e+01
    endloop
  endfacet
  facet normal 6.087614e-01 -7.933533e-01 0.000000e+00
    outer loop
      vertex   -4.804697e+01 1.185789e+01 4.411000e+01
      vertex   -4.817123e+01 1.176253e+01 4.161000e+01
      vertex   -4.804697e+01 1.185789e+01 4.161000e+01
    endloop
  endfacet
  facet normal 7.933533e-01 -6.087614e-01 0.000000e+00
    outer loop
      vertex   -4.804697e+01 1.185789e+01 4.411000e+01
      vertex   -4.804697e+01 1.185789e+01 4.161000e+01
      vertex   -4.795162e+01 1.198215e+01 4.411000e+01
    endloop
  endfacet
  facet normal 7.933533e-01 -6.087614e-01 0.000000e+00
    outer loop
      vertex   -4.795162e+01 1.198215e+01 4.411000e+01
      vertex   -4.804697e+01 1.185789e+01 4.161000e+01
      vertex   -4.795162e+01 1.198215e+01 4.161000e+01
    endloop
  endfacet
  facet normal 9.238795e-01 -3.826834e-01 0.000000e+00
    outer loop
      vertex   -4.795162e+01 1.198215e+01 4.411000e+01
      vertex   -4.795162e+01 1.198215e+01 4.161000e+01
      vertex   -4.789168e+01 1.212686e+01 4.411000e+01
    endloop
  endfacet
  facet normal 9.238795e-01 -3.826834e-01 0.000000e+00
    outer loop
      vertex   -4.789168e+01 1.212686e+01 4.411000e+01
      vertex   -4.795162e+01 1.198215e+01 4.161000e+01
      vertex   -4.789168e+01 1.212686e+01 4.161000e+01
    endloop
  endfacet
  facet normal 9.914449e-01 -1.305262e-01 0.000000e+00
    outer loop
      vertex   -4.789168e+01 1.212686e+01 4.411000e+01
      vertex   -4.789168e+01 1.212686e+01 4.161000e+01
      vertex   -4.787123e+01 1.228215e+01 4.411000e+01
    endloop
  endfacet
  facet normal 9.914449e-01 -1.305262e-01 0.000000e+00
    outer loop
      vertex   -4.787123e+01 1.228215e+01 4.411000e+01
      vertex   -4.789168e+01 1.212686e+01 4.161000e+01
      vertex   -4.787123e+01 1.228215e+01 4.161000e+01
    endloop
  endfacet
  facet normal 1.000000e+00 -0.000000e+00 0.000000e+00
    outer loop
      vertex   -4.787123e+01 1.228215e+01 4.411000e+01
      vertex   -4.787123e+01 1.228215e+01 4.161000e+01
      vertex   -4.787123e+01 3.203215e+01 4.411000e+01
    endloop
  endfacet
  facet normal 1.000000e+00 0.000000e+00 0.000000e+00
    outer loop
      vertex   -4.787123e+01 3.203215e+01 4.411000e+01
      vertex   -4.787123e+01 1.228215e+01 4.161000e+01
      vertex   -4.787123e+01 3.203215e+01 4.161000e+01
    endloop
  endfacet
  facet normal -0.000000e+00 0.000000e+00 -1.000000e+00
    outer loop
      vertex   -4.789168e+01 1.212686e+01 4.161000e+01
      vertex   -4.795162e+01 1.198215e+01 4.161000e+01
      vertex   -4.787123e+01 1.228215e+01 4.161000e+01
    endloop
  endfacet
  facet normal -0.000000e+00 0.000000e+00 -1.000000e+00
    outer loop
      vertex   -4.787123e+01 1.228215e+01 4.161000e+01
      vertex   -4.795162e+01 1.198215e+01 4.161000e+01
      vertex   -4.804697e+01 3.245641e+01 4.161000e+01
    endloop
  endfacet
  facet normal 0.000000e+00 0.000000e+00 -1.000000e+00
    outer loop
      vertex   -4.787123e+01 1.228215e+01 4.161000e+01
      vertex   -4.804697e+01 3.245641e+01 4.161000e+01
      vertex   -4.795162e+01 3.233215e+01 4.161000e+01
    endloop
  endfacet
  facet normal -0.000000e+00 0.000000e+00 -1.000000e+00
    outer loop
      vertex   -4.795162e+01 1.198215e+01 4.161000e+01
      vertex   -4.804697e+01 1.185789e+01 4.161000e+01
      vertex   -4.804697e+01 3.245641e+01 4.161000e+01
    endloop
  endfacet
  facet normal -0.000000e+00 0.000000e+00 -1.000000e+00
    outer loop
      vertex   -4.804697e+01 3.245641e+01 4.161000e+01
      vertex   -4.804697e+01 1.185789e+01 4.161000e+01
      vertex   -4.817123e+01 3.255176e+01 4.161000e+01
    endloop
  endfacet
  facet normal 0.000000e+00 -0.000000e+00 -1.000000e+00
    outer loop
      vertex   -4.817123e+01 3.255176e+01 4.161000e+01
      vertex   -4.804697e+01 1.185789e+01 4.161000e+01
      vertex   -4.817123e+01 1.176253e+01 4.161000e+01
    endloop
  endfacet
  facet normal -0.000000e+00 0.000000e+00 -1.000000e+00
    outer loop
      vertex   -4.817123e+01 3.255176e+01 4.161000e+01
      vertex   -4.817123e+01 1.176253e+01 4.161000e+01
      vertex   -4.831594e+01 3.261170e+01 4.161000e+01
    endloop
  endfacet
  facet normal 0.000000e+00 -0.000000e+00 -1.000000e+00
    outer loop
      vertex   -4.831594e+01 3.261170e+01 4.161000e+01
      vertex   -4.817123e+01 1.176253e+01 4.161000e+01
      vertex   -4.831594e+01 1.170259e+01 4.161000e+01
    endloop
  endfacet
  facet normal -0.000000e+00 0.000000e+00 -1.000000e+00
    outer loop
      vertex   -4.831594e+01 3.261170e+01 4.161000e+01
      vertex   -4.831594e+01 1.170259e+01 4.161000e+01
      vertex   -4.847123e+01 3.263215e+01 4.161000e+01
    endloop
  endfacet
  facet normal 0.000000e+00 -0.000000e+00 -1.000000e+00
    outer loop
      vertex   -4.847123e+01 3.263215e+01 4.161000e+01
      vertex   -4.831594e+01 1.170259e+01 4.161000e+01
      vertex   -4.847123e+01 1.168215e+01 4.161000e+01
    endloop
  endfacet
  facet normal -0.000000e+00 0.000000e+00 -1.000000e+00
    outer loop
      vertex   -4.847123e+01 3.263215e+01 4.161000e+01
      vertex   -4.847123e+01 1.168215e+01 4.161000e+01
      vertex   -4.874123e+01 3.263215e+01 4.161000e+01
    endloop
  endfacet
  facet normal 0.000000e+00 -0.000000e+00 -1.000000e+00
    outer loop
      vertex   -4.874123e+01 3.263215e+01 4.161000e+01
      vertex   -4.847123e+01 1.168215e+01 4.161000e+01
      vertex   -4.874123e+01 1.168215e+01 4.161000e+01
    endloop
  endfacet
  facet normal 0.000000e+00 0.000000e+00 -1.000000e+00
    outer loop
      vertex   -4.874123e+01 3.263215e+01 4.161000e+01
      vertex   -4.874123e+01 1.168215e+01 4.161000e+01
      vertex   -4.889652e+01 3.261170e+01 4.161000e+01
    endloop
  endfacet
  facet normal 0.000000e+00 -0.000000e+00 -1.000000e+00
    outer loop
      vertex   -4.889652e+01 3.261170e+01 4.161000e+01
      vertex   -4.874123e+01 1.168215e+01 4.161000e+01
      vertex   -4.889652e+01 1.170259e+01 4.161000e+01
    endloop
  endfacet
  facet normal 0.000000e+00 0.000000e+00 -1.000000e+00
    outer loop
      vertex   -4.889652e+01 3.261170e+01 4.161000e+01
      vertex   -4.889652e+01 1.170259e+01 4.161000e+01
      vertex   -4.904123e+01 3.255176e+01 4.161000e+01
    endloop
  endfacet
  facet normal 0.000000e+00 -0.000000e+00 -1.000000e+00
    outer loop
      vertex   -4.904123e+01 3.255176e+01 4.161000e+01
      vertex   -4.889652e+01 1.170259e+01 4.161000e+01
      vertex   -4.904123e+01 1.176253e+01 4.161000e+01
    endloop
  endfacet
  facet normal 0.000000e+00 0.000000e+00 -1.000000e+00
    outer loop
      vertex   -4.904123e+01 3.255176e+01 4.161000e+01
      vertex   -4.904123e+01 1.176253e+01 4.161000e+01
      vertex   -4.916550e+01 3.245641e+01 4.161000e+01
    endloop
  endfacet
  facet normal 0.000000e+00 -0.000000e+00 -1.000000e+00
    outer loop
      vertex   -4.916550e+01 3.245641e+01 4.161000e+01
      vertex   -4.904123e+01 1.176253e+01 4.161000e+01
      vertex   -4.916550e+01 1.185789e+01 4.161000e+01
    endloop
  endfacet
  facet normal 0.000000e+00 0.000000e+00 -1.000000e+00
    outer loop
      vertex   -4.916550e+01 3.245641e+01 4.161000e+01
      vertex   -4.916550e+01 1.185789e+01 4.161000e+01
      vertex   -4.926085e+01 3.233215e+01 4.161000e+01
    endloop
  endfacet
  facet normal 0.000000e+00 -0.000000e+00 -1.000000e+00
    outer loop
      vertex   -4.926085e+01 3.233215e+01 4.161000e+01
      vertex   -4.916550e+01 1.185789e+01 4.161000e+01
      vertex   -4.934123e+01 3.203215e+01 4.161000e+01
    endloop
  endfacet
  facet normal 0.000000e+00 0.000000e+00 -1.000000e+00
    outer loop
      vertex   -4.926085e+01 3.233215e+01 4.161000e+01
      vertex   -4.934123e+01 3.203215e+01 4.161000e+01
      vertex   -4.932079e+01 3.218744e+01 4.161000e+01
    endloop
  endfacet
  facet normal 0.000000e+00 0.000000e+00 -1.000000e+00
    outer loop
      vertex   -4.916550e+01 1.185789e+01 4.161000e+01
      vertex   -4.926085e+01 1.198215e+01 4.161000e+01
      vertex   -4.934123e+01 3.203215e+01 4.161000e+01
    endloop
  endfacet
  facet normal 0.000000e+00 0.000000e+00 -1.000000e+00
    outer loop
      vertex   -4.934123e+01 3.203215e+01 4.161000e+01
      vertex   -4.926085e+01 1.198215e+01 4.161000e+01
      vertex   -4.934123e+01 1.228215e+01 4.161000e+01
    endloop
  endfacet
  facet normal 0.000000e+00 0.000000e+00 -1.000000e+00
    outer loop
      vertex   -4.934123e+01 1.228215e+01 4.161000e+01
      vertex   -4.926085e+01 1.198215e+01 4.161000e+01
      vertex   -4.932079e+01 1.212686e+01 4.161000e+01
    endloop
  endfacet
  facet normal -0.000000e+00 -0.000000e+00 -1.000000e+00
    outer loop
      vertex   -4.789168e+01 3.218744e+01 4.161000e+01
      vertex   -4.787123e+01 3.203215e+01 4.161000e+01
      vertex   -4.795162e+01 3.233215e+01 4.161000e+01
    endloop
  endfacet
  facet normal 0.000000e+00 0.000000e+00 -1.000000e+00
    outer loop
      vertex   -4.795162e+01 3.233215e+01 4.161000e+01
      vertex   -4.787123e+01 3.203215e+01 4.161000e+01
      vertex   -4.787123e+01 1.228215e+01 4.161000e+01
    endloop
  endfacet
  facet normal 9.914449e-01 1.305262e-01 0.000000e+00
    outer loop
      vertex   -4.787123e+01 3.203215e+01 4.411000e+01
      vertex   -4.787123e+01 3.203215e+01 4.161000e+01
      vertex   -4.789168e+01 3.218744e+01 4.411000e+01
    endloop
  endfacet
  facet normal 9.914449e-01 1.305262e-01 0.000000e+00
    outer loop
      vertex   -4.789168e+01 3.218744e+01 4.411000e+01
      vertex   -4.787123e+01 3.203215e+01 4.161000e+01
      vertex   -4.789168e+01 3.218744e+01 4.161000e+01
    endloop
  endfacet
  facet normal 9.238795e-01 3.826834e-01 0.000000e+00
    outer loop
      vertex   -4.789168e+01 3.218744e+01 4.411000e+01
      vertex   -4.789168e+01 3.218744e+01 4.161000e+01
      vertex   -4.795162e+01 3.233215e+01 4.411000e+01
    endloop
  endfacet
  facet normal 9.238795e-01 3.826834e-01 0.000000e+00
    outer loop
      vertex   -4.795162e+01 3.233215e+01 4.411000e+01
      vertex   -4.789168e+01 3.218744e+01 4.161000e+01
      vertex   -4.795162e+01 3.233215e+01 4.161000e+01
    endloop
  endfacet
  facet normal 7.933533e-01 6.087614e-01 0.000000e+00
    outer loop
      vertex   -4.795162e+01 3.233215e+01 4.411000e+01
      vertex   -4.795162e+01 3.233215e+01 4.161000e+01
      vertex   -4.804697e+01 3.245641e+01 4.411000e+01
    endloop
  endfacet
  facet normal 7.933533e-01 6.087614e-01 0.000000e+00
    outer loop
      vertex   -4.804697e+01 3.245641e+01 4.411000e+01
      vertex   -4.795162e+01 3.233215e+01 4.161000e+01
      vertex   -4.804697e+01 3.245641e+01 4.161000e+01
    endloop
  endfacet
  facet normal 6.087614e-01 7.933533e-01 0.000000e+00
    outer loop
      vertex   -4.804697e+01 3.245641e+01 4.411000e+01
      vertex   -4.804697e+01 3.245641e+01 4.161000e+01
      vertex   -4.817123e+01 3.255176e+01 4.411000e+01
    endloop
  endfacet
  facet normal 6.087614e-01 7.933533e-01 0.000000e+00
    outer loop
      vertex   -4.817123e+01 3.255176e+01 4.411000e+01
      vertex   -4.804697e+01 3.245641e+01 4.161000e+01
      vertex   -4.817123e+01 3.255176e+01 4.161000e+01
    endloop
  endfacet
  facet normal 3.826834e-01 9.238795e-01 0.000000e+00
    outer loop
      vertex   -4.817123e+01 3.255176e+01 4.411000e+01
      vertex   -4.817123e+01 3.255176e+01 4.161000e+01
      vertex   -4.831594e+01 3.261170e+01 4.411000e+01
    endloop
  endfacet
  facet normal 3.826834e-01 9.238795e-01 0.000000e+00
    outer loop
      vertex   -4.831594e+01 3.261170e+01 4.411000e+01
      vertex   -4.817123e+01 3.255176e+01 4.161000e+01
      vertex   -4.831594e+01 3.261170e+01 4.161000e+01
    endloop
  endfacet
  facet normal 1.305262e-01 9.914449e-01 0.000000e+00
    outer loop
      vertex   -4.831594e+01 3.261170e+01 4.411000e+01
      vertex   -4.831594e+01 3.261170e+01 4.161000e+01
      vertex   -4.847123e+01 3.263215e+01 4.411000e+01
    endloop
  endfacet
  facet normal 1.305262e-01 9.914449e-01 0.000000e+00
    outer loop
      vertex   -4.847123e+01 3.263215e+01 4.411000e+01
      vertex   -4.831594e+01 3.261170e+01 4.161000e+01
      vertex   -4.847123e+01 3.263215e+01 4.161000e+01
    endloop
  endfacet
  facet normal 0.000000e+00 1.000000e+00 0.000000e+00
    outer loop
      vertex   -4.847123e+01 3.263215e+01 4.411000e+01
      vertex   -4.847123e+01 3.263215e+01 4.161000e+01
      vertex   -4.874123e+01 3.263215e+01 4.411000e+01
    endloop
  endfacet
  facet normal 0.000000e+00 1.000000e+00 0.000000e+00
    outer loop
      vertex   -4.874123e+01 3.263215e+01 4.411000e+01
      vertex   -4.847123e+01 3.263215e+01 4.161000e+01
      vertex   -4.874123e+01 3.263215e+01 4.161000e+01
    endloop
  endfacet
  facet normal -1.305262e-01 9.914449e-01 0.000000e+00
    outer loop
      vertex   -4.874123e+01 3.263215e+01 4.411000e+01
      vertex   -4.874123e+01 3.263215e+01 4.161000e+01
      vertex   -4.889652e+01 3.261170e+01 4.411000e+01
    endloop
  endfacet
  facet normal -1.305262e-01 9.914449e-01 0.000000e+00
    outer loop
      vertex   -4.889652e+01 3.261170e+01 4.411000e+01
      vertex   -4.874123e+01 3.263215e+01 4.161000e+01
      vertex   -4.889652e+01 3.261170e+01 4.161000e+01
    endloop
  endfacet
  facet normal -3.826834e-01 9.238795e-01 0.000000e+00
    outer loop
      vertex   -4.889652e+01 3.261170e+01 4.411000e+01
      vertex   -4.889652e+01 3.261170e+01 4.161000e+01
      vertex   -4.904123e+01 3.255176e+01 4.411000e+01
    endloop
  endfacet
  facet normal -3.826834e-01 9.238795e-01 0.000000e+00
    outer loop
      vertex   -4.904123e+01 3.255176e+01 4.411000e+01
      vertex   -4.889652e+01 3.261170e+01 4.161000e+01
      vertex   -4.904123e+01 3.255176e+01 4.161000e+01
    endloop
  endfacet
  facet normal -6.087614e-01 7.933533e-01 0.000000e+00
    outer loop
      vertex   -4.904123e+01 3.255176e+01 4.411000e+01
      vertex   -4.904123e+01 3.255176e+01 4.161000e+01
      vertex   -4.916550e+01 3.245641e+01 4.411000e+01
    endloop
  endfacet
  facet normal -6.087614e-01 7.933533e-01 0.000000e+00
    outer loop
      vertex   -4.916550e+01 3.245641e+01 4.411000e+01
      vertex   -4.904123e+01 3.255176e+01 4.161000e+01
      vertex   -4.916550e+01 3.245641e+01 4.161000e+01
    endloop
  endfacet
  facet normal -7.933533e-01 6.087614e-01 0.000000e+00
    outer loop
      vertex   -4.916550e+01 3.245641e+01 4.411000e+01
      vertex   -4.916550e+01 3.245641e+01 4.161000e+01
      vertex   -4.926085e+01 3.233215e+01 4.411000e+01
    endloop
  endfacet
  facet normal -7.933533e-01 6.087614e-01 0.000000e+00
    outer loop
      vertex   -4.926085e+01 3.233215e+01 4.411000e+01
      vertex   -4.916550e+01 3.245641e+01 4.161000e+01
      vertex   -4.926085e+01 3.233215e+01 4.161000e+01
    endloop
  endfacet
  facet normal -9.238795e-01 3.826834e-01 0.000000e+00
    outer loop
      vertex   -4.926085e+01 3.233215e+01 4.411000e+01
      vertex   -4.926085e+01 3.233215e+01 4.161000e+01
      vertex   -4.932079e+01 3.218744e+01 4.411000e+01
    endloop
  endfacet
  facet normal -9.238795e-01 3.826834e-01 0.000000e+00
    outer loop
      vertex   -4.932079e+01 3.218744e+01 4.411000e+01
      vertex   -4.926085e+01 3.233215e+01 4.161000e+01
      vertex   -4.932079e+01 3.218744e+01 4.161000e+01
    endloop
  endfacet
  facet normal -9.914449e-01 1.305262e-01 0.000000e+00
    outer loop
      vertex   -4.932079e+01 3.218744e+01 4.411000e+01
      vertex   -4.932079e+01 3.218744e+01 4.161000e+01
      vertex   -4.934123e+01 3.203215e+01 4.411000e+01
    endloop
  endfacet
  facet normal -9.914449e-01 1.305262e-01 0.000000e+00
    outer loop
      vertex   -4.934123e+01 3.203215e+01 4.411000e+01
      vertex   -4.932079e+01 3.218744e+01 4.161000e+01
      vertex   -4.934123e+01 3.203215e+01 4.161000e+01
    endloop
  endfacet
  facet normal -9.914449e-01 -1.305262e-01 -0.000000e+00
    outer loop
      vertex   -4.934123e+01 1.228215e+01 4.411000e+01
      vertex   -4.934123e+01 1.228215e+01 4.161000e+01
      vertex   -4.932079e+01 1.212686e+01 4.411000e+01
    endloop
  endfacet
  facet normal -9.914449e-01 -1.305262e-01 -0.000000e+00
    outer loop
      vertex   -4.932079e+01 1.212686e+01 4.411000e+01
      vertex   -4.934123e+01 1.228215e+01 4.161000e+01
      vertex   -4.932079e+01 1.212686e+01 4.161000e+01
    endloop
  endfacet
  facet normal -9.238795e-01 -3.826834e-01 -0.000000e+00
    outer loop
      vertex   -4.932079e+01 1.212686e+01 4.411000e+01
      vertex   -4.932079e+01 1.212686e+01 4.161000e+01
      vertex   -4.926085e+01 1.198215e+01 4.411000e+01
    endloop
  endfacet
  facet normal -9.238795e-01 -3.826834e-01 -0.000000e+00
    outer loop
      vertex   -4.926085e+01 1.198215e+01 4.411000e+01
      vertex   -4.932079e+01 1.212686e+01 4.161000e+01
      vertex   -4.926085e+01 1.198215e+01 4.161000e+01
    endloop
  endfacet
  facet normal -7.933533e-01 -6.087614e-01 -0.000000e+00
    outer loop
      vertex   -4.926085e+01 1.198215e+01 4.411000e+01
      vertex   -4.926085e+01 1.198215e+01 4.161000e+01
      vertex   -4.916550e+01 1.185789e+01 4.411000e+01
    endloop
  endfacet
  facet normal -7.933533e-01 -6.087614e-01 -0.000000e+00
    outer loop
      vertex   -4.916550e+01 1.185789e+01 4.411000e+01
      vertex   -4.926085e+01 1.198215e+01 4.161000e+01
      vertex   -4.916550e+01 1.185789e+01 4.161000e+01
    endloop
  endfacet
  facet normal -6.087614e-01 -7.933533e-01 -0.000000e+00
    outer loop
      vertex   -4.916550e+01 1.185789e+01 4.411000e+01
      vertex   -4.916550e+01 1.185789e+01 4.161000e+01
      vertex   -4.904123e+01 1.176253e+01 4.411000e+01
    endloop
  endfacet
  facet normal -6.087614e-01 -7.933533e-01 -0.000000e+00
    outer loop
      vertex   -4.904123e+01 1.176253e+01 4.411000e+01
      vertex   -4.916550e+01 1.185789e+01 4.161000e+01
      vertex   -4.904123e+01 1.176253e+01 4.161000e+01
    endloop
  endfacet
  facet normal -3.826834e-01 -9.238795e-01 -0.000000e+00
    outer loop
      vertex   -4.904123e+01 1.176253e+01 4.411000e+01
      vertex   -4.904123e+01 1.176253e+01 4.161000e+01
      vertex   -4.889652e+01 1.170259e+01 4.411000e+01
    endloop
  endfacet
  facet normal -3.826834e-01 -9.238795e-01 -0.000000e+00
    outer loop
      vertex   -4.889652e+01 1.170259e+01 4.411000e+01
      vertex   -4.904123e+01 1.176253e+01 4.161000e+01
      vertex   -4.889652e+01 1.170259e+01 4.161000e+01
    endloop
  endfacet
  facet normal -1.305262e-01 -9.914449e-01 -0.000000e+00
    outer loop
      vertex   -4.889652e+01 1.170259e+01 4.411000e+01
      vertex   -4.889652e+01 1.170259e+01 4.161000e+01
      vertex   -4.874123e+01 1.168215e+01 4.411000e+01
    endloop
  endfacet
  facet normal -1.305262e-01 -9.914449e-01 -0.000000e+00
    outer loop
      vertex   -4.874123e+01 1.168215e+01 4.411000e+01
      vertex   -4.889652e+01 1.170259e+01 4.161000e+01
      vertex   -4.874123e+01 1.168215e+01 4.161000e+01
    endloop
  endfacet
  facet normal 0.000000e+00 -1.000000e+00 0.000000e+00
    outer loop
      vertex   -4.847123e+01 1.168215e+01 4.161000e+01
      vertex   -4.847123e+01 1.168215e+01 4.411000e+01
      vertex   -4.874123e+01 1.168215e+01 4.161000e+01
    endloop
  endfacet
  facet normal 0.000000e+00 -1.000000e+00 0.000000e+00
    outer loop
      vertex   -4.874123e+01 1.168215e+01 4.161000e+01
      vertex   -4.847123e+01 1.168215e+01 4.411000e+01
      vertex   -4.874123e+01 1.168215e+01 4.411000e+01
    endloop
  endfacet
  facet normal -1.000000e+00 -0.000000e+00 -0.000000e+00
    outer loop
      vertex   -4.934123e+01 3.203215e+01 4.411000e+01
      vertex   -4.934123e+01 3.203215e+01 4.161000e+01
      vertex   -4.934123e+01 1.228215e+01 4.411000e+01
    endloop
  endfacet
  facet normal -1.000000e+00 0.000000e+00 0.000000e+00
    outer loop
      vertex   -4.934123e+01 1.228215e+01 4.411000e+01
      vertex   -4.934123e+01 3.203215e+01 4.161000e+01
      vertex   -4.934123e+01 1.228215e+01 4.161000e+01
    endloop
  endfacet
  facet normal 9.914449e-01 -1.305262e-01 0.000000e+00
    outer loop
      vertex   -5.205299e+01 3.997327e+01 4.397187e+01
      vertex   -5.205299e+01 3.997327e+01 4.210563e+01
      vertex   -5.203800e+01 4.008715e+01 4.397187e+01
    endloop
  endfacet
  facet normal 9.914449e-01 -1.305262e-01 0.000000e+00
    outer loop
      vertex   -5.203800e+01 4.008715e+01 4.397187e+01
      vertex   -5.205299e+01 3.997327e+01 4.210563e+01
      vertex   -5.203800e+01 4.008715e+01 4.210563e+01
    endloop
  endfacet
  facet normal 9.914449e-01 1.305262e-01 0.000000e+00
    outer loop
      vertex   -5.203800e+01 4.008715e+01 4.397187e+01
      vertex   -5.203800e+01 4.008715e+01 4.210563e+01
      vertex   -5.205299e+01 4.020103e+01 4.397187e+01
    endloop
  endfacet
  facet normal 9.914449e-01 1.305262e-01 3.774788e-15
    outer loop
      vertex   -5.205299e+01 4.020103e+01 4.397187e+01
      vertex   -5.203800e+01 4.008715e+01 4.210563e+01
      vertex   -5.205299e+01 4.020103e+01 4.210563e+01
    endloop
  endfacet
  facet normal 9.238795e-01 3.826834e-01 3.517542e-15
    outer loop
      vertex   -5.205299e+01 4.020103e+01 4.397187e+01
      vertex   -5.205299e+01 4.020103e+01 4.210563e+01
      vertex   -5.209694e+01 4.030715e+01 4.397187e+01
    endloop
  endfacet
  facet normal 9.238795e-01 3.826834e-01 0.000000e+00
    outer loop
      vertex   -5.209694e+01 4.030715e+01 4.397187e+01
      vertex   -5.205299e+01 4.020103e+01 4.210563e+01
      vertex   -5.209694e+01 4.030715e+01 4.210563e+01
    endloop
  endfacet
  facet normal 7.933533e-01 6.087614e-01 0.000000e+00
    outer loop
      vertex   -5.209694e+01 4.030715e+01 4.397187e+01
      vertex   -5.209694e+01 4.030715e+01 4.210563e+01
      vertex   -5.216687e+01 4.039828e+01 4.397187e+01
    endloop
  endfacet
  facet normal 7.933533e-01 6.087614e-01 0.000000e+00
    outer loop
      vertex   -5.216687e+01 4.039828e+01 4.397187e+01
      vertex   -5.209694e+01 4.030715e+01 4.210563e+01
      vertex   -5.216687e+01 4.039828e+01 4.210563e+01
    endloop
  endfacet
  facet normal 6.087614e-01 7.933533e-01 0.000000e+00
    outer loop
      vertex   -5.216687e+01 4.039828e+01 4.397187e+01
      vertex   -5.216687e+01 4.039828e+01 4.210563e+01
      vertex   -5.225800e+01 4.046820e+01 4.397187e+01
    endloop
  endfacet
  facet normal 6.087614e-01 7.933533e-01 2.317774e-15
    outer loop
      vertex   -5.225800e+01 4.046820e+01 4.397187e+01
      vertex   -5.216687e+01 4.039828e+01 4.210563e+01
      vertex   -5.225800e+01 4.046820e+01 4.210563e+01
    endloop
  endfacet
  facet normal 3.826834e-01 9.238795e-01 1.457014e-15
    outer loop
      vertex   -5.225800e+01 4.046820e+01 4.397187e+01
      vertex   -5.225800e+01 4.046820e+01 4.210563e+01
      vertex   -5.236412e+01 4.051216e+01 4.397187e+01
    endloop
  endfacet
  facet normal 3.826834e-01 9.238795e-01 1.457014e-15
    outer loop
      vertex   -5.236412e+01 4.051216e+01 4.397187e+01
      vertex   -5.225800e+01 4.046820e+01 4.210563e+01
      vertex   -5.236412e+01 4.051216e+01 4.210563e+01
    endloop
  endfacet
  facet normal 2.588190e-01 9.659258e-01 9.854173e-16
    outer loop
      vertex   -5.236412e+01 4.051216e+01 4.397187e+01
      vertex   -5.236412e+01 4.051216e+01 4.210563e+01
      vertex   -5.248003e+01 4.054322e+01 4.397187e+01
    endloop
  endfacet
  facet normal 2.588190e-01 9.659258e-01 0.000000e+00
    outer loop
      vertex   -5.248003e+01 4.054322e+01 4.397187e+01
      vertex   -5.236412e+01 4.051216e+01 4.210563e+01
      vertex   -5.248003e+01 4.054322e+01 4.210563e+01
    endloop
  endfacet
  facet normal 0.000000e+00 -0.000000e+00 -1.000000e+00
    outer loop
      vertex   -5.248003e+01 4.054322e+01 4.210563e+01
      vertex   -5.236412e+01 4.051216e+01 4.210563e+01
      vertex   -5.338731e+01 3.708330e+01 4.210563e+01
    endloop
  endfacet
  facet normal 0.000000e+00 0.000000e+00 -1.000000e+00
    outer loop
      vertex   -5.338731e+01 3.708330e+01 4.210563e+01
      vertex   -5.236412e+01 4.051216e+01 4.210563e+01
      vertex   -5.225800e+01 4.046820e+01 4.210563e+01
    endloop
  endfacet
  facet normal 0.000000e+00 0.000000e+00 -1.000000e+00
    outer loop
      vertex   -5.338731e+01 3.708330e+01 4.210563e+01
      vertex   -5.225800e+01 4.046820e+01 4.210563e+01
      vertex   -5.216687e+01 4.039828e+01 4.210563e+01
    endloop
  endfacet
  facet normal 0.000000e+00 -0.000000e+00 -1.000000e+00
    outer loop
      vertex   -5.216687e+01 4.039828e+01 4.210563e+01
      vertex   -5.209694e+01 4.030715e+01 4.210563e+01
      vertex   -5.338731e+01 3.708330e+01 4.210563e+01
    endloop
  endfacet
  facet normal 0.000000e+00 0.000000e+00 -1.000000e+00
    outer loop
      vertex   -5.338731e+01 3.708330e+01 4.210563e+01
      vertex   -5.209694e+01 4.030715e+01 4.210563e+01
      vertex   -5.205299e+01 3.997327e+01 4.210563e+01
    endloop
  endfacet
  facet normal 0.000000e+00 0.000000e+00 -1.000000e+00
    outer loop
      vertex   -5.338731e+01 3.708330e+01 4.210563e+01
      vertex   -5.205299e+01 3.997327e+01 4.210563e+01
      vertex   -5.338731e+01 3.509230e+01 4.210563e+01
    endloop
  endfacet
  facet normal 0.000000e+00 0.000000e+00 -1.000000e+00
    outer loop
      vertex   -5.338731e+01 3.509230e+01 4.210563e+01
      vertex   -5.205299e+01 3.997327e+01 4.210563e+01
      vertex   -5.336261e+01 3.508569e+01 4.210563e+01
    endloop
  endfacet
  facet normal 0.000000e+00 0.000000e+00 -1.000000e+00
    outer loop
      vertex   -5.209694e+01 4.030715e+01 4.210563e+01
      vertex   -5.205299e+01 4.020103e+01 4.210563e+01
      vertex   -5.205299e+01 3.997327e+01 4.210563e+01
    endloop
  endfacet
  facet normal 0.000000e+00 0.000000e+00 -1.000000e+00
    outer loop
      vertex   -5.205299e+01 3.997327e+01 4.210563e+01
      vertex   -5.205299e+01 4.020103e+01 4.210563e+01
      vertex   -5.203800e+01 4.008715e+01 4.210563e+01
    endloop
  endfacet
  facet normal 0.000000e+00 0.000000e+00 -1.000000e+00
    outer loop
      vertex   -5.386263e+01 3.708330e+01 4.210563e+01
      vertex   -5.281391e+01 4.049926e+01 4.210563e+01
      vertex   -5.338731e+01 3.708330e+01 4.210563e+01
    endloop
  endfacet
  facet normal 0.000000e+00 0.000000e+00 -1.000000e+00
    outer loop
      vertex   -5.338731e+01 3.708330e+01 4.210563e+01
      vertex   -5.281391e+01 4.049926e+01 4.210563e+01
      vertex   -5.270779e+01 4.054322e+01 4.210563e+01
    endloop
  endfacet
  facet normal 0.000000e+00 0.000000e+00 -1.000000e+00
    outer loop
      vertex   -5.338731e+01 3.708330e+01 4.210563e+01
      vertex   -5.270779e+01 4.054322e+01 4.210563e+01
      vertex   -5.259391e+01 4.055821e+01 4.210563e+01
    endloop
  endfacet
  facet normal 0.000000e+00 0.000000e+00 -1.000000e+00
    outer loop
      vertex   -5.386263e+01 3.708330e+01 4.210563e+01
      vertex   -5.301891e+01 4.023209e+01 4.210563e+01
      vertex   -5.281391e+01 4.049926e+01 4.210563e+01
    endloop
  endfacet
  facet normal 0.000000e+00 0.000000e+00 -1.000000e+00
    outer loop
      vertex   -5.281391e+01 4.049926e+01 4.210563e+01
      vertex   -5.301891e+01 4.023209e+01 4.210563e+01
      vertex   -5.290503e+01 4.042934e+01 4.210563e+01
    endloop
  endfacet
  facet normal 0.000000e+00 0.000000e+00 -1.000000e+00
    outer loop
      vertex   -5.290503e+01 4.042934e+01 4.210563e+01
      vertex   -5.301891e+01 4.023209e+01 4.210563e+01
      vertex   -5.297496e+01 4.033821e+01 4.210563e+01
    endloop
  endfacet
  facet normal 0.000000e+00 -0.000000e+00 -1.000000e+00
    outer loop
      vertex   -5.259391e+01 4.055821e+01 4.210563e+01
      vertex   -5.248003e+01 4.054322e+01 4.210563e+01
      vertex   -5.338731e+01 3.708330e+01 4.210563e+01
    endloop
  endfacet
  facet normal 1.305262e-01 9.914449e-01 0.000000e+00
    outer loop
      vertex   -5.248003e+01 4.054322e+01 4.397187e+01
      vertex   -5.248003e+01 4.054322e+01 4.210563e+01
      vertex   -5.259391e+01 4.055821e+01 4.397187e+01
    endloop
  endfacet
  facet normal 1.305262e-01 9.914449e-01 0.000000e+00
    outer loop
      vertex   -5.259391e+01 4.055821e+01 4.397187e+01
      vertex   -5.248003e+01 4.054322e+01 4.210563e+01
      vertex   -5.259391e+01 4.055821e+01 4.210563e+01
    endloop
  endfacet
  facet normal -1.305262e-01 9.914449e-01 0.000000e+00
    outer loop
      vertex   -5.259391e+01 4.055821e+01 4.397187e+01
      vertex   -5.259391e+01 4.055821e+01 4.210563e+01
      vertex   -5.270779e+01 4.054322e+01 4.397187e+01
    endloop
  endfacet
  facet normal -1.305262e-01 9.914449e-01 0.000000e+00
    outer loop
      vertex   -5.270779e+01 4.054322e+01 4.397187e+01
      vertex   -5.259391e+01 4.055821e+01 4.210563e+01
      vertex   -5.270779e+01 4.054322e+01 4.210563e+01
    endloop
  endfacet
  facet normal -3.826834e-01 9.238795e-01 0.000000e+00
    outer loop
      vertex   -5.270779e+01 4.054322e+01 4.397187e+01
      vertex   -5.270779e+01 4.054322e+01 4.210563e+01
      vertex   -5.281391e+01 4.049926e+01 4.397187e+01
    endloop
  endfacet
  facet normal -3.826834e-01 9.238795e-01 0.000000e+00
    outer loop
      vertex   -5.281391e+01 4.049926e+01 4.397187e+01
      vertex   -5.270779e+01 4.054322e+01 4.210563e+01
      vertex   -5.281391e+01 4.049926e+01 4.210563e+01
    endloop
  endfacet
  facet normal -6.087614e-01 7.933533e-01 0.000000e+00
    outer loop
      vertex   -5.281391e+01 4.049926e+01 4.397187e+01
      vertex   -5.281391e+01 4.049926e+01 4.210563e+01
      vertex   -5.290503e+01 4.042934e+01 4.397187e+01
    endloop
  endfacet
  facet normal -6.087614e-01 7.933533e-01 0.000000e+00
    outer loop
      vertex   -5.290503e+01 4.042934e+01 4.397187e+01
      vertex   -5.281391e+01 4.049926e+01 4.210563e+01
      vertex   -5.290503e+01 4.042934e+01 4.210563e+01
    endloop
  endfacet
  facet normal -7.933533e-01 6.087614e-01 0.000000e+00
    outer loop
      vertex   -5.290503e+01 4.042934e+01 4.397187e+01
      vertex   -5.290503e+01 4.042934e+01 4.210563e+01
      vertex   -5.297496e+01 4.033821e+01 4.397187e+01
    endloop
  endfacet
  facet normal -7.933533e-01 6.087614e-01 3.020582e-15
    outer loop
      vertex   -5.297496e+01 4.033821e+01 4.397187e+01
      vertex   -5.290503e+01 4.042934e+01 4.210563e+01
      vertex   -5.297496e+01 4.033821e+01 4.210563e+01
    endloop
  endfacet
  facet normal -9.238795e-01 3.826834e-01 3.517542e-15
    outer loop
      vertex   -5.297496e+01 4.033821e+01 4.397187e+01
      vertex   -5.297496e+01 4.033821e+01 4.210563e+01
      vertex   -5.301891e+01 4.023209e+01 4.397187e+01
    endloop
  endfacet
  facet normal -9.238795e-01 3.826834e-01 0.000000e+00
    outer loop
      vertex   -5.301891e+01 4.023209e+01 4.397187e+01
      vertex   -5.297496e+01 4.033821e+01 4.210563e+01
      vertex   -5.301891e+01 4.023209e+01 4.210563e+01
    endloop
  endfacet
  facet normal 9.914449e-01 -1.305262e-01 0.000000e+00
    outer loop
      vertex   -5.538632e+01 3.997327e+01 4.397187e+01
      vertex   -5.538632e+01 3.997327e+01 4.210563e+01
      vertex   -5.537133e+01 4.008715e+01 4.397187e+01
    endloop
  endfacet
  facet normal 9.914449e-01 -1.305262e-01 -9.939204e-16
    outer loop
      vertex   -5.537133e+01 4.008715e+01 4.397187e+01
      vertex   -5.538632e+01 3.997327e+01 4.210563e+01
      vertex   -5.537133e+01 4.008715e+01 4.210563e+01
    endloop
  endfacet
  facet normal 9.914449e-01 1.305262e-01 9.939204e-16
    outer loop
      vertex   -5.537133e+01 4.008715e+01 4.397187e+01
      vertex   -5.537133e+01 4.008715e+01 4.210563e+01
      vertex   -5.538632e+01 4.020103e+01 4.397187e+01
    endloop
  endfacet
  facet normal 9.914449e-01 1.305262e-01 0.000000e+00
    outer loop
      vertex   -5.538632e+01 4.020103e+01 4.397187e+01
      vertex   -5.537133e+01 4.008715e+01 4.210563e+01
      vertex   -5.538632e+01 4.020103e+01 4.210563e+01
    endloop
  endfacet
  facet normal 9.238795e-01 3.826834e-01 0.000000e+00
    outer loop
      vertex   -5.538632e+01 4.020103e+01 4.397187e+01
      vertex   -5.538632e+01 4.020103e+01 4.210563e+01
      vertex   -5.543028e+01 4.030715e+01 4.397187e+01
    endloop
  endfacet
  facet normal 9.238795e-01 3.826834e-01 0.000000e+00
    outer loop
      vertex   -5.543028e+01 4.030715e+01 4.397187e+01
      vertex   -5.538632e+01 4.020103e+01 4.210563e+01
      vertex   -5.543028e+01 4.030715e+01 4.210563e+01
    endloop
  endfacet
  facet normal 7.933533e-01 6.087614e-01 0.000000e+00
    outer loop
      vertex   -5.543028e+01 4.030715e+01 4.397187e+01
      vertex   -5.543028e+01 4.030715e+01 4.210563e+01
      vertex   -5.550020e+01 4.039828e+01 4.397187e+01
    endloop
  endfacet
  facet normal 7.933533e-01 6.087614e-01 -6.041164e-15
    outer loop
      vertex   -5.550020e+01 4.039828e+01 4.397187e+01
      vertex   -5.543028e+01 4.030715e+01 4.210563e+01
      vertex   -5.550020e+01 4.039828e+01 4.210563e+01
    endloop
  endfacet
  facet normal 6.087614e-01 7.933533e-01 -4.635548e-15
    outer loop
      vertex   -5.550020e+01 4.039828e+01 4.397187e+01
      vertex   -5.550020e+01 4.039828e+01 4.210563e+01
      vertex   -5.559133e+01 4.046820e+01 4.397187e+01
    endloop
  endfacet
  facet normal 6.087614e-01 7.933533e-01 0.000000e+00
    outer loop
      vertex   -5.559133e+01 4.046820e+01 4.397187e+01
      vertex   -5.550020e+01 4.039828e+01 4.210563e+01
      vertex   -5.559133e+01 4.046820e+01 4.210563e+01
    endloop
  endfacet
  facet normal 3.826834e-01 9.238795e-01 0.000000e+00
    outer loop
      vertex   -5.559133e+01 4.046820e+01 4.397187e+01
      vertex   -5.559133e+01 4.046820e+01 4.210563e+01
      vertex   -5.569745e+01 4.051216e+01 4.397187e+01
    endloop
  endfacet
  facet normal 3.826834e-01 9.238795e-01 3.517542e-15
    outer loop
      vertex   -5.569745e+01 4.051216e+01 4.397187e+01
      vertex   -5.559133e+01 4.046820e+01 4.210563e+01
      vertex   -5.569745e+01 4.051216e+01 4.210563e+01
    endloop
  endfacet
  facet normal 2.588190e-01 9.659258e-01 3.677627e-15
    outer loop
      vertex   -5.569745e+01 4.051216e+01 4.397187e+01
      vertex   -5.569745e+01 4.051216e+01 4.210563e+01
      vertex   -5.581336e+01 4.054322e+01 4.397187e+01
    endloop
  endfacet
  facet normal 2.588190e-01 9.659258e-01 4.663045e-15
    outer loop
      vertex   -5.581336e+01 4.054322e+01 4.397187e+01
      vertex   -5.569745e+01 4.051216e+01 4.210563e+01
      vertex   -5.581336e+01 4.054322e+01 4.210563e+01
    endloop
  endfacet
  facet normal 0.000000e+00 -0.000000e+00 -1.000000e+00
    outer loop
      vertex   -5.581336e+01 4.054322e+01 4.210563e+01
      vertex   -5.569745e+01 4.051216e+01 4.210563e+01
      vertex   -5.616069e+01 3.708330e+01 4.210563e+01
    endloop
  endfacet
  facet normal 0.000000e+00 0.000000e+00 -1.000000e+00
    outer loop
      vertex   -5.616069e+01 3.708330e+01 4.210563e+01
      vertex   -5.569745e+01 4.051216e+01 4.210563e+01
      vertex   -5.559133e+01 4.046820e+01 4.210563e+01
    endloop
  endfacet
  facet normal 0.000000e+00 0.000000e+00 -1.000000e+00
    outer loop
      vertex   -5.616069e+01 3.708330e+01 4.210563e+01
      vertex   -5.559133e+01 4.046820e+01 4.210563e+01
      vertex   -5.550020e+01 4.039828e+01 4.210563e+01
    endloop
  endfacet
  facet normal 0.000000e+00 0.000000e+00 -1.000000e+00
    outer loop
      vertex   -5.616069e+01 3.708330e+01 4.210563e+01
      vertex   -5.550020e+01 4.039828e+01 4.210563e+01
      vertex   -5.538632e+01 3.997327e+01 4.210563e+01
    endloop
  endfacet
  facet normal 0.000000e+00 0.000000e+00 -1.000000e+00
    outer loop
      vertex   -5.538632e+01 3.997327e+01 4.210563e+01
      vertex   -5.550020e+01 4.039828e+01 4.210563e+01
      vertex   -5.543028e+01 4.030715e+01 4.210563e+01
    endloop
  endfacet
  facet normal 0.000000e+00 0.000000e+00 -1.000000e+00
    outer loop
      vertex   -5.538632e+01 3.997327e+01 4.210563e+01
      vertex   -5.543028e+01 4.030715e+01 4.210563e+01
      vertex   -5.538632e+01 4.020103e+01 4.210563e+01
    endloop
  endfacet
  facet normal 0.000000e+00 0.000000e+00 -1.000000e+00
    outer loop
      vertex   -5.538632e+01 4.020103e+01 4.210563e+01
      vertex   -5.537133e+01 4.008715e+01 4.210563e+01
      vertex   -5.538632e+01 3.997327e+01 4.210563e+01
    endloop
  endfacet
  facet normal 0.000000e+00 0.000000e+00 -1.000000e+00
    outer loop
      vertex   -5.616069e+01 3.708330e+01 4.210563e+01
      vertex   -5.719596e+01 3.708330e+01 4.210563e+01
      vertex   -5.581336e+01 4.054322e+01 4.210563e+01
    endloop
  endfacet
  facet normal -0.000000e+00 0.000000e+00 -1.000000e+00
    outer loop
      vertex   -5.581336e+01 4.054322e+01 4.210563e+01
      vertex   -5.719596e+01 3.708330e+01 4.210563e+01
      vertex   -5.592724e+01 4.055821e+01 4.210563e+01
    endloop
  endfacet
  facet normal 0.000000e+00 0.000000e+00 -1.000000e+00
    outer loop
      vertex   -5.592724e+01 4.055821e+01 4.210563e+01
      vertex   -5.719596e+01 3.708330e+01 4.210563e+01
      vertex   -5.604112e+01 4.054322e+01 4.210563e+01
    endloop
  endfacet
  facet normal 0.000000e+00 0.000000e+00 -1.000000e+00
    outer loop
      vertex   -5.604112e+01 4.054322e+01 4.210563e+01
      vertex   -5.719596e+01 3.708330e+01 4.210563e+01
      vertex   -5.635225e+01 4.023209e+01 4.210563e+01
    endloop
  endfacet
  facet normal 0.000000e+00 0.000000e+00 -1.000000e+00
    outer loop
      vertex   -5.604112e+01 4.054322e+01 4.210563e+01
      vertex   -5.635225e+01 4.023209e+01 4.210563e+01
      vertex   -5.614724e+01 4.049926e+01 4.210563e+01
    endloop
  endfacet
  facet normal 0.000000e+00 0.000000e+00 -1.000000e+00
    outer loop
      vertex   -5.614724e+01 4.049926e+01 4.210563e+01
      vertex   -5.635225e+01 4.023209e+01 4.210563e+01
      vertex   -5.623837e+01 4.042934e+01 4.210563e+01
    endloop
  endfacet
  facet normal 0.000000e+00 0.000000e+00 -1.000000e+00
    outer loop
      vertex   -5.623837e+01 4.042934e+01 4.210563e+01
      vertex   -5.635225e+01 4.023209e+01 4.210563e+01
      vertex   -5.630829e+01 4.033821e+01 4.210563e+01
    endloop
  endfacet
  facet normal 1.305262e-01 9.914449e-01 4.271748e-15
    outer loop
      vertex   -5.581336e+01 4.054322e+01 4.397187e+01
      vertex   -5.581336e+01 4.054322e+01 4.210563e+01
      vertex   -5.592724e+01 4.055821e+01 4.397187e+01
    endloop
  endfacet
  facet normal 1.305262e-01 9.914449e-01 0.000000e+00
    outer loop
      vertex   -5.592724e+01 4.055821e+01 4.397187e+01
      vertex   -5.581336e+01 4.054322e+01 4.210563e+01
      vertex   -5.592724e+01 4.055821e+01 4.210563e+01
    endloop
  endfacet
  facet normal -1.305262e-01 9.914449e-01 0.000000e+00
    outer loop
      vertex   -5.592724e+01 4.055821e+01 4.397187e+01
      vertex   -5.592724e+01 4.055821e+01 4.210563e+01
      vertex   -5.604112e+01 4.054322e+01 4.397187e+01
    endloop
  endfacet
  facet normal -1.305262e-01 9.914449e-01 3.774788e-15
    outer loop
      vertex   -5.604112e+01 4.054322e+01 4.397187e+01
      vertex   -5.592724e+01 4.055821e+01 4.210563e+01
      vertex   -5.604112e+01 4.054322e+01 4.210563e+01
    endloop
  endfacet
  facet normal -3.826834e-01 9.238795e-01 3.517542e-15
    outer loop
      vertex   -5.604112e+01 4.054322e+01 4.397187e+01
      vertex   -5.604112e+01 4.054322e+01 4.210563e+01
      vertex   -5.614724e+01 4.049926e+01 4.397187e+01
    endloop
  endfacet
  facet normal -3.826834e-01 9.238795e-01 0.000000e+00
    outer loop
      vertex   -5.614724e+01 4.049926e+01 4.397187e+01
      vertex   -5.604112e+01 4.054322e+01 4.210563e+01
      vertex   -5.614724e+01 4.049926e+01 4.210563e+01
    endloop
  endfacet
  facet normal -6.087614e-01 7.933533e-01 0.000000e+00
    outer loop
      vertex   -5.614724e+01 4.049926e+01 4.397187e+01
      vertex   -5.614724e+01 4.049926e+01 4.210563e+01
      vertex   -5.623837e+01 4.042934e+01 4.397187e+01
    endloop
  endfacet
  facet normal -6.087614e-01 7.933533e-01 0.000000e+00
    outer loop
      vertex   -5.623837e+01 4.042934e+01 4.397187e+01
      vertex   -5.614724e+01 4.049926e+01 4.210563e+01
      vertex   -5.623837e+01 4.042934e+01 4.210563e+01
    endloop
  endfacet
  facet normal -7.933533e-01 6.087614e-01 0.000000e+00
    outer loop
      vertex   -5.623837e+01 4.042934e+01 4.397187e+01
      vertex   -5.623837e+01 4.042934e+01 4.210563e+01
      vertex   -5.630829e+01 4.033821e+01 4.397187e+01
    endloop
  endfacet
  facet normal -7.933533e-01 6.087614e-01 0.000000e+00
    outer loop
      vertex   -5.630829e+01 4.033821e+01 4.397187e+01
      vertex   -5.623837e+01 4.042934e+01 4.210563e+01
      vertex   -5.630829e+01 4.033821e+01 4.210563e+01
    endloop
  endfacet
  facet normal -9.238795e-01 3.826834e-01 0.000000e+00
    outer loop
      vertex   -5.630829e+01 4.033821e+01 4.397187e+01
      vertex   -5.630829e+01 4.033821e+01 4.210563e+01
      vertex   -5.635225e+01 4.023209e+01 4.397187e+01
    endloop
  endfacet
  facet normal -9.238795e-01 3.826834e-01 0.000000e+00
    outer loop
      vertex   -5.635225e+01 4.023209e+01 4.397187e+01
      vertex   -5.630829e+01 4.033821e+01 4.210563e+01
      vertex   -5.635225e+01 4.023209e+01 4.210563e+01
    endloop
  endfacet
  facet normal 9.914449e-01 -1.305262e-01 0.000000e+00
    outer loop
      vertex   -5.871966e+01 3.997327e+01 4.397187e+01
      vertex   -5.871966e+01 3.997327e+01 4.210563e+01
      vertex   -5.870466e+01 4.008715e+01 4.397187e+01
    endloop
  endfacet
  facet normal 9.914449e-01 -1.305262e-01 9.939204e-16
    outer loop
      vertex   -5.870466e+01 4.008715e+01 4.397187e+01
      vertex   -5.871966e+01 3.997327e+01 4.210563e+01
      vertex   -5.870466e+01 4.008715e+01 4.210563e+01
    endloop
  endfacet
  facet normal 9.914449e-01 1.305262e-01 -9.939204e-16
    outer loop
      vertex   -5.870466e+01 4.008715e+01 4.397187e+01
      vertex   -5.870466e+01 4.008715e+01 4.210563e+01
      vertex   -5.871966e+01 4.020103e+01 4.397187e+01
    endloop
  endfacet
  facet normal 9.914449e-01 1.305262e-01 0.000000e+00
    outer loop
      vertex   -5.871966e+01 4.020103e+01 4.397187e+01
      vertex   -5.870466e+01 4.008715e+01 4.210563e+01
      vertex   -5.871966e+01 4.020103e+01 4.210563e+01
    endloop
  endfacet
  facet normal 9.238795e-01 3.826834e-01 0.000000e+00
    outer loop
      vertex   -5.871966e+01 4.020103e+01 4.397187e+01
      vertex   -5.871966e+01 4.020103e+01 4.210563e+01
      vertex   -5.876361e+01 4.030715e+01 4.397187e+01
    endloop
  endfacet
  facet normal 9.238795e-01 3.826834e-01 0.000000e+00
    outer loop
      vertex   -5.876361e+01 4.030715e+01 4.397187e+01
      vertex   -5.871966e+01 4.020103e+01 4.210563e+01
      vertex   -5.876361e+01 4.030715e+01 4.210563e+01
    endloop
  endfacet
  facet normal 7.933533e-01 6.087614e-01 0.000000e+00
    outer loop
      vertex   -5.876361e+01 4.030715e+01 4.397187e+01
      vertex   -5.876361e+01 4.030715e+01 4.210563e+01
      vertex   -5.883354e+01 4.039828e+01 4.397187e+01
    endloop
  endfacet
  facet normal 7.933533e-01 6.087614e-01 3.020582e-15
    outer loop
      vertex   -5.883354e+01 4.039828e+01 4.397187e+01
      vertex   -5.876361e+01 4.030715e+01 4.210563e+01
      vertex   -5.883354e+01 4.039828e+01 4.210563e+01
    endloop
  endfacet
  facet normal 6.087614e-01 7.933533e-01 2.317774e-15
    outer loop
      vertex   -5.883354e+01 4.039828e+01 4.397187e+01
      vertex   -5.883354e+01 4.039828e+01 4.210563e+01
      vertex   -5.892466e+01 4.046820e+01 4.397187e+01
    endloop
  endfacet
  facet normal 6.087614e-01 7.933533e-01 0.000000e+00
    outer loop
      vertex   -5.892466e+01 4.046820e+01 4.397187e+01
      vertex   -5.883354e+01 4.039828e+01 4.210563e+01
      vertex   -5.892466e+01 4.046820e+01 4.210563e+01
    endloop
  endfacet
  facet normal 3.826834e-01 9.238795e-01 0.000000e+00
    outer loop
      vertex   -5.892466e+01 4.046820e+01 4.397187e+01
      vertex   -5.892466e+01 4.046820e+01 4.210563e+01
      vertex   -5.903078e+01 4.051216e+01 4.397187e+01
    endloop
  endfacet
  facet normal 3.826834e-01 9.238795e-01 -3.517542e-15
    outer loop
      vertex   -5.903078e+01 4.051216e+01 4.397187e+01
      vertex   -5.892466e+01 4.046820e+01 4.210563e+01
      vertex   -5.903078e+01 4.051216e+01 4.210563e+01
    endloop
  endfacet
  facet normal 2.588190e-01 9.659258e-01 -3.677627e-15
    outer loop
      vertex   -5.903078e+01 4.051216e+01 4.397187e+01
      vertex   -5.903078e+01 4.051216e+01 4.210563e+01
      vertex   -5.914669e+01 4.054322e+01 4.397187e+01
    endloop
  endfacet
  facet normal 2.588190e-01 9.659258e-01 9.854173e-16
    outer loop
      vertex   -5.914669e+01 4.054322e+01 4.397187e+01
      vertex   -5.903078e+01 4.051216e+01 4.210563e+01
      vertex   -5.914669e+01 4.054322e+01 4.210563e+01
    endloop
  endfacet
  facet normal 0.000000e+00 -0.000000e+00 -1.000000e+00
    outer loop
      vertex   -5.914669e+01 4.054322e+01 4.210563e+01
      vertex   -5.903078e+01 4.051216e+01 4.210563e+01
      vertex   -5.949402e+01 3.708330e+01 4.210563e+01
    endloop
  endfacet
  facet normal 0.000000e+00 0.000000e+00 -1.000000e+00
    outer loop
      vertex   -5.949402e+01 3.708330e+01 4.210563e+01
      vertex   -5.903078e+01 4.051216e+01 4.210563e+01
      vertex   -5.892466e+01 4.046820e+01 4.210563e+01
    endloop
  endfacet
  facet normal 0.000000e+00 0.000000e+00 -1.000000e+00
    outer loop
      vertex   -5.949402e+01 3.708330e+01 4.210563e+01
      vertex   -5.892466e+01 4.046820e+01 4.210563e+01
      vertex   -5.883354e+01 4.039828e+01 4.210563e+01
    endloop
  endfacet
  facet normal 0.000000e+00 0.000000e+00 -1.000000e+00
    outer loop
      vertex   -5.949402e+01 3.708330e+01 4.210563e+01
      vertex   -5.883354e+01 4.039828e+01 4.210563e+01
      vertex   -5.871966e+01 3.997327e+01 4.210563e+01
    endloop
  endfacet
  facet normal 0.000000e+00 0.000000e+00 -1.000000e+00
    outer loop
      vertex   -5.871966e+01 3.997327e+01 4.210563e+01
      vertex   -5.883354e+01 4.039828e+01 4.210563e+01
      vertex   -5.876361e+01 4.030715e+01 4.210563e+01
    endloop
  endfacet
  facet normal 0.000000e+00 0.000000e+00 -1.000000e+00
    outer loop
      vertex   -5.871966e+01 3.997327e+01 4.210563e+01
      vertex   -5.876361e+01 4.030715e+01 4.210563e+01
      vertex   -5.871966e+01 4.020103e+01 4.210563e+01
    endloop
  endfacet
  facet normal 0.000000e+00 0.000000e+00 -1.000000e+00
    outer loop
      vertex   -5.871966e+01 4.020103e+01 4.210563e+01
      vertex   -5.870466e+01 4.008715e+01 4.210563e+01
      vertex   -5.871966e+01 3.997327e+01 4.210563e+01
    endloop
  endfacet
  facet normal 0.000000e+00 0.000000e+00 -1.000000e+00
    outer loop
      vertex   -5.949402e+01 3.708330e+01 4.210563e+01
      vertex   -6.052930e+01 3.708330e+01 4.210563e+01
      vertex   -5.914669e+01 4.054322e+01 4.210563e+01
    endloop
  endfacet
  facet normal -0.000000e+00 0.000000e+00 -1.000000e+00
    outer loop
      vertex   -5.914669e+01 4.054322e+01 4.210563e+01
      vertex   -6.052930e+01 3.708330e+01 4.210563e+01
      vertex   -5.926057e+01 4.055821e+01 4.210563e+01
    endloop
  endfacet
  facet normal 0.000000e+00 0.000000e+00 -1.000000e+00
    outer loop
      vertex   -5.926057e+01 4.055821e+01 4.210563e+01
      vertex   -6.052930e+01 3.708330e+01 4.210563e+01
      vertex   -5.937445e+01 4.054322e+01 4.210563e+01
    endloop
  endfacet
  facet normal 0.000000e+00 0.000000e+00 -1.000000e+00
    outer loop
      vertex   -5.937445e+01 4.054322e+01 4.210563e+01
      vertex   -6.052930e+01 3.708330e+01 4.210563e+01
      vertex   -5.968558e+01 4.023209e+01 4.210563e+01
    endloop
  endfacet
  facet normal 0.000000e+00 0.000000e+00 -1.000000e+00
    outer loop
      vertex   -5.937445e+01 4.054322e+01 4.210563e+01
      vertex   -5.968558e+01 4.023209e+01 4.210563e+01
      vertex   -5.948057e+01 4.049926e+01 4.210563e+01
    endloop
  endfacet
  facet normal 0.000000e+00 0.000000e+00 -1.000000e+00
    outer loop
      vertex   -5.948057e+01 4.049926e+01 4.210563e+01
      vertex   -5.968558e+01 4.023209e+01 4.210563e+01
      vertex   -5.957170e+01 4.042934e+01 4.210563e+01
    endloop
  endfacet
  facet normal 0.000000e+00 0.000000e+00 -1.000000e+00
    outer loop
      vertex   -5.957170e+01 4.042934e+01 4.210563e+01
      vertex   -5.968558e+01 4.023209e+01 4.210563e+01
      vertex   -5.964162e+01 4.033821e+01 4.210563e+01
    endloop
  endfacet
  facet normal 1.305262e-01 9.914449e-01 4.969602e-16
    outer loop
      vertex   -5.914669e+01 4.054322e+01 4.397187e+01
      vertex   -5.914669e+01 4.054322e+01 4.210563e+01
      vertex   -5.926057e+01 4.055821e+01 4.397187e+01
    endloop
  endfacet
  facet normal 1.305262e-01 9.914449e-01 0.000000e+00
    outer loop
      vertex   -5.926057e+01 4.055821e+01 4.397187e+01
      vertex   -5.914669e+01 4.054322e+01 4.210563e+01
      vertex   -5.926057e+01 4.055821e+01 4.210563e+01
    endloop
  endfacet
  facet normal -1.305262e-01 9.914449e-01 0.000000e+00
    outer loop
      vertex   -5.926057e+01 4.055821e+01 4.397187e+01
      vertex   -5.926057e+01 4.055821e+01 4.210563e+01
      vertex   -5.937445e+01 4.054322e+01 4.397187e+01
    endloop
  endfacet
  facet normal -1.305262e-01 9.914449e-01 3.774788e-15
    outer loop
      vertex   -5.937445e+01 4.054322e+01 4.397187e+01
      vertex   -5.926057e+01 4.055821e+01 4.210563e+01
      vertex   -5.937445e+01 4.054322e+01 4.210563e+01
    endloop
  endfacet
  facet normal -3.826834e-01 9.238795e-01 3.517542e-15
    outer loop
      vertex   -5.937445e+01 4.054322e+01 4.397187e+01
      vertex   -5.937445e+01 4.054322e+01 4.210563e+01
      vertex   -5.948057e+01 4.049926e+01 4.397187e+01
    endloop
  endfacet
  facet normal -3.826834e-01 9.238795e-01 0.000000e+00
    outer loop
      vertex   -5.948057e+01 4.049926e+01 4.397187e+01
      vertex   -5.937445e+01 4.054322e+01 4.210563e+01
      vertex   -5.948057e+01 4.049926e+01 4.210563e+01
    endloop
  endfacet
  facet normal -6.087614e-01 7.933533e-01 0.000000e+00
    outer loop
      vertex   -5.948057e+01 4.049926e+01 4.397187e+01
      vertex   -5.948057e+01 4.049926e+01 4.210563e+01
      vertex   -5.957170e+01 4.042934e+01 4.397187e+01
    endloop
  endfacet
  facet normal -6.087614e-01 7.933533e-01 0.000000e+00
    outer loop
      vertex   -5.957170e+01 4.042934e+01 4.397187e+01
      vertex   -5.948057e+01 4.049926e+01 4.210563e+01
      vertex   -5.957170e+01 4.042934e+01 4.210563e+01
    endloop
  endfacet
  facet normal -7.933533e-01 6.087614e-01 0.000000e+00
    outer loop
      vertex   -5.957170e+01 4.042934e+01 4.397187e+01
      vertex   -5.957170e+01 4.042934e+01 4.210563e+01
      vertex   -5.964162e+01 4.033821e+01 4.397187e+01
    endloop
  endfacet
  facet normal -7.933533e-01 6.087614e-01 8.358937e-15
    outer loop
      vertex   -5.964162e+01 4.033821e+01 4.397187e+01
      vertex   -5.957170e+01 4.042934e+01 4.210563e+01
      vertex   -5.964162e+01 4.033821e+01 4.210563e+01
    endloop
  endfacet
  facet normal -9.238795e-01 3.826834e-01 8.492098e-15
    outer loop
      vertex   -5.964162e+01 4.033821e+01 4.397187e+01
      vertex   -5.964162e+01 4.033821e+01 4.210563e+01
      vertex   -5.968558e+01 4.023209e+01 4.397187e+01
    endloop
  endfacet
  facet normal -9.238795e-01 3.826834e-01 0.000000e+00
    outer loop
      vertex   -5.968558e+01 4.023209e+01 4.397187e+01
      vertex   -5.964162e+01 4.033821e+01 4.210563e+01
      vertex   -5.968558e+01 4.023209e+01 4.210563e+01
    endloop
  endfacet
  facet normal 9.914449e-01 -1.305262e-01 0.000000e+00
    outer loop
      vertex   -6.205299e+01 3.997327e+01 4.397187e+01
      vertex   -6.205299e+01 3.997327e+01 4.210563e+01
      vertex   -6.203800e+01 4.008715e+01 4.397187e+01
    endloop
  endfacet
  facet normal 9.914449e-01 -1.305262e-01 0.000000e+00
    outer loop
      vertex   -6.203800e+01 4.008715e+01 4.397187e+01
      vertex   -6.205299e+01 3.997327e+01 4.210563e+01
      vertex   -6.203800e+01 4.008715e+01 4.210563e+01
    endloop
  endfacet
  facet normal 9.914449e-01 1.305262e-01 0.000000e+00
    outer loop
      vertex   -6.203800e+01 4.008715e+01 4.397187e+01
      vertex   -6.203800e+01 4.008715e+01 4.210563e+01
      vertex   -6.205299e+01 4.020103e+01 4.397187e+01
    endloop
  endfacet
  facet normal 9.914449e-01 1.305262e-01 0.000000e+00
    outer loop
      vertex   -6.205299e+01 4.020103e+01 4.397187e+01
      vertex   -6.203800e+01 4.008715e+01 4.210563e+01
      vertex   -6.205299e+01 4.020103e+01 4.210563e+01
    endloop
  endfacet
  facet normal 9.238795e-01 3.826834e-01 0.000000e+00
    outer loop
      vertex   -6.205299e+01 4.020103e+01 4.397187e+01
      vertex   -6.205299e+01 4.020103e+01 4.210563e+01
      vertex   -6.209694e+01 4.030715e+01 4.397187e+01
    endloop
  endfacet
  facet normal 9.238795e-01 3.826834e-01 0.000000e+00
    outer loop
      vertex   -6.209694e+01 4.030715e+01 4.397187e+01
      vertex   -6.205299e+01 4.020103e+01 4.210563e+01
      vertex   -6.209694e+01 4.030715e+01 4.210563e+01
    endloop
  endfacet
  facet normal 7.933533e-01 6.087614e-01 0.000000e+00
    outer loop
      vertex   -6.209694e+01 4.030715e+01 4.397187e+01
      vertex   -6.209694e+01 4.030715e+01 4.210563e+01
      vertex   -6.216687e+01 4.039828e+01 4.397187e+01
    endloop
  endfacet
  facet normal 7.933533e-01 6.087614e-01 0.000000e+00
    outer loop
      vertex   -6.216687e+01 4.039828e+01 4.397187e+01
      vertex   -6.209694e+01 4.030715e+01 4.210563e+01
      vertex   -6.216687e+01 4.039828e+01 4.210563e+01
    endloop
  endfacet
  facet normal 6.087614e-01 7.933533e-01 0.000000e+00
    outer loop
      vertex   -6.216687e+01 4.039828e+01 4.397187e+01
      vertex   -6.216687e+01 4.039828e+01 4.210563e+01
      vertex   -6.225800e+01 4.046820e+01 4.397187e+01
    endloop
  endfacet
  facet normal 6.087614e-01 7.933533e-01 0.000000e+00
    outer loop
      vertex   -6.225800e+01 4.046820e+01 4.397187e+01
      vertex   -6.216687e+01 4.039828e+01 4.210563e+01
      vertex   -6.225800e+01 4.046820e+01 4.210563e+01
    endloop
  endfacet
  facet normal 3.826834e-01 9.238795e-01 0.000000e+00
    outer loop
      vertex   -6.225800e+01 4.046820e+01 4.397187e+01
      vertex   -6.225800e+01 4.046820e+01 4.210563e+01
      vertex   -6.236412e+01 4.051216e+01 4.397187e+01
    endloop
  endfacet
  facet normal 3.826834e-01 9.238795e-01 0.000000e+00
    outer loop
      vertex   -6.236412e+01 4.051216e+01 4.397187e+01
      vertex   -6.225800e+01 4.046820e+01 4.210563e+01
      vertex   -6.236412e+01 4.051216e+01 4.210563e+01
    endloop
  endfacet
  facet normal 2.588190e-01 9.659258e-01 0.000000e+00
    outer loop
      vertex   -6.236412e+01 4.051216e+01 4.397187e+01
      vertex   -6.236412e+01 4.051216e+01 4.210563e+01
      vertex   -6.248003e+01 4.054322e+01 4.397187e+01
    endloop
  endfacet
  facet normal 2.588190e-01 9.659258e-01 9.854173e-16
    outer loop
      vertex   -6.248003e+01 4.054322e+01 4.397187e+01
      vertex   -6.236412e+01 4.051216e+01 4.210563e+01
      vertex   -6.248003e+01 4.054322e+01 4.210563e+01
    endloop
  endfacet
  facet normal 0.000000e+00 -0.000000e+00 -1.000000e+00
    outer loop
      vertex   -6.248003e+01 4.054322e+01 4.210563e+01
      vertex   -6.236412e+01 4.051216e+01 4.210563e+01
      vertex   -6.282735e+01 3.708330e+01 4.210563e+01
    endloop
  endfacet
  facet normal 0.000000e+00 0.000000e+00 -1.000000e+00
    outer loop
      vertex   -6.282735e+01 3.708330e+01 4.210563e+01
      vertex   -6.236412e+01 4.051216e+01 4.210563e+01
      vertex   -6.225800e+01 4.046820e+01 4.210563e+01
    endloop
  endfacet
  facet normal 0.000000e+00 0.000000e+00 -1.000000e+00
    outer loop
      vertex   -6.282735e+01 3.708330e+01 4.210563e+01
      vertex   -6.225800e+01 4.046820e+01 4.210563e+01
      vertex   -6.216687e+01 4.039828e+01 4.210563e+01
    endloop
  endfacet
  facet normal 0.000000e+00 0.000000e+00 -1.000000e+00
    outer loop
      vertex   -6.282735e+01 3.708330e+01 4.210563e+01
      vertex   -6.216687e+01 4.039828e+01 4.210563e+01
      vertex   -6.205299e+01 3.997327e+01 4.210563e+01
    endloop
  endfacet
  facet normal 0.000000e+00 0.000000e+00 -1.000000e+00
    outer loop
      vertex   -6.205299e+01 3.997327e+01 4.210563e+01
      vertex   -6.216687e+01 4.039828e+01 4.210563e+01
      vertex   -6.209694e+01 4.030715e+01 4.210563e+01
    endloop
  endfacet
  facet normal 0.000000e+00 0.000000e+00 -1.000000e+00
    outer loop
      vertex   -6.205299e+01 3.997327e+01 4.210563e+01
      vertex   -6.209694e+01 4.030715e+01 4.210563e+01
      vertex   -6.205299e+01 4.020103e+01 4.210563e+01
    endloop
  endfacet
  facet normal 0.000000e+00 0.000000e+00 -1.000000e+00
    outer loop
      vertex   -6.205299e+01 4.020103e+01 4.210563e+01
      vertex   -6.203800e+01 4.008715e+01 4.210563e+01
      vertex   -6.205299e+01 3.997327e+01 4.210563e+01
    endloop
  endfacet
  facet normal 0.000000e+00 0.000000e+00 -1.000000e+00
    outer loop
      vertex   -6.282735e+01 3.708330e+01 4.210563e+01
      vertex   -6.386263e+01 3.708330e+01 4.210563e+01
      vertex   -6.248003e+01 4.054322e+01 4.210563e+01
    endloop
  endfacet
  facet normal -0.000000e+00 0.000000e+00 -1.000000e+00
    outer loop
      vertex   -6.248003e+01 4.054322e+01 4.210563e+01
      vertex   -6.386263e+01 3.708330e+01 4.210563e+01
      vertex   -6.259391e+01 4.055821e+01 4.210563e+01
    endloop
  endfacet
  facet normal 0.000000e+00 0.000000e+00 -1.000000e+00
    outer loop
      vertex   -6.259391e+01 4.055821e+01 4.210563e+01
      vertex   -6.386263e+01 3.708330e+01 4.210563e+01
      vertex   -6.270779e+01 4.054322e+01 4.210563e+01
    endloop
  endfacet
  facet normal 0.000000e+00 0.000000e+00 -1.000000e+00
    outer loop
      vertex   -6.270779e+01 4.054322e+01 4.210563e+01
      vertex   -6.386263e+01 3.708330e+01 4.210563e+01
      vertex   -6.301891e+01 4.023209e+01 4.210563e+01
    endloop
  endfacet
  facet normal 0.000000e+00 0.000000e+00 -1.000000e+00
    outer loop
      vertex   -6.270779e+01 4.054322e+01 4.210563e+01
      vertex   -6.301891e+01 4.023209e+01 4.210563e+01
      vertex   -6.281391e+01 4.049926e+01 4.210563e+01
    endloop
  endfacet
  facet normal 0.000000e+00 0.000000e+00 -1.000000e+00
    outer loop
      vertex   -6.281391e+01 4.049926e+01 4.210563e+01
      vertex   -6.301891e+01 4.023209e+01 4.210563e+01
      vertex   -6.290503e+01 4.042934e+01 4.210563e+01
    endloop
  endfacet
  facet normal 0.000000e+00 0.000000e+00 -1.000000e+00
    outer loop
      vertex   -6.290503e+01 4.042934e+01 4.210563e+01
      vertex   -6.301891e+01 4.023209e+01 4.210563e+01
      vertex   -6.297496e+01 4.033821e+01 4.210563e+01
    endloop
  endfacet
  facet normal 1.305262e-01 9.914449e-01 4.969602e-16
    outer loop
      vertex   -6.248003e+01 4.054322e+01 4.397187e+01
      vertex   -6.248003e+01 4.054322e+01 4.210563e+01
      vertex   -6.259391e+01 4.055821e+01 4.397187e+01
    endloop
  endfacet
  facet normal 1.305262e-01 9.914449e-01 9.939204e-16
    outer loop
      vertex   -6.259391e+01 4.055821e+01 4.397187e+01
      vertex   -6.248003e+01 4.054322e+01 4.210563e+01
      vertex   -6.259391e+01 4.055821e+01 4.210563e+01
    endloop
  endfacet
  facet normal -1.305262e-01 9.914449e-01 -9.939204e-16
    outer loop
      vertex   -6.259391e+01 4.055821e+01 4.397187e+01
      vertex   -6.259391e+01 4.055821e+01 4.210563e+01
      vertex   -6.270779e+01 4.054322e+01 4.397187e+01
    endloop
  endfacet
  facet normal -1.305262e-01 9.914449e-01 3.774788e-15
    outer loop
      vertex   -6.270779e+01 4.054322e+01 4.397187e+01
      vertex   -6.259391e+01 4.055821e+01 4.210563e+01
      vertex   -6.270779e+01 4.054322e+01 4.210563e+01
    endloop
  endfacet
  facet normal -3.826834e-01 9.238795e-01 3.517542e-15
    outer loop
      vertex   -6.270779e+01 4.054322e+01 4.397187e+01
      vertex   -6.270779e+01 4.054322e+01 4.210563e+01
      vertex   -6.281391e+01 4.049926e+01 4.397187e+01
    endloop
  endfacet
  facet normal -3.826834e-01 9.238795e-01 0.000000e+00
    outer loop
      vertex   -6.281391e+01 4.049926e+01 4.397187e+01
      vertex   -6.270779e+01 4.054322e+01 4.210563e+01
      vertex   -6.281391e+01 4.049926e+01 4.210563e+01
    endloop
  endfacet
  facet normal -6.087614e-01 7.933533e-01 0.000000e+00
    outer loop
      vertex   -6.281391e+01 4.049926e+01 4.397187e+01
      vertex   -6.281391e+01 4.049926e+01 4.210563e+01
      vertex   -6.290503e+01 4.042934e+01 4.397187e+01
    endloop
  endfacet
  facet normal -6.087614e-01 7.933533e-01 -2.317774e-15
    outer loop
      vertex   -6.290503e+01 4.042934e+01 4.397187e+01
      vertex   -6.281391e+01 4.049926e+01 4.210563e+01
      vertex   -6.290503e+01 4.042934e+01 4.210563e+01
    endloop
  endfacet
  facet normal -7.933533e-01 6.087614e-01 -3.020582e-15
    outer loop
      vertex   -6.290503e+01 4.042934e+01 4.397187e+01
      vertex   -6.290503e+01 4.042934e+01 4.210563e+01
      vertex   -6.297496e+01 4.033821e+01 4.397187e+01
    endloop
  endfacet
  facet normal -7.933533e-01 6.087614e-01 5.338356e-15
    outer loop
      vertex   -6.297496e+01 4.033821e+01 4.397187e+01
      vertex   -6.290503e+01 4.042934e+01 4.210563e+01
      vertex   -6.297496e+01 4.033821e+01 4.210563e+01
    endloop
  endfacet
  facet normal -9.238795e-01 3.826834e-01 4.974556e-15
    outer loop
      vertex   -6.297496e+01 4.033821e+01 4.397187e+01
      vertex   -6.297496e+01 4.033821e+01 4.210563e+01
      vertex   -6.301891e+01 4.023209e+01 4.397187e+01
    endloop
  endfacet
  facet normal -9.238795e-01 3.826834e-01 0.000000e+00
    outer loop
      vertex   -6.301891e+01 4.023209e+01 4.397187e+01
      vertex   -6.297496e+01 4.033821e+01 4.210563e+01
      vertex   -6.301891e+01 4.023209e+01 4.210563e+01
    endloop
  endfacet
  facet normal 9.659258e-01 -2.588190e-01 0.000000e+00
    outer loop
      vertex   -5.205299e+01 3.997327e+01 4.210563e+01
      vertex   -5.205299e+01 3.997327e+01 4.397187e+01
      vertex   -5.336261e+01 3.508569e+01 4.210563e+01
    endloop
  endfacet
  facet normal 9.659258e-01 -2.588190e-01 0.000000e+00
    outer loop
      vertex   -5.336261e+01 3.508569e+01 4.210563e+01
      vertex   -5.205299e+01 3.997327e+01 4.397187e+01
      vertex   -5.336261e+01 3.508569e+01 4.397187e+01
    endloop
  endfacet
  facet normal -9.659258e-01 2.588190e-01 0.000000e+00
    outer loop
      vertex   -5.301891e+01 4.023209e+01 4.397187e+01
      vertex   -5.301891e+01 4.023209e+01 4.210563e+01
      vertex   -5.386263e+01 3.708330e+01 4.397187e+01
    endloop
  endfacet
  facet normal -9.659258e-01 2.588190e-01 0.000000e+00
    outer loop
      vertex   -5.386263e+01 3.708330e+01 4.397187e+01
      vertex   -5.301891e+01 4.023209e+01 4.210563e+01
      vertex   -5.386263e+01 3.708330e+01 4.210563e+01
    endloop
  endfacet
  facet normal 9.659258e-01 -2.588190e-01 0.000000e+00
    outer loop
      vertex   -5.538632e+01 3.997327e+01 4.210563e+01
      vertex   -5.538632e+01 3.997327e+01 4.397187e+01
      vertex   -5.616069e+01 3.708330e+01 4.210563e+01
    endloop
  endfacet
  facet normal 9.659258e-01 -2.588190e-01 0.000000e+00
    outer loop
      vertex   -5.616069e+01 3.708330e+01 4.210563e+01
      vertex   -5.538632e+01 3.997327e+01 4.397187e+01
      vertex   -5.616069e+01 3.708330e+01 4.397187e+01
    endloop
  endfacet
  facet normal -9.659258e-01 2.588190e-01 0.000000e+00
    outer loop
      vertex   -5.635225e+01 4.023209e+01 4.397187e+01
      vertex   -5.635225e+01 4.023209e+01 4.210563e+01
      vertex   -5.719596e+01 3.708330e+01 4.397187e+01
    endloop
  endfacet
  facet normal -9.659258e-01 2.588190e-01 0.000000e+00
    outer loop
      vertex   -5.719596e+01 3.708330e+01 4.397187e+01
      vertex   -5.635225e+01 4.023209e+01 4.210563e+01
      vertex   -5.719596e+01 3.708330e+01 4.210563e+01
    endloop
  endfacet
  facet normal 9.659258e-01 -2.588190e-01 0.000000e+00
    outer loop
      vertex   -5.871966e+01 3.997327e+01 4.210563e+01
      vertex   -5.871966e+01 3.997327e+01 4.397187e+01
      vertex   -5.949402e+01 3.708330e+01 4.210563e+01
    endloop
  endfacet
  facet normal 9.659258e-01 -2.588190e-01 0.000000e+00
    outer loop
      vertex   -5.949402e+01 3.708330e+01 4.210563e+01
      vertex   -5.871966e+01 3.997327e+01 4.397187e+01
      vertex   -5.949402e+01 3.708330e+01 4.397187e+01
    endloop
  endfacet
  facet normal -9.659258e-01 2.588190e-01 0.000000e+00
    outer loop
      vertex   -5.968558e+01 4.023209e+01 4.397187e+01
      vertex   -5.968558e+01 4.023209e+01 4.210563e+01
      vertex   -6.052930e+01 3.708330e+01 4.397187e+01
    endloop
  endfacet
  facet normal -9.659258e-01 2.588190e-01 0.000000e+00
    outer loop
      vertex   -6.052930e+01 3.708330e+01 4.397187e+01
      vertex   -5.968558e+01 4.023209e+01 4.210563e+01
      vertex   -6.052930e+01 3.708330e+01 4.210563e+01
    endloop
  endfacet
  facet normal 9.659258e-01 -2.588190e-01 0.000000e+00
    outer loop
      vertex   -6.205299e+01 3.997327e+01 4.210563e+01
      vertex   -6.205299e+01 3.997327e+01 4.397187e+01
      vertex   -6.282735e+01 3.708330e+01 4.210563e+01
    endloop
  endfacet
  facet normal 9.659258e-01 -2.588190e-01 0.000000e+00
    outer loop
      vertex   -6.282735e+01 3.708330e+01 4.210563e+01
      vertex   -6.205299e+01 3.997327e+01 4.397187e+01
      vertex   -6.282735e+01 3.708330e+01 4.397187e+01
    endloop
  endfacet
  facet normal -9.659258e-01 2.588190e-01 0.000000e+00
    outer loop
      vertex   -6.301891e+01 4.023209e+01 4.397187e+01
      vertex   -6.301891e+01 4.023209e+01 4.210563e+01
      vertex   -6.386263e+01 3.708330e+01 4.397187e+01
    endloop
  endfacet
  facet normal -9.659258e-01 2.588190e-01 0.000000e+00
    outer loop
      vertex   -6.386263e+01 3.708330e+01 4.397187e+01
      vertex   -6.301891e+01 4.023209e+01 4.210563e+01
      vertex   -6.386263e+01 3.708330e+01 4.210563e+01
    endloop
  endfacet
  facet normal 1.000000e+00 0.000000e+00 0.000000e+00
    outer loop
      vertex   -5.338731e+01 3.708330e+01 4.210563e+01
      vertex   -5.338731e+01 3.509230e+01 4.210563e+01
      vertex   -5.338731e+01 3.708330e+01 4.210000e+01
    endloop
  endfacet
  facet normal 1.000000e+00 0.000000e+00 0.000000e+00
    outer loop
      vertex   -5.338731e+01 3.708330e+01 4.210000e+01
      vertex   -5.338731e+01 3.509230e+01 4.210563e+01
      vertex   -5.338731e+01 3.508330e+01 4.210000e+01
    endloop
  endfacet
  facet normal 1.000000e+00 0.000000e+00 0.000000e+00
    outer loop
      vertex   -5.338731e+01 3.508330e+01 4.210000e+01
      vertex   -5.338731e+01 3.509230e+01 4.210563e+01
      vertex   -5.338731e+01 3.509230e+01 4.397187e+01
    endloop
  endfacet
  facet normal 1.000000e+00 0.000000e+00 0.000000e+00
    outer loop
      vertex   -5.338731e+01 3.508330e+01 4.210000e+01
      vertex   -5.338731e+01 3.509230e+01 4.397187e+01
      vertex   -5.338731e+01 3.508330e+01 4.411000e+01
    endloop
  endfacet
  facet normal 1.000000e+00 -0.000000e+00 0.000000e+00
    outer loop
      vertex   -5.338731e+01 3.508330e+01 4.411000e+01
      vertex   -5.338731e+01 3.509230e+01 4.397187e+01
      vertex   -5.338731e+01 3.708330e+01 4.411000e+01
    endloop
  endfacet
  facet normal 1.000000e+00 0.000000e+00 0.000000e+00
    outer loop
      vertex   -5.338731e+01 3.708330e+01 4.411000e+01
      vertex   -5.338731e+01 3.509230e+01 4.397187e+01
      vertex   -5.338731e+01 3.708330e+01 4.397187e+01
    endloop
  endfacet
  facet normal -1.000000e+00 0.000000e+00 0.000000e+00
    outer loop
      vertex   -6.432731e+01 3.534910e+01 4.210000e+01
      vertex   -6.432731e+01 3.534910e+01 4.397187e+01
      vertex   -6.432731e+01 3.708330e+01 4.210000e+01
    endloop
  endfacet
  facet normal -1.000000e+00 0.000000e+00 0.000000e+00
    outer loop
      vertex   -6.432731e+01 3.708330e+01 4.210000e+01
      vertex   -6.432731e+01 3.534910e+01 4.397187e+01
      vertex   -6.432731e+01 3.708330e+01 4.411000e+01
    endloop
  endfacet
  facet normal -1.000000e+00 -0.000000e+00 0.000000e+00
    outer loop
      vertex   -6.432731e+01 3.708330e+01 4.411000e+01
      vertex   -6.432731e+01 3.534910e+01 4.397187e+01
      vertex   -6.432731e+01 3.508330e+01 4.411000e+01
    endloop
  endfacet
  facet normal -1.000000e+00 0.000000e+00 0.000000e+00
    outer loop
      vertex   -6.432731e+01 3.508330e+01 4.411000e+01
      vertex   -6.432731e+01 3.534910e+01 4.397187e+01
      vertex   -6.432731e+01 3.534417e+01 4.397187e+01
    endloop
  endfacet
  facet normal -1.000000e+00 0.000000e+00 0.000000e+00
    outer loop
      vertex   -6.432731e+01 3.508330e+01 4.411000e+01
      vertex   -6.432731e+01 3.534417e+01 4.397187e+01
      vertex   -6.432731e+01 3.508330e+01 4.210000e+01
    endloop
  endfacet
  facet normal -1.000000e+00 0.000000e+00 0.000000e+00
    outer loop
      vertex   -6.432731e+01 3.508330e+01 4.210000e+01
      vertex   -6.432731e+01 3.534417e+01 4.397187e+01
      vertex   -6.432731e+01 3.534417e+01 4.210000e+01
    endloop
  endfacet
  facet normal 0.000000e+00 1.000000e+00 -0.000000e+00
    outer loop
      vertex   -6.052930e+01 3.708330e+01 4.397187e+01
      vertex   -6.432731e+01 3.708330e+01 4.411000e+01
      vertex   -5.949402e+01 3.708330e+01 4.397187e+01
    endloop
  endfacet
  facet normal 0.000000e+00 1.000000e+00 -0.000000e+00
    outer loop
      vertex   -5.949402e+01 3.708330e+01 4.397187e+01
      vertex   -6.432731e+01 3.708330e+01 4.411000e+01
      vertex   -5.338731e+01 3.708330e+01 4.411000e+01
    endloop
  endfacet
  facet normal 0.000000e+00 1.000000e+00 0.000000e+00
    outer loop
      vertex   -5.949402e+01 3.708330e+01 4.397187e+01
      vertex   -5.338731e+01 3.708330e+01 4.411000e+01
      vertex   -5.719596e+01 3.708330e+01 4.397187e+01
    endloop
  endfacet
  facet normal 0.000000e+00 1.000000e+00 0.000000e+00
    outer loop
      vertex   -5.719596e+01 3.708330e+01 4.397187e+01
      vertex   -5.338731e+01 3.708330e+01 4.411000e+01
      vertex   -5.616069e+01 3.708330e+01 4.397187e+01
    endloop
  endfacet
  facet normal 0.000000e+00 1.000000e+00 0.000000e+00
    outer loop
      vertex   -5.616069e+01 3.708330e+01 4.397187e+01
      vertex   -5.338731e+01 3.708330e+01 4.411000e+01
      vertex   -5.386263e+01 3.708330e+01 4.397187e+01
    endloop
  endfacet
  facet normal -0.000000e+00 1.000000e+00 0.000000e+00
    outer loop
      vertex   -5.616069e+01 3.708330e+01 4.397187e+01
      vertex   -5.386263e+01 3.708330e+01 4.397187e+01
      vertex   -5.386263e+01 3.708330e+01 4.210563e+01
    endloop
  endfacet
  facet normal 0.000000e+00 1.000000e+00 0.000000e+00
    outer loop
      vertex   -6.432731e+01 3.708330e+01 4.411000e+01
      vertex   -6.052930e+01 3.708330e+01 4.397187e+01
      vertex   -6.282735e+01 3.708330e+01 4.397187e+01
    endloop
  endfacet
  facet normal -0.000000e+00 1.000000e+00 0.000000e+00
    outer loop
      vertex   -6.282735e+01 3.708330e+01 4.397187e+01
      vertex   -6.052930e+01 3.708330e+01 4.397187e+01
      vertex   -6.052930e+01 3.708330e+01 4.210563e+01
    endloop
  endfacet
  facet normal 0.000000e+00 1.000000e+00 0.000000e+00
    outer loop
      vertex   -6.282735e+01 3.708330e+01 4.397187e+01
      vertex   -6.052930e+01 3.708330e+01 4.210563e+01
      vertex   -6.282735e+01 3.708330e+01 4.210563e+01
    endloop
  endfacet
  facet normal -0.000000e+00 1.000000e+00 0.000000e+00
    outer loop
      vertex   -6.282735e+01 3.708330e+01 4.210563e+01
      vertex   -6.052930e+01 3.708330e+01 4.210563e+01
      vertex   -6.432731e+01 3.708330e+01 4.210000e+01
    endloop
  endfacet
  facet normal 0.000000e+00 1.000000e+00 0.000000e+00
    outer loop
      vertex   -6.282735e+01 3.708330e+01 4.210563e+01
      vertex   -6.432731e+01 3.708330e+01 4.210000e+01
      vertex   -6.386263e+01 3.708330e+01 4.210563e+01
    endloop
  endfacet
  facet normal 0.000000e+00 1.000000e+00 -0.000000e+00
    outer loop
      vertex   -6.386263e+01 3.708330e+01 4.210563e+01
      vertex   -6.432731e+01 3.708330e+01 4.210000e+01
      vertex   -6.386263e+01 3.708330e+01 4.397187e+01
    endloop
  endfacet
  facet normal 0.000000e+00 1.000000e+00 0.000000e+00
    outer loop
      vertex   -6.386263e+01 3.708330e+01 4.397187e+01
      vertex   -6.432731e+01 3.708330e+01 4.210000e+01
      vertex   -6.432731e+01 3.708330e+01 4.411000e+01
    endloop
  endfacet
  facet normal 0.000000e+00 1.000000e+00 -0.000000e+00
    outer loop
      vertex   -6.386263e+01 3.708330e+01 4.397187e+01
      vertex   -6.432731e+01 3.708330e+01 4.411000e+01
      vertex   -6.282735e+01 3.708330e+01 4.397187e+01
    endloop
  endfacet
  facet normal -0.000000e+00 1.000000e+00 0.000000e+00
    outer loop
      vertex   -6.052930e+01 3.708330e+01 4.210563e+01
      vertex   -5.949402e+01 3.708330e+01 4.210563e+01
      vertex   -6.432731e+01 3.708330e+01 4.210000e+01
    endloop
  endfacet
  facet normal 0.000000e+00 1.000000e+00 0.000000e+00
    outer loop
      vertex   -6.432731e+01 3.708330e+01 4.210000e+01
      vertex   -5.949402e+01 3.708330e+01 4.210563e+01
      vertex   -5.338731e+01 3.708330e+01 4.210000e+01
    endloop
  endfacet
  facet normal 0.000000e+00 1.000000e+00 0.000000e+00
    outer loop
      vertex   -5.338731e+01 3.708330e+01 4.210000e+01
      vertex   -5.949402e+01 3.708330e+01 4.210563e+01
      vertex   -5.719596e+01 3.708330e+01 4.210563e+01
    endloop
  endfacet
  facet normal 0.000000e+00 1.000000e+00 0.000000e+00
    outer loop
      vertex   -5.338731e+01 3.708330e+01 4.210000e+01
      vertex   -5.719596e+01 3.708330e+01 4.210563e+01
      vertex   -5.616069e+01 3.708330e+01 4.210563e+01
    endloop
  endfacet
  facet normal 0.000000e+00 1.000000e+00 0.000000e+00
    outer loop
      vertex   -5.949402e+01 3.708330e+01 4.210563e+01
      vertex   -5.949402e+01 3.708330e+01 4.397187e+01
      vertex   -5.719596e+01 3.708330e+01 4.210563e+01
    endloop
  endfacet
  facet normal 0.000000e+00 1.000000e+00 -0.000000e+00
    outer loop
      vertex   -5.719596e+01 3.708330e+01 4.210563e+01
      vertex   -5.949402e+01 3.708330e+01 4.397187e+01
      vertex   -5.719596e+01 3.708330e+01 4.397187e+01
    endloop
  endfacet
  facet normal 0.000000e+00 1.000000e+00 0.000000e+00
    outer loop
      vertex   -5.338731e+01 3.708330e+01 4.210000e+01
      vertex   -5.616069e+01 3.708330e+01 4.210563e+01
      vertex   -5.386263e+01 3.708330e+01 4.210563e+01
    endloop
  endfacet
  facet normal 0.000000e+00 1.000000e+00 0.000000e+00
    outer loop
      vertex   -5.386263e+01 3.708330e+01 4.210563e+01
      vertex   -5.616069e+01 3.708330e+01 4.210563e+01
      vertex   -5.616069e+01 3.708330e+01 4.397187e+01
    endloop
  endfacet
  facet normal -0.000000e+00 1.000000e+00 0.000000e+00
    outer loop
      vertex   -5.386263e+01 3.708330e+01 4.210563e+01
      vertex   -5.338731e+01 3.708330e+01 4.210563e+01
      vertex   -5.338731e+01 3.708330e+01 4.210000e+01
    endloop
  endfacet
  facet normal 0.000000e+00 1.000000e+00 0.000000e+00
    outer loop
      vertex   -5.338731e+01 3.708330e+01 4.411000e+01
      vertex   -5.338731e+01 3.708330e+01 4.397187e+01
      vertex   -5.386263e+01 3.708330e+01 4.397187e+01
    endloop
  endfacet
  facet normal 0.000000e+00 0.000000e+00 -1.000000e+00
    outer loop
      vertex   -6.432731e+01 3.708330e+01 4.210000e+01
      vertex   -5.338731e+01 3.708330e+01 4.210000e+01
      vertex   -6.432731e+01 3.534910e+01 4.210000e+01
    endloop
  endfacet
  facet normal 0.000000e+00 0.000000e+00 -1.000000e+00
    outer loop
      vertex   -6.432731e+01 3.534910e+01 4.210000e+01
      vertex   -5.338731e+01 3.708330e+01 4.210000e+01
      vertex   -5.338731e+01 3.508330e+01 4.210000e+01
    endloop
  endfacet
  facet normal 0.000000e+00 0.000000e+00 -1.000000e+00
    outer loop
      vertex   -6.432731e+01 3.534910e+01 4.210000e+01
      vertex   -5.338731e+01 3.508330e+01 4.210000e+01
      vertex   -6.432731e+01 3.534417e+01 4.210000e+01
    endloop
  endfacet
  facet normal 0.000000e+00 0.000000e+00 -1.000000e+00
    outer loop
      vertex   -6.432731e+01 3.534417e+01 4.210000e+01
      vertex   -5.338731e+01 3.508330e+01 4.210000e+01
      vertex   -6.432731e+01 3.508330e+01 4.210000e+01
    endloop
  endfacet
  facet normal 0.000000e+00 -1.000000e+00 0.000000e+00
    outer loop
      vertex   -5.338731e+01 3.508330e+01 4.210000e+01
      vertex   -5.338731e+01 3.508330e+01 4.411000e+01
      vertex   -6.432731e+01 3.508330e+01 4.210000e+01
    endloop
  endfacet
  facet normal 0.000000e+00 -1.000000e+00 0.000000e+00
    outer loop
      vertex   -6.432731e+01 3.508330e+01 4.210000e+01
      vertex   -5.338731e+01 3.508330e+01 4.411000e+01
      vertex   -6.432731e+01 3.508330e+01 4.411000e+01
    endloop
  endfacet
  facet normal 0.000000e+00 0.000000e+00 1.000000e+00
    outer loop
      vertex   -5.203800e+01 4.008715e+01 4.397187e+01
      vertex   -5.205299e+01 4.020103e+01 4.397187e+01
      vertex   -5.205299e+01 3.997327e+01 4.397187e+01
    endloop
  endfacet
  facet normal 0.000000e+00 0.000000e+00 1.000000e+00
    outer loop
      vertex   -5.205299e+01 3.997327e+01 4.397187e+01
      vertex   -5.205299e+01 4.020103e+01 4.397187e+01
      vertex   -5.209694e+01 4.030715e+01 4.397187e+01
    endloop
  endfacet
  facet normal 0.000000e+00 0.000000e+00 1.000000e+00
    outer loop
      vertex   -5.205299e+01 3.997327e+01 4.397187e+01
      vertex   -5.209694e+01 4.030715e+01 4.397187e+01
      vertex   -5.338731e+01 3.708330e+01 4.397187e+01
    endloop
  endfacet
  facet normal 0.000000e+00 0.000000e+00 1.000000e+00
    outer loop
      vertex   -5.338731e+01 3.708330e+01 4.397187e+01
      vertex   -5.209694e+01 4.030715e+01 4.397187e+01
      vertex   -5.216687e+01 4.039828e+01 4.397187e+01
    endloop
  endfacet
  facet normal 0.000000e+00 0.000000e+00 1.000000e+00
    outer loop
      vertex   -5.338731e+01 3.708330e+01 4.397187e+01
      vertex   -5.216687e+01 4.039828e+01 4.397187e+01
      vertex   -5.225800e+01 4.046820e+01 4.397187e+01
    endloop
  endfacet
  facet normal 0.000000e+00 0.000000e+00 1.000000e+00
    outer loop
      vertex   -5.225800e+01 4.046820e+01 4.397187e+01
      vertex   -5.236412e+01 4.051216e+01 4.397187e+01
      vertex   -5.338731e+01 3.708330e+01 4.397187e+01
    endloop
  endfacet
  facet normal 0.000000e+00 0.000000e+00 1.000000e+00
    outer loop
      vertex   -5.338731e+01 3.708330e+01 4.397187e+01
      vertex   -5.236412e+01 4.051216e+01 4.397187e+01
      vertex   -5.248003e+01 4.054322e+01 4.397187e+01
    endloop
  endfacet
  facet normal 0.000000e+00 0.000000e+00 1.000000e+00
    outer loop
      vertex   -5.338731e+01 3.708330e+01 4.397187e+01
      vertex   -5.248003e+01 4.054322e+01 4.397187e+01
      vertex   -5.259391e+01 4.055821e+01 4.397187e+01
    endloop
  endfacet
  facet normal 0.000000e+00 0.000000e+00 1.000000e+00
    outer loop
      vertex   -5.259391e+01 4.055821e+01 4.397187e+01
      vertex   -5.270779e+01 4.054322e+01 4.397187e+01
      vertex   -5.338731e+01 3.708330e+01 4.397187e+01
    endloop
  endfacet
  facet normal 0.000000e+00 0.000000e+00 1.000000e+00
    outer loop
      vertex   -5.338731e+01 3.708330e+01 4.397187e+01
      vertex   -5.270779e+01 4.054322e+01 4.397187e+01
      vertex   -5.281391e+01 4.049926e+01 4.397187e+01
    endloop
  endfacet
  facet normal 0.000000e+00 -0.000000e+00 1.000000e+00
    outer loop
      vertex   -5.338731e+01 3.708330e+01 4.397187e+01
      vertex   -5.281391e+01 4.049926e+01 4.397187e+01
      vertex   -5.386263e+01 3.708330e+01 4.397187e+01
    endloop
  endfacet
  facet normal 0.000000e+00 0.000000e+00 1.000000e+00
    outer loop
      vertex   -5.386263e+01 3.708330e+01 4.397187e+01
      vertex   -5.281391e+01 4.049926e+01 4.397187e+01
      vertex   -5.301891e+01 4.023209e+01 4.397187e+01
    endloop
  endfacet
  facet normal 0.000000e+00 0.000000e+00 1.000000e+00
    outer loop
      vertex   -5.301891e+01 4.023209e+01 4.397187e+01
      vertex   -5.281391e+01 4.049926e+01 4.397187e+01
      vertex   -5.290503e+01 4.042934e+01 4.397187e+01
    endloop
  endfacet
  facet normal 0.000000e+00 0.000000e+00 1.000000e+00
    outer loop
      vertex   -5.301891e+01 4.023209e+01 4.397187e+01
      vertex   -5.290503e+01 4.042934e+01 4.397187e+01
      vertex   -5.297496e+01 4.033821e+01 4.397187e+01
    endloop
  endfacet
  facet normal -0.000000e+00 0.000000e+00 1.000000e+00
    outer loop
      vertex   -5.338731e+01 3.708330e+01 4.397187e+01
      vertex   -5.338731e+01 3.509230e+01 4.397187e+01
      vertex   -5.205299e+01 3.997327e+01 4.397187e+01
    endloop
  endfacet
  facet normal 0.000000e+00 0.000000e+00 1.000000e+00
    outer loop
      vertex   -5.205299e+01 3.997327e+01 4.397187e+01
      vertex   -5.338731e+01 3.509230e+01 4.397187e+01
      vertex   -5.336261e+01 3.508569e+01 4.397187e+01
    endloop
  endfacet
  facet normal -2.588190e-01 -9.659258e-01 -0.000000e+00
    outer loop
      vertex   -5.338731e+01 3.509230e+01 4.397187e+01
      vertex   -5.338731e+01 3.509230e+01 4.210563e+01
      vertex   -5.336261e+01 3.508569e+01 4.397187e+01
    endloop
  endfacet
  facet normal -2.588190e-01 -9.659258e-01 -0.000000e+00
    outer loop
      vertex   -5.336261e+01 3.508569e+01 4.397187e+01
      vertex   -5.338731e+01 3.509230e+01 4.210563e+01
      vertex   -5.336261e+01 3.508569e+01 4.210563e+01
    endloop
  endfacet
  facet normal 0.000000e+00 0.000000e+00 1.000000e+00
    outer loop
      vertex   -5.870466e+01 4.008715e+01 4.397187e+01
      vertex   -5.871966e+01 4.020103e+01 4.397187e+01
      vertex   -5.871966e+01 3.997327e+01 4.397187e+01
    endloop
  endfacet
  facet normal 0.000000e+00 -0.000000e+00 1.000000e+00
    outer loop
      vertex   -5.871966e+01 3.997327e+01 4.397187e+01
      vertex   -5.871966e+01 4.020103e+01 4.397187e+01
      vertex   -5.876361e+01 4.030715e+01 4.397187e+01
    endloop
  endfacet
  facet normal 0.000000e+00 0.000000e+00 1.000000e+00
    outer loop
      vertex   -5.871966e+01 3.997327e+01 4.397187e+01
      vertex   -5.876361e+01 4.030715e+01 4.397187e+01
      vertex   -5.883354e+01 4.039828e+01 4.397187e+01
    endloop
  endfacet
  facet normal 0.000000e+00 0.000000e+00 1.000000e+00
    outer loop
      vertex   -5.871966e+01 3.997327e+01 4.397187e+01
      vertex   -5.883354e+01 4.039828e+01 4.397187e+01
      vertex   -5.949402e+01 3.708330e+01 4.397187e+01
    endloop
  endfacet
  facet normal 0.000000e+00 0.000000e+00 1.000000e+00
    outer loop
      vertex   -5.949402e+01 3.708330e+01 4.397187e+01
      vertex   -5.883354e+01 4.039828e+01 4.397187e+01
      vertex   -5.892466e+01 4.046820e+01 4.397187e+01
    endloop
  endfacet
  facet normal 0.000000e+00 0.000000e+00 1.000000e+00
    outer loop
      vertex   -5.949402e+01 3.708330e+01 4.397187e+01
      vertex   -5.892466e+01 4.046820e+01 4.397187e+01
      vertex   -5.903078e+01 4.051216e+01 4.397187e+01
    endloop
  endfacet
  facet normal 0.000000e+00 0.000000e+00 1.000000e+00
    outer loop
      vertex   -5.903078e+01 4.051216e+01 4.397187e+01
      vertex   -5.914669e+01 4.054322e+01 4.397187e+01
      vertex   -5.949402e+01 3.708330e+01 4.397187e+01
    endloop
  endfacet
  facet normal 0.000000e+00 -0.000000e+00 1.000000e+00
    outer loop
      vertex   -5.949402e+01 3.708330e+01 4.397187e+01
      vertex   -5.914669e+01 4.054322e+01 4.397187e+01
      vertex   -6.052930e+01 3.708330e+01 4.397187e+01
    endloop
  endfacet
  facet normal 0.000000e+00 0.000000e+00 1.000000e+00
    outer loop
      vertex   -6.052930e+01 3.708330e+01 4.397187e+01
      vertex   -5.914669e+01 4.054322e+01 4.397187e+01
      vertex   -5.926057e+01 4.055821e+01 4.397187e+01
    endloop
  endfacet
  facet normal 0.000000e+00 0.000000e+00 1.000000e+00
    outer loop
      vertex   -6.052930e+01 3.708330e+01 4.397187e+01
      vertex   -5.926057e+01 4.055821e+01 4.397187e+01
      vertex   -5.937445e+01 4.054322e+01 4.397187e+01
    endloop
  endfacet
  facet normal 0.000000e+00 0.000000e+00 1.000000e+00
    outer loop
      vertex   -6.052930e+01 3.708330e+01 4.397187e+01
      vertex   -5.937445e+01 4.054322e+01 4.397187e+01
      vertex   -5.968558e+01 4.023209e+01 4.397187e+01
    endloop
  endfacet
  facet normal 0.000000e+00 0.000000e+00 1.000000e+00
    outer loop
      vertex   -5.968558e+01 4.023209e+01 4.397187e+01
      vertex   -5.937445e+01 4.054322e+01 4.397187e+01
      vertex   -5.948057e+01 4.049926e+01 4.397187e+01
    endloop
  endfacet
  facet normal 0.000000e+00 0.000000e+00 1.000000e+00
    outer loop
      vertex   -5.968558e+01 4.023209e+01 4.397187e+01
      vertex   -5.948057e+01 4.049926e+01 4.397187e+01
      vertex   -5.957170e+01 4.042934e+01 4.397187e+01
    endloop
  endfacet
  facet normal 0.000000e+00 0.000000e+00 1.000000e+00
    outer loop
      vertex   -5.957170e+01 4.042934e+01 4.397187e+01
      vertex   -5.964162e+01 4.033821e+01 4.397187e+01
      vertex   -5.968558e+01 4.023209e+01 4.397187e+01
    endloop
  endfacet
  facet normal -2.588190e-01 -9.659258e-01 0.000000e+00
    outer loop
      vertex   -6.432731e+01 3.534417e+01 3.910563e+01
      vertex   -6.432731e+01 3.534417e+01 4.210000e+01
      vertex   -6.432854e+01 3.534450e+01 3.910563e+01
    endloop
  endfacet
  facet normal -2.588190e-01 -9.659258e-01 0.000000e+00
    outer loop
      vertex   -6.432854e+01 3.534450e+01 3.910563e+01
      vertex   -6.432731e+01 3.534417e+01 4.210000e+01
      vertex   -6.432854e+01 3.534450e+01 4.397187e+01
    endloop
  endfacet
  facet normal -2.588190e-01 -9.659258e-01 0.000000e+00
    outer loop
      vertex   -6.432854e+01 3.534450e+01 4.397187e+01
      vertex   -6.432731e+01 3.534417e+01 4.210000e+01
      vertex   -6.432731e+01 3.534417e+01 4.397187e+01
    endloop
  endfacet
  facet normal 0.000000e+00 -0.000000e+00 -1.000000e+00
    outer loop
      vertex   -6.432731e+01 3.534910e+01 3.910563e+01
      vertex   -6.432731e+01 3.534417e+01 3.910563e+01
      vertex   -6.432854e+01 3.534450e+01 3.910563e+01
    endloop
  endfacet
  facet normal 0.000000e+00 0.000000e+00 1.000000e+00
    outer loop
      vertex   -6.203800e+01 4.008715e+01 4.397187e+01
      vertex   -6.205299e+01 4.020103e+01 4.397187e+01
      vertex   -6.205299e+01 3.997327e+01 4.397187e+01
    endloop
  endfacet
  facet normal 0.000000e+00 -0.000000e+00 1.000000e+00
    outer loop
      vertex   -6.205299e+01 3.997327e+01 4.397187e+01
      vertex   -6.205299e+01 4.020103e+01 4.397187e+01
      vertex   -6.209694e+01 4.030715e+01 4.397187e+01
    endloop
  endfacet
  facet normal 0.000000e+00 0.000000e+00 1.000000e+00
    outer loop
      vertex   -6.205299e+01 3.997327e+01 4.397187e+01
      vertex   -6.209694e+01 4.030715e+01 4.397187e+01
      vertex   -6.216687e+01 4.039828e+01 4.397187e+01
    endloop
  endfacet
  facet normal 0.000000e+00 0.000000e+00 1.000000e+00
    outer loop
      vertex   -6.205299e+01 3.997327e+01 4.397187e+01
      vertex   -6.216687e+01 4.039828e+01 4.397187e+01
      vertex   -6.282735e+01 3.708330e+01 4.397187e+01
    endloop
  endfacet
  facet normal 0.000000e+00 0.000000e+00 1.000000e+00
    outer loop
      vertex   -6.282735e+01 3.708330e+01 4.397187e+01
      vertex   -6.216687e+01 4.039828e+01 4.397187e+01
      vertex   -6.225800e+01 4.046820e+01 4.397187e+01
    endloop
  endfacet
  facet normal 0.000000e+00 0.000000e+00 1.000000e+00
    outer loop
      vertex   -6.282735e+01 3.708330e+01 4.397187e+01
      vertex   -6.225800e+01 4.046820e+01 4.397187e+01
      vertex   -6.236412e+01 4.051216e+01 4.397187e+01
    endloop
  endfacet
  facet normal 0.000000e+00 0.000000e+00 1.000000e+00
    outer loop
      vertex   -6.236412e+01 4.051216e+01 4.397187e+01
      vertex   -6.248003e+01 4.054322e+01 4.397187e+01
      vertex   -6.282735e+01 3.708330e+01 4.397187e+01
    endloop
  endfacet
  facet normal 0.000000e+00 -0.000000e+00 1.000000e+00
    outer loop
      vertex   -6.282735e+01 3.708330e+01 4.397187e+01
      vertex   -6.248003e+01 4.054322e+01 4.397187e+01
      vertex   -6.386263e+01 3.708330e+01 4.397187e+01
    endloop
  endfacet
  facet normal 0.000000e+00 0.000000e+00 1.000000e+00
    outer loop
      vertex   -6.386263e+01 3.708330e+01 4.397187e+01
      vertex   -6.248003e+01 4.054322e+01 4.397187e+01
      vertex   -6.259391e+01 4.055821e+01 4.397187e+01
    endloop
  endfacet
  facet normal 0.000000e+00 0.000000e+00 1.000000e+00
    outer loop
      vertex   -6.386263e+01 3.708330e+01 4.397187e+01
      vertex   -6.259391e+01 4.055821e+01 4.397187e+01
      vertex   -6.270779e+01 4.054322e+01 4.397187e+01
    endloop
  endfacet
  facet normal 0.000000e+00 0.000000e+00 1.000000e+00
    outer loop
      vertex   -6.386263e+01 3.708330e+01 4.397187e+01
      vertex   -6.270779e+01 4.054322e+01 4.397187e+01
      vertex   -6.301891e+01 4.023209e+01 4.397187e+01
    endloop
  endfacet
  facet normal 0.000000e+00 0.000000e+00 1.000000e+00
    outer loop
      vertex   -6.301891e+01 4.023209e+01 4.397187e+01
      vertex   -6.270779e+01 4.054322e+01 4.397187e+01
      vertex   -6.281391e+01 4.049926e+01 4.397187e+01
    endloop
  endfacet
  facet normal 0.000000e+00 0.000000e+00 1.000000e+00
    outer loop
      vertex   -6.301891e+01 4.023209e+01 4.397187e+01
      vertex   -6.281391e+01 4.049926e+01 4.397187e+01
      vertex   -6.290503e+01 4.042934e+01 4.397187e+01
    endloop
  endfacet
  facet normal 0.000000e+00 0.000000e+00 1.000000e+00
    outer loop
      vertex   -6.290503e+01 4.042934e+01 4.397187e+01
      vertex   -6.297496e+01 4.033821e+01 4.397187e+01
      vertex   -6.301891e+01 4.023209e+01 4.397187e+01
    endloop
  endfacet
  facet normal 0.000000e+00 -0.000000e+00 1.000000e+00
    outer loop
      vertex   -6.432731e+01 3.534417e+01 4.397187e+01
      vertex   -6.432731e+01 3.534910e+01 4.397187e+01
      vertex   -6.432854e+01 3.534450e+01 4.397187e+01
    endloop
  endfacet
  facet normal -9.659258e-01 2.588190e-01 -9.824518e-16
    outer loop
      vertex   -6.432731e+01 3.534910e+01 4.397187e+01
      vertex   -6.432731e+01 3.534910e+01 4.210000e+01
      vertex   -6.432854e+01 3.534450e+01 4.397187e+01
    endloop
  endfacet
  facet normal -9.659258e-01 2.588190e-01 0.000000e+00
    outer loop
      vertex   -6.432854e+01 3.534450e+01 4.397187e+01
      vertex   -6.432731e+01 3.534910e+01 4.210000e+01
      vertex   -6.432854e+01 3.534450e+01 3.910563e+01
    endloop
  endfacet
  facet normal -9.659258e-01 2.588190e-01 6.141940e-16
    outer loop
      vertex   -6.432854e+01 3.534450e+01 3.910563e+01
      vertex   -6.432731e+01 3.534910e+01 4.210000e+01
      vertex   -6.432731e+01 3.534910e+01 3.910563e+01
    endloop
  endfacet
  facet normal 0.000000e+00 0.000000e+00 1.000000e+00
    outer loop
      vertex   -5.537133e+01 4.008715e+01 4.397187e+01
      vertex   -5.538632e+01 4.020103e+01 4.397187e+01
      vertex   -5.538632e+01 3.997327e+01 4.397187e+01
    endloop
  endfacet
  facet normal 0.000000e+00 -0.000000e+00 1.000000e+00
    outer loop
      vertex   -5.538632e+01 3.997327e+01 4.397187e+01
      vertex   -5.538632e+01 4.020103e+01 4.397187e+01
      vertex   -5.543028e+01 4.030715e+01 4.397187e+01
    endloop
  endfacet
  facet normal 0.000000e+00 0.000000e+00 1.000000e+00
    outer loop
      vertex   -5.538632e+01 3.997327e+01 4.397187e+01
      vertex   -5.543028e+01 4.030715e+01 4.397187e+01
      vertex   -5.550020e+01 4.039828e+01 4.397187e+01
    endloop
  endfacet
  facet normal 0.000000e+00 0.000000e+00 1.000000e+00
    outer loop
      vertex   -5.538632e+01 3.997327e+01 4.397187e+01
      vertex   -5.550020e+01 4.039828e+01 4.397187e+01
      vertex   -5.616069e+01 3.708330e+01 4.397187e+01
    endloop
  endfacet
  facet normal 0.000000e+00 0.000000e+00 1.000000e+00
    outer loop
      vertex   -5.616069e+01 3.708330e+01 4.397187e+01
      vertex   -5.550020e+01 4.039828e+01 4.397187e+01
      vertex   -5.559133e+01 4.046820e+01 4.397187e+01
    endloop
  endfacet
  facet normal 0.000000e+00 0.000000e+00 1.000000e+00
    outer loop
      vertex   -5.616069e+01 3.708330e+01 4.397187e+01
      vertex   -5.559133e+01 4.046820e+01 4.397187e+01
      vertex   -5.569745e+01 4.051216e+01 4.397187e+01
    endloop
  endfacet
  facet normal 0.000000e+00 0.000000e+00 1.000000e+00
    outer loop
      vertex   -5.569745e+01 4.051216e+01 4.397187e+01
      vertex   -5.581336e+01 4.054322e+01 4.397187e+01
      vertex   -5.616069e+01 3.708330e+01 4.397187e+01
    endloop
  endfacet
  facet normal 0.000000e+00 -0.000000e+00 1.000000e+00
    outer loop
      vertex   -5.616069e+01 3.708330e+01 4.397187e+01
      vertex   -5.581336e+01 4.054322e+01 4.397187e+01
      vertex   -5.719596e+01 3.708330e+01 4.397187e+01
    endloop
  endfacet
  facet normal 0.000000e+00 0.000000e+00 1.000000e+00
    outer loop
      vertex   -5.719596e+01 3.708330e+01 4.397187e+01
      vertex   -5.581336e+01 4.054322e+01 4.397187e+01
      vertex   -5.592724e+01 4.055821e+01 4.397187e+01
    endloop
  endfacet
  facet normal 0.000000e+00 0.000000e+00 1.000000e+00
    outer loop
      vertex   -5.719596e+01 3.708330e+01 4.397187e+01
      vertex   -5.592724e+01 4.055821e+01 4.397187e+01
      vertex   -5.604112e+01 4.054322e+01 4.397187e+01
    endloop
  endfacet
  facet normal 0.000000e+00 0.000000e+00 1.000000e+00
    outer loop
      vertex   -5.719596e+01 3.708330e+01 4.397187e+01
      vertex   -5.604112e+01 4.054322e+01 4.397187e+01
      vertex   -5.635225e+01 4.023209e+01 4.397187e+01
    endloop
  endfacet
  facet normal 0.000000e+00 0.000000e+00 1.000000e+00
    outer loop
      vertex   -5.635225e+01 4.023209e+01 4.397187e+01
      vertex   -5.604112e+01 4.054322e+01 4.397187e+01
      vertex   -5.614724e+01 4.049926e+01 4.397187e+01
    endloop
  endfacet
  facet normal 0.000000e+00 0.000000e+00 1.000000e+00
    outer loop
      vertex   -5.635225e+01 4.023209e+01 4.397187e+01
      vertex   -5.614724e+01 4.049926e+01 4.397187e+01
      vertex   -5.623837e+01 4.042934e+01 4.397187e+01
    endloop
  endfacet
  facet normal 0.000000e+00 0.000000e+00 1.000000e+00
    outer loop
      vertex   -5.623837e+01 4.042934e+01 4.397187e+01
      vertex   -5.630829e+01 4.033821e+01 4.397187e+01
      vertex   -5.635225e+01 4.023209e+01 4.397187e+01
    endloop
  endfacet
  facet normal 1.000000e+00 0.000000e+00 0.000000e+00
    outer loop
      vertex   -6.432731e+01 3.534910e+01 3.910563e+01
      vertex   -6.432731e+01 3.534910e+01 4.210000e+01
      vertex   -6.432731e+01 3.534417e+01 3.910563e+01
    endloop
  endfacet
  facet normal 1.000000e+00 0.000000e+00 0.000000e+00
    outer loop
      vertex   -6.432731e+01 3.534417e+01 3.910563e+01
      vertex   -6.432731e+01 3.534910e+01 4.210000e+01
      vertex   -6.432731e+01 3.534417e+01 4.210000e+01
    endloop
  endfacet
  facet normal -1.305262e-01 9.914449e-01 -4.268662e-17
    outer loop
      vertex   6.941127e+00 -2.829368e+01 4.411000e+01
      vertex   6.941127e+00 -2.829368e+01 4.682585e+01
      vertex   7.199946e+00 -2.825960e+01 4.411000e+01
    endloop
  endfacet
  facet normal -1.305262e-01 9.914449e-01 0.000000e+00
    outer loop
      vertex   7.199946e+00 -2.825960e+01 4.411000e+01
      vertex   6.941127e+00 -2.829368e+01 4.682585e+01
      vertex   7.199946e+00 -2.825960e+01 4.682585e+01
    endloop
  endfacet
  facet normal -3.826834e-01 9.238795e-01 0.000000e+00
    outer loop
      vertex   7.199946e+00 -2.825960e+01 4.411000e+01
      vertex   7.199946e+00 -2.825960e+01 4.682585e+01
      vertex   7.441127e+00 -2.815970e+01 4.411000e+01
    endloop
  endfacet
  facet normal -3.826834e-01 9.238795e-01 0.000000e+00
    outer loop
      vertex   7.441127e+00 -2.815970e+01 4.411000e+01
      vertex   7.199946e+00 -2.825960e+01 4.682585e+01
      vertex   7.441127e+00 -2.815970e+01 4.682585e+01
    endloop
  endfacet
  facet normal -6.087614e-01 7.933533e-01 0.000000e+00
    outer loop
      vertex   7.441127e+00 -2.815970e+01 4.411000e+01
      vertex   7.441127e+00 -2.815970e+01 4.682585e+01
      vertex   7.648234e+00 -2.800078e+01 4.411000e+01
    endloop
  endfacet
  facet normal -6.087614e-01 7.933533e-01 0.000000e+00
    outer loop
      vertex   7.648234e+00 -2.800078e+01 4.411000e+01
      vertex   7.441127e+00 -2.815970e+01 4.682585e+01
      vertex   7.648234e+00 -2.800078e+01 4.682585e+01
    endloop
  endfacet
  facet normal -7.933533e-01 6.087614e-01 0.000000e+00
    outer loop
      vertex   7.648234e+00 -2.800078e+01 4.411000e+01
      vertex   7.648234e+00 -2.800078e+01 4.682585e+01
      vertex   7.807152e+00 -2.779368e+01 4.411000e+01
    endloop
  endfacet
  facet normal -7.933533e-01 6.087614e-01 7.963449e-16
    outer loop
      vertex   7.807152e+00 -2.779368e+01 4.411000e+01
      vertex   7.648234e+00 -2.800078e+01 4.682585e+01
      vertex   7.807152e+00 -2.779368e+01 4.682585e+01
    endloop
  endfacet
  facet normal -9.238795e-01 3.826834e-01 5.006033e-16
    outer loop
      vertex   7.807152e+00 -2.779368e+01 4.411000e+01
      vertex   7.807152e+00 -2.779368e+01 4.682585e+01
      vertex   7.907053e+00 -2.755250e+01 4.411000e+01
    endloop
  endfacet
  facet normal -9.238795e-01 3.826834e-01 0.000000e+00
    outer loop
      vertex   7.907053e+00 -2.755250e+01 4.411000e+01
      vertex   7.807152e+00 -2.779368e+01 4.682585e+01
      vertex   7.907053e+00 -2.755250e+01 4.682585e+01
    endloop
  endfacet
  facet normal -9.914449e-01 1.305262e-01 0.000000e+00
    outer loop
      vertex   7.907053e+00 -2.755250e+01 4.411000e+01
      vertex   7.907053e+00 -2.755250e+01 4.682585e+01
      vertex   7.941127e+00 -2.729368e+01 4.411000e+01
    endloop
  endfacet
  facet normal -9.914449e-01 1.305262e-01 0.000000e+00
    outer loop
      vertex   7.941127e+00 -2.729368e+01 4.411000e+01
      vertex   7.907053e+00 -2.755250e+01 4.682585e+01
      vertex   7.941127e+00 -2.729368e+01 4.682585e+01
    endloop
  endfacet
  facet normal -1.000000e+00 0.000000e+00 0.000000e+00
    outer loop
      vertex   7.941127e+00 -2.729368e+01 4.411000e+01
      vertex   7.941127e+00 -2.729368e+01 4.682585e+01
      vertex   7.941127e+00 -9.273677e+00 4.411000e+01
    endloop
  endfacet
  facet normal -1.000000e+00 0.000000e+00 0.000000e+00
    outer loop
      vertex   7.941127e+00 -9.273677e+00 4.411000e+01
      vertex   7.941127e+00 -2.729368e+01 4.682585e+01
      vertex   7.941127e+00 -9.273677e+00 4.682585e+01
    endloop
  endfacet
  facet normal -9.914449e-01 -1.305262e-01 0.000000e+00
    outer loop
      vertex   7.941127e+00 -9.273677e+00 4.411000e+01
      vertex   7.941127e+00 -9.273677e+00 4.682585e+01
      vertex   7.907053e+00 -9.014858e+00 4.411000e+01
    endloop
  endfacet
  facet normal -9.914449e-01 -1.305262e-01 0.000000e+00
    outer loop
      vertex   7.907053e+00 -9.014858e+00 4.411000e+01
      vertex   7.941127e+00 -9.273677e+00 4.682585e+01
      vertex   7.907053e+00 -9.014858e+00 4.682585e+01
    endloop
  endfacet
  facet normal -9.238795e-01 -3.826834e-01 0.000000e+00
    outer loop
      vertex   7.907053e+00 -9.014858e+00 4.411000e+01
      vertex   7.907053e+00 -9.014858e+00 4.682585e+01
      vertex   7.807152e+00 -8.773677e+00 4.411000e+01
    endloop
  endfacet
  facet normal -9.238795e-01 -3.826834e-01 -3.539800e-16
    outer loop
      vertex   7.807152e+00 -8.773677e+00 4.411000e+01
      vertex   7.907053e+00 -9.014858e+00 4.682585e+01
      vertex   7.807152e+00 -8.773677e+00 4.682585e+01
    endloop
  endfacet
  facet normal -7.933533e-01 -6.087614e-01 -1.207360e-16
    outer loop
      vertex   7.807152e+00 -8.773677e+00 4.411000e+01
      vertex   7.807152e+00 -8.773677e+00 4.682585e+01
      vertex   7.648234e+00 -8.566570e+00 4.411000e+01
    endloop
  endfacet
  facet normal -7.933533e-01 -6.087614e-01 0.000000e+00
    outer loop
      vertex   7.648234e+00 -8.566570e+00 4.411000e+01
      vertex   7.807152e+00 -8.773677e+00 4.682585e+01
      vertex   7.648234e+00 -8.566570e+00 4.682585e+01
    endloop
  endfacet
  facet normal -6.087614e-01 -7.933533e-01 0.000000e+00
    outer loop
      vertex   7.648234e+00 -8.566570e+00 4.411000e+01
      vertex   7.648234e+00 -8.566570e+00 4.682585e+01
      vertex   7.441127e+00 -8.407652e+00 4.411000e+01
    endloop
  endfacet
  facet normal -6.087614e-01 -7.933533e-01 0.000000e+00
    outer loop
      vertex   7.441127e+00 -8.407652e+00 4.411000e+01
      vertex   7.648234e+00 -8.566570e+00 4.682585e+01
      vertex   7.441127e+00 -8.407652e+00 4.682585e+01
    endloop
  endfacet
  facet normal -3.826834e-01 -9.238795e-01 0.000000e+00
    outer loop
      vertex   7.441127e+00 -8.407652e+00 4.411000e+01
      vertex   7.441127e+00 -8.407652e+00 4.682585e+01
      vertex   7.199946e+00 -8.307751e+00 4.411000e+01
    endloop
  endfacet
  facet normal -3.826834e-01 -9.238795e-01 -2.503017e-16
    outer loop
      vertex   7.199946e+00 -8.307751e+00 4.411000e+01
      vertex   7.441127e+00 -8.407652e+00 4.682585e+01
      vertex   7.199946e+00 -8.307751e+00 4.682585e+01
    endloop
  endfacet
  facet normal -1.305262e-01 -9.914449e-01 -8.537323e-17
    outer loop
      vertex   7.199946e+00 -8.307751e+00 4.411000e+01
      vertex   7.199946e+00 -8.307751e+00 4.682585e+01
      vertex   6.941127e+00 -8.273677e+00 4.411000e+01
    endloop
  endfacet
  facet normal -1.305262e-01 -9.914449e-01 -4.268662e-17
    outer loop
      vertex   6.941127e+00 -8.273677e+00 4.411000e+01
      vertex   7.199946e+00 -8.307751e+00 4.682585e+01
      vertex   6.941127e+00 -8.273677e+00 4.682585e+01
    endloop
  endfacet
  facet normal -0.000000e+00 0.000000e+00 -1.000000e+00
    outer loop
      vertex   7.907053e+00 -2.755250e+01 4.682585e+01
      vertex   6.941127e+00 -2.829368e+01 4.682585e+01
      vertex   7.941127e+00 -2.729368e+01 4.682585e+01
    endloop
  endfacet
  facet normal -0.000000e+00 0.000000e+00 -1.000000e+00
    outer loop
      vertex   7.941127e+00 -2.729368e+01 4.682585e+01
      vertex   6.941127e+00 -2.829368e+01 4.682585e+01
      vertex   -2.745341e+01 -2.288697e+01 4.682585e+01
    endloop
  endfacet
  facet normal 0.000000e+00 0.000000e+00 -1.000000e+00
    outer loop
      vertex   7.941127e+00 -2.729368e+01 4.682585e+01
      vertex   -2.745341e+01 -2.288697e+01 4.682585e+01
      vertex   -2.693628e+01 -2.171257e+01 4.682585e+01
    endloop
  endfacet
  facet normal 0.000000e+00 0.000000e+00 -1.000000e+00
    outer loop
      vertex   7.907053e+00 -2.755250e+01 4.682585e+01
      vertex   7.807152e+00 -2.779368e+01 4.682585e+01
      vertex   6.941127e+00 -2.829368e+01 4.682585e+01
    endloop
  endfacet
  facet normal 0.000000e+00 0.000000e+00 -1.000000e+00
    outer loop
      vertex   6.941127e+00 -2.829368e+01 4.682585e+01
      vertex   7.807152e+00 -2.779368e+01 4.682585e+01
      vertex   7.648234e+00 -2.800078e+01 4.682585e+01
    endloop
  endfacet
  facet normal 0.000000e+00 0.000000e+00 -1.000000e+00
    outer loop
      vertex   6.941127e+00 -2.829368e+01 4.682585e+01
      vertex   7.648234e+00 -2.800078e+01 4.682585e+01
      vertex   7.441127e+00 -2.815970e+01 4.682585e+01
    endloop
  endfacet
  facet normal 0.000000e+00 0.000000e+00 -1.000000e+00
    outer loop
      vertex   7.441127e+00 -2.815970e+01 4.682585e+01
      vertex   7.199946e+00 -2.825960e+01 4.682585e+01
      vertex   6.941127e+00 -2.829368e+01 4.682585e+01
    endloop
  endfacet
  facet normal 0.000000e+00 0.000000e+00 -1.000000e+00
    outer loop
      vertex   -3.566650e+01 -2.829368e+01 4.682585e+01
      vertex   -3.439512e+01 -2.811984e+01 4.682585e+01
      vertex   6.941127e+00 -2.829368e+01 4.682585e+01
    endloop
  endfacet
  facet normal 0.000000e+00 0.000000e+00 -1.000000e+00
    outer loop
      vertex   6.941127e+00 -2.829368e+01 4.682585e+01
      vertex   -3.439512e+01 -2.811984e+01 4.682585e+01
      vertex   -3.315617e+01 -2.778574e+01 4.682585e+01
    endloop
  endfacet
  facet normal 0.000000e+00 0.000000e+00 -1.000000e+00
    outer loop
      vertex   6.941127e+00 -2.829368e+01 4.682585e+01
      vertex   -3.315617e+01 -2.778574e+01 4.682585e+01
      vertex   -3.196976e+01 -2.729679e+01 4.682585e+01
    endloop
  endfacet
  facet normal 0.000000e+00 0.000000e+00 -1.000000e+00
    outer loop
      vertex   -3.196976e+01 -2.729679e+01 4.682585e+01
      vertex   -3.085517e+01 -2.666093e+01 4.682585e+01
      vertex   6.941127e+00 -2.829368e+01 4.682585e+01
    endloop
  endfacet
  facet normal 0.000000e+00 0.000000e+00 -1.000000e+00
    outer loop
      vertex   6.941127e+00 -2.829368e+01 4.682585e+01
      vertex   -3.085517e+01 -2.666093e+01 4.682585e+01
      vertex   -2.983049e+01 -2.588849e+01 4.682585e+01
    endloop
  endfacet
  facet normal 0.000000e+00 0.000000e+00 -1.000000e+00
    outer loop
      vertex   6.941127e+00 -2.829368e+01 4.682585e+01
      vertex   -2.983049e+01 -2.588849e+01 4.682585e+01
      vertex   -2.891236e+01 -2.499202e+01 4.682585e+01
    endloop
  endfacet
  facet normal 0.000000e+00 0.000000e+00 -1.000000e+00
    outer loop
      vertex   -2.891236e+01 -2.499202e+01 4.682585e+01
      vertex   -2.811568e+01 -2.398607e+01 4.682585e+01
      vertex   6.941127e+00 -2.829368e+01 4.682585e+01
    endloop
  endfacet
  facet normal 0.000000e+00 0.000000e+00 -1.000000e+00
    outer loop
      vertex   6.941127e+00 -2.829368e+01 4.682585e+01
      vertex   -2.811568e+01 -2.398607e+01 4.682585e+01
      vertex   -2.745341e+01 -2.288697e+01 4.682585e+01
    endloop
  endfacet
  facet normal 0.000000e+00 0.000000e+00 -1.000000e+00
    outer loop
      vertex   -2.693628e+01 -2.171257e+01 4.682585e+01
      vertex   -2.657270e+01 -2.048194e+01 4.682585e+01
      vertex   7.941127e+00 -2.729368e+01 4.682585e+01
    endloop
  endfacet
  facet normal 0.000000e+00 0.000000e+00 -1.000000e+00
    outer loop
      vertex   7.941127e+00 -2.729368e+01 4.682585e+01
      vertex   -2.657270e+01 -2.048194e+01 4.682585e+01
      vertex   -2.636857e+01 -1.921507e+01 4.682585e+01
    endloop
  endfacet
  facet normal 0.000000e+00 0.000000e+00 -1.000000e+00
    outer loop
      vertex   7.941127e+00 -2.729368e+01 4.682585e+01
      vertex   -2.636857e+01 -1.921507e+01 4.682585e+01
      vertex   -2.632721e+01 -1.793253e+01 4.682585e+01
    endloop
  endfacet
  facet normal 0.000000e+00 0.000000e+00 -1.000000e+00
    outer loop
      vertex   7.941127e+00 -2.729368e+01 4.682585e+01
      vertex   -2.632721e+01 -1.793253e+01 4.682585e+01
      vertex   7.941127e+00 -9.273677e+00 4.682585e+01
    endloop
  endfacet
  facet normal 0.000000e+00 0.000000e+00 -1.000000e+00
    outer loop
      vertex   7.941127e+00 -9.273677e+00 4.682585e+01
      vertex   -2.632721e+01 -1.793253e+01 4.682585e+01
      vertex   -2.644928e+01 -1.665514e+01 4.682585e+01
    endloop
  endfacet
  facet normal 0.000000e+00 0.000000e+00 -1.000000e+00
    outer loop
      vertex   7.941127e+00 -9.273677e+00 4.682585e+01
      vertex   -2.644928e+01 -1.665514e+01 4.682585e+01
      vertex   -2.673281e+01 -1.540364e+01 4.682585e+01
    endloop
  endfacet
  facet normal 0.000000e+00 0.000000e+00 -1.000000e+00
    outer loop
      vertex   -2.673281e+01 -1.540364e+01 4.682585e+01
      vertex   -2.717319e+01 -1.419836e+01 4.682585e+01
      vertex   7.941127e+00 -9.273677e+00 4.682585e+01
    endloop
  endfacet
  facet normal -0.000000e+00 0.000000e+00 -1.000000e+00
    outer loop
      vertex   7.941127e+00 -9.273677e+00 4.682585e+01
      vertex   -2.717319e+01 -1.419836e+01 4.682585e+01
      vertex   6.941127e+00 -8.273677e+00 4.682585e+01
    endloop
  endfacet
  facet normal 0.000000e+00 0.000000e+00 -1.000000e+00
    outer loop
      vertex   7.941127e+00 -9.273677e+00 4.682585e+01
      vertex   6.941127e+00 -8.273677e+00 4.682585e+01
      vertex   7.907053e+00 -9.014858e+00 4.682585e+01
    endloop
  endfacet
  facet normal 0.000000e+00 0.000000e+00 -1.000000e+00
    outer loop
      vertex   7.907053e+00 -9.014858e+00 4.682585e+01
      vertex   6.941127e+00 -8.273677e+00 4.682585e+01
      vertex   7.807152e+00 -8.773677e+00 4.682585e+01
    endloop
  endfacet
  facet normal 0.000000e+00 0.000000e+00 -1.000000e+00
    outer loop
      vertex   7.807152e+00 -8.773677e+00 4.682585e+01
      vertex   6.941127e+00 -8.273677e+00 4.682585e+01
      vertex   7.648234e+00 -8.566570e+00 4.682585e+01
    endloop
  endfacet
  facet normal 0.000000e+00 0.000000e+00 -1.000000e+00
    outer loop
      vertex   7.648234e+00 -8.566570e+00 4.682585e+01
      vertex   6.941127e+00 -8.273677e+00 4.682585e+01
      vertex   7.441127e+00 -8.407652e+00 4.682585e+01
    endloop
  endfacet
  facet normal 0.000000e+00 0.000000e+00 -1.000000e+00
    outer loop
      vertex   7.441127e+00 -8.407652e+00 4.682585e+01
      vertex   6.941127e+00 -8.273677e+00 4.682585e+01
      vertex   7.199946e+00 -8.307751e+00 4.682585e+01
    endloop
  endfacet
  facet normal 0.000000e+00 0.000000e+00 -1.000000e+00
    outer loop
      vertex   -2.717319e+01 -1.419836e+01 4.682585e+01
      vertex   -2.776327e+01 -1.305887e+01 4.682585e+01
      vertex   6.941127e+00 -8.273677e+00 4.682585e+01
    endloop
  endfacet
  facet normal 0.000000e+00 0.000000e+00 -1.000000e+00
    outer loop
      vertex   6.941127e+00 -8.273677e+00 4.682585e+01
      vertex   -2.776327e+01 -1.305887e+01 4.682585e+01
      vertex   -2.849347e+01 -1.200368e+01 4.682585e+01
    endloop
  endfacet
  facet normal 0.000000e+00 0.000000e+00 -1.000000e+00
    outer loop
      vertex   6.941127e+00 -8.273677e+00 4.682585e+01
      vertex   -2.849347e+01 -1.200368e+01 4.682585e+01
      vertex   -2.935193e+01 -1.104991e+01 4.682585e+01
    endloop
  endfacet
  facet normal 0.000000e+00 0.000000e+00 -1.000000e+00
    outer loop
      vertex   -2.935193e+01 -1.104991e+01 4.682585e+01
      vertex   -3.032471e+01 -1.021305e+01 4.682585e+01
      vertex   6.941127e+00 -8.273677e+00 4.682585e+01
    endloop
  endfacet
  facet normal 0.000000e+00 0.000000e+00 -1.000000e+00
    outer loop
      vertex   6.941127e+00 -8.273677e+00 4.682585e+01
      vertex   -3.032471e+01 -1.021305e+01 4.682585e+01
      vertex   -3.139601e+01 -9.506696e+00 4.682585e+01
    endloop
  endfacet
  facet normal 0.000000e+00 0.000000e+00 -1.000000e+00
    outer loop
      vertex   6.941127e+00 -8.273677e+00 4.682585e+01
      vertex   -3.139601e+01 -9.506696e+00 4.682585e+01
      vertex   -3.254845e+01 -8.942315e+00 4.682585e+01
    endloop
  endfacet
  facet normal 0.000000e+00 0.000000e+00 -1.000000e+00
    outer loop
      vertex   -3.254845e+01 -8.942315e+00 4.682585e+01
      vertex   -3.376330e+01 -8.529072e+00 4.682585e+01
      vertex   6.941127e+00 -8.273677e+00 4.682585e+01
    endloop
  endfacet
  facet normal -0.000000e+00 0.000000e+00 -1.000000e+00
    outer loop
      vertex   6.941127e+00 -8.273677e+00 4.682585e+01
      vertex   -3.376330e+01 -8.529072e+00 4.682585e+01
      vertex   -3.502084e+01 -8.273677e+00 4.682585e+01
    endloop
  endfacet
  facet normal 0.000000e+00 0.000000e+00 -1.000000e+00
    outer loop
      vertex   2.458417e+01 -4.709808e+00 4.411000e+01
      vertex   2.613010e+01 9.248548e+00 4.411000e+01
      vertex   2.658417e+01 -4.709808e+00 4.411000e+01
    endloop
  endfacet
  facet normal 0.000000e+00 0.000000e+00 -1.000000e+00
    outer loop
      vertex   2.658417e+01 -4.709808e+00 4.411000e+01
      vertex   2.613010e+01 9.248548e+00 4.411000e+01
      vertex   4.701887e+01 -2.506366e+01 4.411000e+01
    endloop
  endfacet
  facet normal 0.000000e+00 0.000000e+00 -1.000000e+00
    outer loop
      vertex   2.658417e+01 -4.709808e+00 4.411000e+01
      vertex   4.701887e+01 -2.506366e+01 4.411000e+01
      vertex   2.658417e+01 -1.564981e+01 4.411000e+01
    endloop
  endfacet
  facet normal 0.000000e+00 0.000000e+00 -1.000000e+00
    outer loop
      vertex   2.658417e+01 -1.564981e+01 4.411000e+01
      vertex   4.701887e+01 -2.506366e+01 4.411000e+01
      vertex   2.679277e+01 -2.637600e+01 4.411000e+01
    endloop
  endfacet
  facet normal -0.000000e+00 -0.000000e+00 -1.000000e+00
    outer loop
      vertex   2.658417e+01 -1.564981e+01 4.411000e+01
      vertex   2.679277e+01 -2.637600e+01 4.411000e+01
      vertex   2.458417e+01 -1.564981e+01 4.411000e+01
    endloop
  endfacet
  facet normal 0.000000e+00 -0.000000e+00 -1.000000e+00
    outer loop
      vertex   2.458417e+01 -1.564981e+01 4.411000e+01
      vertex   2.679277e+01 -2.637600e+01 4.411000e+01
      vertex   1.583277e+01 -2.637600e+01 4.411000e+01
    endloop
  endfacet
  facet normal 0.000000e+00 0.000000e+00 -1.000000e+00
    outer loop
      vertex   2.458417e+01 -1.564981e+01 4.411000e+01
      vertex   1.583277e+01 -2.637600e+01 4.411000e+01
      vertex   1.515982e+01 -1.587834e+01 4.411000e+01
    endloop
  endfacet
  facet normal 0.000000e+00 0.000000e+00 -1.000000e+00
    outer loop
      vertex   1.515982e+01 -1.587834e+01 4.411000e+01
      vertex   1.583277e+01 -2.637600e+01 4.411000e+01
      vertex   1.515982e+01 -3.037834e+01 4.411000e+01
    endloop
  endfacet
  facet normal 0.000000e+00 0.000000e+00 -1.000000e+00
    outer loop
      vertex   1.515982e+01 -3.037834e+01 4.411000e+01
      vertex   1.583277e+01 -2.637600e+01 4.411000e+01
      vertex   1.583277e+01 -2.837600e+01 4.411000e+01
    endloop
  endfacet
  facet normal 0.000000e+00 0.000000e+00 -1.000000e+00
    outer loop
      vertex   1.515982e+01 -3.037834e+01 4.411000e+01
      vertex   1.583277e+01 -2.837600e+01 4.411000e+01
      vertex   2.679277e+01 -2.837600e+01 4.411000e+01
    endloop
  endfacet
  facet normal -0.000000e+00 0.000000e+00 -1.000000e+00
    outer loop
      vertex   2.458417e+01 -1.564981e+01 4.411000e+01
      vertex   1.515982e+01 -1.587834e+01 4.411000e+01
      vertex   2.458417e+01 -4.709808e+00 4.411000e+01
    endloop
  endfacet
  facet normal 0.000000e+00 0.000000e+00 -1.000000e+00
    outer loop
      vertex   2.458417e+01 -4.709808e+00 4.411000e+01
      vertex   1.515982e+01 -1.587834e+01 4.411000e+01
      vertex   7.941127e+00 -9.273677e+00 4.411000e+01
    endloop
  endfacet
  facet normal 0.000000e+00 0.000000e+00 -1.000000e+00
    outer loop
      vertex   2.458417e+01 -4.709808e+00 4.411000e+01
      vertex   7.941127e+00 -9.273677e+00 4.411000e+01
      vertex   7.907053e+00 -9.014858e+00 4.411000e+01
    endloop
  endfacet
  facet normal -0.000000e+00 0.000000e+00 -1.000000e+00
    outer loop
      vertex   -6.142089e+01 2.180771e+01 4.411000e+01
      vertex   -6.423466e+01 1.452233e+01 4.411000e+01
      vertex   -6.342089e+01 2.180771e+01 4.411000e+01
    endloop
  endfacet
  facet normal -0.000000e+00 0.000000e+00 -1.000000e+00
    outer loop
      vertex   -6.342089e+01 2.180771e+01 4.411000e+01
      vertex   -6.423466e+01 1.452233e+01 4.411000e+01
      vertex   -7.000113e+01 3.509634e+01 4.411000e+01
    endloop
  endfacet
  facet normal 0.000000e+00 0.000000e+00 -1.000000e+00
    outer loop
      vertex   -6.342089e+01 2.180771e+01 4.411000e+01
      vertex   -7.000113e+01 3.509634e+01 4.411000e+01
      vertex   -6.342089e+01 3.274771e+01 4.411000e+01
    endloop
  endfacet
  facet normal 0.000000e+00 0.000000e+00 -1.000000e+00
    outer loop
      vertex   -6.342089e+01 3.274771e+01 4.411000e+01
      vertex   -7.000113e+01 3.509634e+01 4.411000e+01
      vertex   -6.432731e+01 3.508330e+01 4.411000e+01
    endloop
  endfacet
  facet normal 0.000000e+00 0.000000e+00 -1.000000e+00
    outer loop
      vertex   -6.342089e+01 3.274771e+01 4.411000e+01
      vertex   -6.432731e+01 3.508330e+01 4.411000e+01
      vertex   -6.142089e+01 3.274771e+01 4.411000e+01
    endloop
  endfacet
  facet normal 0.000000e+00 0.000000e+00 -1.000000e+00
    outer loop
      vertex   -6.142089e+01 3.274771e+01 4.411000e+01
      vertex   -6.432731e+01 3.508330e+01 4.411000e+01
      vertex   -5.338731e+01 3.508330e+01 4.411000e+01
    endloop
  endfacet
  facet normal 0.000000e+00 0.000000e+00 -1.000000e+00
    outer loop
      vertex   -6.142089e+01 3.274771e+01 4.411000e+01
      vertex   -5.338731e+01 3.508330e+01 4.411000e+01
      vertex   -4.934123e+01 3.203215e+01 4.411000e+01
    endloop
  endfacet
  facet normal 0.000000e+00 0.000000e+00 -1.000000e+00
    outer loop
      vertex   -4.934123e+01 3.203215e+01 4.411000e+01
      vertex   -5.338731e+01 3.508330e+01 4.411000e+01
      vertex   -4.932079e+01 3.218744e+01 4.411000e+01
    endloop
  endfacet
  facet normal 0.000000e+00 0.000000e+00 -1.000000e+00
    outer loop
      vertex   -4.932079e+01 3.218744e+01 4.411000e+01
      vertex   -5.338731e+01 3.508330e+01 4.411000e+01
      vertex   -4.926085e+01 3.233215e+01 4.411000e+01
    endloop
  endfacet
  facet normal 0.000000e+00 0.000000e+00 -1.000000e+00
    outer loop
      vertex   -4.926085e+01 3.233215e+01 4.411000e+01
      vertex   -5.338731e+01 3.508330e+01 4.411000e+01
      vertex   -4.916550e+01 3.245641e+01 4.411000e+01
    endloop
  endfacet
  facet normal 0.000000e+00 0.000000e+00 -1.000000e+00
    outer loop
      vertex   -4.916550e+01 3.245641e+01 4.411000e+01
      vertex   -5.338731e+01 3.508330e+01 4.411000e+01
      vertex   -4.904123e+01 3.255176e+01 4.411000e+01
    endloop
  endfacet
  facet normal 0.000000e+00 0.000000e+00 -1.000000e+00
    outer loop
      vertex   -4.904123e+01 3.255176e+01 4.411000e+01
      vertex   -5.338731e+01 3.508330e+01 4.411000e+01
      vertex   -4.889652e+01 3.261170e+01 4.411000e+01
    endloop
  endfacet
  facet normal 0.000000e+00 0.000000e+00 -1.000000e+00
    outer loop
      vertex   -4.889652e+01 3.261170e+01 4.411000e+01
      vertex   -5.338731e+01 3.508330e+01 4.411000e+01
      vertex   -4.626990e+01 3.454855e+01 4.411000e+01
    endloop
  endfacet
  facet normal 0.000000e+00 0.000000e+00 -1.000000e+00
    outer loop
      vertex   -4.889652e+01 3.261170e+01 4.411000e+01
      vertex   -4.626990e+01 3.454855e+01 4.411000e+01
      vertex   -4.874123e+01 3.263215e+01 4.411000e+01
    endloop
  endfacet
  facet normal 0.000000e+00 0.000000e+00 -1.000000e+00
    outer loop
      vertex   -4.874123e+01 3.263215e+01 4.411000e+01
      vertex   -4.626990e+01 3.454855e+01 4.411000e+01
      vertex   -4.847123e+01 3.263215e+01 4.411000e+01
    endloop
  endfacet
  facet normal 0.000000e+00 0.000000e+00 -1.000000e+00
    outer loop
      vertex   -4.847123e+01 3.263215e+01 4.411000e+01
      vertex   -4.626990e+01 3.454855e+01 4.411000e+01
      vertex   -4.831594e+01 3.261170e+01 4.411000e+01
    endloop
  endfacet
  facet normal 0.000000e+00 0.000000e+00 -1.000000e+00
    outer loop
      vertex   -4.831594e+01 3.261170e+01 4.411000e+01
      vertex   -4.626990e+01 3.454855e+01 4.411000e+01
      vertex   -4.817123e+01 3.255176e+01 4.411000e+01
    endloop
  endfacet
  facet normal 0.000000e+00 0.000000e+00 -1.000000e+00
    outer loop
      vertex   -4.817123e+01 3.255176e+01 4.411000e+01
      vertex   -4.626990e+01 3.454855e+01 4.411000e+01
      vertex   -4.804697e+01 3.245641e+01 4.411000e+01
    endloop
  endfacet
  facet normal 0.000000e+00 0.000000e+00 -1.000000e+00
    outer loop
      vertex   -4.804697e+01 3.245641e+01 4.411000e+01
      vertex   -4.626990e+01 3.454855e+01 4.411000e+01
      vertex   -4.795162e+01 3.233215e+01 4.411000e+01
    endloop
  endfacet
  facet normal 0.000000e+00 0.000000e+00 -1.000000e+00
    outer loop
      vertex   -4.795162e+01 3.233215e+01 4.411000e+01
      vertex   -4.626990e+01 3.454855e+01 4.411000e+01
      vertex   -4.789168e+01 3.218744e+01 4.411000e+01
    endloop
  endfacet
  facet normal 0.000000e+00 0.000000e+00 -1.000000e+00
    outer loop
      vertex   -4.789168e+01 3.218744e+01 4.411000e+01
      vertex   -4.626990e+01 3.454855e+01 4.411000e+01
      vertex   -4.787123e+01 3.203215e+01 4.411000e+01
    endloop
  endfacet
  facet normal 0.000000e+00 0.000000e+00 -1.000000e+00
    outer loop
      vertex   -4.787123e+01 3.203215e+01 4.411000e+01
      vertex   -4.626990e+01 3.454855e+01 4.411000e+01
      vertex   -4.787123e+01 1.228215e+01 4.411000e+01
    endloop
  endfacet
  facet normal 0.000000e+00 0.000000e+00 -1.000000e+00
    outer loop
      vertex   -4.787123e+01 1.228215e+01 4.411000e+01
      vertex   -4.626990e+01 3.454855e+01 4.411000e+01
      vertex   -4.626990e+01 9.248548e+00 4.411000e+01
    endloop
  endfacet
  facet normal 0.000000e+00 -0.000000e+00 -1.000000e+00
    outer loop
      vertex   -4.787123e+01 1.228215e+01 4.411000e+01
      vertex   -4.626990e+01 9.248548e+00 4.411000e+01
      vertex   -4.789168e+01 1.212686e+01 4.411000e+01
    endloop
  endfacet
  facet normal 0.000000e+00 -0.000000e+00 -1.000000e+00
    outer loop
      vertex   -4.789168e+01 1.212686e+01 4.411000e+01
      vertex   -4.626990e+01 9.248548e+00 4.411000e+01
      vertex   -4.795162e+01 1.198215e+01 4.411000e+01
    endloop
  endfacet
  facet normal 0.000000e+00 -0.000000e+00 -1.000000e+00
    outer loop
      vertex   -4.795162e+01 1.198215e+01 4.411000e+01
      vertex   -4.626990e+01 9.248548e+00 4.411000e+01
      vertex   -4.804697e+01 1.185789e+01 4.411000e+01
    endloop
  endfacet
  facet normal 0.000000e+00 -0.000000e+00 -1.000000e+00
    outer loop
      vertex   -4.804697e+01 1.185789e+01 4.411000e+01
      vertex   -4.626990e+01 9.248548e+00 4.411000e+01
      vertex   -4.817123e+01 1.176253e+01 4.411000e+01
    endloop
  endfacet
  facet normal 0.000000e+00 -0.000000e+00 -1.000000e+00
    outer loop
      vertex   -4.817123e+01 1.176253e+01 4.411000e+01
      vertex   -4.626990e+01 9.248548e+00 4.411000e+01
      vertex   -4.831594e+01 1.170259e+01 4.411000e+01
    endloop
  endfacet
  facet normal 0.000000e+00 -0.000000e+00 -1.000000e+00
    outer loop
      vertex   -4.831594e+01 1.170259e+01 4.411000e+01
      vertex   -4.626990e+01 9.248548e+00 4.411000e+01
      vertex   -4.847123e+01 1.168215e+01 4.411000e+01
    endloop
  endfacet
  facet normal -0.000000e+00 -0.000000e+00 -1.000000e+00
    outer loop
      vertex   -4.847123e+01 1.168215e+01 4.411000e+01
      vertex   -4.626990e+01 9.248548e+00 4.411000e+01
      vertex   -4.874123e+01 1.168215e+01 4.411000e+01
    endloop
  endfacet
  facet normal -0.000000e+00 -0.000000e+00 -1.000000e+00
    outer loop
      vertex   -4.874123e+01 1.168215e+01 4.411000e+01
      vertex   -4.626990e+01 9.248548e+00 4.411000e+01
      vertex   -4.889652e+01 1.170259e+01 4.411000e+01
    endloop
  endfacet
  facet normal -0.000000e+00 -0.000000e+00 -1.000000e+00
    outer loop
      vertex   -4.889652e+01 1.170259e+01 4.411000e+01
      vertex   -4.626990e+01 9.248548e+00 4.411000e+01
      vertex   -4.904123e+01 1.176253e+01 4.411000e+01
    endloop
  endfacet
  facet normal 0.000000e+00 -0.000000e+00 -1.000000e+00
    outer loop
      vertex   -4.904123e+01 1.176253e+01 4.411000e+01
      vertex   -4.626990e+01 9.248548e+00 4.411000e+01
      vertex   -5.683466e+01 -1.785343e+00 4.411000e+01
    endloop
  endfacet
  facet normal -0.000000e+00 0.000000e+00 -1.000000e+00
    outer loop
      vertex   -4.904123e+01 1.176253e+01 4.411000e+01
      vertex   -5.683466e+01 -1.785343e+00 4.411000e+01
      vertex   -5.683466e+01 1.452233e+01 4.411000e+01
    endloop
  endfacet
  facet normal 0.000000e+00 0.000000e+00 -1.000000e+00
    outer loop
      vertex   -6.142089e+01 3.274771e+01 4.411000e+01
      vertex   -4.934123e+01 3.203215e+01 4.411000e+01
      vertex   -6.142089e+01 2.180771e+01 4.411000e+01
    endloop
  endfacet
  facet normal 0.000000e+00 0.000000e+00 -1.000000e+00
    outer loop
      vertex   -6.142089e+01 2.180771e+01 4.411000e+01
      vertex   -4.934123e+01 3.203215e+01 4.411000e+01
      vertex   -5.683466e+01 1.452233e+01 4.411000e+01
    endloop
  endfacet
  facet normal 0.000000e+00 -0.000000e+00 -1.000000e+00
    outer loop
      vertex   -6.142089e+01 2.180771e+01 4.411000e+01
      vertex   -5.683466e+01 1.452233e+01 4.411000e+01
      vertex   -6.423466e+01 1.452233e+01 4.411000e+01
    endloop
  endfacet
  facet normal 0.000000e+00 0.000000e+00 -1.000000e+00
    outer loop
      vertex   1.515982e+01 -3.037834e+01 4.411000e+01
      vertex   2.679277e+01 -2.837600e+01 4.411000e+01
      vertex   3.959887e+01 -3.248366e+01 4.411000e+01
    endloop
  endfacet
  facet normal 0.000000e+00 0.000000e+00 -1.000000e+00
    outer loop
      vertex   3.959887e+01 -3.248366e+01 4.411000e+01
      vertex   2.679277e+01 -2.837600e+01 4.411000e+01
      vertex   2.679277e+01 -2.637600e+01 4.411000e+01
    endloop
  endfacet
  facet normal 0.000000e+00 0.000000e+00 -1.000000e+00
    outer loop
      vertex   3.959887e+01 -3.248366e+01 4.411000e+01
      vertex   2.679277e+01 -2.637600e+01 4.411000e+01
      vertex   4.634834e+01 -2.814604e+01 4.411000e+01
    endloop
  endfacet
  facet normal 0.000000e+00 0.000000e+00 -1.000000e+00
    outer loop
      vertex   4.634834e+01 -2.814604e+01 4.411000e+01
      vertex   2.679277e+01 -2.637600e+01 4.411000e+01
      vertex   4.671831e+01 -2.715412e+01 4.411000e+01
    endloop
  endfacet
  facet normal 0.000000e+00 0.000000e+00 -1.000000e+00
    outer loop
      vertex   4.671831e+01 -2.715412e+01 4.411000e+01
      vertex   2.679277e+01 -2.637600e+01 4.411000e+01
      vertex   4.694335e+01 -2.611964e+01 4.411000e+01
    endloop
  endfacet
  facet normal -0.000000e+00 0.000000e+00 -1.000000e+00
    outer loop
      vertex   4.694335e+01 -2.611964e+01 4.411000e+01
      vertex   2.679277e+01 -2.637600e+01 4.411000e+01
      vertex   4.701887e+01 -2.506366e+01 4.411000e+01
    endloop
  endfacet
  facet normal 0.000000e+00 -0.000000e+00 -1.000000e+00
    outer loop
      vertex   -4.934123e+01 3.203215e+01 4.411000e+01
      vertex   -4.934123e+01 1.228215e+01 4.411000e+01
      vertex   -5.683466e+01 1.452233e+01 4.411000e+01
    endloop
  endfacet
  facet normal 0.000000e+00 0.000000e+00 -1.000000e+00
    outer loop
      vertex   -5.683466e+01 1.452233e+01 4.411000e+01
      vertex   -4.934123e+01 1.228215e+01 4.411000e+01
      vertex   -4.932079e+01 1.212686e+01 4.411000e+01
    endloop
  endfacet
  facet normal 0.000000e+00 0.000000e+00 -1.000000e+00
    outer loop
      vertex   -5.683466e+01 1.452233e+01 4.411000e+01
      vertex   -4.932079e+01 1.212686e+01 4.411000e+01
      vertex   -4.926085e+01 1.198215e+01 4.411000e+01
    endloop
  endfacet
  facet normal -0.000000e+00 -0.000000e+00 -1.000000e+00
    outer loop
      vertex   -4.926085e+01 1.198215e+01 4.411000e+01
      vertex   -4.916550e+01 1.185789e+01 4.411000e+01
      vertex   -5.683466e+01 1.452233e+01 4.411000e+01
    endloop
  endfacet
  facet normal 0.000000e+00 0.000000e+00 -1.000000e+00
    outer loop
      vertex   -5.683466e+01 1.452233e+01 4.411000e+01
      vertex   -4.916550e+01 1.185789e+01 4.411000e+01
      vertex   -4.904123e+01 1.176253e+01 4.411000e+01
    endloop
  endfacet
  facet normal 0.000000e+00 0.000000e+00 -1.000000e+00
    outer loop
      vertex   -6.432731e+01 3.508330e+01 4.411000e+01
      vertex   -6.992560e+01 3.615232e+01 4.411000e+01
      vertex   -6.432731e+01 3.708330e+01 4.411000e+01
    endloop
  endfacet
  facet normal -0.000000e+00 0.000000e+00 -1.000000e+00
    outer loop
      vertex   -6.432731e+01 3.708330e+01 4.411000e+01
      vertex   -6.992560e+01 3.615232e+01 4.411000e+01
      vertex   -6.970056e+01 3.718680e+01 4.411000e+01
    endloop
  endfacet
  facet normal 0.000000e+00 0.000000e+00 -1.000000e+00
    outer loop
      vertex   -6.432731e+01 3.708330e+01 4.411000e+01
      vertex   -6.970056e+01 3.718680e+01 4.411000e+01
      vertex   -6.933060e+01 3.817872e+01 4.411000e+01
    endloop
  endfacet
  facet normal 0.000000e+00 0.000000e+00 -1.000000e+00
    outer loop
      vertex   -5.338731e+01 3.508330e+01 4.411000e+01
      vertex   -5.338731e+01 3.708330e+01 4.411000e+01
      vertex   -4.626990e+01 3.454855e+01 4.411000e+01
    endloop
  endfacet
  facet normal 0.000000e+00 0.000000e+00 -1.000000e+00
    outer loop
      vertex   -4.626990e+01 3.454855e+01 4.411000e+01
      vertex   -5.338731e+01 3.708330e+01 4.411000e+01
      vertex   -6.258113e+01 4.251634e+01 4.411000e+01
    endloop
  endfacet
  facet normal 0.000000e+00 0.000000e+00 -1.000000e+00
    outer loop
      vertex   -4.626990e+01 3.454855e+01 4.411000e+01
      vertex   -6.258113e+01 4.251634e+01 4.411000e+01
      vertex   3.959887e+01 4.251634e+01 4.411000e+01
    endloop
  endfacet
  facet normal 0.000000e+00 0.000000e+00 -1.000000e+00
    outer loop
      vertex   -5.338731e+01 3.708330e+01 4.411000e+01
      vertex   -6.432731e+01 3.708330e+01 4.411000e+01
      vertex   -6.258113e+01 4.251634e+01 4.411000e+01
    endloop
  endfacet
  facet normal 0.000000e+00 0.000000e+00 -1.000000e+00
    outer loop
      vertex   -6.258113e+01 4.251634e+01 4.411000e+01
      vertex   -6.432731e+01 3.708330e+01 4.411000e+01
      vertex   -6.363710e+01 4.244081e+01 4.411000e+01
    endloop
  endfacet
  facet normal 0.000000e+00 0.000000e+00 -1.000000e+00
    outer loop
      vertex   -6.363710e+01 4.244081e+01 4.411000e+01
      vertex   -6.432731e+01 3.708330e+01 4.411000e+01
      vertex   -6.467158e+01 4.221578e+01 4.411000e+01
    endloop
  endfacet
  facet normal 0.000000e+00 -0.000000e+00 -1.000000e+00
    outer loop
      vertex   -6.467158e+01 4.221578e+01 4.411000e+01
      vertex   -6.432731e+01 3.708330e+01 4.411000e+01
      vertex   -6.566351e+01 4.184581e+01 4.411000e+01
    endloop
  endfacet
  facet normal 0.000000e+00 -0.000000e+00 -1.000000e+00
    outer loop
      vertex   -6.566351e+01 4.184581e+01 4.411000e+01
      vertex   -6.432731e+01 3.708330e+01 4.411000e+01
      vertex   -6.659268e+01 4.133844e+01 4.411000e+01
    endloop
  endfacet
  facet normal 0.000000e+00 -0.000000e+00 -1.000000e+00
    outer loop
      vertex   -6.659268e+01 4.133844e+01 4.411000e+01
      vertex   -6.432731e+01 3.708330e+01 4.411000e+01
      vertex   -6.744019e+01 4.070400e+01 4.411000e+01
    endloop
  endfacet
  facet normal 0.000000e+00 -0.000000e+00 -1.000000e+00
    outer loop
      vertex   -6.744019e+01 4.070400e+01 4.411000e+01
      vertex   -6.432731e+01 3.708330e+01 4.411000e+01
      vertex   -6.818879e+01 3.995541e+01 4.411000e+01
    endloop
  endfacet
  facet normal 0.000000e+00 -0.000000e+00 -1.000000e+00
    outer loop
      vertex   -6.818879e+01 3.995541e+01 4.411000e+01
      vertex   -6.432731e+01 3.708330e+01 4.411000e+01
      vertex   -6.882323e+01 3.910789e+01 4.411000e+01
    endloop
  endfacet
  facet normal 0.000000e+00 -0.000000e+00 -1.000000e+00
    outer loop
      vertex   -6.882323e+01 3.910789e+01 4.411000e+01
      vertex   -6.432731e+01 3.708330e+01 4.411000e+01
      vertex   -6.933060e+01 3.817872e+01 4.411000e+01
    endloop
  endfacet
  facet normal 0.000000e+00 0.000000e+00 -1.000000e+00
    outer loop
      vertex   1.515982e+01 -1.587834e+01 4.411000e+01
      vertex   1.115982e+01 -1.587834e+01 4.411000e+01
      vertex   7.941127e+00 -9.273677e+00 4.411000e+01
    endloop
  endfacet
  facet normal 0.000000e+00 0.000000e+00 -1.000000e+00
    outer loop
      vertex   7.941127e+00 -9.273677e+00 4.411000e+01
      vertex   1.115982e+01 -1.587834e+01 4.411000e+01
      vertex   7.941127e+00 -2.729368e+01 4.411000e+01
    endloop
  endfacet
  facet normal 0.000000e+00 0.000000e+00 -1.000000e+00
    outer loop
      vertex   7.941127e+00 -2.729368e+01 4.411000e+01
      vertex   1.115982e+01 -1.587834e+01 4.411000e+01
      vertex   1.115982e+01 -3.037834e+01 4.411000e+01
    endloop
  endfacet
  facet normal 0.000000e+00 -0.000000e+00 -1.000000e+00
    outer loop
      vertex   7.941127e+00 -2.729368e+01 4.411000e+01
      vertex   1.115982e+01 -3.037834e+01 4.411000e+01
      vertex   7.907053e+00 -2.755250e+01 4.411000e+01
    endloop
  endfacet
  facet normal 0.000000e+00 -0.000000e+00 -1.000000e+00
    outer loop
      vertex   7.907053e+00 -2.755250e+01 4.411000e+01
      vertex   1.115982e+01 -3.037834e+01 4.411000e+01
      vertex   7.807152e+00 -2.779368e+01 4.411000e+01
    endloop
  endfacet
  facet normal 0.000000e+00 -0.000000e+00 -1.000000e+00
    outer loop
      vertex   7.807152e+00 -2.779368e+01 4.411000e+01
      vertex   1.115982e+01 -3.037834e+01 4.411000e+01
      vertex   7.648234e+00 -2.800078e+01 4.411000e+01
    endloop
  endfacet
  facet normal 0.000000e+00 -0.000000e+00 -1.000000e+00
    outer loop
      vertex   7.648234e+00 -2.800078e+01 4.411000e+01
      vertex   1.115982e+01 -3.037834e+01 4.411000e+01
      vertex   7.441127e+00 -2.815970e+01 4.411000e+01
    endloop
  endfacet
  facet normal 0.000000e+00 -0.000000e+00 -1.000000e+00
    outer loop
      vertex   7.441127e+00 -2.815970e+01 4.411000e+01
      vertex   1.115982e+01 -3.037834e+01 4.411000e+01
      vertex   7.199946e+00 -2.825960e+01 4.411000e+01
    endloop
  endfacet
  facet normal 0.000000e+00 -0.000000e+00 -1.000000e+00
    outer loop
      vertex   7.199946e+00 -2.825960e+01 4.411000e+01
      vertex   1.115982e+01 -3.037834e+01 4.411000e+01
      vertex   6.941127e+00 -2.829368e+01 4.411000e+01
    endloop
  endfacet
  facet normal -0.000000e+00 -0.000000e+00 -1.000000e+00
    outer loop
      vertex   6.941127e+00 -2.829368e+01 4.411000e+01
      vertex   1.115982e+01 -3.037834e+01 4.411000e+01
      vertex   -3.603972e+01 -2.829368e+01 4.411000e+01
    endloop
  endfacet
  facet normal 0.000000e+00 -0.000000e+00 -1.000000e+00
    outer loop
      vertex   -3.603972e+01 -2.829368e+01 4.411000e+01
      vertex   1.115982e+01 -3.037834e+01 4.411000e+01
      vertex   -6.258113e+01 -3.248366e+01 4.411000e+01
    endloop
  endfacet
  facet normal -0.000000e+00 0.000000e+00 -1.000000e+00
    outer loop
      vertex   -3.603972e+01 -2.829368e+01 4.411000e+01
      vertex   -6.258113e+01 -3.248366e+01 4.411000e+01
      vertex   -3.736390e+01 -2.825278e+01 4.411000e+01
    endloop
  endfacet
  facet normal -0.000000e+00 0.000000e+00 -1.000000e+00
    outer loop
      vertex   -3.736390e+01 -2.825278e+01 4.411000e+01
      vertex   -6.258113e+01 -3.248366e+01 4.411000e+01
      vertex   -3.867120e+01 -2.803805e+01 4.411000e+01
    endloop
  endfacet
  facet normal 0.000000e+00 0.000000e+00 -1.000000e+00
    outer loop
      vertex   -3.867120e+01 -2.803805e+01 4.411000e+01
      vertex   -6.258113e+01 -3.248366e+01 4.411000e+01
      vertex   -5.456210e+01 -2.838534e+01 4.411000e+01
    endloop
  endfacet
  facet normal -0.000000e+00 0.000000e+00 -1.000000e+00
    outer loop
      vertex   -3.867120e+01 -2.803805e+01 4.411000e+01
      vertex   -5.456210e+01 -2.838534e+01 4.411000e+01
      vertex   -3.993889e+01 -2.765324e+01 4.411000e+01
    endloop
  endfacet
  facet normal -0.000000e+00 0.000000e+00 -1.000000e+00
    outer loop
      vertex   -3.993889e+01 -2.765324e+01 4.411000e+01
      vertex   -5.456210e+01 -2.838534e+01 4.411000e+01
      vertex   -4.114496e+01 -2.710502e+01 4.411000e+01
    endloop
  endfacet
  facet normal -0.000000e+00 0.000000e+00 -1.000000e+00
    outer loop
      vertex   -4.114496e+01 -2.710502e+01 4.411000e+01
      vertex   -5.456210e+01 -2.838534e+01 4.411000e+01
      vertex   -4.226843e+01 -2.640293e+01 4.411000e+01
    endloop
  endfacet
  facet normal -0.000000e+00 0.000000e+00 -1.000000e+00
    outer loop
      vertex   -4.226843e+01 -2.640293e+01 4.411000e+01
      vertex   -5.456210e+01 -2.838534e+01 4.411000e+01
      vertex   -5.113210e+01 -2.495534e+01 4.411000e+01
    endloop
  endfacet
  facet normal 0.000000e+00 0.000000e+00 -1.000000e+00
    outer loop
      vertex   -4.226843e+01 -2.640293e+01 4.411000e+01
      vertex   -5.113210e+01 -2.495534e+01 4.411000e+01
      vertex   -4.328980e+01 -2.555915e+01 4.411000e+01
    endloop
  endfacet
  facet normal 0.000000e+00 0.000000e+00 -1.000000e+00
    outer loop
      vertex   -4.328980e+01 -2.555915e+01 4.411000e+01
      vertex   -5.113210e+01 -2.495534e+01 4.411000e+01
      vertex   -4.419130e+01 -2.458837e+01 4.411000e+01
    endloop
  endfacet
  facet normal -0.000000e+00 0.000000e+00 -1.000000e+00
    outer loop
      vertex   -4.419130e+01 -2.458837e+01 4.411000e+01
      vertex   -5.113210e+01 -2.495534e+01 4.411000e+01
      vertex   -4.495728e+01 -2.350744e+01 4.411000e+01
    endloop
  endfacet
  facet normal -0.000000e+00 0.000000e+00 -1.000000e+00
    outer loop
      vertex   -4.495728e+01 -2.350744e+01 4.411000e+01
      vertex   -5.113210e+01 -2.495534e+01 4.411000e+01
      vertex   -4.557442e+01 -2.233514e+01 4.411000e+01
    endloop
  endfacet
  facet normal -0.000000e+00 0.000000e+00 -1.000000e+00
    outer loop
      vertex   -4.557442e+01 -2.233514e+01 4.411000e+01
      vertex   -5.113210e+01 -2.495534e+01 4.411000e+01
      vertex   -4.603200e+01 -2.109186e+01 4.411000e+01
    endloop
  endfacet
  facet normal -0.000000e+00 0.000000e+00 -1.000000e+00
    outer loop
      vertex   -4.603200e+01 -2.109186e+01 4.411000e+01
      vertex   -5.113210e+01 -2.495534e+01 4.411000e+01
      vertex   -4.632207e+01 -1.979919e+01 4.411000e+01
    endloop
  endfacet
  facet normal -0.000000e+00 0.000000e+00 -1.000000e+00
    outer loop
      vertex   -4.632207e+01 -1.979919e+01 4.411000e+01
      vertex   -5.113210e+01 -2.495534e+01 4.411000e+01
      vertex   -4.643958e+01 -1.847960e+01 4.411000e+01
    endloop
  endfacet
  facet normal -0.000000e+00 0.000000e+00 -1.000000e+00
    outer loop
      vertex   -4.643958e+01 -1.847960e+01 4.411000e+01
      vertex   -5.113210e+01 -2.495534e+01 4.411000e+01
      vertex   -4.638250e+01 -1.715601e+01 4.411000e+01
    endloop
  endfacet
  facet normal -0.000000e+00 0.000000e+00 -1.000000e+00
    outer loop
      vertex   -4.638250e+01 -1.715601e+01 4.411000e+01
      vertex   -5.113210e+01 -2.495534e+01 4.411000e+01
      vertex   -4.615182e+01 -1.585144e+01 4.411000e+01
    endloop
  endfacet
  facet normal -0.000000e+00 0.000000e+00 -1.000000e+00
    outer loop
      vertex   -4.615182e+01 -1.585144e+01 4.411000e+01
      vertex   -5.113210e+01 -2.495534e+01 4.411000e+01
      vertex   -5.113210e+01 -1.785343e+00 4.411000e+01
    endloop
  endfacet
  facet normal 0.000000e+00 0.000000e+00 -1.000000e+00
    outer loop
      vertex   -4.615182e+01 -1.585144e+01 4.411000e+01
      vertex   -5.113210e+01 -1.785343e+00 4.411000e+01
      vertex   -4.575155e+01 -1.458854e+01 4.411000e+01
    endloop
  endfacet
  facet normal 0.000000e+00 0.000000e+00 -1.000000e+00
    outer loop
      vertex   -4.575155e+01 -1.458854e+01 4.411000e+01
      vertex   -5.113210e+01 -1.785343e+00 4.411000e+01
      vertex   -4.518863e+01 -1.338926e+01 4.411000e+01
    endloop
  endfacet
  facet normal 0.000000e+00 0.000000e+00 -1.000000e+00
    outer loop
      vertex   -4.518863e+01 -1.338926e+01 4.411000e+01
      vertex   -5.113210e+01 -1.785343e+00 4.411000e+01
      vertex   -4.447286e+01 -1.227445e+01 4.411000e+01
    endloop
  endfacet
  facet normal 0.000000e+00 0.000000e+00 -1.000000e+00
    outer loop
      vertex   -4.447286e+01 -1.227445e+01 4.411000e+01
      vertex   -5.113210e+01 -1.785343e+00 4.411000e+01
      vertex   -4.361667e+01 -1.126347e+01 4.411000e+01
    endloop
  endfacet
  facet normal 0.000000e+00 0.000000e+00 -1.000000e+00
    outer loop
      vertex   -4.361667e+01 -1.126347e+01 4.411000e+01
      vertex   -5.113210e+01 -1.785343e+00 4.411000e+01
      vertex   -4.263494e+01 -1.037390e+01 4.411000e+01
    endloop
  endfacet
  facet normal 0.000000e+00 0.000000e+00 -1.000000e+00
    outer loop
      vertex   -4.263494e+01 -1.037390e+01 4.411000e+01
      vertex   -5.113210e+01 -1.785343e+00 4.411000e+01
      vertex   -4.154473e+01 -9.621189e+00 4.411000e+01
    endloop
  endfacet
  facet normal 0.000000e+00 0.000000e+00 -1.000000e+00
    outer loop
      vertex   -4.154473e+01 -9.621189e+00 4.411000e+01
      vertex   -5.113210e+01 -1.785343e+00 4.411000e+01
      vertex   -4.036499e+01 -9.018418e+00 4.411000e+01
    endloop
  endfacet
  facet normal 0.000000e+00 0.000000e+00 -1.000000e+00
    outer loop
      vertex   -4.036499e+01 -9.018418e+00 4.411000e+01
      vertex   -5.113210e+01 -1.785343e+00 4.411000e+01
      vertex   -3.911621e+01 -8.576064e+00 4.411000e+01
    endloop
  endfacet
  facet normal 0.000000e+00 0.000000e+00 -1.000000e+00
    outer loop
      vertex   -3.911621e+01 -8.576064e+00 4.411000e+01
      vertex   -5.113210e+01 -1.785343e+00 4.411000e+01
      vertex   -3.782009e+01 -8.301813e+00 4.411000e+01
    endloop
  endfacet
  facet normal 0.000000e+00 0.000000e+00 -1.000000e+00
    outer loop
      vertex   -3.782009e+01 -8.301813e+00 4.411000e+01
      vertex   -5.113210e+01 -1.785343e+00 4.411000e+01
      vertex   -3.649916e+01 -8.200430e+00 4.411000e+01
    endloop
  endfacet
  facet normal 0.000000e+00 0.000000e+00 -1.000000e+00
    outer loop
      vertex   -3.649916e+01 -8.200430e+00 4.411000e+01
      vertex   -5.113210e+01 -1.785343e+00 4.411000e+01
      vertex   -4.626990e+01 9.248548e+00 4.411000e+01
    endloop
  endfacet
  facet normal 0.000000e+00 0.000000e+00 -1.000000e+00
    outer loop
      vertex   -3.649916e+01 -8.200430e+00 4.411000e+01
      vertex   -4.626990e+01 9.248548e+00 4.411000e+01
      vertex   -3.517637e+01 -8.273677e+00 4.411000e+01
    endloop
  endfacet
  facet normal 0.000000e+00 0.000000e+00 -1.000000e+00
    outer loop
      vertex   -3.517637e+01 -8.273677e+00 4.411000e+01
      vertex   -4.626990e+01 9.248548e+00 4.411000e+01
      vertex   6.941127e+00 -8.273677e+00 4.411000e+01
    endloop
  endfacet
  facet normal 0.000000e+00 0.000000e+00 -1.000000e+00
    outer loop
      vertex   6.941127e+00 -8.273677e+00 4.411000e+01
      vertex   -4.626990e+01 9.248548e+00 4.411000e+01
      vertex   2.613010e+01 9.248548e+00 4.411000e+01
    endloop
  endfacet
  facet normal 0.000000e+00 0.000000e+00 -1.000000e+00
    outer loop
      vertex   6.941127e+00 -8.273677e+00 4.411000e+01
      vertex   2.613010e+01 9.248548e+00 4.411000e+01
      vertex   7.199946e+00 -8.307751e+00 4.411000e+01
    endloop
  endfacet
  facet normal 0.000000e+00 0.000000e+00 -1.000000e+00
    outer loop
      vertex   7.199946e+00 -8.307751e+00 4.411000e+01
      vertex   2.613010e+01 9.248548e+00 4.411000e+01
      vertex   2.458417e+01 -4.709808e+00 4.411000e+01
    endloop
  endfacet
  facet normal 0.000000e+00 0.000000e+00 -1.000000e+00
    outer loop
      vertex   7.199946e+00 -8.307751e+00 4.411000e+01
      vertex   2.458417e+01 -4.709808e+00 4.411000e+01
      vertex   7.441127e+00 -8.407652e+00 4.411000e+01
    endloop
  endfacet
  facet normal 0.000000e+00 0.000000e+00 -1.000000e+00
    outer loop
      vertex   7.441127e+00 -8.407652e+00 4.411000e+01
      vertex   2.458417e+01 -4.709808e+00 4.411000e+01
      vertex   7.648234e+00 -8.566570e+00 4.411000e+01
    endloop
  endfacet
  facet normal 0.000000e+00 0.000000e+00 -1.000000e+00
    outer loop
      vertex   7.648234e+00 -8.566570e+00 4.411000e+01
      vertex   2.458417e+01 -4.709808e+00 4.411000e+01
      vertex   7.807152e+00 -8.773677e+00 4.411000e+01
    endloop
  endfacet
  facet normal 0.000000e+00 0.000000e+00 -1.000000e+00
    outer loop
      vertex   7.807152e+00 -8.773677e+00 4.411000e+01
      vertex   2.458417e+01 -4.709808e+00 4.411000e+01
      vertex   7.907053e+00 -9.014858e+00 4.411000e+01
    endloop
  endfacet
  facet normal 0.000000e+00 0.000000e+00 -1.000000e+00
    outer loop
      vertex   -6.258113e+01 -3.248366e+01 4.411000e+01
      vertex   1.115982e+01 -3.037834e+01 4.411000e+01
      vertex   3.959887e+01 -3.248366e+01 4.411000e+01
    endloop
  endfacet
  facet normal 0.000000e+00 0.000000e+00 -1.000000e+00
    outer loop
      vertex   3.959887e+01 -3.248366e+01 4.411000e+01
      vertex   1.115982e+01 -3.037834e+01 4.411000e+01
      vertex   1.515982e+01 -3.037834e+01 4.411000e+01
    endloop
  endfacet
  facet normal 0.000000e+00 0.000000e+00 -1.000000e+00
    outer loop
      vertex   -5.113210e+01 -1.785343e+00 4.411000e+01
      vertex   -5.683466e+01 -1.785343e+00 4.411000e+01
      vertex   -4.626990e+01 9.248548e+00 4.411000e+01
    endloop
  endfacet
  facet normal 0.000000e+00 0.000000e+00 -1.000000e+00
    outer loop
      vertex   -6.423466e+01 3.526510e-01 4.411000e+01
      vertex   -6.423808e+01 3.526510e-01 4.411000e+01
      vertex   -6.423466e+01 1.452233e+01 4.411000e+01
    endloop
  endfacet
  facet normal 0.000000e+00 0.000000e+00 -1.000000e+00
    outer loop
      vertex   -6.423466e+01 1.452233e+01 4.411000e+01
      vertex   -6.423808e+01 3.526510e-01 4.411000e+01
      vertex   -6.733210e+01 -1.785343e+00 4.411000e+01
    endloop
  endfacet
  facet normal -0.000000e+00 0.000000e+00 -1.000000e+00
    outer loop
      vertex   -6.423466e+01 1.452233e+01 4.411000e+01
      vertex   -6.733210e+01 -1.785343e+00 4.411000e+01
      vertex   -7.000113e+01 3.509634e+01 4.411000e+01
    endloop
  endfacet
  facet normal 0.000000e+00 0.000000e+00 -1.000000e+00
    outer loop
      vertex   -7.000113e+01 3.509634e+01 4.411000e+01
      vertex   -6.733210e+01 -1.785343e+00 4.411000e+01
      vertex   -7.000113e+01 -2.506366e+01 4.411000e+01
    endloop
  endfacet
  facet normal 0.000000e+00 0.000000e+00 -1.000000e+00
    outer loop
      vertex   -7.000113e+01 -2.506366e+01 4.411000e+01
      vertex   -6.733210e+01 -1.785343e+00 4.411000e+01
      vertex   -6.733210e+01 -2.495534e+01 4.411000e+01
    endloop
  endfacet
  facet normal 0.000000e+00 0.000000e+00 -1.000000e+00
    outer loop
      vertex   -7.000113e+01 -2.506366e+01 4.411000e+01
      vertex   -6.733210e+01 -2.495534e+01 4.411000e+01
      vertex   -6.992560e+01 -2.611964e+01 4.411000e+01
    endloop
  endfacet
  facet normal 0.000000e+00 0.000000e+00 -1.000000e+00
    outer loop
      vertex   -6.992560e+01 -2.611964e+01 4.411000e+01
      vertex   -6.733210e+01 -2.495534e+01 4.411000e+01
      vertex   -6.970056e+01 -2.715412e+01 4.411000e+01
    endloop
  endfacet
  facet normal 0.000000e+00 0.000000e+00 -1.000000e+00
    outer loop
      vertex   -6.970056e+01 -2.715412e+01 4.411000e+01
      vertex   -6.733210e+01 -2.495534e+01 4.411000e+01
      vertex   -6.390210e+01 -2.838534e+01 4.411000e+01
    endloop
  endfacet
  facet normal 0.000000e+00 0.000000e+00 -1.000000e+00
    outer loop
      vertex   -6.970056e+01 -2.715412e+01 4.411000e+01
      vertex   -6.390210e+01 -2.838534e+01 4.411000e+01
      vertex   -6.933060e+01 -2.814604e+01 4.411000e+01
    endloop
  endfacet
  facet normal 0.000000e+00 0.000000e+00 -1.000000e+00
    outer loop
      vertex   -6.933060e+01 -2.814604e+01 4.411000e+01
      vertex   -6.390210e+01 -2.838534e+01 4.411000e+01
      vertex   -6.882323e+01 -2.907522e+01 4.411000e+01
    endloop
  endfacet
  facet normal 0.000000e+00 0.000000e+00 -1.000000e+00
    outer loop
      vertex   -6.882323e+01 -2.907522e+01 4.411000e+01
      vertex   -6.390210e+01 -2.838534e+01 4.411000e+01
      vertex   -6.818879e+01 -2.992273e+01 4.411000e+01
    endloop
  endfacet
  facet normal 0.000000e+00 0.000000e+00 -1.000000e+00
    outer loop
      vertex   -6.818879e+01 -2.992273e+01 4.411000e+01
      vertex   -6.390210e+01 -2.838534e+01 4.411000e+01
      vertex   -6.744019e+01 -3.067132e+01 4.411000e+01
    endloop
  endfacet
  facet normal 0.000000e+00 0.000000e+00 -1.000000e+00
    outer loop
      vertex   -6.744019e+01 -3.067132e+01 4.411000e+01
      vertex   -6.390210e+01 -2.838534e+01 4.411000e+01
      vertex   -6.659268e+01 -3.130576e+01 4.411000e+01
    endloop
  endfacet
  facet normal 0.000000e+00 0.000000e+00 -1.000000e+00
    outer loop
      vertex   -6.659268e+01 -3.130576e+01 4.411000e+01
      vertex   -6.390210e+01 -2.838534e+01 4.411000e+01
      vertex   -6.566351e+01 -3.181313e+01 4.411000e+01
    endloop
  endfacet
  facet normal 0.000000e+00 0.000000e+00 -1.000000e+00
    outer loop
      vertex   -6.566351e+01 -3.181313e+01 4.411000e+01
      vertex   -6.390210e+01 -2.838534e+01 4.411000e+01
      vertex   -6.467158e+01 -3.218310e+01 4.411000e+01
    endloop
  endfacet
  facet normal 0.000000e+00 0.000000e+00 -1.000000e+00
    outer loop
      vertex   -6.467158e+01 -3.218310e+01 4.411000e+01
      vertex   -6.390210e+01 -2.838534e+01 4.411000e+01
      vertex   -6.363710e+01 -3.240814e+01 4.411000e+01
    endloop
  endfacet
  facet normal 0.000000e+00 0.000000e+00 -1.000000e+00
    outer loop
      vertex   -6.363710e+01 -3.240814e+01 4.411000e+01
      vertex   -6.390210e+01 -2.838534e+01 4.411000e+01
      vertex   -6.258113e+01 -3.248366e+01 4.411000e+01
    endloop
  endfacet
  facet normal 0.000000e+00 0.000000e+00 -1.000000e+00
    outer loop
      vertex   -6.258113e+01 -3.248366e+01 4.411000e+01
      vertex   -6.390210e+01 -2.838534e+01 4.411000e+01
      vertex   -5.456210e+01 -2.838534e+01 4.411000e+01
    endloop
  endfacet
  facet normal 0.000000e+00 -0.000000e+00 -1.000000e+00
    outer loop
      vertex   -6.423808e+01 3.526510e-01 4.411000e+01
      vertex   -6.423808e+01 -1.785343e+00 4.411000e+01
      vertex   -6.733210e+01 -1.785343e+00 4.411000e+01
    endloop
  endfacet
  facet normal 0.000000e+00 0.000000e+00 -1.000000e+00
    outer loop
      vertex   -7.000113e+01 3.509634e+01 4.411000e+01
      vertex   -6.992560e+01 3.615232e+01 4.411000e+01
      vertex   -6.432731e+01 3.508330e+01 4.411000e+01
    endloop
  endfacet
  facet normal -0.000000e+00 -0.000000e+00 -1.000000e+00
    outer loop
      vertex   4.065485e+01 4.244081e+01 4.411000e+01
      vertex   4.168933e+01 4.221578e+01 4.411000e+01
      vertex   3.959887e+01 4.251634e+01 4.411000e+01
    endloop
  endfacet
  facet normal 0.000000e+00 0.000000e+00 -1.000000e+00
    outer loop
      vertex   3.959887e+01 4.251634e+01 4.411000e+01
      vertex   4.168933e+01 4.221578e+01 4.411000e+01
      vertex   4.268125e+01 4.184581e+01 4.411000e+01
    endloop
  endfacet
  facet normal 0.000000e+00 0.000000e+00 -1.000000e+00
    outer loop
      vertex   3.959887e+01 4.251634e+01 4.411000e+01
      vertex   4.268125e+01 4.184581e+01 4.411000e+01
      vertex   4.361043e+01 4.133844e+01 4.411000e+01
    endloop
  endfacet
  facet normal -0.000000e+00 -0.000000e+00 -1.000000e+00
    outer loop
      vertex   4.361043e+01 4.133844e+01 4.411000e+01
      vertex   4.445794e+01 4.070400e+01 4.411000e+01
      vertex   3.959887e+01 4.251634e+01 4.411000e+01
    endloop
  endfacet
  facet normal 0.000000e+00 0.000000e+00 -1.000000e+00
    outer loop
      vertex   3.959887e+01 4.251634e+01 4.411000e+01
      vertex   4.445794e+01 4.070400e+01 4.411000e+01
      vertex   4.520654e+01 3.995541e+01 4.411000e+01
    endloop
  endfacet
  facet normal 0.000000e+00 0.000000e+00 -1.000000e+00
    outer loop
      vertex   3.959887e+01 4.251634e+01 4.411000e+01
      vertex   4.520654e+01 3.995541e+01 4.411000e+01
      vertex   4.584097e+01 3.910789e+01 4.411000e+01
    endloop
  endfacet
  facet normal -0.000000e+00 -0.000000e+00 -1.000000e+00
    outer loop
      vertex   4.584097e+01 3.910789e+01 4.411000e+01
      vertex   4.634834e+01 3.817872e+01 4.411000e+01
      vertex   3.959887e+01 4.251634e+01 4.411000e+01
    endloop
  endfacet
  facet normal 0.000000e+00 -0.000000e+00 -1.000000e+00
    outer loop
      vertex   3.959887e+01 4.251634e+01 4.411000e+01
      vertex   4.634834e+01 3.817872e+01 4.411000e+01
      vertex   2.613010e+01 3.454855e+01 4.411000e+01
    endloop
  endfacet
  facet normal 0.000000e+00 0.000000e+00 -1.000000e+00
    outer loop
      vertex   3.959887e+01 4.251634e+01 4.411000e+01
      vertex   2.613010e+01 3.454855e+01 4.411000e+01
      vertex   -4.626990e+01 3.454855e+01 4.411000e+01
    endloop
  endfacet
  facet normal 0.000000e+00 -0.000000e+00 -1.000000e+00
    outer loop
      vertex   4.634834e+01 3.817872e+01 4.411000e+01
      vertex   4.671831e+01 3.718680e+01 4.411000e+01
      vertex   2.613010e+01 3.454855e+01 4.411000e+01
    endloop
  endfacet
  facet normal 0.000000e+00 0.000000e+00 -1.000000e+00
    outer loop
      vertex   2.613010e+01 3.454855e+01 4.411000e+01
      vertex   4.671831e+01 3.718680e+01 4.411000e+01
      vertex   4.694335e+01 3.615232e+01 4.411000e+01
    endloop
  endfacet
  facet normal 0.000000e+00 0.000000e+00 -1.000000e+00
    outer loop
      vertex   2.613010e+01 3.454855e+01 4.411000e+01
      vertex   4.694335e+01 3.615232e+01 4.411000e+01
      vertex   4.701887e+01 3.509634e+01 4.411000e+01
    endloop
  endfacet
  facet normal 0.000000e+00 0.000000e+00 -1.000000e+00
    outer loop
      vertex   2.613010e+01 3.454855e+01 4.411000e+01
      vertex   4.701887e+01 3.509634e+01 4.411000e+01
      vertex   2.613010e+01 9.248548e+00 4.411000e+01
    endloop
  endfacet
  facet normal 0.000000e+00 0.000000e+00 -1.000000e+00
    outer loop
      vertex   2.613010e+01 9.248548e+00 4.411000e+01
      vertex   4.701887e+01 3.509634e+01 4.411000e+01
      vertex   4.701887e+01 -2.506366e+01 4.411000e+01
    endloop
  endfacet
  facet normal 0.000000e+00 0.000000e+00 -1.000000e+00
    outer loop
      vertex   4.634834e+01 -2.814604e+01 4.411000e+01
      vertex   4.584097e+01 -2.907522e+01 4.411000e+01
      vertex   3.959887e+01 -3.248366e+01 4.411000e+01
    endloop
  endfacet
  facet normal 0.000000e+00 0.000000e+00 -1.000000e+00
    outer loop
      vertex   3.959887e+01 -3.248366e+01 4.411000e+01
      vertex   4.584097e+01 -2.907522e+01 4.411000e+01
      vertex   4.520654e+01 -2.992273e+01 4.411000e+01
    endloop
  endfacet
  facet normal 0.000000e+00 0.000000e+00 -1.000000e+00
    outer loop
      vertex   3.959887e+01 -3.248366e+01 4.411000e+01
      vertex   4.520654e+01 -2.992273e+01 4.411000e+01
      vertex   4.445794e+01 -3.067132e+01 4.411000e+01
    endloop
  endfacet
  facet normal 0.000000e+00 0.000000e+00 -1.000000e+00
    outer loop
      vertex   4.445794e+01 -3.067132e+01 4.411000e+01
      vertex   4.361043e+01 -3.130576e+01 4.411000e+01
      vertex   3.959887e+01 -3.248366e+01 4.411000e+01
    endloop
  endfacet
  facet normal 0.000000e+00 0.000000e+00 -1.000000e+00
    outer loop
      vertex   3.959887e+01 -3.248366e+01 4.411000e+01
      vertex   4.361043e+01 -3.130576e+01 4.411000e+01
      vertex   4.268125e+01 -3.181313e+01 4.411000e+01
    endloop
  endfacet
  facet normal 0.000000e+00 0.000000e+00 -1.000000e+00
    outer loop
      vertex   3.959887e+01 -3.248366e+01 4.411000e+01
      vertex   4.268125e+01 -3.181313e+01 4.411000e+01
      vertex   4.168933e+01 -3.218310e+01 4.411000e+01
    endloop
  endfacet
  facet normal 0.000000e+00 0.000000e+00 -1.000000e+00
    outer loop
      vertex   4.168933e+01 -3.218310e+01 4.411000e+01
      vertex   4.065485e+01 -3.240814e+01 4.411000e+01
      vertex   3.959887e+01 -3.248366e+01 4.411000e+01
    endloop
  endfacet
  facet normal -1.000000e+00 0.000000e+00 0.000000e+00
    outer loop
      vertex   2.613010e+01 9.248548e+00 4.411000e+01
      vertex   2.613010e+01 9.248548e+00 4.760563e+01
      vertex   2.613010e+01 3.454855e+01 4.411000e+01
    endloop
  endfacet
  facet normal -1.000000e+00 0.000000e+00 0.000000e+00
    outer loop
      vertex   2.613010e+01 3.454855e+01 4.411000e+01
      vertex   2.613010e+01 9.248548e+00 4.760563e+01
      vertex   2.613010e+01 3.454855e+01 4.760563e+01
    endloop
  endfacet
  facet normal 1.000000e+00 0.000000e+00 -0.000000e+00
    outer loop
      vertex   1.115982e+01 -1.587834e+01 4.411000e+01
      vertex   1.115982e+01 -1.587834e+01 4.597889e+01
      vertex   1.115982e+01 -3.037834e+01 4.411000e+01
    endloop
  endfacet
  facet normal 1.000000e+00 0.000000e+00 0.000000e+00
    outer loop
      vertex   1.115982e+01 -3.037834e+01 4.411000e+01
      vertex   1.115982e+01 -1.587834e+01 4.597889e+01
      vertex   1.115982e+01 -3.037834e+01 4.597889e+01
    endloop
  endfacet
  facet normal -1.000000e+00 0.000000e+00 0.000000e+00
    outer loop
      vertex   1.515982e+01 -3.037834e+01 4.411000e+01
      vertex   1.515982e+01 -3.037834e+01 4.597889e+01
      vertex   1.515982e+01 -1.587834e+01 4.411000e+01
    endloop
  endfacet
  facet normal -1.000000e+00 0.000000e+00 0.000000e+00
    outer loop
      vertex   1.515982e+01 -1.587834e+01 4.411000e+01
      vertex   1.515982e+01 -3.037834e+01 4.597889e+01
      vertex   1.515982e+01 -1.587834e+01 4.597889e+01
    endloop
  endfacet
  facet normal 0.000000e+00 -0.000000e+00 1.000000e+00
    outer loop
      vertex   1.115982e+01 -3.037834e+01 4.597889e+01
      vertex   1.115982e+01 -1.587834e+01 4.597889e+01
      vertex   1.115863e+01 -3.037834e+01 4.597889e+01
    endloop
  endfacet
  facet normal 0.000000e+00 0.000000e+00 1.000000e+00
    outer loop
      vertex   1.115863e+01 -3.037834e+01 4.597889e+01
      vertex   1.115982e+01 -1.587834e+01 4.597889e+01
      vertex   1.115863e+01 -1.587834e+01 4.597889e+01
    endloop
  endfacet
  facet normal 0.000000e+00 7.071068e-01 -7.071068e-01
    outer loop
      vertex   -6.687210e+01 -2.541534e+01 4.708000e+01
      vertex   -5.159210e+01 -2.541534e+01 4.708000e+01
      vertex   -6.390210e+01 -2.838534e+01 4.411000e+01
    endloop
  endfacet
  facet normal 2.689666e-16 7.071068e-01 -7.071068e-01
    outer loop
      vertex   -6.390210e+01 -2.838534e+01 4.411000e+01
      vertex   -5.159210e+01 -2.541534e+01 4.708000e+01
      vertex   -5.456210e+01 -2.838534e+01 4.411000e+01
    endloop
  endfacet
  facet normal 0.000000e+00 1.000000e+00 0.000000e+00
    outer loop
      vertex   -6.687210e+01 -2.541534e+01 4.708000e+01
      vertex   -6.687210e+01 -2.541534e+01 4.760563e+01
      vertex   -5.159210e+01 -2.541534e+01 4.708000e+01
    endloop
  endfacet
  facet normal 2.325074e-16 1.000000e+00 6.758921e-15
    outer loop
      vertex   -5.159210e+01 -2.541534e+01 4.708000e+01
      vertex   -6.687210e+01 -2.541534e+01 4.760563e+01
      vertex   -5.159210e+01 -2.541534e+01 4.760563e+01
    endloop
  endfacet
  facet normal -5.357920e-02 9.985636e-01 0.000000e+00
    outer loop
      vertex   -3.566650e+01 -2.829368e+01 4.662585e+01
      vertex   -3.603902e+01 -2.831366e+01 4.662585e+01
      vertex   -3.566650e+01 -2.829368e+01 4.682585e+01
    endloop
  endfacet
  facet normal -4.774281e-02 9.988002e-01 -1.089432e-02
    outer loop
      vertex   -3.566650e+01 -2.829368e+01 4.682585e+01
      vertex   -3.603902e+01 -2.831366e+01 4.662585e+01
      vertex   -3.639221e+01 -2.831986e+01 4.760563e+01
    endloop
  endfacet
  facet normal -6.537866e-02 9.974856e-01 -2.735135e-02
    outer loop
      vertex   -3.566650e+01 -2.829368e+01 4.682585e+01
      vertex   -3.639221e+01 -2.831986e+01 4.760563e+01
      vertex   -3.507781e+01 -2.823371e+01 4.760563e+01
    endloop
  endfacet
  facet normal 1.644749e-02 9.997897e-01 1.225137e-02
    outer loop
      vertex   -3.603902e+01 -2.831366e+01 4.662585e+01
      vertex   -3.707624e+01 -2.829660e+01 4.662585e+01
      vertex   -3.639221e+01 -2.831986e+01 4.760563e+01
    endloop
  endfacet
  facet normal 6.538735e-02 9.976181e-01 -2.196738e-02
    outer loop
      vertex   -3.639221e+01 -2.831986e+01 4.760563e+01
      vertex   -3.707624e+01 -2.829660e+01 4.662585e+01
      vertex   -3.770661e+01 -2.823371e+01 4.760563e+01
    endloop
  endfacet
  facet normal 1.192161e-01 9.927835e-01 1.297508e-02
    outer loop
      vertex   -3.770661e+01 -2.823371e+01 4.760563e+01
      vertex   -3.707624e+01 -2.829660e+01 4.662585e+01
      vertex   -3.810620e+01 -2.817292e+01 4.662585e+01
    endloop
  endfacet
  facet normal 1.950562e-01 9.806136e-01 -1.871086e-02
    outer loop
      vertex   -3.770661e+01 -2.823371e+01 4.760563e+01
      vertex   -3.810620e+01 -2.817292e+01 4.662585e+01
      vertex   -3.899852e+01 -2.797673e+01 4.760563e+01
    endloop
  endfacet
  facet normal 2.207346e-01 9.753170e-01 5.735731e-03
    outer loop
      vertex   -3.899852e+01 -2.797673e+01 4.760563e+01
      vertex   -3.810620e+01 -2.817292e+01 4.662585e+01
      vertex   -3.911798e+01 -2.794393e+01 4.662585e+01
    endloop
  endfacet
  facet normal 3.198994e-01 9.474235e-01 -7.289084e-03
    outer loop
      vertex   -3.899852e+01 -2.797673e+01 4.760563e+01
      vertex   -3.911798e+01 -2.794393e+01 4.662585e+01
      vertex   -4.010083e+01 -2.761207e+01 4.662585e+01
    endloop
  endfacet
  facet normal 3.214258e-01 9.468900e-01 -9.205009e-03
    outer loop
      vertex   -3.899852e+01 -2.797673e+01 4.760563e+01
      vertex   -4.010083e+01 -2.761207e+01 4.662585e+01
      vertex   -4.024583e+01 -2.755333e+01 4.760563e+01
    endloop
  endfacet
  facet normal 4.156724e-01 9.094876e-01 6.985482e-03
    outer loop
      vertex   -4.024583e+01 -2.755333e+01 4.760563e+01
      vertex   -4.010083e+01 -2.761207e+01 4.662585e+01
      vertex   -4.104432e+01 -2.718086e+01 4.662585e+01
    endloop
  endfacet
  facet normal 4.422046e-01 8.967022e-01 -1.949782e-02
    outer loop
      vertex   -4.024583e+01 -2.755333e+01 4.760563e+01
      vertex   -4.104432e+01 -2.718086e+01 4.662585e+01
      vertex   -4.142721e+01 -2.697074e+01 4.760563e+01
    endloop
  endfacet
  facet normal 5.070012e-01 8.618428e-01 1.329981e-02
    outer loop
      vertex   -4.142721e+01 -2.697074e+01 4.760563e+01
      vertex   -4.104432e+01 -2.718086e+01 4.662585e+01
      vertex   -4.193845e+01 -2.665487e+01 4.662585e+01
    endloop
  endfacet
  facet normal 5.554378e-01 8.312715e-01 -2.182964e-02
    outer loop
      vertex   -4.142721e+01 -2.697074e+01 4.760563e+01
      vertex   -4.193845e+01 -2.665487e+01 4.662585e+01
      vertex   -4.252244e+01 -2.623893e+01 4.760563e+01
    endloop
  endfacet
  facet normal 5.929883e-01 8.051268e-01 1.165104e-02
    outer loop
      vertex   -4.252244e+01 -2.623893e+01 4.760563e+01
      vertex   -4.193845e+01 -2.665487e+01 4.662585e+01
      vertex   -4.277371e+01 -2.603968e+01 4.662585e+01
    endloop
  endfacet
  facet normal 6.592593e-01 7.517411e-01 -1.620140e-02
    outer loop
      vertex   -4.252244e+01 -2.623893e+01 4.760563e+01
      vertex   -4.277371e+01 -2.603968e+01 4.662585e+01
      vertex   -4.351277e+01 -2.537043e+01 4.760563e+01
    endloop
  endfacet
  facet normal 6.727165e-01 7.398976e-01 2.039450e-03
    outer loop
      vertex   -4.351277e+01 -2.537043e+01 4.760563e+01
      vertex   -4.277371e+01 -2.603968e+01 4.662585e+01
      vertex   -4.354126e+01 -2.534183e+01 4.662585e+01
    endloop
  endfacet
  facet normal 7.452663e-01 6.667633e-01 -2.204354e-03
    outer loop
      vertex   -4.351277e+01 -2.537043e+01 4.760563e+01
      vertex   -4.354126e+01 -2.534183e+01 4.662585e+01
      vertex   -4.423294e+01 -2.456871e+01 4.662585e+01
    endloop
  endfacet
  facet normal 7.517753e-01 6.592892e-01 -1.310429e-02
    outer loop
      vertex   -4.351277e+01 -2.537043e+01 4.760563e+01
      vertex   -4.423294e+01 -2.456871e+01 4.662585e+01
      vertex   -4.438128e+01 -2.438009e+01 4.760563e+01
    endloop
  endfacet
  facet normal 8.098714e-01 5.865273e-01 9.699549e-03
    outer loop
      vertex   -4.438128e+01 -2.438009e+01 4.760563e+01
      vertex   -4.423294e+01 -2.456871e+01 4.662585e+01
      vertex   -4.484141e+01 -2.372854e+01 4.662585e+01
    endloop
  endfacet
  facet normal 8.312858e-01 5.554474e-01 -2.102505e-02
    outer loop
      vertex   -4.438128e+01 -2.438009e+01 4.760563e+01
      vertex   -4.484141e+01 -2.372854e+01 4.662585e+01
      vertex   -4.511308e+01 -2.328486e+01 4.760563e+01
    endloop
  endfacet
  facet normal 8.658754e-01 5.000737e-01 1.364140e-02
    outer loop
      vertex   -4.511308e+01 -2.328486e+01 4.760563e+01
      vertex   -4.484141e+01 -2.372854e+01 4.662585e+01
      vertex   -4.536021e+01 -2.283023e+01 4.662585e+01
    endloop
  endfacet
  facet normal 8.966752e-01 4.421913e-01 -2.098535e-02
    outer loop
      vertex   -4.511308e+01 -2.328486e+01 4.760563e+01
      vertex   -4.536021e+01 -2.283023e+01 4.662585e+01
      vertex   -4.569568e+01 -2.210348e+01 4.760563e+01
    endloop
  endfacet
  facet normal 9.127706e-01 4.083593e-01 9.620132e-03
    outer loop
      vertex   -4.569568e+01 -2.210348e+01 4.760563e+01
      vertex   -4.536021e+01 -2.283023e+01 4.662585e+01
      vertex   -4.578385e+01 -2.188331e+01 4.662585e+01
    endloop
  endfacet
  facet normal 9.468503e-01 3.214124e-01 -1.298519e-02
    outer loop
      vertex   -4.569568e+01 -2.210348e+01 4.760563e+01
      vertex   -4.578385e+01 -2.188331e+01 4.662585e+01
      vertex   -4.611908e+01 -2.085617e+01 4.760563e+01
    endloop
  endfacet
  facet normal 9.499801e-01 3.123016e-01 -2.363147e-03
    outer loop
      vertex   -4.611908e+01 -2.085617e+01 4.760563e+01
      vertex   -4.578385e+01 -2.188331e+01 4.662585e+01
      vertex   -4.610782e+01 -2.089783e+01 4.662585e+01
    endloop
  endfacet
  facet normal 9.770690e-01 2.129120e-01 2.174608e-03
    outer loop
      vertex   -4.611908e+01 -2.085617e+01 4.760563e+01
      vertex   -4.610782e+01 -2.089783e+01 4.662585e+01
      vertex   -4.632869e+01 -1.988425e+01 4.662585e+01
    endloop
  endfacet
  facet normal 9.806550e-01 1.950644e-01 -1.629684e-02
    outer loop
      vertex   -4.611908e+01 -2.085617e+01 4.760563e+01
      vertex   -4.632869e+01 -1.988425e+01 4.662585e+01
      vertex   -4.637606e+01 -1.956426e+01 4.760563e+01
    endloop
  endfacet
  facet normal 9.937229e-01 1.112554e-01 1.170679e-02
    outer loop
      vertex   -4.637606e+01 -1.956426e+01 4.760563e+01
      vertex   -4.632869e+01 -1.988425e+01 4.662585e+01
      vertex   -4.644411e+01 -1.885333e+01 4.662585e+01
    endloop
  endfacet
  facet normal 9.976208e-01 6.538752e-02 -2.184568e-02
    outer loop
      vertex   -4.637606e+01 -1.956426e+01 4.760563e+01
      vertex   -4.644411e+01 -1.885333e+01 4.662585e+01
      vertex   -4.646221e+01 -1.824986e+01 4.760563e+01
    endloop
  endfacet
  facet normal 9.998763e-01 8.432120e-03 1.327615e-02
    outer loop
      vertex   -4.646221e+01 -1.824986e+01 4.760563e+01
      vertex   -4.644411e+01 -1.885333e+01 4.662585e+01
      vertex   -4.645286e+01 -1.781600e+01 4.662585e+01
    endloop
  endfacet
  facet normal 9.976705e-01 -6.539078e-02 -1.943447e-02
    outer loop
      vertex   -4.646221e+01 -1.824986e+01 4.760563e+01
      vertex   -4.645286e+01 -1.781600e+01 4.662585e+01
      vertex   -4.637606e+01 -1.693546e+01 4.760563e+01
    endloop
  endfacet
  facet normal 9.955025e-01 -9.448456e-02 6.882407e-03
    outer loop
      vertex   -4.637606e+01 -1.693546e+01 4.760563e+01
      vertex   -4.645286e+01 -1.781600e+01 4.662585e+01
      vertex   -4.635484e+01 -1.678328e+01 4.662585e+01
    endloop
  endfacet
  facet normal 9.807450e-01 -1.950823e-01 -9.062262e-03
    outer loop
      vertex   -4.637606e+01 -1.693546e+01 4.760563e+01
      vertex   -4.635484e+01 -1.678328e+01 4.662585e+01
      vertex   -4.611908e+01 -1.564355e+01 4.760563e+01
    endloop
  endfacet
  facet normal 9.804957e-01 -1.963983e-01 -7.471488e-03
    outer loop
      vertex   -4.611908e+01 -1.564355e+01 4.760563e+01
      vertex   -4.635484e+01 -1.678328e+01 4.662585e+01
      vertex   -4.615110e+01 -1.576612e+01 4.662585e+01
    endloop
  endfacet
  facet normal 9.550983e-01 -2.962314e-01 5.847239e-03
    outer loop
      vertex   -4.611908e+01 -1.564355e+01 4.760563e+01
      vertex   -4.615110e+01 -1.576612e+01 4.662585e+01
      vertex   -4.584379e+01 -1.477532e+01 4.662585e+01
    endloop
  endfacet
  facet normal 9.467631e-01 -3.213828e-01 -1.878263e-02
    outer loop
      vertex   -4.611908e+01 -1.564355e+01 4.760563e+01
      vertex   -4.584379e+01 -1.477532e+01 4.662585e+01
      vertex   -4.569568e+01 -1.439624e+01 4.760563e+01
    endloop
  endfacet
  facet normal 9.194925e-01 -3.928922e-01 1.300718e-02
    outer loop
      vertex   -4.569568e+01 -1.439624e+01 4.760563e+01
      vertex   -4.584379e+01 -1.477532e+01 4.662585e+01
      vertex   -4.543619e+01 -1.382139e+01 4.662585e+01
    endloop
  endfacet
  facet normal 8.966565e-01 -4.421820e-01 -2.195977e-02
    outer loop
      vertex   -4.569568e+01 -1.439624e+01 4.760563e+01
      vertex   -4.543619e+01 -1.382139e+01 4.662585e+01
      vertex   -4.511308e+01 -1.321486e+01 4.760563e+01
    endloop
  endfacet
  facet normal 8.742023e-01 -4.854085e-01 1.220405e-02
    outer loop
      vertex   -4.511308e+01 -1.321486e+01 4.760563e+01
      vertex   -4.543619e+01 -1.382139e+01 4.662585e+01
      vertex   -4.493260e+01 -1.291446e+01 4.662585e+01
    endloop
  endfacet
  facet normal 8.313469e-01 -5.554883e-01 -1.717692e-02
    outer loop
      vertex   -4.511308e+01 -1.321486e+01 4.760563e+01
      vertex   -4.493260e+01 -1.291446e+01 4.662585e+01
      vertex   -4.438128e+01 -1.211963e+01 4.760563e+01
    endloop
  endfacet
  facet normal 8.196818e-01 -5.728088e-01 3.437971e-03
    outer loop
      vertex   -4.438128e+01 -1.211963e+01 4.760563e+01
      vertex   -4.493260e+01 -1.291446e+01 4.662585e+01
      vertex   -4.433839e+01 -1.206414e+01 4.662585e+01
    endloop
  endfacet
  facet normal 7.564013e-01 -6.540960e-01 -3.935827e-03
    outer loop
      vertex   -4.438128e+01 -1.211963e+01 4.760563e+01
      vertex   -4.433839e+01 -1.206414e+01 4.662585e+01
      vertex   -4.365985e+01 -1.127947e+01 4.662585e+01
    endloop
  endfacet
  facet normal 7.517875e-01 -6.592999e-01 -1.179550e-02
    outer loop
      vertex   -4.438128e+01 -1.211963e+01 4.760563e+01
      vertex   -4.365985e+01 -1.127947e+01 4.662585e+01
      vertex   -4.351277e+01 -1.112930e+01 4.760563e+01
    endloop
  endfacet
  facet normal 6.850741e-01 -7.284201e-01 8.813223e-03
    outer loop
      vertex   -4.351277e+01 -1.112930e+01 4.760563e+01
      vertex   -4.365985e+01 -1.127947e+01 4.662585e+01
      vertex   -4.290418e+01 -1.056877e+01 4.662585e+01
    endloop
  endfacet
  facet normal 6.592064e-01 -7.516809e-01 -2.056173e-02
    outer loop
      vertex   -4.351277e+01 -1.112930e+01 4.760563e+01
      vertex   -4.290418e+01 -1.056877e+01 4.662585e+01
      vertex   -4.252244e+01 -1.026079e+01 4.760563e+01
    endloop
  endfacet
  facet normal 6.064676e-01 -7.949918e-01 1.360072e-02
    outer loop
      vertex   -4.252244e+01 -1.026079e+01 4.760563e+01
      vertex   -4.290418e+01 -1.056877e+01 4.662585e+01
      vertex   -4.207941e+01 -9.939587e+00 4.662585e+01
    endloop
  endfacet
  facet normal 5.554434e-01 -8.312798e-01 -2.136733e-02
    outer loop
      vertex   -4.252244e+01 -1.026079e+01 4.760563e+01
      vertex   -4.207941e+01 -9.939587e+00 4.662585e+01
      vertex   -4.142721e+01 -9.528985e+00 4.760563e+01
    endloop
  endfacet
  facet normal 5.214819e-01 -8.531986e-01 1.042509e-02
    outer loop
      vertex   -4.142721e+01 -9.528985e+00 4.760563e+01
      vertex   -4.207941e+01 -9.939587e+00 4.662585e+01
      vertex   -4.119428e+01 -9.398591e+00 4.662585e+01
    endloop
  endfacet
  facet normal 4.422440e-01 -8.967822e-01 -1.421263e-02
    outer loop
      vertex   -4.142721e+01 -9.528985e+00 4.760563e+01
      vertex   -4.119428e+01 -9.398591e+00 4.662585e+01
      vertex   -4.024583e+01 -8.946394e+00 4.760563e+01
    endloop
  endfacet
  facet normal 4.309624e-01 -9.023696e-01 -7.129207e-04
    outer loop
      vertex   -4.024583e+01 -8.946394e+00 4.760563e+01
      vertex   -4.119428e+01 -9.398591e+00 4.662585e+01
      vertex   -4.025820e+01 -8.951526e+00 4.662585e+01
    endloop
  endfacet
  facet normal 3.358411e-01 -9.419184e-01 6.947766e-04
    outer loop
      vertex   -4.024583e+01 -8.946394e+00 4.760563e+01
      vertex   -4.025820e+01 -8.951526e+00 4.662585e+01
      vertex   -3.928108e+01 -8.603136e+00 4.662585e+01
    endloop
  endfacet
  facet normal 3.214021e-01 -9.468202e-01 -1.523996e-02
    outer loop
      vertex   -4.024583e+01 -8.946394e+00 4.760563e+01
      vertex   -3.928108e+01 -8.603136e+00 4.662585e+01
      vertex   -3.899852e+01 -8.522988e+00 4.760563e+01
    endloop
  endfacet
  facet normal 2.371414e-01 -9.714120e-01 1.107241e-02
    outer loop
      vertex   -3.899852e+01 -8.522988e+00 4.760563e+01
      vertex   -3.928108e+01 -8.603136e+00 4.662585e+01
      vertex   -3.827331e+01 -8.357119e+00 4.662585e+01
    endloop
  endfacet
  facet normal 1.950447e-01 -9.805557e-01 -2.163421e-02
    outer loop
      vertex   -3.899852e+01 -8.522988e+00 4.760563e+01
      vertex   -3.827331e+01 -8.357119e+00 4.662585e+01
      vertex   -3.770661e+01 -8.266011e+00 4.760563e+01
    endloop
  endfacet
  facet normal 1.359416e-01 -9.906250e-01 1.348741e-02
    outer loop
      vertex   -3.770661e+01 -8.266011e+00 4.760563e+01
      vertex   -3.827331e+01 -8.357119e+00 4.662585e+01
      vertex   -3.724558e+01 -8.216085e+00 4.662585e+01
    endloop
  endfacet
  facet normal 6.538996e-02 -9.976580e-01 -2.006831e-02
    outer loop
      vertex   -3.770661e+01 -8.266011e+00 4.760563e+01
      vertex   -3.724558e+01 -8.216085e+00 4.662585e+01
      vertex   -3.639221e+01 -8.179861e+00 4.760563e+01
    endloop
  endfacet
  facet normal 3.330819e-02 -9.994136e-01 7.939295e-03
    outer loop
      vertex   -3.639221e+01 -8.179861e+00 4.760563e+01
      vertex   -3.724558e+01 -8.216085e+00 4.662585e+01
      vertex   -3.620879e+01 -8.181531e+00 4.662585e+01
    endloop
  endfacet
  facet normal -6.539950e-02 -9.978035e-01 -1.054159e-02
    outer loop
      vertex   -3.639221e+01 -8.179861e+00 4.760563e+01
      vertex   -3.620879e+01 -8.181531e+00 4.662585e+01
      vertex   -3.507781e+01 -8.266011e+00 4.760563e+01
    endloop
  endfacet
  facet normal -6.968792e-02 -9.975533e-01 -5.569794e-03
    outer loop
      vertex   -3.507781e+01 -8.266011e+00 4.760563e+01
      vertex   -3.620879e+01 -8.181531e+00 4.662585e+01
      vertex   -3.517395e+01 -8.253824e+00 4.662585e+01
    endloop
  endfacet
  facet normal -1.285852e-01 -9.916984e-01 2.823272e-04
    outer loop
      vertex   -3.507781e+01 -8.266011e+00 4.760563e+01
      vertex   -3.517395e+01 -8.253824e+00 4.662585e+01
      vertex   -3.502084e+01 -8.273677e+00 4.662585e+01
    endloop
  endfacet
  facet normal -1.333556e-01 -9.910683e-01 0.000000e+00
    outer loop
      vertex   -3.502084e+01 -8.273677e+00 4.662585e+01
      vertex   -3.502084e+01 -8.273677e+00 4.682585e+01
      vertex   -3.507781e+01 -8.266011e+00 4.760563e+01
    endloop
  endfacet
  facet normal -1.950882e-01 -9.807749e-01 -4.611616e-03
    outer loop
      vertex   -3.507781e+01 -8.266011e+00 4.760563e+01
      vertex   -3.502084e+01 -8.273677e+00 4.682585e+01
      vertex   -3.378590e+01 -8.522988e+00 4.760563e+01
    endloop
  endfacet
  facet normal -1.990279e-01 -9.799920e-01 1.877802e-03
    outer loop
      vertex   -3.378590e+01 -8.522988e+00 4.760563e+01
      vertex   -3.502084e+01 -8.273677e+00 4.682585e+01
      vertex   -3.376330e+01 -8.529072e+00 4.682585e+01
    endloop
  endfacet
  facet normal -3.214389e-01 -9.469284e-01 -1.928495e-03
    outer loop
      vertex   -3.378590e+01 -8.522988e+00 4.760563e+01
      vertex   -3.376330e+01 -8.529072e+00 4.682585e+01
      vertex   -3.253859e+01 -8.946394e+00 4.760563e+01
    endloop
  endfacet
  facet normal -3.220381e-01 -9.467263e-01 -8.791698e-04
    outer loop
      vertex   -3.253859e+01 -8.946394e+00 4.760563e+01
      vertex   -3.376330e+01 -8.529072e+00 4.682585e+01
      vertex   -3.254845e+01 -8.942315e+00 4.682585e+01
    endloop
  endfacet
  facet normal -4.398188e-01 -8.980861e-01 8.646971e-04
    outer loop
      vertex   -3.253859e+01 -8.946394e+00 4.760563e+01
      vertex   -3.254845e+01 -8.942315e+00 4.682585e+01
      vertex   -3.139601e+01 -9.506696e+00 4.682585e+01
    endloop
  endfacet
  facet normal -4.422858e-01 -8.968668e-01 -3.626120e-03
    outer loop
      vertex   -3.253859e+01 -8.946394e+00 4.760563e+01
      vertex   -3.139601e+01 -9.506696e+00 4.682585e+01
      vertex   -3.135721e+01 -9.528985e+00 4.760563e+01
    endloop
  endfacet
  facet normal -5.504544e-01 -8.348578e-01 3.529203e-03
    outer loop
      vertex   -3.135721e+01 -9.528985e+00 4.760563e+01
      vertex   -3.139601e+01 -9.506696e+00 4.682585e+01
      vertex   -3.032471e+01 -1.021305e+01 4.682585e+01
    endloop
  endfacet
  facet normal -5.555595e-01 -8.314535e-01 -6.216733e-03
    outer loop
      vertex   -3.135721e+01 -9.528985e+00 4.760563e+01
      vertex   -3.032471e+01 -1.021305e+01 4.682585e+01
      vertex   -3.026198e+01 -1.026079e+01 4.760563e+01
    endloop
  endfacet
  facet normal -6.521464e-01 -7.580690e-01 6.045998e-03
    outer loop
      vertex   -3.026198e+01 -1.026079e+01 4.760563e+01
      vertex   -3.032471e+01 -1.021305e+01 4.682585e+01
      vertex   -2.935193e+01 -1.104991e+01 4.682585e+01
    endloop
  endfacet
  facet normal -6.593211e-01 -7.518116e-01 -8.659580e-03
    outer loop
      vertex   -3.026198e+01 -1.026079e+01 4.760563e+01
      vertex   -2.935193e+01 -1.104991e+01 4.682585e+01
      vertex   -2.927164e+01 -1.112930e+01 4.760563e+01
    endloop
  endfacet
  facet normal -7.432426e-01 -6.689691e-01 8.415022e-03
    outer loop
      vertex   -2.927164e+01 -1.112930e+01 4.760563e+01
      vertex   -2.935193e+01 -1.104991e+01 4.682585e+01
      vertex   -2.849347e+01 -1.200368e+01 4.682585e+01
    endloop
  endfacet
  facet normal -7.517947e-01 -6.593063e-01 -1.095461e-02
    outer loop
      vertex   -2.927164e+01 -1.112930e+01 4.760563e+01
      vertex   -2.849347e+01 -1.200368e+01 4.682585e+01
      vertex   -2.840314e+01 -1.211963e+01 4.760563e+01
    endloop
  endfacet
  facet normal -8.222636e-01 -5.690074e-01 1.063623e-02
    outer loop
      vertex   -2.840314e+01 -1.211963e+01 4.760563e+01
      vertex   -2.849347e+01 -1.200368e+01 4.682585e+01
      vertex   -2.776327e+01 -1.305887e+01 4.682585e+01
    endloop
  endfacet
  facet normal -8.313982e-01 -5.555225e-01 -1.310180e-02
    outer loop
      vertex   -2.840314e+01 -1.211963e+01 4.760563e+01
      vertex   -2.776327e+01 -1.305887e+01 4.682585e+01
      vertex   -2.767133e+01 -1.321486e+01 4.760563e+01
    endloop
  endfacet
  facet normal -8.879269e-01 -4.598090e-01 1.270959e-02
    outer loop
      vertex   -2.767133e+01 -1.321486e+01 4.760563e+01
      vertex   -2.776327e+01 -1.305887e+01 4.682585e+01
      vertex   -2.717319e+01 -1.419836e+01 4.682585e+01
    endloop
  endfacet
  facet normal -8.967705e-01 -4.422383e-01 -1.510112e-02
    outer loop
      vertex   -2.767133e+01 -1.321486e+01 4.760563e+01
      vertex   -2.717319e+01 -1.419836e+01 4.682585e+01
      vertex   -2.708874e+01 -1.439624e+01 4.760563e+01
    endloop
  endfacet
  facet normal -9.391670e-01 -3.431490e-01 1.463509e-02
    outer loop
      vertex   -2.708874e+01 -1.439624e+01 4.760563e+01
      vertex   -2.717319e+01 -1.419836e+01 4.682585e+01
      vertex   -2.673281e+01 -1.540364e+01 4.682585e+01
    endloop
  endfacet
  facet normal -9.467941e-01 -3.213933e-01 -1.695256e-02
    outer loop
      vertex   -2.708874e+01 -1.439624e+01 4.760563e+01
      vertex   -2.673281e+01 -1.540364e+01 4.682585e+01
      vertex   -2.666534e+01 -1.564355e+01 4.760563e+01
    endloop
  endfacet
  facet normal -9.751532e-01 -2.209228e-01 1.641271e-02
    outer loop
      vertex   -2.666534e+01 -1.564355e+01 4.760563e+01
      vertex   -2.673281e+01 -1.540364e+01 4.682585e+01
      vertex   -2.644928e+01 -1.665514e+01 4.682585e+01
    endloop
  endfacet
  facet normal -9.806146e-01 -1.950564e-01 -1.865612e-02
    outer loop
      vertex   -2.666534e+01 -1.564355e+01 4.760563e+01
      vertex   -2.644928e+01 -1.665514e+01 4.682585e+01
      vertex   -2.640836e+01 -1.693546e+01 4.760563e+01
    endloop
  endfacet
  facet normal -9.953027e-01 -9.511603e-02 1.804246e-02
    outer loop
      vertex   -2.640836e+01 -1.693546e+01 4.760563e+01
      vertex   -2.644928e+01 -1.665514e+01 4.682585e+01
      vertex   -2.632721e+01 -1.793253e+01 4.682585e+01
    endloop
  endfacet
  facet normal -9.976551e-01 -6.538977e-02 -2.021181e-02
    outer loop
      vertex   -2.640836e+01 -1.693546e+01 4.760563e+01
      vertex   -2.632721e+01 -1.793253e+01 4.682585e+01
      vertex   -2.632221e+01 -1.824986e+01 4.760563e+01
    endloop
  endfacet
  facet normal -9.992898e-01 3.222813e-02 1.952435e-02
    outer loop
      vertex   -2.632221e+01 -1.824986e+01 4.760563e+01
      vertex   -2.632721e+01 -1.793253e+01 4.682585e+01
      vertex   -2.636857e+01 -1.921507e+01 4.682585e+01
    endloop
  endfacet
  facet normal -9.976257e-01 6.538784e-02 -2.161964e-02
    outer loop
      vertex   -2.632221e+01 -1.824986e+01 4.760563e+01
      vertex   -2.636857e+01 -1.921507e+01 4.682585e+01
      vertex   -2.640836e+01 -1.956426e+01 4.760563e+01
    endloop
  endfacet
  facet normal -9.870514e-01 1.590420e-01 2.085837e-02
    outer loop
      vertex   -2.640836e+01 -1.956426e+01 4.760563e+01
      vertex   -2.636857e+01 -1.921507e+01 4.682585e+01
      vertex   -2.657270e+01 -2.048194e+01 4.682585e+01
    endloop
  endfacet
  facet normal -9.805285e-01 1.950393e-01 -2.287963e-02
    outer loop
      vertex   -2.640836e+01 -1.956426e+01 4.760563e+01
      vertex   -2.657270e+01 -2.048194e+01 4.682585e+01
      vertex   -2.666534e+01 -2.085617e+01 4.760563e+01
    endloop
  endfacet
  facet normal -9.587877e-01 2.832670e-01 2.204455e-02
    outer loop
      vertex   -2.666534e+01 -2.085617e+01 4.760563e+01
      vertex   -2.657270e+01 -2.048194e+01 4.682585e+01
      vertex   -2.693628e+01 -2.171257e+01 4.682585e+01
    endloop
  endfacet
  facet normal -9.466576e-01 3.213469e-01 -2.399178e-02
    outer loop
      vertex   -2.666534e+01 -2.085617e+01 4.760563e+01
      vertex   -2.693628e+01 -2.171257e+01 4.682585e+01
      vertex   -2.708874e+01 -2.210348e+01 4.760563e+01
    endloop
  endfacet
  facet normal -9.149586e-01 4.028869e-01 2.308290e-02
    outer loop
      vertex   -2.708874e+01 -2.210348e+01 4.760563e+01
      vertex   -2.693628e+01 -2.171257e+01 4.682585e+01
      vertex   -2.745341e+01 -2.288697e+01 4.682585e+01
    endloop
  endfacet
  facet normal -8.965934e-01 4.421509e-01 -2.495613e-02
    outer loop
      vertex   -2.708874e+01 -2.210348e+01 4.760563e+01
      vertex   -2.745341e+01 -2.288697e+01 4.682585e+01
      vertex   -2.767133e+01 -2.328486e+01 4.760563e+01
    endloop
  endfacet
  facet normal -8.562769e-01 5.159605e-01 2.397343e-02
    outer loop
      vertex   -2.767133e+01 -2.328486e+01 4.760563e+01
      vertex   -2.745341e+01 -2.288697e+01 4.682585e+01
      vertex   -2.811568e+01 -2.398607e+01 4.682585e+01
    endloop
  endfacet
  facet normal -8.311934e-01 5.553857e-01 -2.577268e-02
    outer loop
      vertex   -2.767133e+01 -2.328486e+01 4.760563e+01
      vertex   -2.811568e+01 -2.398607e+01 4.682585e+01
      vertex   -2.840314e+01 -2.438009e+01 4.760563e+01
    endloop
  endfacet
  facet normal -7.836957e-01 6.206530e-01 2.471617e-02
    outer loop
      vertex   -2.840314e+01 -2.438009e+01 4.760563e+01
      vertex   -2.811568e+01 -2.398607e+01 4.682585e+01
      vertex   -2.891236e+01 -2.499202e+01 4.682585e+01
    endloop
  endfacet
  facet normal -7.515769e-01 6.591153e-01 -2.644145e-02
    outer loop
      vertex   -2.840314e+01 -2.438009e+01 4.760563e+01
      vertex   -2.891236e+01 -2.499202e+01 4.682585e+01
      vertex   -2.927164e+01 -2.537043e+01 4.760563e+01
    endloop
  endfacet
  facet normal -6.983939e-01 7.152659e-01 2.531112e-02
    outer loop
      vertex   -2.927164e+01 -2.537043e+01 4.760563e+01
      vertex   -2.891236e+01 -2.499202e+01 4.682585e+01
      vertex   -2.983049e+01 -2.588849e+01 4.682585e+01
    endloop
  endfacet
  facet normal -6.591061e-01 7.515665e-01 -2.696245e-02
    outer loop
      vertex   -2.927164e+01 -2.537043e+01 4.760563e+01
      vertex   -2.983049e+01 -2.588849e+01 4.682585e+01
      vertex   -3.026198e+01 -2.623893e+01 4.760563e+01
    endloop
  endfacet
  facet normal -6.017562e-01 7.982643e-01 2.575830e-02
    outer loop
      vertex   -3.026198e+01 -2.623893e+01 4.760563e+01
      vertex   -2.983049e+01 -2.588849e+01 4.682585e+01
      vertex   -3.085517e+01 -2.666093e+01 4.682585e+01
    endloop
  endfacet
  facet normal -5.553626e-01 8.311589e-01 -2.733571e-02
    outer loop
      vertex   -3.026198e+01 -2.623893e+01 4.760563e+01
      vertex   -3.085517e+01 -2.666093e+01 4.682585e+01
      vertex   -3.135721e+01 -2.697074e+01 4.760563e+01
    endloop
  endfacet
  facet normal -4.953513e-01 8.683019e-01 2.605772e-02
    outer loop
      vertex   -3.135721e+01 -2.697074e+01 4.760563e+01
      vertex   -3.085517e+01 -2.666093e+01 4.682585e+01
      vertex   -3.196976e+01 -2.729679e+01 4.682585e+01
    endloop
  endfacet
  facet normal -4.421207e-01 8.965320e-01 -2.756123e-02
    outer loop
      vertex   -3.135721e+01 -2.697074e+01 4.760563e+01
      vertex   -3.196976e+01 -2.729679e+01 4.682585e+01
      vertex   -3.253859e+01 -2.755333e+01 4.760563e+01
    endloop
  endfacet
  facet normal -3.809059e-01 9.242423e-01 2.620938e-02
    outer loop
      vertex   -3.253859e+01 -2.755333e+01 4.760563e+01
      vertex   -3.196976e+01 -2.729679e+01 4.682585e+01
      vertex   -3.315617e+01 -2.778574e+01 4.682585e+01
    endloop
  endfacet
  facet normal -3.213167e-01 9.465684e-01 -2.763900e-02
    outer loop
      vertex   -3.253859e+01 -2.755333e+01 4.760563e+01
      vertex   -3.315617e+01 -2.778574e+01 4.682585e+01
      vertex   -3.378590e+01 -2.797673e+01 4.760563e+01
    endloop
  endfacet
  facet normal -2.602772e-01 9.651780e-01 2.621330e-02
    outer loop
      vertex   -3.378590e+01 -2.797673e+01 4.760563e+01
      vertex   -3.315617e+01 -2.778574e+01 4.682585e+01
      vertex   -3.439512e+01 -2.811984e+01 4.682585e+01
    endloop
  endfacet
  facet normal -1.950162e-01 9.804125e-01 -2.756905e-02
    outer loop
      vertex   -3.378590e+01 -2.797673e+01 4.760563e+01
      vertex   -3.439512e+01 -2.811984e+01 4.682585e+01
      vertex   -3.507781e+01 -2.823371e+01 4.760563e+01
    endloop
  endfacet
  facet normal -1.354226e-01 9.904449e-01 2.606945e-02
    outer loop
      vertex   -3.507781e+01 -2.823371e+01 4.760563e+01
      vertex   -3.439512e+01 -2.811984e+01 4.682585e+01
      vertex   -3.566650e+01 -2.829368e+01 4.682585e+01
    endloop
  endfacet
  facet normal -6.492289e-14 1.000000e+00 -5.760645e-16
    outer loop
      vertex   -5.683808e+01 3.323286e-01 4.634000e+01
      vertex   -5.683808e+01 3.323286e-01 4.653273e+01
      vertex   -5.683466e+01 3.323286e-01 4.634000e+01
    endloop
  endfacet
  facet normal 9.738433e-14 1.000000e+00 2.304258e-15
    outer loop
      vertex   -5.683466e+01 3.323286e-01 4.634000e+01
      vertex   -5.683808e+01 3.323286e-01 4.653273e+01
      vertex   -5.683466e+01 3.323286e-01 4.653273e+01
    endloop
  endfacet
  facet normal -4.590741e-14 7.071068e-01 -7.071068e-01
    outer loop
      vertex   -5.683808e+01 3.323286e-01 4.634000e+01
      vertex   -5.683466e+01 3.323286e-01 4.634000e+01
      vertex   -5.683808e+01 -1.841507e+00 4.416616e+01
    endloop
  endfacet
  facet normal 0.000000e+00 7.071068e-01 -7.071068e-01
    outer loop
      vertex   -5.683808e+01 -1.841507e+00 4.416616e+01
      vertex   -5.683466e+01 3.323286e-01 4.634000e+01
      vertex   -5.683466e+01 -1.841507e+00 4.416616e+01
    endloop
  endfacet
  facet normal 0.000000e+00 0.000000e+00 -1.000000e+00
    outer loop
      vertex   -6.423466e+01 3.526510e-01 4.653273e+01
      vertex   -6.423466e+01 1.214233e+01 4.653273e+01
      vertex   -5.683808e+01 3.526510e-01 4.653273e+01
    endloop
  endfacet
  facet normal 0.000000e+00 0.000000e+00 -1.000000e+00
    outer loop
      vertex   -5.683808e+01 3.526510e-01 4.653273e+01
      vertex   -6.423466e+01 1.214233e+01 4.653273e+01
      vertex   -5.683466e+01 1.214233e+01 4.653273e+01
    endloop
  endfacet
  facet normal 0.000000e+00 0.000000e+00 -1.000000e+00
    outer loop
      vertex   -5.683808e+01 3.526510e-01 4.653273e+01
      vertex   -5.683466e+01 1.214233e+01 4.653273e+01
      vertex   -5.683466e+01 3.323286e-01 4.653273e+01
    endloop
  endfacet
  facet normal 0.000000e+00 0.000000e+00 -1.000000e+00
    outer loop
      vertex   -5.683466e+01 3.323286e-01 4.653273e+01
      vertex   -5.683808e+01 3.323286e-01 4.653273e+01
      vertex   -5.683808e+01 3.526510e-01 4.653273e+01
    endloop
  endfacet
  facet normal 0.000000e+00 -1.000000e+00 0.000000e+00
    outer loop
      vertex   -5.683466e+01 1.214233e+01 4.649000e+01
      vertex   -5.683466e+01 1.214233e+01 4.653273e+01
      vertex   -6.423466e+01 1.214233e+01 4.649000e+01
    endloop
  endfacet
  facet normal 0.000000e+00 -1.000000e+00 0.000000e+00
    outer loop
      vertex   -6.423466e+01 1.214233e+01 4.649000e+01
      vertex   -5.683466e+01 1.214233e+01 4.653273e+01
      vertex   -6.423466e+01 1.214233e+01 4.653273e+01
    endloop
  endfacet
  facet normal -0.000000e+00 0.000000e+00 1.000000e+00
    outer loop
      vertex   1.515982e+01 -1.587834e+01 4.597889e+01
      vertex   1.515982e+01 -3.037834e+01 4.597889e+01
      vertex   3.045863e+01 -1.587834e+01 4.597889e+01
    endloop
  endfacet
  facet normal 0.000000e+00 0.000000e+00 1.000000e+00
    outer loop
      vertex   3.045863e+01 -1.587834e+01 4.597889e+01
      vertex   1.515982e+01 -3.037834e+01 4.597889e+01
      vertex   3.045863e+01 -3.037834e+01 4.597889e+01
    endloop
  endfacet
  facet normal -1.000000e+00 0.000000e+00 0.000000e+00
    outer loop
      vertex   -5.683808e+01 3.526510e-01 4.653273e+01
      vertex   -5.683808e+01 3.323286e-01 4.653273e+01
      vertex   -5.683808e+01 3.526510e-01 4.654000e+01
    endloop
  endfacet
  facet normal -1.000000e+00 -0.000000e+00 0.000000e+00
    outer loop
      vertex   -5.683808e+01 3.526510e-01 4.654000e+01
      vertex   -5.683808e+01 3.323286e-01 4.653273e+01
      vertex   -5.683808e+01 -4.015343e+00 4.654000e+01
    endloop
  endfacet
  facet normal -1.000000e+00 0.000000e+00 0.000000e+00
    outer loop
      vertex   -5.683808e+01 -4.015343e+00 4.654000e+01
      vertex   -5.683808e+01 3.323286e-01 4.653273e+01
      vertex   -5.683808e+01 -4.015343e+00 4.634000e+01
    endloop
  endfacet
  facet normal -1.000000e+00 0.000000e+00 0.000000e+00
    outer loop
      vertex   -5.683808e+01 -4.015343e+00 4.634000e+01
      vertex   -5.683808e+01 3.323286e-01 4.653273e+01
      vertex   -5.683808e+01 3.323286e-01 4.634000e+01
    endloop
  endfacet
  facet normal -1.000000e+00 0.000000e+00 0.000000e+00
    outer loop
      vertex   -5.683808e+01 -4.015343e+00 4.634000e+01
      vertex   -5.683808e+01 3.323286e-01 4.634000e+01
      vertex   -5.683808e+01 -1.841507e+00 4.416616e+01
    endloop
  endfacet
  facet normal 0.000000e+00 0.000000e+00 -1.000000e+00
    outer loop
      vertex   -6.423808e+01 -4.015343e+00 4.654000e+01
      vertex   -6.423808e+01 3.526510e-01 4.654000e+01
      vertex   -5.683808e+01 -4.015343e+00 4.654000e+01
    endloop
  endfacet
  facet normal 0.000000e+00 0.000000e+00 -1.000000e+00
    outer loop
      vertex   -5.683808e+01 -4.015343e+00 4.654000e+01
      vertex   -6.423808e+01 3.526510e-01 4.654000e+01
      vertex   -5.683808e+01 3.526510e-01 4.654000e+01
    endloop
  endfacet
  facet normal -0.000000e+00 -7.071068e-01 -7.071068e-01
    outer loop
      vertex   -5.683466e+01 1.214233e+01 4.649000e+01
      vertex   -6.423466e+01 1.214233e+01 4.649000e+01
      vertex   -5.683466e+01 1.452233e+01 4.411000e+01
    endloop
  endfacet
  facet normal -0.000000e+00 -7.071068e-01 -7.071068e-01
    outer loop
      vertex   -5.683466e+01 1.452233e+01 4.411000e+01
      vertex   -6.423466e+01 1.214233e+01 4.649000e+01
      vertex   -6.423466e+01 1.452233e+01 4.411000e+01
    endloop
  endfacet
  facet normal -1.000000e+00 0.000000e+00 0.000000e+00
    outer loop
      vertex   -5.683466e+01 -1.785343e+00 4.411000e+01
      vertex   -5.683466e+01 -1.841507e+00 4.416616e+01
      vertex   -5.683466e+01 1.452233e+01 4.411000e+01
    endloop
  endfacet
  facet normal -1.000000e+00 0.000000e+00 0.000000e+00
    outer loop
      vertex   -5.683466e+01 1.452233e+01 4.411000e+01
      vertex   -5.683466e+01 -1.841507e+00 4.416616e+01
      vertex   -5.683466e+01 3.323286e-01 4.634000e+01
    endloop
  endfacet
  facet normal -1.000000e+00 0.000000e+00 0.000000e+00
    outer loop
      vertex   -5.683466e+01 1.452233e+01 4.411000e+01
      vertex   -5.683466e+01 3.323286e-01 4.634000e+01
      vertex   -5.683466e+01 1.214233e+01 4.649000e+01
    endloop
  endfacet
  facet normal -1.000000e+00 -0.000000e+00 0.000000e+00
    outer loop
      vertex   -5.683466e+01 1.214233e+01 4.649000e+01
      vertex   -5.683466e+01 3.323286e-01 4.634000e+01
      vertex   -5.683466e+01 3.323286e-01 4.653273e+01
    endloop
  endfacet
  facet normal -1.000000e+00 0.000000e+00 0.000000e+00
    outer loop
      vertex   -5.683466e+01 1.214233e+01 4.649000e+01
      vertex   -5.683466e+01 3.323286e-01 4.653273e+01
      vertex   -5.683466e+01 1.214233e+01 4.653273e+01
    endloop
  endfacet
  facet normal 0.000000e+00 -7.071068e-01 -7.071068e-01
    outer loop
      vertex   -5.683808e+01 -1.841507e+00 4.416616e+01
      vertex   -5.683466e+01 -1.841507e+00 4.416616e+01
      vertex   -5.683808e+01 -4.015343e+00 4.634000e+01
    endloop
  endfacet
  facet normal -1.100666e-16 -7.071068e-01 -7.071068e-01
    outer loop
      vertex   -5.683808e+01 -4.015343e+00 4.634000e+01
      vertex   -5.683466e+01 -1.841507e+00 4.416616e+01
      vertex   -5.113210e+01 -4.015343e+00 4.634000e+01
    endloop
  endfacet
  facet normal 2.469340e-16 -7.071068e-01 -7.071068e-01
    outer loop
      vertex   -5.113210e+01 -4.015343e+00 4.634000e+01
      vertex   -5.683466e+01 -1.841507e+00 4.416616e+01
      vertex   -5.113210e+01 -1.785343e+00 4.411000e+01
    endloop
  endfacet
  facet normal -1.376657e-16 -7.071068e-01 -7.071068e-01
    outer loop
      vertex   -5.113210e+01 -1.785343e+00 4.411000e+01
      vertex   -5.683466e+01 -1.841507e+00 4.416616e+01
      vertex   -5.683466e+01 -1.785343e+00 4.411000e+01
    endloop
  endfacet
  facet normal -2.029837e-16 -7.071068e-01 -7.071068e-01
    outer loop
      vertex   -6.423808e+01 -4.015343e+00 4.634000e+01
      vertex   -6.733210e+01 -4.015343e+00 4.634000e+01
      vertex   -6.423808e+01 -1.785343e+00 4.411000e+01
    endloop
  endfacet
  facet normal 9.134268e-16 -7.071068e-01 -7.071068e-01
    outer loop
      vertex   -6.423808e+01 -1.785343e+00 4.411000e+01
      vertex   -6.733210e+01 -4.015343e+00 4.634000e+01
      vertex   -6.733210e+01 -1.785343e+00 4.411000e+01
    endloop
  endfacet
  facet normal 1.000000e+00 -0.000000e+00 0.000000e+00
    outer loop
      vertex   -6.423808e+01 -4.015343e+00 4.654000e+01
      vertex   -6.423808e+01 -4.015343e+00 4.634000e+01
      vertex   -6.423808e+01 3.526510e-01 4.654000e+01
    endloop
  endfacet
  facet normal 1.000000e+00 0.000000e+00 0.000000e+00
    outer loop
      vertex   -6.423808e+01 3.526510e-01 4.654000e+01
      vertex   -6.423808e+01 -4.015343e+00 4.634000e+01
      vertex   -6.423808e+01 -1.785343e+00 4.411000e+01
    endloop
  endfacet
  facet normal 1.000000e+00 0.000000e+00 0.000000e+00
    outer loop
      vertex   -6.423808e+01 3.526510e-01 4.654000e+01
      vertex   -6.423808e+01 -1.785343e+00 4.411000e+01
      vertex   -6.423808e+01 3.526510e-01 4.411000e+01
    endloop
  endfacet
  facet normal 0.000000e+00 -1.000000e+00 0.000000e+00
    outer loop
      vertex   -6.423466e+01 3.526510e-01 4.411000e+01
      vertex   -6.423466e+01 3.526510e-01 4.653273e+01
      vertex   -6.423808e+01 3.526510e-01 4.411000e+01
    endloop
  endfacet
  facet normal 0.000000e+00 -1.000000e+00 0.000000e+00
    outer loop
      vertex   -6.423808e+01 3.526510e-01 4.411000e+01
      vertex   -6.423466e+01 3.526510e-01 4.653273e+01
      vertex   -6.423808e+01 3.526510e-01 4.654000e+01
    endloop
  endfacet
  facet normal 0.000000e+00 -1.000000e+00 0.000000e+00
    outer loop
      vertex   -6.423808e+01 3.526510e-01 4.654000e+01
      vertex   -6.423466e+01 3.526510e-01 4.653273e+01
      vertex   -5.683808e+01 3.526510e-01 4.654000e+01
    endloop
  endfacet
  facet normal 0.000000e+00 -1.000000e+00 -0.000000e+00
    outer loop
      vertex   -5.683808e+01 3.526510e-01 4.654000e+01
      vertex   -6.423466e+01 3.526510e-01 4.653273e+01
      vertex   -5.683808e+01 3.526510e-01 4.653273e+01
    endloop
  endfacet
  facet normal 1.000000e+00 0.000000e+00 0.000000e+00
    outer loop
      vertex   -6.423466e+01 1.214233e+01 4.653273e+01
      vertex   -6.423466e+01 3.526510e-01 4.653273e+01
      vertex   -6.423466e+01 1.214233e+01 4.649000e+01
    endloop
  endfacet
  facet normal 1.000000e+00 0.000000e+00 0.000000e+00
    outer loop
      vertex   -6.423466e+01 1.214233e+01 4.649000e+01
      vertex   -6.423466e+01 3.526510e-01 4.653273e+01
      vertex   -6.423466e+01 3.526510e-01 4.411000e+01
    endloop
  endfacet
  facet normal 1.000000e+00 0.000000e+00 0.000000e+00
    outer loop
      vertex   -6.423466e+01 1.214233e+01 4.649000e+01
      vertex   -6.423466e+01 3.526510e-01 4.411000e+01
      vertex   -6.423466e+01 1.452233e+01 4.411000e+01
    endloop
  endfacet
  facet normal 0.000000e+00 1.000000e+00 0.000000e+00
    outer loop
      vertex   -6.258113e+01 4.251634e+01 4.411000e+01
      vertex   -6.258113e+01 4.251634e+01 4.760563e+01
      vertex   3.959887e+01 4.251634e+01 4.411000e+01
    endloop
  endfacet
  facet normal 0.000000e+00 1.000000e+00 -0.000000e+00
    outer loop
      vertex   3.959887e+01 4.251634e+01 4.411000e+01
      vertex   -6.258113e+01 4.251634e+01 4.760563e+01
      vertex   3.959887e+01 4.251634e+01 4.760563e+01
    endloop
  endfacet
  facet normal 9.974521e-01 7.133918e-02 0.000000e+00
    outer loop
      vertex   4.701887e+01 3.509634e+01 4.760563e+01
      vertex   4.701887e+01 3.509634e+01 4.411000e+01
      vertex   4.694335e+01 3.615232e+01 4.760563e+01
    endloop
  endfacet
  facet normal 9.974521e-01 7.133918e-02 0.000000e+00
    outer loop
      vertex   4.694335e+01 3.615232e+01 4.760563e+01
      vertex   4.701887e+01 3.509634e+01 4.411000e+01
      vertex   4.694335e+01 3.615232e+01 4.411000e+01
    endloop
  endfacet
  facet normal 9.771469e-01 2.125653e-01 0.000000e+00
    outer loop
      vertex   4.694335e+01 3.615232e+01 4.760563e+01
      vertex   4.694335e+01 3.615232e+01 4.411000e+01
      vertex   4.671831e+01 3.718680e+01 4.760563e+01
    endloop
  endfacet
  facet normal 9.771469e-01 2.125653e-01 0.000000e+00
    outer loop
      vertex   4.671831e+01 3.718680e+01 4.760563e+01
      vertex   4.694335e+01 3.615232e+01 4.411000e+01
      vertex   4.671831e+01 3.718680e+01 4.411000e+01
    endloop
  endfacet
  facet normal 9.369497e-01 3.494642e-01 0.000000e+00
    outer loop
      vertex   4.671831e+01 3.718680e+01 4.760563e+01
      vertex   4.671831e+01 3.718680e+01 4.411000e+01
      vertex   4.634834e+01 3.817872e+01 4.760563e+01
    endloop
  endfacet
  facet normal 9.369497e-01 3.494642e-01 0.000000e+00
    outer loop
      vertex   4.634834e+01 3.817872e+01 4.760563e+01
      vertex   4.671831e+01 3.718680e+01 4.411000e+01
      vertex   4.634834e+01 3.817872e+01 4.411000e+01
    endloop
  endfacet
  facet normal 8.776790e-01 4.792490e-01 0.000000e+00
    outer loop
      vertex   4.634834e+01 3.817872e+01 4.760563e+01
      vertex   4.634834e+01 3.817872e+01 4.411000e+01
      vertex   4.584097e+01 3.910789e+01 4.760563e+01
    endloop
  endfacet
  facet normal 8.776790e-01 4.792490e-01 0.000000e+00
    outer loop
      vertex   4.584097e+01 3.910789e+01 4.760563e+01
      vertex   4.634834e+01 3.817872e+01 4.411000e+01
      vertex   4.584097e+01 3.910789e+01 4.411000e+01
    endloop
  endfacet
  facet normal 8.005412e-01 5.992777e-01 0.000000e+00
    outer loop
      vertex   4.584097e+01 3.910789e+01 4.760563e+01
      vertex   4.584097e+01 3.910789e+01 4.411000e+01
      vertex   4.520654e+01 3.995541e+01 4.760563e+01
    endloop
  endfacet
  facet normal 8.005412e-01 5.992777e-01 0.000000e+00
    outer loop
      vertex   4.520654e+01 3.995541e+01 4.760563e+01
      vertex   4.584097e+01 3.910789e+01 4.411000e+01
      vertex   4.520654e+01 3.995541e+01 4.411000e+01
    endloop
  endfacet
  facet normal 7.071068e-01 7.071068e-01 0.000000e+00
    outer loop
      vertex   4.520654e+01 3.995541e+01 4.760563e+01
      vertex   4.520654e+01 3.995541e+01 4.411000e+01
      vertex   4.445794e+01 4.070400e+01 4.760563e+01
    endloop
  endfacet
  facet normal 7.071068e-01 7.071068e-01 0.000000e+00
    outer loop
      vertex   4.445794e+01 4.070400e+01 4.760563e+01
      vertex   4.520654e+01 3.995541e+01 4.411000e+01
      vertex   4.445794e+01 4.070400e+01 4.411000e+01
    endloop
  endfacet
  facet normal 5.992777e-01 8.005412e-01 0.000000e+00
    outer loop
      vertex   4.445794e+01 4.070400e+01 4.760563e+01
      vertex   4.445794e+01 4.070400e+01 4.411000e+01
      vertex   4.361043e+01 4.133844e+01 4.760563e+01
    endloop
  endfacet
  facet normal 5.992777e-01 8.005412e-01 0.000000e+00
    outer loop
      vertex   4.361043e+01 4.133844e+01 4.760563e+01
      vertex   4.445794e+01 4.070400e+01 4.411000e+01
      vertex   4.361043e+01 4.133844e+01 4.411000e+01
    endloop
  endfacet
  facet normal 4.792490e-01 8.776790e-01 0.000000e+00
    outer loop
      vertex   4.361043e+01 4.133844e+01 4.760563e+01
      vertex   4.361043e+01 4.133844e+01 4.411000e+01
      vertex   4.268125e+01 4.184581e+01 4.760563e+01
    endloop
  endfacet
  facet normal 4.792490e-01 8.776790e-01 0.000000e+00
    outer loop
      vertex   4.268125e+01 4.184581e+01 4.760563e+01
      vertex   4.361043e+01 4.133844e+01 4.411000e+01
      vertex   4.268125e+01 4.184581e+01 4.411000e+01
    endloop
  endfacet
  facet normal 3.494642e-01 9.369497e-01 0.000000e+00
    outer loop
      vertex   4.268125e+01 4.184581e+01 4.760563e+01
      vertex   4.268125e+01 4.184581e+01 4.411000e+01
      vertex   4.168933e+01 4.221578e+01 4.760563e+01
    endloop
  endfacet
  facet normal 3.494642e-01 9.369497e-01 0.000000e+00
    outer loop
      vertex   4.168933e+01 4.221578e+01 4.760563e+01
      vertex   4.268125e+01 4.184581e+01 4.411000e+01
      vertex   4.168933e+01 4.221578e+01 4.411000e+01
    endloop
  endfacet
  facet normal 2.125653e-01 9.771469e-01 0.000000e+00
    outer loop
      vertex   4.168933e+01 4.221578e+01 4.760563e+01
      vertex   4.168933e+01 4.221578e+01 4.411000e+01
      vertex   4.065485e+01 4.244081e+01 4.760563e+01
    endloop
  endfacet
  facet normal 2.125653e-01 9.771469e-01 0.000000e+00
    outer loop
      vertex   4.065485e+01 4.244081e+01 4.760563e+01
      vertex   4.168933e+01 4.221578e+01 4.411000e+01
      vertex   4.065485e+01 4.244081e+01 4.411000e+01
    endloop
  endfacet
  facet normal 7.133918e-02 9.974521e-01 0.000000e+00
    outer loop
      vertex   4.065485e+01 4.244081e+01 4.760563e+01
      vertex   4.065485e+01 4.244081e+01 4.411000e+01
      vertex   3.959887e+01 4.251634e+01 4.760563e+01
    endloop
  endfacet
  facet normal 7.133918e-02 9.974521e-01 0.000000e+00
    outer loop
      vertex   3.959887e+01 4.251634e+01 4.760563e+01
      vertex   4.065485e+01 4.244081e+01 4.411000e+01
      vertex   3.959887e+01 4.251634e+01 4.411000e+01
    endloop
  endfacet
  facet normal 1.000000e+00 0.000000e+00 -0.000000e+00
    outer loop
      vertex   4.701887e+01 3.509634e+01 4.411000e+01
      vertex   4.701887e+01 3.509634e+01 4.760563e+01
      vertex   4.701887e+01 -2.506366e+01 4.411000e+01
    endloop
  endfacet
  facet normal 1.000000e+00 0.000000e+00 0.000000e+00
    outer loop
      vertex   4.701887e+01 -2.506366e+01 4.411000e+01
      vertex   4.701887e+01 3.509634e+01 4.760563e+01
      vertex   4.701887e+01 -2.506366e+01 4.760563e+01
    endloop
  endfacet
  facet normal 7.133918e-02 -9.974521e-01 0.000000e+00
    outer loop
      vertex   3.959887e+01 -3.248366e+01 4.760563e+01
      vertex   3.959887e+01 -3.248366e+01 4.411000e+01
      vertex   4.065485e+01 -3.240814e+01 4.760563e+01
    endloop
  endfacet
  facet normal 7.133918e-02 -9.974521e-01 0.000000e+00
    outer loop
      vertex   4.065485e+01 -3.240814e+01 4.760563e+01
      vertex   3.959887e+01 -3.248366e+01 4.411000e+01
      vertex   4.065485e+01 -3.240814e+01 4.411000e+01
    endloop
  endfacet
  facet normal 2.125653e-01 -9.771469e-01 0.000000e+00
    outer loop
      vertex   4.065485e+01 -3.240814e+01 4.760563e+01
      vertex   4.065485e+01 -3.240814e+01 4.411000e+01
      vertex   4.168933e+01 -3.218310e+01 4.760563e+01
    endloop
  endfacet
  facet normal 2.125653e-01 -9.771469e-01 0.000000e+00
    outer loop
      vertex   4.168933e+01 -3.218310e+01 4.760563e+01
      vertex   4.065485e+01 -3.240814e+01 4.411000e+01
      vertex   4.168933e+01 -3.218310e+01 4.411000e+01
    endloop
  endfacet
  facet normal 3.494642e-01 -9.369497e-01 0.000000e+00
    outer loop
      vertex   4.168933e+01 -3.218310e+01 4.760563e+01
      vertex   4.168933e+01 -3.218310e+01 4.411000e+01
      vertex   4.268125e+01 -3.181313e+01 4.760563e+01
    endloop
  endfacet
  facet normal 3.494642e-01 -9.369497e-01 0.000000e+00
    outer loop
      vertex   4.268125e+01 -3.181313e+01 4.760563e+01
      vertex   4.168933e+01 -3.218310e+01 4.411000e+01
      vertex   4.268125e+01 -3.181313e+01 4.411000e+01
    endloop
  endfacet
  facet normal 4.792490e-01 -8.776790e-01 0.000000e+00
    outer loop
      vertex   4.268125e+01 -3.181313e+01 4.760563e+01
      vertex   4.268125e+01 -3.181313e+01 4.411000e+01
      vertex   4.361043e+01 -3.130576e+01 4.760563e+01
    endloop
  endfacet
  facet normal 4.792490e-01 -8.776790e-01 0.000000e+00
    outer loop
      vertex   4.361043e+01 -3.130576e+01 4.760563e+01
      vertex   4.268125e+01 -3.181313e+01 4.411000e+01
      vertex   4.361043e+01 -3.130576e+01 4.411000e+01
    endloop
  endfacet
  facet normal 5.992777e-01 -8.005412e-01 0.000000e+00
    outer loop
      vertex   4.361043e+01 -3.130576e+01 4.760563e+01
      vertex   4.361043e+01 -3.130576e+01 4.411000e+01
      vertex   4.445794e+01 -3.067132e+01 4.760563e+01
    endloop
  endfacet
  facet normal 5.992777e-01 -8.005412e-01 0.000000e+00
    outer loop
      vertex   4.445794e+01 -3.067132e+01 4.760563e+01
      vertex   4.361043e+01 -3.130576e+01 4.411000e+01
      vertex   4.445794e+01 -3.067132e+01 4.411000e+01
    endloop
  endfacet
  facet normal 7.071068e-01 -7.071068e-01 0.000000e+00
    outer loop
      vertex   4.445794e+01 -3.067132e+01 4.760563e+01
      vertex   4.445794e+01 -3.067132e+01 4.411000e+01
      vertex   4.520654e+01 -2.992273e+01 4.760563e+01
    endloop
  endfacet
  facet normal 7.071068e-01 -7.071068e-01 0.000000e+00
    outer loop
      vertex   4.520654e+01 -2.992273e+01 4.760563e+01
      vertex   4.445794e+01 -3.067132e+01 4.411000e+01
      vertex   4.520654e+01 -2.992273e+01 4.411000e+01
    endloop
  endfacet
  facet normal 8.005412e-01 -5.992777e-01 0.000000e+00
    outer loop
      vertex   4.520654e+01 -2.992273e+01 4.760563e+01
      vertex   4.520654e+01 -2.992273e+01 4.411000e+01
      vertex   4.584097e+01 -2.907522e+01 4.760563e+01
    endloop
  endfacet
  facet normal 8.005412e-01 -5.992777e-01 0.000000e+00
    outer loop
      vertex   4.584097e+01 -2.907522e+01 4.760563e+01
      vertex   4.520654e+01 -2.992273e+01 4.411000e+01
      vertex   4.584097e+01 -2.907522e+01 4.411000e+01
    endloop
  endfacet
  facet normal 8.776790e-01 -4.792490e-01 0.000000e+00
    outer loop
      vertex   4.584097e+01 -2.907522e+01 4.760563e+01
      vertex   4.584097e+01 -2.907522e+01 4.411000e+01
      vertex   4.634834e+01 -2.814604e+01 4.760563e+01
    endloop
  endfacet
  facet normal 8.776790e-01 -4.792490e-01 0.000000e+00
    outer loop
      vertex   4.634834e+01 -2.814604e+01 4.760563e+01
      vertex   4.584097e+01 -2.907522e+01 4.411000e+01
      vertex   4.634834e+01 -2.814604e+01 4.411000e+01
    endloop
  endfacet
  facet normal 9.369497e-01 -3.494642e-01 0.000000e+00
    outer loop
      vertex   4.634834e+01 -2.814604e+01 4.760563e+01
      vertex   4.634834e+01 -2.814604e+01 4.411000e+01
      vertex   4.671831e+01 -2.715412e+01 4.760563e+01
    endloop
  endfacet
  facet normal 9.369497e-01 -3.494642e-01 0.000000e+00
    outer loop
      vertex   4.671831e+01 -2.715412e+01 4.760563e+01
      vertex   4.634834e+01 -2.814604e+01 4.411000e+01
      vertex   4.671831e+01 -2.715412e+01 4.411000e+01
    endloop
  endfacet
  facet normal 9.771469e-01 -2.125653e-01 0.000000e+00
    outer loop
      vertex   4.671831e+01 -2.715412e+01 4.760563e+01
      vertex   4.671831e+01 -2.715412e+01 4.411000e+01
      vertex   4.694335e+01 -2.611964e+01 4.760563e+01
    endloop
  endfacet
  facet normal 9.771469e-01 -2.125653e-01 0.000000e+00
    outer loop
      vertex   4.694335e+01 -2.611964e+01 4.760563e+01
      vertex   4.671831e+01 -2.715412e+01 4.411000e+01
      vertex   4.694335e+01 -2.611964e+01 4.411000e+01
    endloop
  endfacet
  facet normal 9.974521e-01 -7.133918e-02 0.000000e+00
    outer loop
      vertex   4.694335e+01 -2.611964e+01 4.760563e+01
      vertex   4.694335e+01 -2.611964e+01 4.411000e+01
      vertex   4.701887e+01 -2.506366e+01 4.760563e+01
    endloop
  endfacet
  facet normal 9.974521e-01 -7.133918e-02 0.000000e+00
    outer loop
      vertex   4.701887e+01 -2.506366e+01 4.760563e+01
      vertex   4.694335e+01 -2.611964e+01 4.411000e+01
      vertex   4.701887e+01 -2.506366e+01 4.411000e+01
    endloop
  endfacet
  facet normal 0.000000e+00 -1.000000e+00 0.000000e+00
    outer loop
      vertex   3.959887e+01 -3.248366e+01 4.411000e+01
      vertex   3.959887e+01 -3.248366e+01 4.760563e+01
      vertex   -6.258113e+01 -3.248366e+01 4.411000e+01
    endloop
  endfacet
  facet normal 0.000000e+00 -1.000000e+00 0.000000e+00
    outer loop
      vertex   -6.258113e+01 -3.248366e+01 4.411000e+01
      vertex   3.959887e+01 -3.248366e+01 4.760563e+01
      vertex   -6.258113e+01 -3.248366e+01 4.760563e+01
    endloop
  endfacet
  facet normal -9.974521e-01 -7.133918e-02 -0.000000e+00
    outer loop
      vertex   -7.000113e+01 -2.506366e+01 4.760563e+01
      vertex   -7.000113e+01 -2.506366e+01 4.411000e+01
      vertex   -6.992560e+01 -2.611964e+01 4.760563e+01
    endloop
  endfacet
  facet normal -9.974521e-01 -7.133918e-02 -0.000000e+00
    outer loop
      vertex   -6.992560e+01 -2.611964e+01 4.760563e+01
      vertex   -7.000113e+01 -2.506366e+01 4.411000e+01
      vertex   -6.992560e+01 -2.611964e+01 4.411000e+01
    endloop
  endfacet
  facet normal -9.771469e-01 -2.125653e-01 -0.000000e+00
    outer loop
      vertex   -6.992560e+01 -2.611964e+01 4.760563e+01
      vertex   -6.992560e+01 -2.611964e+01 4.411000e+01
      vertex   -6.970056e+01 -2.715412e+01 4.760563e+01
    endloop
  endfacet
  facet normal -9.771469e-01 -2.125653e-01 -0.000000e+00
    outer loop
      vertex   -6.970056e+01 -2.715412e+01 4.760563e+01
      vertex   -6.992560e+01 -2.611964e+01 4.411000e+01
      vertex   -6.970056e+01 -2.715412e+01 4.411000e+01
    endloop
  endfacet
  facet normal -9.369497e-01 -3.494642e-01 -0.000000e+00
    outer loop
      vertex   -6.970056e+01 -2.715412e+01 4.760563e+01
      vertex   -6.970056e+01 -2.715412e+01 4.411000e+01
      vertex   -6.933060e+01 -2.814604e+01 4.760563e+01
    endloop
  endfacet
  facet normal -9.369497e-01 -3.494642e-01 -0.000000e+00
    outer loop
      vertex   -6.933060e+01 -2.814604e+01 4.760563e+01
      vertex   -6.970056e+01 -2.715412e+01 4.411000e+01
      vertex   -6.933060e+01 -2.814604e+01 4.411000e+01
    endloop
  endfacet
  facet normal -8.776790e-01 -4.792490e-01 -0.000000e+00
    outer loop
      vertex   -6.933060e+01 -2.814604e+01 4.760563e+01
      vertex   -6.933060e+01 -2.814604e+01 4.411000e+01
      vertex   -6.882323e+01 -2.907522e+01 4.760563e+01
    endloop
  endfacet
  facet normal -8.776790e-01 -4.792490e-01 -0.000000e+00
    outer loop
      vertex   -6.882323e+01 -2.907522e+01 4.760563e+01
      vertex   -6.933060e+01 -2.814604e+01 4.411000e+01
      vertex   -6.882323e+01 -2.907522e+01 4.411000e+01
    endloop
  endfacet
  facet normal -8.005412e-01 -5.992777e-01 -0.000000e+00
    outer loop
      vertex   -6.882323e+01 -2.907522e+01 4.760563e+01
      vertex   -6.882323e+01 -2.907522e+01 4.411000e+01
      vertex   -6.818879e+01 -2.992273e+01 4.760563e+01
    endloop
  endfacet
  facet normal -8.005412e-01 -5.992777e-01 -0.000000e+00
    outer loop
      vertex   -6.818879e+01 -2.992273e+01 4.760563e+01
      vertex   -6.882323e+01 -2.907522e+01 4.411000e+01
      vertex   -6.818879e+01 -2.992273e+01 4.411000e+01
    endloop
  endfacet
  facet normal -7.071068e-01 -7.071068e-01 -0.000000e+00
    outer loop
      vertex   -6.818879e+01 -2.992273e+01 4.760563e+01
      vertex   -6.818879e+01 -2.992273e+01 4.411000e+01
      vertex   -6.744019e+01 -3.067132e+01 4.760563e+01
    endloop
  endfacet
  facet normal -7.071068e-01 -7.071068e-01 -0.000000e+00
    outer loop
      vertex   -6.744019e+01 -3.067132e+01 4.760563e+01
      vertex   -6.818879e+01 -2.992273e+01 4.411000e+01
      vertex   -6.744019e+01 -3.067132e+01 4.411000e+01
    endloop
  endfacet
  facet normal -5.992777e-01 -8.005412e-01 -0.000000e+00
    outer loop
      vertex   -6.744019e+01 -3.067132e+01 4.760563e+01
      vertex   -6.744019e+01 -3.067132e+01 4.411000e+01
      vertex   -6.659268e+01 -3.130576e+01 4.760563e+01
    endloop
  endfacet
  facet normal -5.992777e-01 -8.005412e-01 -0.000000e+00
    outer loop
      vertex   -6.659268e+01 -3.130576e+01 4.760563e+01
      vertex   -6.744019e+01 -3.067132e+01 4.411000e+01
      vertex   -6.659268e+01 -3.130576e+01 4.411000e+01
    endloop
  endfacet
  facet normal -4.792490e-01 -8.776790e-01 -0.000000e+00
    outer loop
      vertex   -6.659268e+01 -3.130576e+01 4.760563e+01
      vertex   -6.659268e+01 -3.130576e+01 4.411000e+01
      vertex   -6.566351e+01 -3.181313e+01 4.760563e+01
    endloop
  endfacet
  facet normal -4.792490e-01 -8.776790e-01 -0.000000e+00
    outer loop
      vertex   -6.566351e+01 -3.181313e+01 4.760563e+01
      vertex   -6.659268e+01 -3.130576e+01 4.411000e+01
      vertex   -6.566351e+01 -3.181313e+01 4.411000e+01
    endloop
  endfacet
  facet normal -3.494642e-01 -9.369497e-01 -0.000000e+00
    outer loop
      vertex   -6.566351e+01 -3.181313e+01 4.760563e+01
      vertex   -6.566351e+01 -3.181313e+01 4.411000e+01
      vertex   -6.467158e+01 -3.218310e+01 4.760563e+01
    endloop
  endfacet
  facet normal -3.494642e-01 -9.369497e-01 -0.000000e+00
    outer loop
      vertex   -6.467158e+01 -3.218310e+01 4.760563e+01
      vertex   -6.566351e+01 -3.181313e+01 4.411000e+01
      vertex   -6.467158e+01 -3.218310e+01 4.411000e+01
    endloop
  endfacet
  facet normal -2.125653e-01 -9.771469e-01 -0.000000e+00
    outer loop
      vertex   -6.467158e+01 -3.218310e+01 4.760563e+01
      vertex   -6.467158e+01 -3.218310e+01 4.411000e+01
      vertex   -6.363710e+01 -3.240814e+01 4.760563e+01
    endloop
  endfacet
  facet normal -2.125653e-01 -9.771469e-01 -0.000000e+00
    outer loop
      vertex   -6.363710e+01 -3.240814e+01 4.760563e+01
      vertex   -6.467158e+01 -3.218310e+01 4.411000e+01
      vertex   -6.363710e+01 -3.240814e+01 4.411000e+01
    endloop
  endfacet
  facet normal -7.133918e-02 -9.974521e-01 -0.000000e+00
    outer loop
      vertex   -6.363710e+01 -3.240814e+01 4.760563e+01
      vertex   -6.363710e+01 -3.240814e+01 4.411000e+01
      vertex   -6.258113e+01 -3.248366e+01 4.760563e+01
    endloop
  endfacet
  facet normal -7.133918e-02 -9.974521e-01 -0.000000e+00
    outer loop
      vertex   -6.258113e+01 -3.248366e+01 4.760563e+01
      vertex   -6.363710e+01 -3.240814e+01 4.411000e+01
      vertex   -6.258113e+01 -3.248366e+01 4.411000e+01
    endloop
  endfacet
  facet normal -1.000000e+00 0.000000e+00 0.000000e+00
    outer loop
      vertex   -7.000113e+01 -2.506366e+01 4.411000e+01
      vertex   -7.000113e+01 -2.506366e+01 4.760563e+01
      vertex   -7.000113e+01 3.509634e+01 4.411000e+01
    endloop
  endfacet
  facet normal -1.000000e+00 0.000000e+00 0.000000e+00
    outer loop
      vertex   -7.000113e+01 3.509634e+01 4.411000e+01
      vertex   -7.000113e+01 -2.506366e+01 4.760563e+01
      vertex   -7.000113e+01 3.509634e+01 4.760563e+01
    endloop
  endfacet
  facet normal -7.133918e-02 9.974521e-01 0.000000e+00
    outer loop
      vertex   -6.258113e+01 4.251634e+01 4.760563e+01
      vertex   -6.258113e+01 4.251634e+01 4.411000e+01
      vertex   -6.363710e+01 4.244081e+01 4.760563e+01
    endloop
  endfacet
  facet normal -7.133918e-02 9.974521e-01 0.000000e+00
    outer loop
      vertex   -6.363710e+01 4.244081e+01 4.760563e+01
      vertex   -6.258113e+01 4.251634e+01 4.411000e+01
      vertex   -6.363710e+01 4.244081e+01 4.411000e+01
    endloop
  endfacet
  facet normal -2.125653e-01 9.771469e-01 0.000000e+00
    outer loop
      vertex   -6.363710e+01 4.244081e+01 4.760563e+01
      vertex   -6.363710e+01 4.244081e+01 4.411000e+01
      vertex   -6.467158e+01 4.221578e+01 4.760563e+01
    endloop
  endfacet
  facet normal -2.125653e-01 9.771469e-01 0.000000e+00
    outer loop
      vertex   -6.467158e+01 4.221578e+01 4.760563e+01
      vertex   -6.363710e+01 4.244081e+01 4.411000e+01
      vertex   -6.467158e+01 4.221578e+01 4.411000e+01
    endloop
  endfacet
  facet normal -3.494642e-01 9.369497e-01 0.000000e+00
    outer loop
      vertex   -6.467158e+01 4.221578e+01 4.760563e+01
      vertex   -6.467158e+01 4.221578e+01 4.411000e+01
      vertex   -6.566351e+01 4.184581e+01 4.760563e+01
    endloop
  endfacet
  facet normal -3.494642e-01 9.369497e-01 0.000000e+00
    outer loop
      vertex   -6.566351e+01 4.184581e+01 4.760563e+01
      vertex   -6.467158e+01 4.221578e+01 4.411000e+01
      vertex   -6.566351e+01 4.184581e+01 4.411000e+01
    endloop
  endfacet
  facet normal -4.792490e-01 8.776790e-01 0.000000e+00
    outer loop
      vertex   -6.566351e+01 4.184581e+01 4.760563e+01
      vertex   -6.566351e+01 4.184581e+01 4.411000e+01
      vertex   -6.659268e+01 4.133844e+01 4.760563e+01
    endloop
  endfacet
  facet normal -4.792490e-01 8.776790e-01 0.000000e+00
    outer loop
      vertex   -6.659268e+01 4.133844e+01 4.760563e+01
      vertex   -6.566351e+01 4.184581e+01 4.411000e+01
      vertex   -6.659268e+01 4.133844e+01 4.411000e+01
    endloop
  endfacet
  facet normal -5.992777e-01 8.005412e-01 0.000000e+00
    outer loop
      vertex   -6.659268e+01 4.133844e+01 4.760563e+01
      vertex   -6.659268e+01 4.133844e+01 4.411000e+01
      vertex   -6.744019e+01 4.070400e+01 4.760563e+01
    endloop
  endfacet
  facet normal -5.992777e-01 8.005412e-01 0.000000e+00
    outer loop
      vertex   -6.744019e+01 4.070400e+01 4.760563e+01
      vertex   -6.659268e+01 4.133844e+01 4.411000e+01
      vertex   -6.744019e+01 4.070400e+01 4.411000e+01
    endloop
  endfacet
  facet normal -7.071068e-01 7.071068e-01 0.000000e+00
    outer loop
      vertex   -6.744019e+01 4.070400e+01 4.760563e+01
      vertex   -6.744019e+01 4.070400e+01 4.411000e+01
      vertex   -6.818879e+01 3.995541e+01 4.760563e+01
    endloop
  endfacet
  facet normal -7.071068e-01 7.071068e-01 0.000000e+00
    outer loop
      vertex   -6.818879e+01 3.995541e+01 4.760563e+01
      vertex   -6.744019e+01 4.070400e+01 4.411000e+01
      vertex   -6.818879e+01 3.995541e+01 4.411000e+01
    endloop
  endfacet
  facet normal -8.005412e-01 5.992777e-01 0.000000e+00
    outer loop
      vertex   -6.818879e+01 3.995541e+01 4.760563e+01
      vertex   -6.818879e+01 3.995541e+01 4.411000e+01
      vertex   -6.882323e+01 3.910789e+01 4.760563e+01
    endloop
  endfacet
  facet normal -8.005412e-01 5.992777e-01 0.000000e+00
    outer loop
      vertex   -6.882323e+01 3.910789e+01 4.760563e+01
      vertex   -6.818879e+01 3.995541e+01 4.411000e+01
      vertex   -6.882323e+01 3.910789e+01 4.411000e+01
    endloop
  endfacet
  facet normal -8.776790e-01 4.792490e-01 0.000000e+00
    outer loop
      vertex   -6.882323e+01 3.910789e+01 4.760563e+01
      vertex   -6.882323e+01 3.910789e+01 4.411000e+01
      vertex   -6.933060e+01 3.817872e+01 4.760563e+01
    endloop
  endfacet
  facet normal -8.776790e-01 4.792490e-01 0.000000e+00
    outer loop
      vertex   -6.933060e+01 3.817872e+01 4.760563e+01
      vertex   -6.882323e+01 3.910789e+01 4.411000e+01
      vertex   -6.933060e+01 3.817872e+01 4.411000e+01
    endloop
  endfacet
  facet normal -9.369497e-01 3.494642e-01 0.000000e+00
    outer loop
      vertex   -6.933060e+01 3.817872e+01 4.760563e+01
      vertex   -6.933060e+01 3.817872e+01 4.411000e+01
      vertex   -6.970056e+01 3.718680e+01 4.760563e+01
    endloop
  endfacet
  facet normal -9.369497e-01 3.494642e-01 0.000000e+00
    outer loop
      vertex   -6.970056e+01 3.718680e+01 4.760563e+01
      vertex   -6.933060e+01 3.817872e+01 4.411000e+01
      vertex   -6.970056e+01 3.718680e+01 4.411000e+01
    endloop
  endfacet
  facet normal -9.771469e-01 2.125653e-01 0.000000e+00
    outer loop
      vertex   -6.970056e+01 3.718680e+01 4.760563e+01
      vertex   -6.970056e+01 3.718680e+01 4.411000e+01
      vertex   -6.992560e+01 3.615232e+01 4.760563e+01
    endloop
  endfacet
  facet normal -9.771469e-01 2.125653e-01 0.000000e+00
    outer loop
      vertex   -6.992560e+01 3.615232e+01 4.760563e+01
      vertex   -6.970056e+01 3.718680e+01 4.411000e+01
      vertex   -6.992560e+01 3.615232e+01 4.411000e+01
    endloop
  endfacet
  facet normal -9.974521e-01 7.133918e-02 0.000000e+00
    outer loop
      vertex   -6.992560e+01 3.615232e+01 4.760563e+01
      vertex   -6.992560e+01 3.615232e+01 4.411000e+01
      vertex   -7.000113e+01 3.509634e+01 4.760563e+01
    endloop
  endfacet
  facet normal -9.974521e-01 7.133918e-02 0.000000e+00
    outer loop
      vertex   -7.000113e+01 3.509634e+01 4.760563e+01
      vertex   -6.992560e+01 3.615232e+01 4.411000e+01
      vertex   -7.000113e+01 3.509634e+01 4.411000e+01
    endloop
  endfacet
  facet normal -0.000000e+00 1.000000e+00 5.081645e-16
    outer loop
      vertex   -4.626990e+01 9.248548e+00 4.411000e+01
      vertex   -4.626990e+01 9.248548e+00 4.760563e+01
      vertex   2.613010e+01 9.248548e+00 4.411000e+01
    endloop
  endfacet
  facet normal 0.000000e+00 1.000000e+00 5.081645e-16
    outer loop
      vertex   2.613010e+01 9.248548e+00 4.411000e+01
      vertex   -4.626990e+01 9.248548e+00 4.760563e+01
      vertex   2.613010e+01 9.248548e+00 4.760563e+01
    endloop
  endfacet
  facet normal 0.000000e+00 -1.000000e+00 0.000000e+00
    outer loop
      vertex   2.613010e+01 3.454855e+01 4.411000e+01
      vertex   2.613010e+01 3.454855e+01 4.760563e+01
      vertex   -4.626990e+01 3.454855e+01 4.411000e+01
    endloop
  endfacet
  facet normal 0.000000e+00 -1.000000e+00 0.000000e+00
    outer loop
      vertex   -4.626990e+01 3.454855e+01 4.411000e+01
      vertex   2.613010e+01 3.454855e+01 4.760563e+01
      vertex   -4.626990e+01 3.454855e+01 4.760563e+01
    endloop
  endfacet
  facet normal 1.000000e+00 0.000000e+00 -0.000000e+00
    outer loop
      vertex   -4.626990e+01 3.454855e+01 4.411000e+01
      vertex   -4.626990e+01 3.454855e+01 4.760563e+01
      vertex   -4.626990e+01 9.248548e+00 4.411000e+01
    endloop
  endfacet
  facet normal 1.000000e+00 0.000000e+00 -0.000000e+00
    outer loop
      vertex   -4.626990e+01 9.248548e+00 4.411000e+01
      vertex   -4.626990e+01 3.454855e+01 4.760563e+01
      vertex   -4.626990e+01 9.248548e+00 4.760563e+01
    endloop
  endfacet
  facet normal 0.000000e+00 1.000000e+00 0.000000e+00
    outer loop
      vertex   3.045863e+01 -3.037834e+01 4.760563e+01
      vertex   1.515982e+01 -3.037834e+01 4.597889e+01
      vertex   1.115863e+01 -3.037834e+01 4.760563e+01
    endloop
  endfacet
  facet normal 0.000000e+00 1.000000e+00 0.000000e+00
    outer loop
      vertex   1.115863e+01 -3.037834e+01 4.760563e+01
      vertex   1.515982e+01 -3.037834e+01 4.597889e+01
      vertex   1.115982e+01 -3.037834e+01 4.597889e+01
    endloop
  endfacet
  facet normal 0.000000e+00 1.000000e+00 0.000000e+00
    outer loop
      vertex   1.115863e+01 -3.037834e+01 4.760563e+01
      vertex   1.115982e+01 -3.037834e+01 4.597889e+01
      vertex   1.115863e+01 -3.037834e+01 4.597889e+01
    endloop
  endfacet
  facet normal 0.000000e+00 1.000000e+00 0.000000e+00
    outer loop
      vertex   3.045863e+01 -3.037834e+01 4.760563e+01
      vertex   3.045863e+01 -3.037834e+01 4.597889e+01
      vertex   1.515982e+01 -3.037834e+01 4.597889e+01
    endloop
  endfacet
  facet normal 0.000000e+00 1.000000e+00 0.000000e+00
    outer loop
      vertex   1.515982e+01 -3.037834e+01 4.597889e+01
      vertex   1.515982e+01 -3.037834e+01 4.411000e+01
      vertex   1.115982e+01 -3.037834e+01 4.597889e+01
    endloop
  endfacet
  facet normal 0.000000e+00 1.000000e+00 0.000000e+00
    outer loop
      vertex   1.115982e+01 -3.037834e+01 4.597889e+01
      vertex   1.515982e+01 -3.037834e+01 4.411000e+01
      vertex   1.115982e+01 -3.037834e+01 4.411000e+01
    endloop
  endfacet
  facet normal -1.000000e+00 -0.000000e+00 -0.000000e+00
    outer loop
      vertex   3.045863e+01 -1.587834e+01 4.760563e+01
      vertex   3.045863e+01 -1.587834e+01 4.597889e+01
      vertex   3.045863e+01 -3.037834e+01 4.760563e+01
    endloop
  endfacet
  facet normal -1.000000e+00 0.000000e+00 0.000000e+00
    outer loop
      vertex   3.045863e+01 -3.037834e+01 4.760563e+01
      vertex   3.045863e+01 -1.587834e+01 4.597889e+01
      vertex   3.045863e+01 -3.037834e+01 4.597889e+01
    endloop
  endfacet
  facet normal 1.161108e-16 -1.000000e+00 -2.183948e-15
    outer loop
      vertex   3.045863e+01 -1.587834e+01 4.597889e+01
      vertex   3.045863e+01 -1.587834e+01 4.760563e+01
      vertex   1.515982e+01 -1.587834e+01 4.597889e+01
    endloop
  endfacet
  facet normal -9.203921e-17 -1.000000e+00 -2.263831e-16
    outer loop
      vertex   1.515982e+01 -1.587834e+01 4.597889e+01
      vertex   3.045863e+01 -1.587834e+01 4.760563e+01
      vertex   1.115863e+01 -1.587834e+01 4.760563e+01
    endloop
  endfacet
  facet normal 0.000000e+00 -1.000000e+00 0.000000e+00
    outer loop
      vertex   1.515982e+01 -1.587834e+01 4.597889e+01
      vertex   1.115863e+01 -1.587834e+01 4.760563e+01
      vertex   1.115982e+01 -1.587834e+01 4.597889e+01
    endloop
  endfacet
  facet normal 0.000000e+00 -1.000000e+00 0.000000e+00
    outer loop
      vertex   1.115982e+01 -1.587834e+01 4.597889e+01
      vertex   1.115863e+01 -1.587834e+01 4.760563e+01
      vertex   1.115863e+01 -1.587834e+01 4.597889e+01
    endloop
  endfacet
  facet normal 0.000000e+00 -1.000000e+00 0.000000e+00
    outer loop
      vertex   1.115982e+01 -1.587834e+01 4.597889e+01
      vertex   1.115982e+01 -1.587834e+01 4.411000e+01
      vertex   1.515982e+01 -1.587834e+01 4.597889e+01
    endloop
  endfacet
  facet normal 0.000000e+00 -1.000000e+00 -0.000000e+00
    outer loop
      vertex   1.515982e+01 -1.587834e+01 4.597889e+01
      vertex   1.115982e+01 -1.587834e+01 4.411000e+01
      vertex   1.515982e+01 -1.587834e+01 4.411000e+01
    endloop
  endfacet
  facet normal 1.000000e+00 -0.000000e+00 0.000000e+00
    outer loop
      vertex   1.115863e+01 -3.037834e+01 4.760563e+01
      vertex   1.115863e+01 -3.037834e+01 4.597889e+01
      vertex   1.115863e+01 -1.587834e+01 4.760563e+01
    endloop
  endfacet
  facet normal 1.000000e+00 0.000000e+00 0.000000e+00
    outer loop
      vertex   1.115863e+01 -1.587834e+01 4.760563e+01
      vertex   1.115863e+01 -3.037834e+01 4.597889e+01
      vertex   1.115863e+01 -1.587834e+01 4.597889e+01
    endloop
  endfacet
  facet normal -7.071068e-01 7.071068e-01 2.466009e-15
    outer loop
      vertex   -5.456210e+01 -2.838534e+01 4.411000e+01
      vertex   -5.159210e+01 -2.541534e+01 4.708000e+01
      vertex   -5.113210e+01 -2.495534e+01 4.411000e+01
    endloop
  endfacet
  facet normal -7.071068e-01 7.071068e-01 0.000000e+00
    outer loop
      vertex   -5.113210e+01 -2.495534e+01 4.411000e+01
      vertex   -5.159210e+01 -2.541534e+01 4.708000e+01
      vertex   -5.113210e+01 -2.495534e+01 4.760563e+01
    endloop
  endfacet
  facet normal -7.071068e-01 7.071068e-01 -4.789020e-15
    outer loop
      vertex   -5.113210e+01 -2.495534e+01 4.760563e+01
      vertex   -5.159210e+01 -2.541534e+01 4.708000e+01
      vertex   -5.159210e+01 -2.541534e+01 4.760563e+01
    endloop
  endfacet
  facet normal -1.000000e+00 0.000000e+00 0.000000e+00
    outer loop
      vertex   -5.113210e+01 -1.785343e+00 4.411000e+01
      vertex   -5.113210e+01 -2.495534e+01 4.411000e+01
      vertex   -5.113210e+01 -4.015343e+00 4.634000e+01
    endloop
  endfacet
  facet normal -1.000000e+00 -0.000000e+00 0.000000e+00
    outer loop
      vertex   -5.113210e+01 -4.015343e+00 4.634000e+01
      vertex   -5.113210e+01 -2.495534e+01 4.411000e+01
      vertex   -5.113210e+01 -2.495534e+01 4.760563e+01
    endloop
  endfacet
  facet normal -1.000000e+00 0.000000e+00 0.000000e+00
    outer loop
      vertex   -5.113210e+01 -4.015343e+00 4.634000e+01
      vertex   -5.113210e+01 -2.495534e+01 4.760563e+01
      vertex   -5.113210e+01 -4.015343e+00 4.760563e+01
    endloop
  endfacet
  facet normal -2.870624e-16 -1.000000e+00 0.000000e+00
    outer loop
      vertex   -6.423808e+01 -4.015343e+00 4.634000e+01
      vertex   -6.423808e+01 -4.015343e+00 4.654000e+01
      vertex   -6.733210e+01 -4.015343e+00 4.634000e+01
    endloop
  endfacet
  facet normal -2.416997e-16 -1.000000e+00 -7.017660e-16
    outer loop
      vertex   -6.733210e+01 -4.015343e+00 4.634000e+01
      vertex   -6.423808e+01 -4.015343e+00 4.654000e+01
      vertex   -6.733210e+01 -4.015343e+00 4.760563e+01
    endloop
  endfacet
  facet normal -1.200241e-16 -1.000000e+00 -3.484855e-16
    outer loop
      vertex   -6.733210e+01 -4.015343e+00 4.760563e+01
      vertex   -6.423808e+01 -4.015343e+00 4.654000e+01
      vertex   -5.683808e+01 -4.015343e+00 4.654000e+01
    endloop
  endfacet
  facet normal -5.482583e-17 -1.000000e+00 2.935670e-16
    outer loop
      vertex   -6.733210e+01 -4.015343e+00 4.760563e+01
      vertex   -5.683808e+01 -4.015343e+00 4.654000e+01
      vertex   -5.113210e+01 -4.015343e+00 4.760563e+01
    endloop
  endfacet
  facet normal -1.310600e-16 -1.000000e+00 7.017660e-16
    outer loop
      vertex   -5.113210e+01 -4.015343e+00 4.760563e+01
      vertex   -5.683808e+01 -4.015343e+00 4.654000e+01
      vertex   -5.113210e+01 -4.015343e+00 4.634000e+01
    endloop
  endfacet
  facet normal -1.556576e-16 -1.000000e+00 0.000000e+00
    outer loop
      vertex   -5.113210e+01 -4.015343e+00 4.634000e+01
      vertex   -5.683808e+01 -4.015343e+00 4.654000e+01
      vertex   -5.683808e+01 -4.015343e+00 4.634000e+01
    endloop
  endfacet
  facet normal 1.000000e+00 0.000000e+00 0.000000e+00
    outer loop
      vertex   -6.733210e+01 -1.785343e+00 4.411000e+01
      vertex   -6.733210e+01 -4.015343e+00 4.634000e+01
      vertex   -6.733210e+01 -2.495534e+01 4.411000e+01
    endloop
  endfacet
  facet normal 1.000000e+00 0.000000e+00 0.000000e+00
    outer loop
      vertex   -6.733210e+01 -2.495534e+01 4.411000e+01
      vertex   -6.733210e+01 -4.015343e+00 4.634000e+01
      vertex   -6.733210e+01 -2.495534e+01 4.760563e+01
    endloop
  endfacet
  facet normal 1.000000e+00 -0.000000e+00 0.000000e+00
    outer loop
      vertex   -6.733210e+01 -2.495534e+01 4.760563e+01
      vertex   -6.733210e+01 -4.015343e+00 4.634000e+01
      vertex   -6.733210e+01 -4.015343e+00 4.760563e+01
    endloop
  endfacet
  facet normal 7.071068e-01 7.071068e-01 4.932018e-16
    outer loop
      vertex   -6.390210e+01 -2.838534e+01 4.411000e+01
      vertex   -6.733210e+01 -2.495534e+01 4.411000e+01
      vertex   -6.687210e+01 -2.541534e+01 4.708000e+01
    endloop
  endfacet
  facet normal 7.071068e-01 7.071068e-01 0.000000e+00
    outer loop
      vertex   -6.687210e+01 -2.541534e+01 4.708000e+01
      vertex   -6.733210e+01 -2.495534e+01 4.411000e+01
      vertex   -6.733210e+01 -2.495534e+01 4.760563e+01
    endloop
  endfacet
  facet normal 7.071068e-01 7.071068e-01 -0.000000e+00
    outer loop
      vertex   -6.687210e+01 -2.541534e+01 4.708000e+01
      vertex   -6.733210e+01 -2.495534e+01 4.760563e+01
      vertex   -6.687210e+01 -2.541534e+01 4.760563e+01
    endloop
  endfacet
  facet normal 3.087309e-02 9.995233e-01 0.000000e+00
    outer loop
      vertex   -3.603972e+01 -2.829368e+01 4.662585e+01
      vertex   -3.603972e+01 -2.829368e+01 4.411000e+01
      vertex   -3.736390e+01 -2.825278e+01 4.662585e+01
    endloop
  endfacet
  facet normal 3.087309e-02 9.995233e-01 0.000000e+00
    outer loop
      vertex   -3.736390e+01 -2.825278e+01 4.662585e+01
      vertex   -3.603972e+01 -2.829368e+01 4.411000e+01
      vertex   -3.736390e+01 -2.825278e+01 4.411000e+01
    endloop
  endfacet
  facet normal 1.620779e-01 9.867780e-01 0.000000e+00
    outer loop
      vertex   -3.736390e+01 -2.825278e+01 4.662585e+01
      vertex   -3.736390e+01 -2.825278e+01 4.411000e+01
      vertex   -3.867120e+01 -2.803805e+01 4.662585e+01
    endloop
  endfacet
  facet normal 1.620779e-01 9.867780e-01 4.779592e-16
    outer loop
      vertex   -3.867120e+01 -2.803805e+01 4.662585e+01
      vertex   -3.736390e+01 -2.825278e+01 4.411000e+01
      vertex   -3.867120e+01 -2.803805e+01 4.411000e+01
    endloop
  endfacet
  facet normal 2.904662e-01 9.568853e-01 -2.894578e-16
    outer loop
      vertex   -3.867120e+01 -2.803805e+01 4.662585e+01
      vertex   -3.867120e+01 -2.803805e+01 4.411000e+01
      vertex   -3.993889e+01 -2.765324e+01 4.662585e+01
    endloop
  endfacet
  facet normal 2.904662e-01 9.568853e-01 -8.203527e-16
    outer loop
      vertex   -3.993889e+01 -2.765324e+01 4.662585e+01
      vertex   -3.867120e+01 -2.803805e+01 4.411000e+01
      vertex   -3.993889e+01 -2.765324e+01 4.411000e+01
    endloop
  endfacet
  facet normal 4.138070e-01 9.103646e-01 -1.168700e-15
    outer loop
      vertex   -3.993889e+01 -2.765324e+01 4.662585e+01
      vertex   -3.993889e+01 -2.765324e+01 4.411000e+01
      vertex   -4.114496e+01 -2.710502e+01 4.662585e+01
    endloop
  endfacet
  facet normal 4.138070e-01 9.103646e-01 0.000000e+00
    outer loop
      vertex   -4.114496e+01 -2.710502e+01 4.662585e+01
      vertex   -3.993889e+01 -2.765324e+01 4.411000e+01
      vertex   -4.114496e+01 -2.710502e+01 4.411000e+01
    endloop
  endfacet
  facet normal 5.299571e-01 8.480245e-01 0.000000e+00
    outer loop
      vertex   -4.114496e+01 -2.710502e+01 4.662585e+01
      vertex   -4.114496e+01 -2.710502e+01 4.411000e+01
      vertex   -4.226843e+01 -2.640293e+01 4.662585e+01
    endloop
  endfacet
  facet normal 5.299571e-01 8.480245e-01 -1.496738e-15
    outer loop
      vertex   -4.226843e+01 -2.640293e+01 4.662585e+01
      vertex   -4.114496e+01 -2.710502e+01 4.411000e+01
      vertex   -4.226843e+01 -2.640293e+01 4.411000e+01
    endloop
  endfacet
  facet normal 6.368980e-01 7.709481e-01 -1.798767e-15
    outer loop
      vertex   -4.226843e+01 -2.640293e+01 4.662585e+01
      vertex   -4.226843e+01 -2.640293e+01 4.411000e+01
      vertex   -4.328980e+01 -2.555915e+01 4.662585e+01
    endloop
  endfacet
  facet normal 6.368980e-01 7.709481e-01 0.000000e+00
    outer loop
      vertex   -4.328980e+01 -2.555915e+01 4.662585e+01
      vertex   -4.226843e+01 -2.640293e+01 4.411000e+01
      vertex   -4.328980e+01 -2.555915e+01 4.411000e+01
    endloop
  endfacet
  facet normal 7.327715e-01 6.804748e-01 0.000000e+00
    outer loop
      vertex   -4.328980e+01 -2.555915e+01 4.662585e+01
      vertex   -4.328980e+01 -2.555915e+01 4.411000e+01
      vertex   -4.419130e+01 -2.458837e+01 4.662585e+01
    endloop
  endfacet
  facet normal 7.327715e-01 6.804748e-01 -4.139078e-15
    outer loop
      vertex   -4.419130e+01 -2.458837e+01 4.662585e+01
      vertex   -4.328980e+01 -2.555915e+01 4.411000e+01
      vertex   -4.419130e+01 -2.458837e+01 4.411000e+01
    endloop
  endfacet
  facet normal 8.159115e-01 5.781769e-01 -4.608696e-15
    outer loop
      vertex   -4.419130e+01 -2.458837e+01 4.662585e+01
      vertex   -4.419130e+01 -2.458837e+01 4.411000e+01
      vertex   -4.495728e+01 -2.350744e+01 4.662585e+01
    endloop
  endfacet
  facet normal 8.159115e-01 5.781769e-01 1.632923e-15
    outer loop
      vertex   -4.495728e+01 -2.350744e+01 4.662585e+01
      vertex   -4.419130e+01 -2.458837e+01 4.411000e+01
      vertex   -4.495728e+01 -2.350744e+01 4.411000e+01
    endloop
  endfacet
  facet normal 8.848733e-01 4.658318e-01 1.315631e-15
    outer loop
      vertex   -4.495728e+01 -2.350744e+01 4.662585e+01
      vertex   -4.495728e+01 -2.350744e+01 4.411000e+01
      vertex   -4.557442e+01 -2.233514e+01 4.662585e+01
    endloop
  endfacet
  facet normal 8.848733e-01 4.658318e-01 6.578157e-16
    outer loop
      vertex   -4.557442e+01 -2.233514e+01 4.662585e+01
      vertex   -4.495728e+01 -2.350744e+01 4.411000e+01
      vertex   -4.557442e+01 -2.233514e+01 4.411000e+01
    endloop
  endfacet
  facet normal 9.384585e-01 3.453920e-01 4.877388e-16
    outer loop
      vertex   -4.557442e+01 -2.233514e+01 4.662585e+01
      vertex   -4.557442e+01 -2.233514e+01 4.411000e+01
      vertex   -4.603200e+01 -2.109186e+01 4.662585e+01
    endloop
  endfacet
  facet normal 9.384585e-01 3.453920e-01 0.000000e+00
    outer loop
      vertex   -4.603200e+01 -2.109186e+01 4.662585e+01
      vertex   -4.557442e+01 -2.233514e+01 4.411000e+01
      vertex   -4.603200e+01 -2.109186e+01 4.411000e+01
    endloop
  endfacet
  facet normal 9.757360e-01 2.189502e-01 0.000000e+00
    outer loop
      vertex   -4.603200e+01 -2.109186e+01 4.662585e+01
      vertex   -4.603200e+01 -2.109186e+01 4.411000e+01
      vertex   -4.632207e+01 -1.979919e+01 4.662585e+01
    endloop
  endfacet
  facet normal 9.757360e-01 2.189502e-01 3.091865e-16
    outer loop
      vertex   -4.632207e+01 -1.979919e+01 4.662585e+01
      vertex   -4.603200e+01 -2.109186e+01 4.411000e+01
      vertex   -4.632207e+01 -1.979919e+01 4.411000e+01
    endloop
  endfacet
  facet normal 9.960581e-01 8.870375e-02 1.252613e-16
    outer loop
      vertex   -4.632207e+01 -1.979919e+01 4.662585e+01
      vertex   -4.632207e+01 -1.979919e+01 4.411000e+01
      vertex   -4.643958e+01 -1.847960e+01 4.662585e+01
    endloop
  endfacet
  facet normal 9.960581e-01 8.870375e-02 1.252613e-16
    outer loop
      vertex   -4.643958e+01 -1.847960e+01 4.662585e+01
      vertex   -4.632207e+01 -1.979919e+01 4.411000e+01
      vertex   -4.643958e+01 -1.847960e+01 4.411000e+01
    endloop
  endfacet
  facet normal 9.990714e-01 -4.308416e-02 -6.084049e-17
    outer loop
      vertex   -4.643958e+01 -1.847960e+01 4.662585e+01
      vertex   -4.643958e+01 -1.847960e+01 4.411000e+01
      vertex   -4.638250e+01 -1.715601e+01 4.662585e+01
    endloop
  endfacet
  facet normal 9.990714e-01 -4.308416e-02 -6.084049e-17
    outer loop
      vertex   -4.638250e+01 -1.715601e+01 4.662585e+01
      vertex   -4.643958e+01 -1.847960e+01 4.411000e+01
      vertex   -4.638250e+01 -1.715601e+01 4.411000e+01
    endloop
  endfacet
  facet normal 9.847238e-01 -1.741234e-01 -2.458851e-16
    outer loop
      vertex   -4.638250e+01 -1.715601e+01 4.662585e+01
      vertex   -4.638250e+01 -1.715601e+01 4.411000e+01
      vertex   -4.615182e+01 -1.585144e+01 4.662585e+01
    endloop
  endfacet
  facet normal 9.847238e-01 -1.741234e-01 -1.229425e-16
    outer loop
      vertex   -4.615182e+01 -1.585144e+01 4.662585e+01
      vertex   -4.638250e+01 -1.715601e+01 4.411000e+01
      vertex   -4.615182e+01 -1.585144e+01 4.411000e+01
    endloop
  endfacet
  facet normal 9.532646e-01 -3.021368e-01 -2.133284e-16
    outer loop
      vertex   -4.615182e+01 -1.585144e+01 4.662585e+01
      vertex   -4.615182e+01 -1.585144e+01 4.411000e+01
      vertex   -4.575155e+01 -1.458854e+01 4.662585e+01
    endloop
  endfacet
  facet normal 9.532646e-01 -3.021368e-01 0.000000e+00
    outer loop
      vertex   -4.575155e+01 -1.458854e+01 4.662585e+01
      vertex   -4.615182e+01 -1.585144e+01 4.411000e+01
      vertex   -4.575155e+01 -1.458854e+01 4.411000e+01
    endloop
  endfacet
  facet normal 9.052403e-01 -4.249000e-01 0.000000e+00
    outer loop
      vertex   -4.575155e+01 -1.458854e+01 4.662585e+01
      vertex   -4.575155e+01 -1.458854e+01 4.411000e+01
      vertex   -4.518863e+01 -1.338926e+01 4.662585e+01
    endloop
  endfacet
  facet normal 9.052403e-01 -4.249000e-01 -3.000073e-16
    outer loop
      vertex   -4.518863e+01 -1.338926e+01 4.662585e+01
      vertex   -4.575155e+01 -1.458854e+01 4.411000e+01
      vertex   -4.518863e+01 -1.338926e+01 4.411000e+01
    endloop
  endfacet
  facet normal 8.414855e-01 -5.402797e-01 -3.814729e-16
    outer loop
      vertex   -4.518863e+01 -1.338926e+01 4.662585e+01
      vertex   -4.518863e+01 -1.338926e+01 4.411000e+01
      vertex   -4.447286e+01 -1.227445e+01 4.662585e+01
    endloop
  endfacet
  facet normal 8.414855e-01 -5.402797e-01 0.000000e+00
    outer loop
      vertex   -4.447286e+01 -1.227445e+01 4.662585e+01
      vertex   -4.518863e+01 -1.338926e+01 4.411000e+01
      vertex   -4.447286e+01 -1.227445e+01 4.411000e+01
    endloop
  endfacet
  facet normal 7.631081e-01 -6.462708e-01 0.000000e+00
    outer loop
      vertex   -4.447286e+01 -1.227445e+01 4.662585e+01
      vertex   -4.447286e+01 -1.227445e+01 4.411000e+01
      vertex   -4.361667e+01 -1.126347e+01 4.662585e+01
    endloop
  endfacet
  facet normal 7.631081e-01 -6.462708e-01 -4.563096e-16
    outer loop
      vertex   -4.361667e+01 -1.126347e+01 4.662585e+01
      vertex   -4.447286e+01 -1.227445e+01 4.411000e+01
      vertex   -4.361667e+01 -1.126347e+01 4.411000e+01
    endloop
  endfacet
  facet normal 6.714701e-01 -7.410316e-01 -5.232169e-16
    outer loop
      vertex   -4.361667e+01 -1.126347e+01 4.662585e+01
      vertex   -4.361667e+01 -1.126347e+01 4.411000e+01
      vertex   -4.263494e+01 -1.037390e+01 4.662585e+01
    endloop
  endfacet
  facet normal 6.714701e-01 -7.410316e-01 0.000000e+00
    outer loop
      vertex   -4.263494e+01 -1.037390e+01 4.662585e+01
      vertex   -4.361667e+01 -1.126347e+01 4.411000e+01
      vertex   -4.263494e+01 -1.037390e+01 4.411000e+01
    endloop
  endfacet
  facet normal 5.681639e-01 -8.229154e-01 0.000000e+00
    outer loop
      vertex   -4.263494e+01 -1.037390e+01 4.662585e+01
      vertex   -4.263494e+01 -1.037390e+01 4.411000e+01
      vertex   -4.154473e+01 -9.621189e+00 4.662585e+01
    endloop
  endfacet
  facet normal 5.681639e-01 -8.229154e-01 0.000000e+00
    outer loop
      vertex   -4.154473e+01 -9.621189e+00 4.662585e+01
      vertex   -4.263494e+01 -1.037390e+01 4.411000e+01
      vertex   -4.154473e+01 -9.621189e+00 4.411000e+01
    endloop
  endfacet
  facet normal 4.549846e-01 -8.904993e-01 0.000000e+00
    outer loop
      vertex   -4.154473e+01 -9.621189e+00 4.662585e+01
      vertex   -4.154473e+01 -9.621189e+00 4.411000e+01
      vertex   -4.036499e+01 -9.018418e+00 4.662585e+01
    endloop
  endfacet
  facet normal 4.549846e-01 -8.904993e-01 0.000000e+00
    outer loop
      vertex   -4.036499e+01 -9.018418e+00 4.662585e+01
      vertex   -4.154473e+01 -9.621189e+00 4.411000e+01
      vertex   -4.036499e+01 -9.018418e+00 4.411000e+01
    endloop
  endfacet
  facet normal 3.338990e-01 -9.426089e-01 0.000000e+00
    outer loop
      vertex   -4.036499e+01 -9.018418e+00 4.662585e+01
      vertex   -4.036499e+01 -9.018418e+00 4.411000e+01
      vertex   -3.911621e+01 -8.576064e+00 4.662585e+01
    endloop
  endfacet
  facet normal 3.338990e-01 -9.426089e-01 0.000000e+00
    outer loop
      vertex   -3.911621e+01 -8.576064e+00 4.662585e+01
      vertex   -4.036499e+01 -9.018418e+00 4.411000e+01
      vertex   -3.911621e+01 -8.576064e+00 4.411000e+01
    endloop
  endfacet
  facet normal 2.070112e-01 -9.783386e-01 0.000000e+00
    outer loop
      vertex   -3.911621e+01 -8.576064e+00 4.662585e+01
      vertex   -3.911621e+01 -8.576064e+00 4.411000e+01
      vertex   -3.782009e+01 -8.301813e+00 4.662585e+01
    endloop
  endfacet
  facet normal 2.070112e-01 -9.783386e-01 0.000000e+00
    outer loop
      vertex   -3.782009e+01 -8.301813e+00 4.662585e+01
      vertex   -3.911621e+01 -8.576064e+00 4.411000e+01
      vertex   -3.782009e+01 -8.301813e+00 4.411000e+01
    endloop
  endfacet
  facet normal 7.652610e-02 -9.970676e-01 0.000000e+00
    outer loop
      vertex   -3.782009e+01 -8.301813e+00 4.662585e+01
      vertex   -3.782009e+01 -8.301813e+00 4.411000e+01
      vertex   -3.649916e+01 -8.200430e+00 4.662585e+01
    endloop
  endfacet
  facet normal 7.652610e-02 -9.970676e-01 4.322596e-16
    outer loop
      vertex   -3.649916e+01 -8.200430e+00 4.662585e+01
      vertex   -3.782009e+01 -8.301813e+00 4.411000e+01
      vertex   -3.649916e+01 -8.200430e+00 4.411000e+01
    endloop
  endfacet
  facet normal -5.528879e-02 -9.984704e-01 -3.123001e-16
    outer loop
      vertex   -3.649916e+01 -8.200430e+00 4.662585e+01
      vertex   -3.649916e+01 -8.200430e+00 4.411000e+01
      vertex   -3.517637e+01 -8.273677e+00 4.662585e+01
    endloop
  endfacet
  facet normal -5.528879e-02 -9.984704e-01 -0.000000e+00
    outer loop
      vertex   -3.517637e+01 -8.273677e+00 4.662585e+01
      vertex   -3.649916e+01 -8.200430e+00 4.411000e+01
      vertex   -3.517637e+01 -8.273677e+00 4.411000e+01
    endloop
  endfacet
  facet normal 0.000000e+00 0.000000e+00 1.000000e+00
    outer loop
      vertex   -6.687210e+01 -2.541534e+01 4.760563e+01
      vertex   -6.258113e+01 -3.248366e+01 4.760563e+01
      vertex   -5.159210e+01 -2.541534e+01 4.760563e+01
    endloop
  endfacet
  facet normal 0.000000e+00 0.000000e+00 1.000000e+00
    outer loop
      vertex   -5.159210e+01 -2.541534e+01 4.760563e+01
      vertex   -6.258113e+01 -3.248366e+01 4.760563e+01
      vertex   -4.142721e+01 -2.697074e+01 4.760563e+01
    endloop
  endfacet
  facet normal 0.000000e+00 0.000000e+00 1.000000e+00
    outer loop
      vertex   -5.159210e+01 -2.541534e+01 4.760563e+01
      vertex   -4.142721e+01 -2.697074e+01 4.760563e+01
      vertex   -4.252244e+01 -2.623893e+01 4.760563e+01
    endloop
  endfacet
  facet normal 0.000000e+00 0.000000e+00 1.000000e+00
    outer loop
      vertex   -6.733210e+01 -2.495534e+01 4.760563e+01
      vertex   -6.992560e+01 -2.611964e+01 4.760563e+01
      vertex   -6.687210e+01 -2.541534e+01 4.760563e+01
    endloop
  endfacet
  facet normal 0.000000e+00 0.000000e+00 1.000000e+00
    outer loop
      vertex   -6.687210e+01 -2.541534e+01 4.760563e+01
      vertex   -6.992560e+01 -2.611964e+01 4.760563e+01
      vertex   -6.970056e+01 -2.715412e+01 4.760563e+01
    endloop
  endfacet
  facet normal 0.000000e+00 0.000000e+00 1.000000e+00
    outer loop
      vertex   -6.687210e+01 -2.541534e+01 4.760563e+01
      vertex   -6.970056e+01 -2.715412e+01 4.760563e+01
      vertex   -6.933060e+01 -2.814604e+01 4.760563e+01
    endloop
  endfacet
  facet normal 0.000000e+00 -0.000000e+00 1.000000e+00
    outer loop
      vertex   -6.992560e+01 -2.611964e+01 4.760563e+01
      vertex   -6.733210e+01 -2.495534e+01 4.760563e+01
      vertex   -7.000113e+01 -2.506366e+01 4.760563e+01
    endloop
  endfacet
  facet normal 0.000000e+00 0.000000e+00 1.000000e+00
    outer loop
      vertex   -7.000113e+01 -2.506366e+01 4.760563e+01
      vertex   -6.733210e+01 -2.495534e+01 4.760563e+01
      vertex   -6.733210e+01 -4.015343e+00 4.760563e+01
    endloop
  endfacet
  facet normal 0.000000e+00 0.000000e+00 1.000000e+00
    outer loop
      vertex   -7.000113e+01 -2.506366e+01 4.760563e+01
      vertex   -6.733210e+01 -4.015343e+00 4.760563e+01
      vertex   -7.000113e+01 3.509634e+01 4.760563e+01
    endloop
  endfacet
  facet normal 0.000000e+00 0.000000e+00 1.000000e+00
    outer loop
      vertex   -7.000113e+01 3.509634e+01 4.760563e+01
      vertex   -6.733210e+01 -4.015343e+00 4.760563e+01
      vertex   -4.626990e+01 9.248548e+00 4.760563e+01
    endloop
  endfacet
  facet normal 0.000000e+00 0.000000e+00 1.000000e+00
    outer loop
      vertex   -7.000113e+01 3.509634e+01 4.760563e+01
      vertex   -4.626990e+01 9.248548e+00 4.760563e+01
      vertex   -4.626990e+01 3.454855e+01 4.760563e+01
    endloop
  endfacet
  facet normal -0.000000e+00 0.000000e+00 1.000000e+00
    outer loop
      vertex   -6.733210e+01 -4.015343e+00 4.760563e+01
      vertex   -5.113210e+01 -4.015343e+00 4.760563e+01
      vertex   -4.626990e+01 9.248548e+00 4.760563e+01
    endloop
  endfacet
  facet normal 0.000000e+00 0.000000e+00 1.000000e+00
    outer loop
      vertex   -4.626990e+01 9.248548e+00 4.760563e+01
      vertex   -5.113210e+01 -4.015343e+00 4.760563e+01
      vertex   -3.770661e+01 -8.266011e+00 4.760563e+01
    endloop
  endfacet
  facet normal 0.000000e+00 0.000000e+00 1.000000e+00
    outer loop
      vertex   -4.626990e+01 9.248548e+00 4.760563e+01
      vertex   -3.770661e+01 -8.266011e+00 4.760563e+01
      vertex   -3.639221e+01 -8.179861e+00 4.760563e+01
    endloop
  endfacet
  facet normal 0.000000e+00 0.000000e+00 1.000000e+00
    outer loop
      vertex   -5.113210e+01 -2.495534e+01 4.760563e+01
      vertex   -4.637606e+01 -1.693546e+01 4.760563e+01
      vertex   -5.113210e+01 -4.015343e+00 4.760563e+01
    endloop
  endfacet
  facet normal 0.000000e+00 0.000000e+00 1.000000e+00
    outer loop
      vertex   -5.113210e+01 -4.015343e+00 4.760563e+01
      vertex   -4.637606e+01 -1.693546e+01 4.760563e+01
      vertex   -4.611908e+01 -1.564355e+01 4.760563e+01
    endloop
  endfacet
  facet normal 0.000000e+00 0.000000e+00 1.000000e+00
    outer loop
      vertex   -5.113210e+01 -4.015343e+00 4.760563e+01
      vertex   -4.611908e+01 -1.564355e+01 4.760563e+01
      vertex   -4.569568e+01 -1.439624e+01 4.760563e+01
    endloop
  endfacet
  facet normal 0.000000e+00 0.000000e+00 1.000000e+00
    outer loop
      vertex   -5.159210e+01 -2.541534e+01 4.760563e+01
      vertex   -4.351277e+01 -2.537043e+01 4.760563e+01
      vertex   -5.113210e+01 -2.495534e+01 4.760563e+01
    endloop
  endfacet
  facet normal -0.000000e+00 0.000000e+00 1.000000e+00
    outer loop
      vertex   -5.113210e+01 -2.495534e+01 4.760563e+01
      vertex   -4.351277e+01 -2.537043e+01 4.760563e+01
      vertex   -4.438128e+01 -2.438009e+01 4.760563e+01
    endloop
  endfacet
  facet normal 0.000000e+00 0.000000e+00 1.000000e+00
    outer loop
      vertex   -5.113210e+01 -2.495534e+01 4.760563e+01
      vertex   -4.438128e+01 -2.438009e+01 4.760563e+01
      vertex   -4.511308e+01 -2.328486e+01 4.760563e+01
    endloop
  endfacet
  facet normal 0.000000e+00 0.000000e+00 1.000000e+00
    outer loop
      vertex   -4.637606e+01 -1.956426e+01 4.760563e+01
      vertex   -4.646221e+01 -1.824986e+01 4.760563e+01
      vertex   -5.113210e+01 -2.495534e+01 4.760563e+01
    endloop
  endfacet
  facet normal 0.000000e+00 0.000000e+00 1.000000e+00
    outer loop
      vertex   -5.113210e+01 -2.495534e+01 4.760563e+01
      vertex   -4.646221e+01 -1.824986e+01 4.760563e+01
      vertex   -4.637606e+01 -1.693546e+01 4.760563e+01
    endloop
  endfacet
  facet normal 0.000000e+00 -0.000000e+00 1.000000e+00
    outer loop
      vertex   -4.569568e+01 -1.439624e+01 4.760563e+01
      vertex   -4.511308e+01 -1.321486e+01 4.760563e+01
      vertex   -5.113210e+01 -4.015343e+00 4.760563e+01
    endloop
  endfacet
  facet normal 0.000000e+00 0.000000e+00 1.000000e+00
    outer loop
      vertex   -5.113210e+01 -4.015343e+00 4.760563e+01
      vertex   -4.511308e+01 -1.321486e+01 4.760563e+01
      vertex   -4.438128e+01 -1.211963e+01 4.760563e+01
    endloop
  endfacet
  facet normal 0.000000e+00 0.000000e+00 1.000000e+00
    outer loop
      vertex   -5.113210e+01 -4.015343e+00 4.760563e+01
      vertex   -4.438128e+01 -1.211963e+01 4.760563e+01
      vertex   -4.351277e+01 -1.112930e+01 4.760563e+01
    endloop
  endfacet
  facet normal 0.000000e+00 -0.000000e+00 1.000000e+00
    outer loop
      vertex   -4.351277e+01 -1.112930e+01 4.760563e+01
      vertex   -4.252244e+01 -1.026079e+01 4.760563e+01
      vertex   -5.113210e+01 -4.015343e+00 4.760563e+01
    endloop
  endfacet
  facet normal 0.000000e+00 0.000000e+00 1.000000e+00
    outer loop
      vertex   -5.113210e+01 -4.015343e+00 4.760563e+01
      vertex   -4.252244e+01 -1.026079e+01 4.760563e+01
      vertex   -4.142721e+01 -9.528985e+00 4.760563e+01
    endloop
  endfacet
  facet normal 0.000000e+00 0.000000e+00 1.000000e+00
    outer loop
      vertex   -5.113210e+01 -4.015343e+00 4.760563e+01
      vertex   -4.142721e+01 -9.528985e+00 4.760563e+01
      vertex   -4.024583e+01 -8.946394e+00 4.760563e+01
    endloop
  endfacet
  facet normal 0.000000e+00 -0.000000e+00 1.000000e+00
    outer loop
      vertex   -4.024583e+01 -8.946394e+00 4.760563e+01
      vertex   -3.899852e+01 -8.522988e+00 4.760563e+01
      vertex   -5.113210e+01 -4.015343e+00 4.760563e+01
    endloop
  endfacet
  facet normal 0.000000e+00 0.000000e+00 1.000000e+00
    outer loop
      vertex   -5.113210e+01 -4.015343e+00 4.760563e+01
      vertex   -3.899852e+01 -8.522988e+00 4.760563e+01
      vertex   -3.770661e+01 -8.266011e+00 4.760563e+01
    endloop
  endfacet
  facet normal -0.000000e+00 -0.000000e+00 1.000000e+00
    outer loop
      vertex   -3.639221e+01 -8.179861e+00 4.760563e+01
      vertex   -3.507781e+01 -8.266011e+00 4.760563e+01
      vertex   -4.626990e+01 9.248548e+00 4.760563e+01
    endloop
  endfacet
  facet normal 0.000000e+00 0.000000e+00 1.000000e+00
    outer loop
      vertex   -4.626990e+01 9.248548e+00 4.760563e+01
      vertex   -3.507781e+01 -8.266011e+00 4.760563e+01
      vertex   -3.378590e+01 -8.522988e+00 4.760563e+01
    endloop
  endfacet
  facet normal 0.000000e+00 0.000000e+00 1.000000e+00
    outer loop
      vertex   -4.626990e+01 9.248548e+00 4.760563e+01
      vertex   -3.378590e+01 -8.522988e+00 4.760563e+01
      vertex   -3.253859e+01 -8.946394e+00 4.760563e+01
    endloop
  endfacet
  facet normal -0.000000e+00 0.000000e+00 1.000000e+00
    outer loop
      vertex   -4.626990e+01 9.248548e+00 4.760563e+01
      vertex   -3.253859e+01 -8.946394e+00 4.760563e+01
      vertex   2.613010e+01 9.248548e+00 4.760563e+01
    endloop
  endfacet
  facet normal 0.000000e+00 0.000000e+00 1.000000e+00
    outer loop
      vertex   2.613010e+01 9.248548e+00 4.760563e+01
      vertex   -3.253859e+01 -8.946394e+00 4.760563e+01
      vertex   -3.135721e+01 -9.528985e+00 4.760563e+01
    endloop
  endfacet
  facet normal 0.000000e+00 0.000000e+00 1.000000e+00
    outer loop
      vertex   2.613010e+01 9.248548e+00 4.760563e+01
      vertex   -3.135721e+01 -9.528985e+00 4.760563e+01
      vertex   -3.026198e+01 -1.026079e+01 4.760563e+01
    endloop
  endfacet
  facet normal 0.000000e+00 0.000000e+00 1.000000e+00
    outer loop
      vertex   2.613010e+01 9.248548e+00 4.760563e+01
      vertex   -3.026198e+01 -1.026079e+01 4.760563e+01
      vertex   1.115863e+01 -1.587834e+01 4.760563e+01
    endloop
  endfacet
  facet normal 0.000000e+00 0.000000e+00 1.000000e+00
    outer loop
      vertex   1.115863e+01 -1.587834e+01 4.760563e+01
      vertex   -3.026198e+01 -1.026079e+01 4.760563e+01
      vertex   -2.927164e+01 -1.112930e+01 4.760563e+01
    endloop
  endfacet
  facet normal 0.000000e+00 0.000000e+00 1.000000e+00
    outer loop
      vertex   1.115863e+01 -1.587834e+01 4.760563e+01
      vertex   -2.927164e+01 -1.112930e+01 4.760563e+01
      vertex   -2.840314e+01 -1.211963e+01 4.760563e+01
    endloop
  endfacet
  facet normal 0.000000e+00 0.000000e+00 1.000000e+00
    outer loop
      vertex   -2.840314e+01 -1.211963e+01 4.760563e+01
      vertex   -2.767133e+01 -1.321486e+01 4.760563e+01
      vertex   1.115863e+01 -1.587834e+01 4.760563e+01
    endloop
  endfacet
  facet normal 0.000000e+00 0.000000e+00 1.000000e+00
    outer loop
      vertex   1.115863e+01 -1.587834e+01 4.760563e+01
      vertex   -2.767133e+01 -1.321486e+01 4.760563e+01
      vertex   -2.708874e+01 -1.439624e+01 4.760563e+01
    endloop
  endfacet
  facet normal 0.000000e+00 0.000000e+00 1.000000e+00
    outer loop
      vertex   1.115863e+01 -1.587834e+01 4.760563e+01
      vertex   -2.708874e+01 -1.439624e+01 4.760563e+01
      vertex   -2.666534e+01 -1.564355e+01 4.760563e+01
    endloop
  endfacet
  facet normal 0.000000e+00 0.000000e+00 1.000000e+00
    outer loop
      vertex   -2.666534e+01 -1.564355e+01 4.760563e+01
      vertex   -2.640836e+01 -1.693546e+01 4.760563e+01
      vertex   1.115863e+01 -1.587834e+01 4.760563e+01
    endloop
  endfacet
  facet normal 0.000000e+00 0.000000e+00 1.000000e+00
    outer loop
      vertex   1.115863e+01 -1.587834e+01 4.760563e+01
      vertex   -2.640836e+01 -1.693546e+01 4.760563e+01
      vertex   -2.632221e+01 -1.824986e+01 4.760563e+01
    endloop
  endfacet
  facet normal 0.000000e+00 0.000000e+00 1.000000e+00
    outer loop
      vertex   1.115863e+01 -1.587834e+01 4.760563e+01
      vertex   -2.632221e+01 -1.824986e+01 4.760563e+01
      vertex   -2.640836e+01 -1.956426e+01 4.760563e+01
    endloop
  endfacet
  facet normal -0.000000e+00 0.000000e+00 1.000000e+00
    outer loop
      vertex   -2.640836e+01 -1.956426e+01 4.760563e+01
      vertex   -2.666534e+01 -2.085617e+01 4.760563e+01
      vertex   1.115863e+01 -1.587834e+01 4.760563e+01
    endloop
  endfacet
  facet normal 0.000000e+00 0.000000e+00 1.000000e+00
    outer loop
      vertex   1.115863e+01 -1.587834e+01 4.760563e+01
      vertex   -2.666534e+01 -2.085617e+01 4.760563e+01
      vertex   1.115863e+01 -3.037834e+01 4.760563e+01
    endloop
  endfacet
  facet normal 0.000000e+00 0.000000e+00 1.000000e+00
    outer loop
      vertex   1.115863e+01 -3.037834e+01 4.760563e+01
      vertex   -2.666534e+01 -2.085617e+01 4.760563e+01
      vertex   -2.708874e+01 -2.210348e+01 4.760563e+01
    endloop
  endfacet
  facet normal 0.000000e+00 0.000000e+00 1.000000e+00
    outer loop
      vertex   1.115863e+01 -3.037834e+01 4.760563e+01
      vertex   -2.708874e+01 -2.210348e+01 4.760563e+01
      vertex   -2.767133e+01 -2.328486e+01 4.760563e+01
    endloop
  endfacet
  facet normal 0.000000e+00 0.000000e+00 1.000000e+00
    outer loop
      vertex   -2.767133e+01 -2.328486e+01 4.760563e+01
      vertex   -2.840314e+01 -2.438009e+01 4.760563e+01
      vertex   1.115863e+01 -3.037834e+01 4.760563e+01
    endloop
  endfacet
  facet normal 0.000000e+00 0.000000e+00 1.000000e+00
    outer loop
      vertex   1.115863e+01 -3.037834e+01 4.760563e+01
      vertex   -2.840314e+01 -2.438009e+01 4.760563e+01
      vertex   -2.927164e+01 -2.537043e+01 4.760563e+01
    endloop
  endfacet
  facet normal 0.000000e+00 0.000000e+00 1.000000e+00
    outer loop
      vertex   1.115863e+01 -3.037834e+01 4.760563e+01
      vertex   -2.927164e+01 -2.537043e+01 4.760563e+01
      vertex   -3.026198e+01 -2.623893e+01 4.760563e+01
    endloop
  endfacet
  facet normal 0.000000e+00 0.000000e+00 1.000000e+00
    outer loop
      vertex   -3.026198e+01 -2.623893e+01 4.760563e+01
      vertex   -3.135721e+01 -2.697074e+01 4.760563e+01
      vertex   1.115863e+01 -3.037834e+01 4.760563e+01
    endloop
  endfacet
  facet normal 0.000000e+00 0.000000e+00 1.000000e+00
    outer loop
      vertex   1.115863e+01 -3.037834e+01 4.760563e+01
      vertex   -3.135721e+01 -2.697074e+01 4.760563e+01
      vertex   -3.253859e+01 -2.755333e+01 4.760563e+01
    endloop
  endfacet
  facet normal 0.000000e+00 0.000000e+00 1.000000e+00
    outer loop
      vertex   1.115863e+01 -3.037834e+01 4.760563e+01
      vertex   -3.253859e+01 -2.755333e+01 4.760563e+01
      vertex   -3.378590e+01 -2.797673e+01 4.760563e+01
    endloop
  endfacet
  facet normal 0.000000e+00 0.000000e+00 1.000000e+00
    outer loop
      vertex   -3.378590e+01 -2.797673e+01 4.760563e+01
      vertex   -3.507781e+01 -2.823371e+01 4.760563e+01
      vertex   1.115863e+01 -3.037834e+01 4.760563e+01
    endloop
  endfacet
  facet normal 0.000000e+00 0.000000e+00 1.000000e+00
    outer loop
      vertex   1.115863e+01 -3.037834e+01 4.760563e+01
      vertex   -3.507781e+01 -2.823371e+01 4.760563e+01
      vertex   -6.258113e+01 -3.248366e+01 4.760563e+01
    endloop
  endfacet
  facet normal 0.000000e+00 0.000000e+00 1.000000e+00
    outer loop
      vertex   1.115863e+01 -3.037834e+01 4.760563e+01
      vertex   -6.258113e+01 -3.248366e+01 4.760563e+01
      vertex   3.959887e+01 -3.248366e+01 4.760563e+01
    endloop
  endfacet
  facet normal 0.000000e+00 0.000000e+00 1.000000e+00
    outer loop
      vertex   -3.507781e+01 -2.823371e+01 4.760563e+01
      vertex   -3.639221e+01 -2.831986e+01 4.760563e+01
      vertex   -6.258113e+01 -3.248366e+01 4.760563e+01
    endloop
  endfacet
  facet normal 0.000000e+00 0.000000e+00 1.000000e+00
    outer loop
      vertex   -6.258113e+01 -3.248366e+01 4.760563e+01
      vertex   -3.639221e+01 -2.831986e+01 4.760563e+01
      vertex   -3.770661e+01 -2.823371e+01 4.760563e+01
    endloop
  endfacet
  facet normal 0.000000e+00 0.000000e+00 1.000000e+00
    outer loop
      vertex   -6.258113e+01 -3.248366e+01 4.760563e+01
      vertex   -3.770661e+01 -2.823371e+01 4.760563e+01
      vertex   -3.899852e+01 -2.797673e+01 4.760563e+01
    endloop
  endfacet
  facet normal 0.000000e+00 0.000000e+00 1.000000e+00
    outer loop
      vertex   -3.899852e+01 -2.797673e+01 4.760563e+01
      vertex   -4.024583e+01 -2.755333e+01 4.760563e+01
      vertex   -6.258113e+01 -3.248366e+01 4.760563e+01
    endloop
  endfacet
  facet normal 0.000000e+00 0.000000e+00 1.000000e+00
    outer loop
      vertex   -6.258113e+01 -3.248366e+01 4.760563e+01
      vertex   -4.024583e+01 -2.755333e+01 4.760563e+01
      vertex   -4.142721e+01 -2.697074e+01 4.760563e+01
    endloop
  endfacet
  facet normal 0.000000e+00 0.000000e+00 1.000000e+00
    outer loop
      vertex   -4.252244e+01 -2.623893e+01 4.760563e+01
      vertex   -4.351277e+01 -2.537043e+01 4.760563e+01
      vertex   -5.159210e+01 -2.541534e+01 4.760563e+01
    endloop
  endfacet
  facet normal 0.000000e+00 0.000000e+00 1.000000e+00
    outer loop
      vertex   -4.511308e+01 -2.328486e+01 4.760563e+01
      vertex   -4.569568e+01 -2.210348e+01 4.760563e+01
      vertex   -5.113210e+01 -2.495534e+01 4.760563e+01
    endloop
  endfacet
  facet normal 0.000000e+00 0.000000e+00 1.000000e+00
    outer loop
      vertex   -5.113210e+01 -2.495534e+01 4.760563e+01
      vertex   -4.569568e+01 -2.210348e+01 4.760563e+01
      vertex   -4.611908e+01 -2.085617e+01 4.760563e+01
    endloop
  endfacet
  facet normal 0.000000e+00 0.000000e+00 1.000000e+00
    outer loop
      vertex   -5.113210e+01 -2.495534e+01 4.760563e+01
      vertex   -4.611908e+01 -2.085617e+01 4.760563e+01
      vertex   -4.637606e+01 -1.956426e+01 4.760563e+01
    endloop
  endfacet
  facet normal -0.000000e+00 0.000000e+00 1.000000e+00
    outer loop
      vertex   1.115863e+01 -1.587834e+01 4.760563e+01
      vertex   3.045863e+01 -1.587834e+01 4.760563e+01
      vertex   2.613010e+01 9.248548e+00 4.760563e+01
    endloop
  endfacet
  facet normal 0.000000e+00 0.000000e+00 1.000000e+00
    outer loop
      vertex   2.613010e+01 9.248548e+00 4.760563e+01
      vertex   3.045863e+01 -1.587834e+01 4.760563e+01
      vertex   4.701887e+01 -2.506366e+01 4.760563e+01
    endloop
  endfacet
  facet normal -0.000000e+00 0.000000e+00 1.000000e+00
    outer loop
      vertex   2.613010e+01 9.248548e+00 4.760563e+01
      vertex   4.701887e+01 -2.506366e+01 4.760563e+01
      vertex   4.701887e+01 3.509634e+01 4.760563e+01
    endloop
  endfacet
  facet normal 0.000000e+00 0.000000e+00 1.000000e+00
    outer loop
      vertex   3.045863e+01 -1.587834e+01 4.760563e+01
      vertex   3.045863e+01 -3.037834e+01 4.760563e+01
      vertex   4.701887e+01 -2.506366e+01 4.760563e+01
    endloop
  endfacet
  facet normal 0.000000e+00 0.000000e+00 1.000000e+00
    outer loop
      vertex   4.701887e+01 -2.506366e+01 4.760563e+01
      vertex   3.045863e+01 -3.037834e+01 4.760563e+01
      vertex   4.694335e+01 -2.611964e+01 4.760563e+01
    endloop
  endfacet
  facet normal 0.000000e+00 0.000000e+00 1.000000e+00
    outer loop
      vertex   4.694335e+01 -2.611964e+01 4.760563e+01
      vertex   3.045863e+01 -3.037834e+01 4.760563e+01
      vertex   4.671831e+01 -2.715412e+01 4.760563e+01
    endloop
  endfacet
  facet normal 0.000000e+00 0.000000e+00 1.000000e+00
    outer loop
      vertex   4.671831e+01 -2.715412e+01 4.760563e+01
      vertex   3.045863e+01 -3.037834e+01 4.760563e+01
      vertex   4.634834e+01 -2.814604e+01 4.760563e+01
    endloop
  endfacet
  facet normal 0.000000e+00 0.000000e+00 1.000000e+00
    outer loop
      vertex   4.634834e+01 -2.814604e+01 4.760563e+01
      vertex   3.045863e+01 -3.037834e+01 4.760563e+01
      vertex   4.584097e+01 -2.907522e+01 4.760563e+01
    endloop
  endfacet
  facet normal 0.000000e+00 0.000000e+00 1.000000e+00
    outer loop
      vertex   4.584097e+01 -2.907522e+01 4.760563e+01
      vertex   3.045863e+01 -3.037834e+01 4.760563e+01
      vertex   3.959887e+01 -3.248366e+01 4.760563e+01
    endloop
  endfacet
  facet normal 0.000000e+00 0.000000e+00 1.000000e+00
    outer loop
      vertex   4.584097e+01 -2.907522e+01 4.760563e+01
      vertex   3.959887e+01 -3.248366e+01 4.760563e+01
      vertex   4.520654e+01 -2.992273e+01 4.760563e+01
    endloop
  endfacet
  facet normal 0.000000e+00 0.000000e+00 1.000000e+00
    outer loop
      vertex   4.520654e+01 -2.992273e+01 4.760563e+01
      vertex   3.959887e+01 -3.248366e+01 4.760563e+01
      vertex   4.445794e+01 -3.067132e+01 4.760563e+01
    endloop
  endfacet
  facet normal 0.000000e+00 0.000000e+00 1.000000e+00
    outer loop
      vertex   4.445794e+01 -3.067132e+01 4.760563e+01
      vertex   3.959887e+01 -3.248366e+01 4.760563e+01
      vertex   4.361043e+01 -3.130576e+01 4.760563e+01
    endloop
  endfacet
  facet normal 0.000000e+00 0.000000e+00 1.000000e+00
    outer loop
      vertex   4.361043e+01 -3.130576e+01 4.760563e+01
      vertex   3.959887e+01 -3.248366e+01 4.760563e+01
      vertex   4.268125e+01 -3.181313e+01 4.760563e+01
    endloop
  endfacet
  facet normal 0.000000e+00 0.000000e+00 1.000000e+00
    outer loop
      vertex   4.268125e+01 -3.181313e+01 4.760563e+01
      vertex   3.959887e+01 -3.248366e+01 4.760563e+01
      vertex   4.168933e+01 -3.218310e+01 4.760563e+01
    endloop
  endfacet
  facet normal 0.000000e+00 0.000000e+00 1.000000e+00
    outer loop
      vertex   4.168933e+01 -3.218310e+01 4.760563e+01
      vertex   3.959887e+01 -3.248366e+01 4.760563e+01
      vertex   4.065485e+01 -3.240814e+01 4.760563e+01
    endloop
  endfacet
  facet normal 0.000000e+00 0.000000e+00 1.000000e+00
    outer loop
      vertex   3.045863e+01 -3.037834e+01 4.760563e+01
      vertex   1.115863e+01 -3.037834e+01 4.760563e+01
      vertex   3.959887e+01 -3.248366e+01 4.760563e+01
    endloop
  endfacet
  facet normal 0.000000e+00 -0.000000e+00 1.000000e+00
    outer loop
      vertex   2.613010e+01 3.454855e+01 4.760563e+01
      vertex   3.959887e+01 4.251634e+01 4.760563e+01
      vertex   -4.626990e+01 3.454855e+01 4.760563e+01
    endloop
  endfacet
  facet normal 0.000000e+00 -0.000000e+00 1.000000e+00
    outer loop
      vertex   -4.626990e+01 3.454855e+01 4.760563e+01
      vertex   3.959887e+01 4.251634e+01 4.760563e+01
      vertex   -6.258113e+01 4.251634e+01 4.760563e+01
    endloop
  endfacet
  facet normal 0.000000e+00 0.000000e+00 1.000000e+00
    outer loop
      vertex   -4.626990e+01 3.454855e+01 4.760563e+01
      vertex   -6.258113e+01 4.251634e+01 4.760563e+01
      vertex   -6.992560e+01 3.615232e+01 4.760563e+01
    endloop
  endfacet
  facet normal 0.000000e+00 0.000000e+00 1.000000e+00
    outer loop
      vertex   -6.992560e+01 3.615232e+01 4.760563e+01
      vertex   -6.258113e+01 4.251634e+01 4.760563e+01
      vertex   -6.970056e+01 3.718680e+01 4.760563e+01
    endloop
  endfacet
  facet normal 0.000000e+00 0.000000e+00 1.000000e+00
    outer loop
      vertex   -6.970056e+01 3.718680e+01 4.760563e+01
      vertex   -6.258113e+01 4.251634e+01 4.760563e+01
      vertex   -6.933060e+01 3.817872e+01 4.760563e+01
    endloop
  endfacet
  facet normal 0.000000e+00 0.000000e+00 1.000000e+00
    outer loop
      vertex   -6.933060e+01 3.817872e+01 4.760563e+01
      vertex   -6.258113e+01 4.251634e+01 4.760563e+01
      vertex   -6.882323e+01 3.910789e+01 4.760563e+01
    endloop
  endfacet
  facet normal 0.000000e+00 0.000000e+00 1.000000e+00
    outer loop
      vertex   -6.882323e+01 3.910789e+01 4.760563e+01
      vertex   -6.258113e+01 4.251634e+01 4.760563e+01
      vertex   -6.818879e+01 3.995541e+01 4.760563e+01
    endloop
  endfacet
  facet normal 0.000000e+00 0.000000e+00 1.000000e+00
    outer loop
      vertex   -6.818879e+01 3.995541e+01 4.760563e+01
      vertex   -6.258113e+01 4.251634e+01 4.760563e+01
      vertex   -6.744019e+01 4.070400e+01 4.760563e+01
    endloop
  endfacet
  facet normal 0.000000e+00 0.000000e+00 1.000000e+00
    outer loop
      vertex   -6.744019e+01 4.070400e+01 4.760563e+01
      vertex   -6.258113e+01 4.251634e+01 4.760563e+01
      vertex   -6.659268e+01 4.133844e+01 4.760563e+01
    endloop
  endfacet
  facet normal 0.000000e+00 0.000000e+00 1.000000e+00
    outer loop
      vertex   -6.659268e+01 4.133844e+01 4.760563e+01
      vertex   -6.258113e+01 4.251634e+01 4.760563e+01
      vertex   -6.566351e+01 4.184581e+01 4.760563e+01
    endloop
  endfacet
  facet normal 0.000000e+00 0.000000e+00 1.000000e+00
    outer loop
      vertex   -6.566351e+01 4.184581e+01 4.760563e+01
      vertex   -6.258113e+01 4.251634e+01 4.760563e+01
      vertex   -6.467158e+01 4.221578e+01 4.760563e+01
    endloop
  endfacet
  facet normal 0.000000e+00 0.000000e+00 1.000000e+00
    outer loop
      vertex   -6.467158e+01 4.221578e+01 4.760563e+01
      vertex   -6.258113e+01 4.251634e+01 4.760563e+01
      vertex   -6.363710e+01 4.244081e+01 4.760563e+01
    endloop
  endfacet
  facet normal 0.000000e+00 0.000000e+00 1.000000e+00
    outer loop
      vertex   2.613010e+01 9.248548e+00 4.760563e+01
      vertex   4.701887e+01 3.509634e+01 4.760563e+01
      vertex   2.613010e+01 3.454855e+01 4.760563e+01
    endloop
  endfacet
  facet normal 0.000000e+00 0.000000e+00 1.000000e+00
    outer loop
      vertex   2.613010e+01 3.454855e+01 4.760563e+01
      vertex   4.701887e+01 3.509634e+01 4.760563e+01
      vertex   4.694335e+01 3.615232e+01 4.760563e+01
    endloop
  endfacet
  facet normal 0.000000e+00 0.000000e+00 1.000000e+00
    outer loop
      vertex   2.613010e+01 3.454855e+01 4.760563e+01
      vertex   4.694335e+01 3.615232e+01 4.760563e+01
      vertex   4.671831e+01 3.718680e+01 4.760563e+01
    endloop
  endfacet
  facet normal 0.000000e+00 0.000000e+00 1.000000e+00
    outer loop
      vertex   -6.992560e+01 3.615232e+01 4.760563e+01
      vertex   -7.000113e+01 3.509634e+01 4.760563e+01
      vertex   -4.626990e+01 3.454855e+01 4.760563e+01
    endloop
  endfacet
  facet normal -0.000000e+00 0.000000e+00 1.000000e+00
    outer loop
      vertex   -6.933060e+01 -2.814604e+01 4.760563e+01
      vertex   -6.882323e+01 -2.907522e+01 4.760563e+01
      vertex   -6.687210e+01 -2.541534e+01 4.760563e+01
    endloop
  endfacet
  facet normal 0.000000e+00 0.000000e+00 1.000000e+00
    outer loop
      vertex   -6.687210e+01 -2.541534e+01 4.760563e+01
      vertex   -6.882323e+01 -2.907522e+01 4.760563e+01
      vertex   -6.818879e+01 -2.992273e+01 4.760563e+01
    endloop
  endfacet
  facet normal 0.000000e+00 0.000000e+00 1.000000e+00
    outer loop
      vertex   -6.687210e+01 -2.541534e+01 4.760563e+01
      vertex   -6.818879e+01 -2.992273e+01 4.760563e+01
      vertex   -6.744019e+01 -3.067132e+01 4.760563e+01
    endloop
  endfacet
  facet normal -0.000000e+00 0.000000e+00 1.000000e+00
    outer loop
      vertex   -6.744019e+01 -3.067132e+01 4.760563e+01
      vertex   -6.659268e+01 -3.130576e+01 4.760563e+01
      vertex   -6.687210e+01 -2.541534e+01 4.760563e+01
    endloop
  endfacet
  facet normal 0.000000e+00 0.000000e+00 1.000000e+00
    outer loop
      vertex   -6.687210e+01 -2.541534e+01 4.760563e+01
      vertex   -6.659268e+01 -3.130576e+01 4.760563e+01
      vertex   -6.566351e+01 -3.181313e+01 4.760563e+01
    endloop
  endfacet
  facet normal 0.000000e+00 0.000000e+00 1.000000e+00
    outer loop
      vertex   -6.687210e+01 -2.541534e+01 4.760563e+01
      vertex   -6.566351e+01 -3.181313e+01 4.760563e+01
      vertex   -6.467158e+01 -3.218310e+01 4.760563e+01
    endloop
  endfacet
  facet normal -0.000000e+00 -0.000000e+00 1.000000e+00
    outer loop
      vertex   -6.467158e+01 -3.218310e+01 4.760563e+01
      vertex   -6.363710e+01 -3.240814e+01 4.760563e+01
      vertex   -6.687210e+01 -2.541534e+01 4.760563e+01
    endloop
  endfacet
  facet normal 0.000000e+00 0.000000e+00 1.000000e+00
    outer loop
      vertex   -6.687210e+01 -2.541534e+01 4.760563e+01
      vertex   -6.363710e+01 -3.240814e+01 4.760563e+01
      vertex   -6.258113e+01 -3.248366e+01 4.760563e+01
    endloop
  endfacet
  facet normal 0.000000e+00 0.000000e+00 1.000000e+00
    outer loop
      vertex   4.671831e+01 3.718680e+01 4.760563e+01
      vertex   4.634834e+01 3.817872e+01 4.760563e+01
      vertex   2.613010e+01 3.454855e+01 4.760563e+01
    endloop
  endfacet
  facet normal 0.000000e+00 0.000000e+00 1.000000e+00
    outer loop
      vertex   2.613010e+01 3.454855e+01 4.760563e+01
      vertex   4.634834e+01 3.817872e+01 4.760563e+01
      vertex   3.959887e+01 4.251634e+01 4.760563e+01
    endloop
  endfacet
  facet normal 0.000000e+00 0.000000e+00 1.000000e+00
    outer loop
      vertex   4.634834e+01 3.817872e+01 4.760563e+01
      vertex   4.584097e+01 3.910789e+01 4.760563e+01
      vertex   3.959887e+01 4.251634e+01 4.760563e+01
    endloop
  endfacet
  facet normal 0.000000e+00 0.000000e+00 1.000000e+00
    outer loop
      vertex   3.959887e+01 4.251634e+01 4.760563e+01
      vertex   4.584097e+01 3.910789e+01 4.760563e+01
      vertex   4.520654e+01 3.995541e+01 4.760563e+01
    endloop
  endfacet
  facet normal 0.000000e+00 0.000000e+00 1.000000e+00
    outer loop
      vertex   3.959887e+01 4.251634e+01 4.760563e+01
      vertex   4.520654e+01 3.995541e+01 4.760563e+01
      vertex   4.445794e+01 4.070400e+01 4.760563e+01
    endloop
  endfacet
  facet normal 0.000000e+00 0.000000e+00 1.000000e+00
    outer loop
      vertex   4.445794e+01 4.070400e+01 4.760563e+01
      vertex   4.361043e+01 4.133844e+01 4.760563e+01
      vertex   3.959887e+01 4.251634e+01 4.760563e+01
    endloop
  endfacet
  facet normal 0.000000e+00 0.000000e+00 1.000000e+00
    outer loop
      vertex   3.959887e+01 4.251634e+01 4.760563e+01
      vertex   4.361043e+01 4.133844e+01 4.760563e+01
      vertex   4.268125e+01 4.184581e+01 4.760563e+01
    endloop
  endfacet
  facet normal 0.000000e+00 0.000000e+00 1.000000e+00
    outer loop
      vertex   3.959887e+01 4.251634e+01 4.760563e+01
      vertex   4.268125e+01 4.184581e+01 4.760563e+01
      vertex   4.168933e+01 4.221578e+01 4.760563e+01
    endloop
  endfacet
  facet normal 0.000000e+00 0.000000e+00 1.000000e+00
    outer loop
      vertex   4.168933e+01 4.221578e+01 4.760563e+01
      vertex   4.065485e+01 4.244081e+01 4.760563e+01
      vertex   3.959887e+01 4.251634e+01 4.760563e+01
    endloop
  endfacet
  facet normal 4.217622e-17 -1.000000e+00 7.034582e-16
    outer loop
      vertex   -3.517637e+01 -8.273677e+00 4.411000e+01
      vertex   6.941127e+00 -8.273677e+00 4.411000e+01
      vertex   -3.502084e+01 -8.273677e+00 4.662585e+01
    endloop
  endfacet
  facet normal 0.000000e+00 -1.000000e+00 0.000000e+00
    outer loop
      vertex   -3.502084e+01 -8.273677e+00 4.662585e+01
      vertex   6.941127e+00 -8.273677e+00 4.411000e+01
      vertex   6.941127e+00 -8.273677e+00 4.682585e+01
    endloop
  endfacet
  facet normal 0.000000e+00 -1.000000e+00 0.000000e+00
    outer loop
      vertex   -3.502084e+01 -8.273677e+00 4.662585e+01
      vertex   6.941127e+00 -8.273677e+00 4.682585e+01
      vertex   -3.502084e+01 -8.273677e+00 4.682585e+01
    endloop
  endfacet
  facet normal 1.142100e-14 -1.000000e+00 0.000000e+00
    outer loop
      vertex   -3.502084e+01 -8.273677e+00 4.662585e+01
      vertex   -3.517637e+01 -8.273677e+00 4.662585e+01
      vertex   -3.517637e+01 -8.273677e+00 4.411000e+01
    endloop
  endfacet
  facet normal 0.000000e+00 0.000000e+00 1.000000e+00
    outer loop
      vertex   -3.566650e+01 -2.829368e+01 4.662585e+01
      vertex   -3.603972e+01 -2.829368e+01 4.662585e+01
      vertex   -3.603902e+01 -2.831366e+01 4.662585e+01
    endloop
  endfacet
  facet normal 0.000000e+00 0.000000e+00 1.000000e+00
    outer loop
      vertex   -3.603902e+01 -2.831366e+01 4.662585e+01
      vertex   -3.603972e+01 -2.829368e+01 4.662585e+01
      vertex   -3.707624e+01 -2.829660e+01 4.662585e+01
    endloop
  endfacet
  facet normal 0.000000e+00 -0.000000e+00 1.000000e+00
    outer loop
      vertex   -3.707624e+01 -2.829660e+01 4.662585e+01
      vertex   -3.603972e+01 -2.829368e+01 4.662585e+01
      vertex   -3.736390e+01 -2.825278e+01 4.662585e+01
    endloop
  endfacet
  facet normal 0.000000e+00 0.000000e+00 1.000000e+00
    outer loop
      vertex   -3.707624e+01 -2.829660e+01 4.662585e+01
      vertex   -3.736390e+01 -2.825278e+01 4.662585e+01
      vertex   -3.810620e+01 -2.817292e+01 4.662585e+01
    endloop
  endfacet
  facet normal -0.000000e+00 -0.000000e+00 1.000000e+00
    outer loop
      vertex   -3.810620e+01 -2.817292e+01 4.662585e+01
      vertex   -3.736390e+01 -2.825278e+01 4.662585e+01
      vertex   -3.867120e+01 -2.803805e+01 4.662585e+01
    endloop
  endfacet
  facet normal 0.000000e+00 0.000000e+00 1.000000e+00
    outer loop
      vertex   -3.810620e+01 -2.817292e+01 4.662585e+01
      vertex   -3.867120e+01 -2.803805e+01 4.662585e+01
      vertex   -3.911798e+01 -2.794393e+01 4.662585e+01
    endloop
  endfacet
  facet normal -0.000000e+00 -0.000000e+00 1.000000e+00
    outer loop
      vertex   -3.911798e+01 -2.794393e+01 4.662585e+01
      vertex   -3.867120e+01 -2.803805e+01 4.662585e+01
      vertex   -3.993889e+01 -2.765324e+01 4.662585e+01
    endloop
  endfacet
  facet normal 0.000000e+00 0.000000e+00 1.000000e+00
    outer loop
      vertex   -3.911798e+01 -2.794393e+01 4.662585e+01
      vertex   -3.993889e+01 -2.765324e+01 4.662585e+01
      vertex   -4.010083e+01 -2.761207e+01 4.662585e+01
    endloop
  endfacet
  facet normal -0.000000e+00 -0.000000e+00 1.000000e+00
    outer loop
      vertex   -4.010083e+01 -2.761207e+01 4.662585e+01
      vertex   -3.993889e+01 -2.765324e+01 4.662585e+01
      vertex   -4.114496e+01 -2.710502e+01 4.662585e+01
    endloop
  endfacet
  facet normal 0.000000e+00 0.000000e+00 1.000000e+00
    outer loop
      vertex   -4.010083e+01 -2.761207e+01 4.662585e+01
      vertex   -4.114496e+01 -2.710502e+01 4.662585e+01
      vertex   -4.104432e+01 -2.718086e+01 4.662585e+01
    endloop
  endfacet
  facet normal 0.000000e+00 0.000000e+00 1.000000e+00
    outer loop
      vertex   -4.104432e+01 -2.718086e+01 4.662585e+01
      vertex   -4.114496e+01 -2.710502e+01 4.662585e+01
      vertex   -4.193845e+01 -2.665487e+01 4.662585e+01
    endloop
  endfacet
  facet normal -0.000000e+00 -0.000000e+00 1.000000e+00
    outer loop
      vertex   -4.193845e+01 -2.665487e+01 4.662585e+01
      vertex   -4.114496e+01 -2.710502e+01 4.662585e+01
      vertex   -4.226843e+01 -2.640293e+01 4.662585e+01
    endloop
  endfacet
  facet normal 0.000000e+00 0.000000e+00 1.000000e+00
    outer loop
      vertex   -4.193845e+01 -2.665487e+01 4.662585e+01
      vertex   -4.226843e+01 -2.640293e+01 4.662585e+01
      vertex   -4.277371e+01 -2.603968e+01 4.662585e+01
    endloop
  endfacet
  facet normal -0.000000e+00 -0.000000e+00 1.000000e+00
    outer loop
      vertex   -4.277371e+01 -2.603968e+01 4.662585e+01
      vertex   -4.226843e+01 -2.640293e+01 4.662585e+01
      vertex   -4.328980e+01 -2.555915e+01 4.662585e+01
    endloop
  endfacet
  facet normal 0.000000e+00 0.000000e+00 1.000000e+00
    outer loop
      vertex   -4.277371e+01 -2.603968e+01 4.662585e+01
      vertex   -4.328980e+01 -2.555915e+01 4.662585e+01
      vertex   -4.354126e+01 -2.534183e+01 4.662585e+01
    endloop
  endfacet
  facet normal -0.000000e+00 -0.000000e+00 1.000000e+00
    outer loop
      vertex   -4.354126e+01 -2.534183e+01 4.662585e+01
      vertex   -4.328980e+01 -2.555915e+01 4.662585e+01
      vertex   -4.419130e+01 -2.458837e+01 4.662585e+01
    endloop
  endfacet
  facet normal 0.000000e+00 0.000000e+00 1.000000e+00
    outer loop
      vertex   -4.354126e+01 -2.534183e+01 4.662585e+01
      vertex   -4.419130e+01 -2.458837e+01 4.662585e+01
      vertex   -4.423294e+01 -2.456871e+01 4.662585e+01
    endloop
  endfacet
  facet normal -0.000000e+00 -0.000000e+00 1.000000e+00
    outer loop
      vertex   -4.423294e+01 -2.456871e+01 4.662585e+01
      vertex   -4.419130e+01 -2.458837e+01 4.662585e+01
      vertex   -4.484141e+01 -2.372854e+01 4.662585e+01
    endloop
  endfacet
  facet normal -0.000000e+00 -0.000000e+00 1.000000e+00
    outer loop
      vertex   -4.484141e+01 -2.372854e+01 4.662585e+01
      vertex   -4.419130e+01 -2.458837e+01 4.662585e+01
      vertex   -4.495728e+01 -2.350744e+01 4.662585e+01
    endloop
  endfacet
  facet normal 0.000000e+00 0.000000e+00 1.000000e+00
    outer loop
      vertex   -4.484141e+01 -2.372854e+01 4.662585e+01
      vertex   -4.495728e+01 -2.350744e+01 4.662585e+01
      vertex   -4.536021e+01 -2.283023e+01 4.662585e+01
    endloop
  endfacet
  facet normal -0.000000e+00 -0.000000e+00 1.000000e+00
    outer loop
      vertex   -4.536021e+01 -2.283023e+01 4.662585e+01
      vertex   -4.495728e+01 -2.350744e+01 4.662585e+01
      vertex   -4.557442e+01 -2.233514e+01 4.662585e+01
    endloop
  endfacet
  facet normal 0.000000e+00 0.000000e+00 1.000000e+00
    outer loop
      vertex   -4.536021e+01 -2.283023e+01 4.662585e+01
      vertex   -4.557442e+01 -2.233514e+01 4.662585e+01
      vertex   -4.578385e+01 -2.188331e+01 4.662585e+01
    endloop
  endfacet
  facet normal -0.000000e+00 -0.000000e+00 1.000000e+00
    outer loop
      vertex   -4.578385e+01 -2.188331e+01 4.662585e+01
      vertex   -4.557442e+01 -2.233514e+01 4.662585e+01
      vertex   -4.603200e+01 -2.109186e+01 4.662585e+01
    endloop
  endfacet
  facet normal 0.000000e+00 0.000000e+00 1.000000e+00
    outer loop
      vertex   -4.578385e+01 -2.188331e+01 4.662585e+01
      vertex   -4.603200e+01 -2.109186e+01 4.662585e+01
      vertex   -4.610782e+01 -2.089783e+01 4.662585e+01
    endloop
  endfacet
  facet normal -0.000000e+00 -0.000000e+00 1.000000e+00
    outer loop
      vertex   -4.610782e+01 -2.089783e+01 4.662585e+01
      vertex   -4.603200e+01 -2.109186e+01 4.662585e+01
      vertex   -4.632207e+01 -1.979919e+01 4.662585e+01
    endloop
  endfacet
  facet normal 0.000000e+00 0.000000e+00 1.000000e+00
    outer loop
      vertex   -4.610782e+01 -2.089783e+01 4.662585e+01
      vertex   -4.632207e+01 -1.979919e+01 4.662585e+01
      vertex   -4.632869e+01 -1.988425e+01 4.662585e+01
    endloop
  endfacet
  facet normal 0.000000e+00 -0.000000e+00 1.000000e+00
    outer loop
      vertex   -4.632869e+01 -1.988425e+01 4.662585e+01
      vertex   -4.632207e+01 -1.979919e+01 4.662585e+01
      vertex   -4.644411e+01 -1.885333e+01 4.662585e+01
    endloop
  endfacet
  facet normal -0.000000e+00 0.000000e+00 1.000000e+00
    outer loop
      vertex   -4.644411e+01 -1.885333e+01 4.662585e+01
      vertex   -4.632207e+01 -1.979919e+01 4.662585e+01
      vertex   -4.643958e+01 -1.847960e+01 4.662585e+01
    endloop
  endfacet
  facet normal 0.000000e+00 -0.000000e+00 1.000000e+00
    outer loop
      vertex   -4.644411e+01 -1.885333e+01 4.662585e+01
      vertex   -4.643958e+01 -1.847960e+01 4.662585e+01
      vertex   -4.645286e+01 -1.781600e+01 4.662585e+01
    endloop
  endfacet
  facet normal -0.000000e+00 0.000000e+00 1.000000e+00
    outer loop
      vertex   -4.645286e+01 -1.781600e+01 4.662585e+01
      vertex   -4.643958e+01 -1.847960e+01 4.662585e+01
      vertex   -4.638250e+01 -1.715601e+01 4.662585e+01
    endloop
  endfacet
  facet normal 0.000000e+00 0.000000e+00 1.000000e+00
    outer loop
      vertex   -4.645286e+01 -1.781600e+01 4.662585e+01
      vertex   -4.638250e+01 -1.715601e+01 4.662585e+01
      vertex   -4.635484e+01 -1.678328e+01 4.662585e+01
    endloop
  endfacet
  facet normal -0.000000e+00 0.000000e+00 1.000000e+00
    outer loop
      vertex   -4.635484e+01 -1.678328e+01 4.662585e+01
      vertex   -4.638250e+01 -1.715601e+01 4.662585e+01
      vertex   -4.615182e+01 -1.585144e+01 4.662585e+01
    endloop
  endfacet
  facet normal 0.000000e+00 0.000000e+00 1.000000e+00
    outer loop
      vertex   -4.635484e+01 -1.678328e+01 4.662585e+01
      vertex   -4.615182e+01 -1.585144e+01 4.662585e+01
      vertex   -4.615110e+01 -1.576612e+01 4.662585e+01
    endloop
  endfacet
  facet normal -0.000000e+00 0.000000e+00 1.000000e+00
    outer loop
      vertex   -4.615110e+01 -1.576612e+01 4.662585e+01
      vertex   -4.615182e+01 -1.585144e+01 4.662585e+01
      vertex   -4.584379e+01 -1.477532e+01 4.662585e+01
    endloop
  endfacet
  facet normal -0.000000e+00 0.000000e+00 1.000000e+00
    outer loop
      vertex   -4.584379e+01 -1.477532e+01 4.662585e+01
      vertex   -4.615182e+01 -1.585144e+01 4.662585e+01
      vertex   -4.575155e+01 -1.458854e+01 4.662585e+01
    endloop
  endfacet
  facet normal 0.000000e+00 0.000000e+00 1.000000e+00
    outer loop
      vertex   -4.584379e+01 -1.477532e+01 4.662585e+01
      vertex   -4.575155e+01 -1.458854e+01 4.662585e+01
      vertex   -4.543619e+01 -1.382139e+01 4.662585e+01
    endloop
  endfacet
  facet normal -0.000000e+00 0.000000e+00 1.000000e+00
    outer loop
      vertex   -4.543619e+01 -1.382139e+01 4.662585e+01
      vertex   -4.575155e+01 -1.458854e+01 4.662585e+01
      vertex   -4.518863e+01 -1.338926e+01 4.662585e+01
    endloop
  endfacet
  facet normal 0.000000e+00 0.000000e+00 1.000000e+00
    outer loop
      vertex   -4.543619e+01 -1.382139e+01 4.662585e+01
      vertex   -4.518863e+01 -1.338926e+01 4.662585e+01
      vertex   -4.493260e+01 -1.291446e+01 4.662585e+01
    endloop
  endfacet
  facet normal -0.000000e+00 0.000000e+00 1.000000e+00
    outer loop
      vertex   -4.493260e+01 -1.291446e+01 4.662585e+01
      vertex   -4.518863e+01 -1.338926e+01 4.662585e+01
      vertex   -4.447286e+01 -1.227445e+01 4.662585e+01
    endloop
  endfacet
  facet normal 0.000000e+00 0.000000e+00 1.000000e+00
    outer loop
      vertex   -4.493260e+01 -1.291446e+01 4.662585e+01
      vertex   -4.447286e+01 -1.227445e+01 4.662585e+01
      vertex   -4.433839e+01 -1.206414e+01 4.662585e+01
    endloop
  endfacet
  facet normal -0.000000e+00 0.000000e+00 1.000000e+00
    outer loop
      vertex   -4.433839e+01 -1.206414e+01 4.662585e+01
      vertex   -4.447286e+01 -1.227445e+01 4.662585e+01
      vertex   -4.361667e+01 -1.126347e+01 4.662585e+01
    endloop
  endfacet
  facet normal 0.000000e+00 0.000000e+00 1.000000e+00
    outer loop
      vertex   -4.433839e+01 -1.206414e+01 4.662585e+01
      vertex   -4.361667e+01 -1.126347e+01 4.662585e+01
      vertex   -4.365985e+01 -1.127947e+01 4.662585e+01
    endloop
  endfacet
  facet normal 0.000000e+00 0.000000e+00 1.000000e+00
    outer loop
      vertex   -4.365985e+01 -1.127947e+01 4.662585e+01
      vertex   -4.361667e+01 -1.126347e+01 4.662585e+01
      vertex   -4.290418e+01 -1.056877e+01 4.662585e+01
    endloop
  endfacet
  facet normal -0.000000e+00 0.000000e+00 1.000000e+00
    outer loop
      vertex   -4.290418e+01 -1.056877e+01 4.662585e+01
      vertex   -4.361667e+01 -1.126347e+01 4.662585e+01
      vertex   -4.263494e+01 -1.037390e+01 4.662585e+01
    endloop
  endfacet
  facet normal 0.000000e+00 0.000000e+00 1.000000e+00
    outer loop
      vertex   -4.290418e+01 -1.056877e+01 4.662585e+01
      vertex   -4.263494e+01 -1.037390e+01 4.662585e+01
      vertex   -4.207941e+01 -9.939587e+00 4.662585e+01
    endloop
  endfacet
  facet normal -0.000000e+00 0.000000e+00 1.000000e+00
    outer loop
      vertex   -4.207941e+01 -9.939587e+00 4.662585e+01
      vertex   -4.263494e+01 -1.037390e+01 4.662585e+01
      vertex   -4.154473e+01 -9.621189e+00 4.662585e+01
    endloop
  endfacet
  facet normal 0.000000e+00 0.000000e+00 1.000000e+00
    outer loop
      vertex   -4.207941e+01 -9.939587e+00 4.662585e+01
      vertex   -4.154473e+01 -9.621189e+00 4.662585e+01
      vertex   -4.119428e+01 -9.398591e+00 4.662585e+01
    endloop
  endfacet
  facet normal -0.000000e+00 0.000000e+00 1.000000e+00
    outer loop
      vertex   -4.119428e+01 -9.398591e+00 4.662585e+01
      vertex   -4.154473e+01 -9.621189e+00 4.662585e+01
      vertex   -4.036499e+01 -9.018418e+00 4.662585e+01
    endloop
  endfacet
  facet normal 0.000000e+00 0.000000e+00 1.000000e+00
    outer loop
      vertex   -4.119428e+01 -9.398591e+00 4.662585e+01
      vertex   -4.036499e+01 -9.018418e+00 4.662585e+01
      vertex   -4.025820e+01 -8.951526e+00 4.662585e+01
    endloop
  endfacet
  facet normal -0.000000e+00 0.000000e+00 1.000000e+00
    outer loop
      vertex   -4.025820e+01 -8.951526e+00 4.662585e+01
      vertex   -4.036499e+01 -9.018418e+00 4.662585e+01
      vertex   -3.928108e+01 -8.603136e+00 4.662585e+01
    endloop
  endfacet
  facet normal -0.000000e+00 0.000000e+00 1.000000e+00
    outer loop
      vertex   -3.928108e+01 -8.603136e+00 4.662585e+01
      vertex   -4.036499e+01 -9.018418e+00 4.662585e+01
      vertex   -3.911621e+01 -8.576064e+00 4.662585e+01
    endloop
  endfacet
  facet normal 0.000000e+00 0.000000e+00 1.000000e+00
    outer loop
      vertex   -3.928108e+01 -8.603136e+00 4.662585e+01
      vertex   -3.911621e+01 -8.576064e+00 4.662585e+01
      vertex   -3.827331e+01 -8.357119e+00 4.662585e+01
    endloop
  endfacet
  facet normal -0.000000e+00 0.000000e+00 1.000000e+00
    outer loop
      vertex   -3.827331e+01 -8.357119e+00 4.662585e+01
      vertex   -3.911621e+01 -8.576064e+00 4.662585e+01
      vertex   -3.782009e+01 -8.301813e+00 4.662585e+01
    endloop
  endfacet
  facet normal 0.000000e+00 0.000000e+00 1.000000e+00
    outer loop
      vertex   -3.827331e+01 -8.357119e+00 4.662585e+01
      vertex   -3.782009e+01 -8.301813e+00 4.662585e+01
      vertex   -3.724558e+01 -8.216085e+00 4.662585e+01
    endloop
  endfacet
  facet normal -0.000000e+00 0.000000e+00 1.000000e+00
    outer loop
      vertex   -3.724558e+01 -8.216085e+00 4.662585e+01
      vertex   -3.782009e+01 -8.301813e+00 4.662585e+01
      vertex   -3.649916e+01 -8.200430e+00 4.662585e+01
    endloop
  endfacet
  facet normal 0.000000e+00 0.000000e+00 1.000000e+00
    outer loop
      vertex   -3.724558e+01 -8.216085e+00 4.662585e+01
      vertex   -3.649916e+01 -8.200430e+00 4.662585e+01
      vertex   -3.620879e+01 -8.181531e+00 4.662585e+01
    endloop
  endfacet
  facet normal 0.000000e+00 0.000000e+00 1.000000e+00
    outer loop
      vertex   -3.620879e+01 -8.181531e+00 4.662585e+01
      vertex   -3.649916e+01 -8.200430e+00 4.662585e+01
      vertex   -3.517637e+01 -8.273677e+00 4.662585e+01
    endloop
  endfacet
  facet normal 0.000000e+00 0.000000e+00 1.000000e+00
    outer loop
      vertex   -3.620879e+01 -8.181531e+00 4.662585e+01
      vertex   -3.517637e+01 -8.273677e+00 4.662585e+01
      vertex   -3.517395e+01 -8.253824e+00 4.662585e+01
    endloop
  endfacet
  facet normal 0.000000e+00 0.000000e+00 1.000000e+00
    outer loop
      vertex   -3.517395e+01 -8.253824e+00 4.662585e+01
      vertex   -3.517637e+01 -8.273677e+00 4.662585e+01
      vertex   -3.502084e+01 -8.273677e+00 4.662585e+01
    endloop
  endfacet
  facet normal 1.169851e-13 1.000000e+00 0.000000e+00
    outer loop
      vertex   -3.566650e+01 -2.829368e+01 4.682585e+01
      vertex   6.941127e+00 -2.829368e+01 4.682585e+01
      vertex   -3.566650e+01 -2.829368e+01 4.662585e+01
    endloop
  endfacet
  facet normal 1.169851e-13 1.000000e+00 0.000000e+00
    outer loop
      vertex   -3.566650e+01 -2.829368e+01 4.662585e+01
      vertex   6.941127e+00 -2.829368e+01 4.682585e+01
      vertex   6.941127e+00 -2.829368e+01 4.411000e+01
    endloop
  endfacet
  facet normal 5.207459e-14 1.000000e+00 -1.099302e-12
    outer loop
      vertex   -3.566650e+01 -2.829368e+01 4.662585e+01
      vertex   6.941127e+00 -2.829368e+01 4.411000e+01
      vertex   -3.603972e+01 -2.829368e+01 4.411000e+01
    endloop
  endfacet
  facet normal -7.358350e-12 1.000000e+00 0.000000e+00
    outer loop
      vertex   -3.603972e+01 -2.829368e+01 4.411000e+01
      vertex   -3.603972e+01 -2.829368e+01 4.662585e+01
      vertex   -3.566650e+01 -2.829368e+01 4.662585e+01
    endloop
  endfacet
endsolid
