solid ASCII
  facet normal 7.071068e-01 -0.000000e+00 7.071068e-01
    outer loop
      vertex   -6.750113e+01 3.299699e+01 2.371446e+01
      vertex   -6.750113e+01 3.509634e+01 2.371446e+01
      vertex   -6.751061e+01 3.262278e+01 2.372395e+01
    endloop
  endfacet
  facet normal 7.071068e-01 2.031203e-15 7.071068e-01
    outer loop
      vertex   -6.751061e+01 3.262278e+01 2.372395e+01
      vertex   -6.750113e+01 3.509634e+01 2.371446e+01
      vertex   -7.000113e+01 3.509634e+01 2.621446e+01
    endloop
  endfacet
  facet normal 7.071068e-01 0.000000e+00 7.071068e-01
    outer loop
      vertex   -6.751061e+01 3.262278e+01 2.372395e+01
      vertex   -7.000113e+01 3.509634e+01 2.621446e+01
      vertex   -7.000113e+01 -2.506366e+01 2.621446e+01
    endloop
  endfacet
  facet normal 7.071068e-01 0.000000e+00 7.071068e-01
    outer loop
      vertex   -6.751061e+01 3.262278e+01 2.372395e+01
      vertex   -7.000113e+01 -2.506366e+01 2.621446e+01
      vertex   -6.751061e+01 -2.260722e+01 2.372395e+01
    endloop
  endfacet
  facet normal 7.071068e-01 -2.045354e-15 7.071068e-01
    outer loop
      vertex   -6.751061e+01 -2.260722e+01 2.372395e+01
      vertex   -7.000113e+01 -2.506366e+01 2.621446e+01
      vertex   -6.750113e+01 -2.506366e+01 2.371446e+01
    endloop
  endfacet
  facet normal 7.071068e-01 0.000000e+00 7.071068e-01
    outer loop
      vertex   -6.751061e+01 -2.260722e+01 2.372395e+01
      vertex   -6.750113e+01 -2.506366e+01 2.371446e+01
      vertex   -6.750113e+01 -2.298142e+01 2.371446e+01
    endloop
  endfacet
  facet normal 4.917103e-17 -7.071068e-01 7.071068e-01
    outer loop
      vertex   3.959887e+01 4.251278e+01 2.621091e+01
      vertex   -6.258113e+01 4.251278e+01 2.621091e+01
      vertex   3.959887e+01 4.001634e+01 2.371446e+01
    endloop
  endfacet
  facet normal 0.000000e+00 -7.071068e-01 7.071068e-01
    outer loop
      vertex   3.959887e+01 4.001634e+01 2.371446e+01
      vertex   -6.258113e+01 4.251278e+01 2.621091e+01
      vertex   -6.258113e+01 4.001634e+01 2.371446e+01
    endloop
  endfacet
  facet normal -3.366407e-01 -9.416332e-01 0.000000e+00
    outer loop
      vertex   4.155499e+01 4.225385e+01 2.621446e+01
      vertex   4.262387e+01 4.187172e+01 2.621446e+01
      vertex   4.155499e+01 4.225385e+01 2.624700e+01
    endloop
  endfacet
  facet normal -3.366407e-01 -9.416332e-01 0.000000e+00
    outer loop
      vertex   4.155499e+01 4.225385e+01 2.624700e+01
      vertex   4.262387e+01 4.187172e+01 2.621446e+01
      vertex   4.262387e+01 4.187172e+01 2.624700e+01
    endloop
  endfacet
  facet normal -4.763321e-01 -8.792654e-01 -0.000000e+00
    outer loop
      vertex   4.262387e+01 4.187172e+01 2.624700e+01
      vertex   4.262387e+01 4.187172e+01 2.621446e+01
      vertex   4.362194e+01 4.133103e+01 2.621446e+01
    endloop
  endfacet
  facet normal -4.763321e-01 -8.792654e-01 0.000000e+00
    outer loop
      vertex   4.262387e+01 4.187172e+01 2.624700e+01
      vertex   4.362194e+01 4.133103e+01 2.621446e+01
      vertex   4.362194e+01 4.133103e+01 2.624700e+01
    endloop
  endfacet
  facet normal -6.048758e-01 -7.963199e-01 -0.000000e+00
    outer loop
      vertex   4.362194e+01 4.133103e+01 2.624700e+01
      vertex   4.362194e+01 4.133103e+01 2.621446e+01
      vertex   4.452586e+01 4.064442e+01 2.621446e+01
    endloop
  endfacet
  facet normal -6.048758e-01 -7.963199e-01 0.000000e+00
    outer loop
      vertex   4.362194e+01 4.133103e+01 2.624700e+01
      vertex   4.452586e+01 4.064442e+01 2.621446e+01
      vertex   4.452586e+01 4.064442e+01 2.624700e+01
    endloop
  endfacet
  facet normal -7.192632e-01 -6.947377e-01 -0.000000e+00
    outer loop
      vertex   4.452586e+01 4.064442e+01 2.624700e+01
      vertex   4.452586e+01 4.064442e+01 2.621446e+01
      vertex   4.531448e+01 3.982796e+01 2.621446e+01
    endloop
  endfacet
  facet normal -7.192632e-01 -6.947377e-01 0.000000e+00
    outer loop
      vertex   4.452586e+01 4.064442e+01 2.624700e+01
      vertex   4.531448e+01 3.982796e+01 2.621446e+01
      vertex   4.531448e+01 3.982796e+01 2.624700e+01
    endloop
  endfacet
  facet normal -8.134218e-04 -7.071065e-01 7.071065e-01
    outer loop
      vertex   3.959887e+01 4.251278e+01 2.621091e+01
      vertex   3.959887e+01 4.001634e+01 2.371446e+01
      vertex   3.961594e+01 4.251278e+01 2.621093e+01
    endloop
  endfacet
  facet normal -4.809304e-02 -7.061270e-01 7.064501e-01
    outer loop
      vertex   3.961594e+01 4.251278e+01 2.621093e+01
      vertex   3.959887e+01 4.001634e+01 2.371446e+01
      vertex   4.058102e+01 4.244905e+01 2.621292e+01
    endloop
  endfacet
  facet normal -6.149790e-02 -7.029242e-01 7.086011e-01
    outer loop
      vertex   4.058102e+01 4.244905e+01 2.621292e+01
      vertex   3.959887e+01 4.001634e+01 2.371446e+01
      vertex   4.045322e+01 3.994159e+01 2.371446e+01
    endloop
  endfacet
  facet normal -1.404504e-01 -6.952370e-01 7.049249e-01
    outer loop
      vertex   4.058102e+01 4.244905e+01 2.621292e+01
      vertex   4.045322e+01 3.994159e+01 2.371446e+01
      vertex   4.155499e+01 4.225385e+01 2.621446e+01
    endloop
  endfacet
  facet normal -1.823321e-01 -6.804726e-01 7.097268e-01
    outer loop
      vertex   4.155499e+01 4.225385e+01 2.621446e+01
      vertex   4.045322e+01 3.994159e+01 2.371446e+01
      vertex   4.128161e+01 3.971963e+01 2.371446e+01
    endloop
  endfacet
  facet normal -2.390743e-01 -6.687256e-01 7.040239e-01
    outer loop
      vertex   4.155499e+01 4.225385e+01 2.621446e+01
      vertex   4.128161e+01 3.971963e+01 2.371446e+01
      vertex   4.262387e+01 4.187172e+01 2.621446e+01
    endloop
  endfacet
  facet normal -2.977789e-01 -6.385890e-01 7.095998e-01
    outer loop
      vertex   4.262387e+01 4.187172e+01 2.621446e+01
      vertex   4.128161e+01 3.971963e+01 2.371446e+01
      vertex   4.205887e+01 3.935718e+01 2.371446e+01
    endloop
  endfacet
  facet normal -3.381629e-01 -6.242176e-01 7.042714e-01
    outer loop
      vertex   4.262387e+01 4.187172e+01 2.621446e+01
      vertex   4.205887e+01 3.935718e+01 2.371446e+01
      vertex   4.362194e+01 4.133103e+01 2.621446e+01
    endloop
  endfacet
  facet normal -4.044930e-01 -5.776759e-01 7.089964e-01
    outer loop
      vertex   4.362194e+01 4.133103e+01 2.621446e+01
      vertex   4.205887e+01 3.935718e+01 2.371446e+01
      vertex   4.276139e+01 3.886528e+01 2.371446e+01
    endloop
  endfacet
  facet normal -4.290781e-01 -5.648820e-01 7.048406e-01
    outer loop
      vertex   4.362194e+01 4.133103e+01 2.621446e+01
      vertex   4.276139e+01 3.886528e+01 2.371446e+01
      vertex   4.452586e+01 4.064442e+01 2.621446e+01
    endloop
  endfacet
  facet normal -4.994290e-01 -4.994290e-01 7.079134e-01
    outer loop
      vertex   4.452586e+01 4.064442e+01 2.621446e+01
      vertex   4.276139e+01 3.886528e+01 2.371446e+01
      vertex   4.336781e+01 3.825885e+01 2.371446e+01
    endloop
  endfacet
  facet normal -5.095851e-01 -4.922092e-01 7.057287e-01
    outer loop
      vertex   4.452586e+01 4.064442e+01 2.621446e+01
      vertex   4.336781e+01 3.825885e+01 2.371446e+01
      vertex   4.531448e+01 3.982796e+01 2.621446e+01
    endloop
  endfacet
  facet normal -5.637796e-01 -4.269853e-01 7.069908e-01
    outer loop
      vertex   4.531448e+01 3.982796e+01 2.621446e+01
      vertex   4.336781e+01 3.825885e+01 2.371446e+01
      vertex   4.569529e+01 3.932362e+01 2.621354e+01
    endloop
  endfacet
  facet normal -5.771219e-01 -4.041051e-01 7.096685e-01
    outer loop
      vertex   4.569529e+01 3.932362e+01 2.621354e+01
      vertex   4.336781e+01 3.825885e+01 2.371446e+01
      vertex   4.385972e+01 3.755634e+01 2.371446e+01
    endloop
  endfacet
  facet normal -5.984788e-01 -3.775667e-01 7.065879e-01
    outer loop
      vertex   4.569529e+01 3.932362e+01 2.621354e+01
      vertex   4.385972e+01 3.755634e+01 2.371446e+01
      vertex   4.603615e+01 3.878117e+01 2.621239e+01
    endloop
  endfacet
  facet normal -6.284024e-01 -3.248507e-01 7.068114e-01
    outer loop
      vertex   4.603615e+01 3.878117e+01 2.621239e+01
      vertex   4.385972e+01 3.755634e+01 2.371446e+01
      vertex   4.633131e+01 3.820723e+01 2.621103e+01
    endloop
  endfacet
  facet normal -6.384810e-01 -2.977286e-01 7.097180e-01
    outer loop
      vertex   4.633131e+01 3.820723e+01 2.621103e+01
      vertex   4.385972e+01 3.755634e+01 2.371446e+01
      vertex   4.422216e+01 3.677908e+01 2.371446e+01
    endloop
  endfacet
  facet normal -6.547385e-01 -2.683174e-01 7.066281e-01
    outer loop
      vertex   4.633131e+01 3.820723e+01 2.621103e+01
      vertex   4.422216e+01 3.677908e+01 2.371446e+01
      vertex   4.657504e+01 3.760836e+01 2.620945e+01
    endloop
  endfacet
  facet normal -6.757581e-01 -2.092210e-01 7.068081e-01
    outer loop
      vertex   4.657504e+01 3.760836e+01 2.620945e+01
      vertex   4.422216e+01 3.677908e+01 2.371446e+01
      vertex   4.676411e+01 3.699171e+01 2.620769e+01
    endloop
  endfacet
  facet normal -6.806683e-01 -1.823845e-01 7.095256e-01
    outer loop
      vertex   4.676411e+01 3.699171e+01 2.620769e+01
      vertex   4.422216e+01 3.677908e+01 2.371446e+01
      vertex   4.444413e+01 3.595069e+01 2.371446e+01
    endloop
  endfacet
  facet normal -6.914850e-01 -1.509153e-01 7.064510e-01
    outer loop
      vertex   4.676411e+01 3.699171e+01 2.620769e+01
      vertex   4.444413e+01 3.595069e+01 2.371446e+01
      vertex   4.689871e+01 3.636601e+01 2.620577e+01
    endloop
  endfacet
  facet normal -7.015279e-01 -9.251936e-02 7.066108e-01
    outer loop
      vertex   4.689871e+01 3.636601e+01 2.620577e+01
      vertex   4.444413e+01 3.595069e+01 2.371446e+01
      vertex   4.697919e+01 3.574009e+01 2.620372e+01
    endloop
  endfacet
  facet normal -7.019008e-01 -6.140836e-02 7.096227e-01
    outer loop
      vertex   4.697919e+01 3.574009e+01 2.620372e+01
      vertex   4.444413e+01 3.595069e+01 2.371446e+01
      vertex   4.451887e+01 3.509634e+01 2.371446e+01
    endloop
  endfacet
  facet normal -7.065510e-01 -3.306565e-02 7.068892e-01
    outer loop
      vertex   4.697919e+01 3.574009e+01 2.620372e+01
      vertex   4.451887e+01 3.509634e+01 2.371446e+01
      vertex   4.700594e+01 3.512278e+01 2.620158e+01
    endloop
  endfacet
  facet normal -7.071062e-01 -1.262181e-03 7.071062e-01
    outer loop
      vertex   4.700594e+01 3.512278e+01 2.620158e+01
      vertex   4.451887e+01 3.509634e+01 2.371446e+01
      vertex   4.700594e+01 3.509634e+01 2.620153e+01
    endloop
  endfacet
  facet normal -7.071068e-01 8.351556e-17 7.071068e-01
    outer loop
      vertex   4.700594e+01 3.509634e+01 2.620153e+01
      vertex   4.451887e+01 3.509634e+01 2.371446e+01
      vertex   4.700594e+01 -2.506366e+01 2.620153e+01
    endloop
  endfacet
  facet normal -7.071068e-01 0.000000e+00 7.071068e-01
    outer loop
      vertex   4.700594e+01 -2.506366e+01 2.620153e+01
      vertex   4.451887e+01 3.509634e+01 2.371446e+01
      vertex   4.451887e+01 -2.506366e+01 2.371446e+01
    endloop
  endfacet
  facet normal -7.071053e-01 2.079026e-03 7.071053e-01
    outer loop
      vertex   4.700594e+01 -2.506366e+01 2.620153e+01
      vertex   4.451887e+01 -2.506366e+01 2.371446e+01
      vertex   4.700594e+01 -2.510722e+01 2.620166e+01
    endloop
  endfacet
  facet normal -7.064713e-01 3.235835e-02 7.070016e-01
    outer loop
      vertex   4.700594e+01 -2.510722e+01 2.620166e+01
      vertex   4.451887e+01 -2.506366e+01 2.371446e+01
      vertex   4.698284e+01 -2.568448e+01 2.620500e+01
    endloop
  endfacet
  facet normal -7.018517e-01 6.140407e-02 7.096716e-01
    outer loop
      vertex   4.698284e+01 -2.568448e+01 2.620500e+01
      vertex   4.451887e+01 -2.506366e+01 2.371446e+01
      vertex   4.444413e+01 -2.591801e+01 2.371446e+01
    endloop
  endfacet
  facet normal -7.017017e-01 8.769139e-02 7.070537e-01
    outer loop
      vertex   4.698284e+01 -2.568448e+01 2.620500e+01
      vertex   4.444413e+01 -2.591801e+01 2.371446e+01
      vertex   4.691300e+01 -2.626973e+01 2.620827e+01
    endloop
  endfacet
  facet normal -6.932366e-01 1.427289e-01 7.064357e-01
    outer loop
      vertex   4.691300e+01 -2.626973e+01 2.620827e+01
      vertex   4.444413e+01 -2.591801e+01 2.371446e+01
      vertex   4.679561e+01 -2.685560e+01 2.621145e+01
    endloop
  endfacet
  facet normal -6.806855e-01 1.823891e-01 7.095079e-01
    outer loop
      vertex   4.679561e+01 -2.685560e+01 2.621145e+01
      vertex   4.444413e+01 -2.591801e+01 2.371446e+01
      vertex   4.422216e+01 -2.674640e+01 2.371446e+01
    endloop
  endfacet
  facet normal -6.782623e-01 1.978398e-01 7.076862e-01
    outer loop
      vertex   4.679561e+01 -2.685560e+01 2.621145e+01
      vertex   4.422216e+01 -2.674640e+01 2.371446e+01
      vertex   4.662985e+01 -2.743468e+01 2.621446e+01
    endloop
  endfacet
  facet normal -6.524252e-01 2.782249e-01 7.049342e-01
    outer loop
      vertex   4.662985e+01 -2.743468e+01 2.621446e+01
      vertex   4.422216e+01 -2.674640e+01 2.371446e+01
      vertex   4.617714e+01 -2.849626e+01 2.621446e+01
    endloop
  endfacet
  facet normal -6.394046e-01 2.981592e-01 7.087051e-01
    outer loop
      vertex   4.617714e+01 -2.849626e+01 2.621446e+01
      vertex   4.422216e+01 -2.674640e+01 2.371446e+01
      vertex   4.385972e+01 -2.752366e+01 2.371446e+01
    endloop
  endfacet
  facet normal -6.018880e-01 3.763390e-01 7.043435e-01
    outer loop
      vertex   4.617714e+01 -2.849626e+01 2.621446e+01
      vertex   4.385972e+01 -2.752366e+01 2.371446e+01
      vertex   4.556530e+01 -2.947480e+01 2.621446e+01
    endloop
  endfacet
  facet normal -5.773476e-01 4.042631e-01 7.093949e-01
    outer loop
      vertex   4.556530e+01 -2.947480e+01 2.621446e+01
      vertex   4.385972e+01 -2.752366e+01 2.371446e+01
      vertex   4.336781e+01 -2.822618e+01 2.371446e+01
    endloop
  endfacet
  facet normal -5.365069e-01 4.653410e-01 7.040015e-01
    outer loop
      vertex   4.556530e+01 -2.947480e+01 2.621446e+01
      vertex   4.336781e+01 -2.822618e+01 2.371446e+01
      vertex   4.480911e+01 -3.034663e+01 2.621446e+01
    endloop
  endfacet
  facet normal -4.981491e-01 4.981491e-01 7.097147e-01
    outer loop
      vertex   4.480911e+01 -3.034663e+01 2.621446e+01
      vertex   4.336781e+01 -2.822618e+01 2.371446e+01
      vertex   4.276139e+01 -2.883260e+01 2.371446e+01
    endloop
  endfacet
  facet normal -4.579181e-01 5.429756e-01 7.039095e-01
    outer loop
      vertex   4.480911e+01 -3.034663e+01 2.621446e+01
      vertex   4.276139e+01 -2.883260e+01 2.371446e+01
      vertex   4.392689e+01 -3.109066e+01 2.621446e+01
    endloop
  endfacet
  facet normal -4.041065e-01 5.771239e-01 7.096661e-01
    outer loop
      vertex   4.392689e+01 -3.109066e+01 2.621446e+01
      vertex   4.276139e+01 -2.883260e+01 2.371446e+01
      vertex   4.205887e+01 -2.932451e+01 2.371446e+01
    endloop
  endfacet
  facet normal -3.681014e-01 6.072810e-01 7.040676e-01
    outer loop
      vertex   4.392689e+01 -3.109066e+01 2.621446e+01
      vertex   4.205887e+01 -2.932451e+01 2.371446e+01
      vertex   4.293996e+01 -3.168888e+01 2.621446e+01
    endloop
  endfacet
  facet normal -2.979283e-01 6.389093e-01 7.092487e-01
    outer loop
      vertex   4.293996e+01 -3.168888e+01 2.621446e+01
      vertex   4.205887e+01 -2.932451e+01 2.371446e+01
      vertex   4.128161e+01 -2.968695e+01 2.371446e+01
    endloop
  endfacet
  facet normal -2.693273e-01 6.566408e-01 7.044755e-01
    outer loop
      vertex   4.293996e+01 -3.168888e+01 2.621446e+01
      vertex   4.128161e+01 -2.968695e+01 2.371446e+01
      vertex   4.187221e+01 -3.212683e+01 2.621446e+01
    endloop
  endfacet
  facet normal -1.826616e-01 6.817024e-01 7.084607e-01
    outer loop
      vertex   4.187221e+01 -3.212683e+01 2.621446e+01
      vertex   4.128161e+01 -2.968695e+01 2.371446e+01
      vertex   4.045322e+01 -2.990891e+01 2.371446e+01
    endloop
  endfacet
  facet normal -1.640966e-01 6.898274e-01 7.051316e-01
    outer loop
      vertex   4.187221e+01 -3.212683e+01 2.621446e+01
      vertex   4.045322e+01 -2.990891e+01 2.371446e+01
      vertex   4.074946e+01 -3.239391e+01 2.621446e+01
    endloop
  endfacet
  facet normal -6.161168e-02 7.042248e-01 7.072987e-01
    outer loop
      vertex   4.074946e+01 -3.239391e+01 2.621446e+01
      vertex   4.045322e+01 -2.990891e+01 2.371446e+01
      vertex   3.959887e+01 -2.998366e+01 2.371446e+01
    endloop
  endfacet
  facet normal -5.507368e-02 7.060336e-01 7.060336e-01
    outer loop
      vertex   4.074946e+01 -3.239391e+01 2.621446e+01
      vertex   3.959887e+01 -2.998366e+01 2.371446e+01
      vertex   3.959887e+01 -3.248366e+01 2.621446e+01
    endloop
  endfacet
  facet normal -9.198510e-01 3.922679e-01 2.008715e-13
    outer loop
      vertex   4.662985e+01 -2.743468e+01 2.621446e+01
      vertex   4.617714e+01 -2.849626e+01 2.621446e+01
      vertex   4.662985e+01 -2.743468e+01 2.624700e+01
    endloop
  endfacet
  facet normal -9.198510e-01 3.922679e-01 0.000000e+00
    outer loop
      vertex   4.662985e+01 -2.743468e+01 2.624700e+01
      vertex   4.617714e+01 -2.849626e+01 2.621446e+01
      vertex   4.617714e+01 -2.849626e+01 2.624700e+01
    endloop
  endfacet
  facet normal -8.478976e-01 5.301600e-01 0.000000e+00
    outer loop
      vertex   4.617714e+01 -2.849626e+01 2.624700e+01
      vertex   4.617714e+01 -2.849626e+01 2.621446e+01
      vertex   4.556530e+01 -2.947480e+01 2.621446e+01
    endloop
  endfacet
  facet normal -8.478976e-01 5.301600e-01 -1.153055e-13
    outer loop
      vertex   4.617714e+01 -2.849626e+01 2.624700e+01
      vertex   4.556530e+01 -2.947480e+01 2.621446e+01
      vertex   4.556530e+01 -2.947480e+01 2.624700e+01
    endloop
  endfacet
  facet normal -7.554323e-01 6.552267e-01 -1.430844e-13
    outer loop
      vertex   4.556530e+01 -2.947480e+01 2.624700e+01
      vertex   4.556530e+01 -2.947480e+01 2.621446e+01
      vertex   4.480911e+01 -3.034663e+01 2.621446e+01
    endloop
  endfacet
  facet normal -7.554323e-01 6.552267e-01 -7.095724e-14
    outer loop
      vertex   4.556530e+01 -2.947480e+01 2.624700e+01
      vertex   4.480911e+01 -3.034663e+01 2.621446e+01
      vertex   4.480911e+01 -3.034663e+01 2.624700e+01
    endloop
  endfacet
  facet normal -6.446920e-01 7.644424e-01 -8.346715e-14
    outer loop
      vertex   4.480911e+01 -3.034663e+01 2.624700e+01
      vertex   4.480911e+01 -3.034663e+01 2.621446e+01
      vertex   4.392689e+01 -3.109066e+01 2.621446e+01
    endloop
  endfacet
  facet normal -6.446920e-01 7.644424e-01 -2.660896e-14
    outer loop
      vertex   4.480911e+01 -3.034663e+01 2.624700e+01
      vertex   4.392689e+01 -3.109066e+01 2.621446e+01
      vertex   4.392689e+01 -3.109066e+01 2.624700e+01
    endloop
  endfacet
  facet normal -5.183556e-01 8.551652e-01 -7.355044e-14
    outer loop
      vertex   4.392689e+01 -3.109066e+01 2.624700e+01
      vertex   4.392689e+01 -3.109066e+01 2.621446e+01
      vertex   4.293996e+01 -3.168888e+01 2.621446e+01
    endloop
  endfacet
  facet normal -5.183556e-01 8.551652e-01 -9.165310e-14
    outer loop
      vertex   4.392689e+01 -3.109066e+01 2.624700e+01
      vertex   4.293996e+01 -3.168888e+01 2.621446e+01
      vertex   4.293996e+01 -3.168888e+01 2.624700e+01
    endloop
  endfacet
  facet normal -3.794794e-01 9.252002e-01 -1.010198e-13
    outer loop
      vertex   4.293996e+01 -3.168888e+01 2.624700e+01
      vertex   4.293996e+01 -3.168888e+01 2.621446e+01
      vertex   4.187221e+01 -3.212683e+01 2.621446e+01
    endloop
  endfacet
  facet normal -3.794794e-01 9.252002e-01 0.000000e+00
    outer loop
      vertex   4.293996e+01 -3.168888e+01 2.624700e+01
      vertex   4.187221e+01 -3.212683e+01 2.621446e+01
      vertex   4.187221e+01 -3.212683e+01 2.624700e+01
    endloop
  endfacet
  facet normal -2.314230e-01 9.728532e-01 0.000000e+00
    outer loop
      vertex   4.187221e+01 -3.212683e+01 2.624700e+01
      vertex   4.187221e+01 -3.212683e+01 2.621446e+01
      vertex   4.074946e+01 -3.239391e+01 2.621446e+01
    endloop
  endfacet
  facet normal -2.314230e-01 9.728532e-01 0.000000e+00
    outer loop
      vertex   4.187221e+01 -3.212683e+01 2.624700e+01
      vertex   4.074946e+01 -3.239391e+01 2.621446e+01
      vertex   4.074946e+01 -3.239391e+01 2.624700e+01
    endloop
  endfacet
  facet normal -7.776810e-02 9.969715e-01 0.000000e+00
    outer loop
      vertex   4.074946e+01 -3.239391e+01 2.624700e+01
      vertex   4.074946e+01 -3.239391e+01 2.621446e+01
      vertex   3.959887e+01 -3.248366e+01 2.621446e+01
    endloop
  endfacet
  facet normal -7.776810e-02 9.969715e-01 0.000000e+00
    outer loop
      vertex   4.074946e+01 -3.239391e+01 2.624700e+01
      vertex   3.959887e+01 -3.248366e+01 2.621446e+01
      vertex   3.959887e+01 -3.248366e+01 2.624700e+01
    endloop
  endfacet
  facet normal 1.234158e-15 7.071068e-01 7.071068e-01
    outer loop
      vertex   3.756336e+01 -2.998366e+01 2.371446e+01
      vertex   3.711594e+01 -2.999722e+01 2.372802e+01
      vertex   3.959887e+01 -2.998366e+01 2.371446e+01
    endloop
  endfacet
  facet normal 2.017996e-15 7.071068e-01 7.071068e-01
    outer loop
      vertex   3.959887e+01 -2.998366e+01 2.371446e+01
      vertex   3.711594e+01 -2.999722e+01 2.372802e+01
      vertex   3.959887e+01 -3.248366e+01 2.621446e+01
    endloop
  endfacet
  facet normal 0.000000e+00 7.071068e-01 7.071068e-01
    outer loop
      vertex   3.959887e+01 -3.248366e+01 2.621446e+01
      vertex   3.711594e+01 -2.999722e+01 2.372802e+01
      vertex   -6.258113e+01 -3.248366e+01 2.621446e+01
    endloop
  endfacet
  facet normal 0.000000e+00 7.071068e-01 7.071068e-01
    outer loop
      vertex   -6.258113e+01 -3.248366e+01 2.621446e+01
      vertex   3.711594e+01 -2.999722e+01 2.372802e+01
      vertex   -6.012061e+01 -2.999722e+01 2.372802e+01
    endloop
  endfacet
  facet normal -1.020983e-15 7.071068e-01 7.071068e-01
    outer loop
      vertex   -6.258113e+01 -3.248366e+01 2.621446e+01
      vertex   -6.012061e+01 -2.999722e+01 2.372802e+01
      vertex   -6.258113e+01 -2.998366e+01 2.371446e+01
    endloop
  endfacet
  facet normal -0.000000e+00 7.071068e-01 7.071068e-01
    outer loop
      vertex   -6.258113e+01 -2.998366e+01 2.371446e+01
      vertex   -6.012061e+01 -2.999722e+01 2.372802e+01
      vertex   -6.056803e+01 -2.998366e+01 2.371446e+01
    endloop
  endfacet
  facet normal 7.062042e-01 5.050872e-02 7.062042e-01
    outer loop
      vertex   -7.000113e+01 -2.506366e+01 2.621446e+01
      vertex   -6.992560e+01 -2.611964e+01 2.621446e+01
      vertex   -6.750113e+01 -2.506366e+01 2.371446e+01
    endloop
  endfacet
  facet normal 7.033906e-01 6.153871e-02 7.081346e-01
    outer loop
      vertex   -6.750113e+01 -2.506366e+01 2.371446e+01
      vertex   -6.992560e+01 -2.611964e+01 2.621446e+01
      vertex   -6.742638e+01 -2.591801e+01 2.371446e+01
    endloop
  endfacet
  facet normal 6.930280e-01 1.507590e-01 7.049709e-01
    outer loop
      vertex   -6.742638e+01 -2.591801e+01 2.371446e+01
      vertex   -6.992560e+01 -2.611964e+01 2.621446e+01
      vertex   -6.970056e+01 -2.715412e+01 2.621446e+01
    endloop
  endfacet
  facet normal 6.807461e-01 1.824054e-01 7.094456e-01
    outer loop
      vertex   -6.742638e+01 -2.591801e+01 2.371446e+01
      vertex   -6.970056e+01 -2.715412e+01 2.621446e+01
      vertex   -6.720441e+01 -2.674640e+01 2.371446e+01
    endloop
  endfacet
  facet normal 6.650127e-01 2.480369e-01 7.044401e-01
    outer loop
      vertex   -6.720441e+01 -2.674640e+01 2.371446e+01
      vertex   -6.970056e+01 -2.715412e+01 2.621446e+01
      vertex   -6.933060e+01 -2.814604e+01 2.621446e+01
    endloop
  endfacet
  facet normal 6.384911e-01 2.977333e-01 7.097070e-01
    outer loop
      vertex   -6.720441e+01 -2.674640e+01 2.371446e+01
      vertex   -6.933060e+01 -2.814604e+01 2.621446e+01
      vertex   -6.684197e+01 -2.752366e+01 2.371446e+01
    endloop
  endfacet
  facet normal 6.227902e-01 3.400692e-01 7.046172e-01
    outer loop
      vertex   -6.684197e+01 -2.752366e+01 2.371446e+01
      vertex   -6.933060e+01 -2.814604e+01 2.621446e+01
      vertex   -6.882323e+01 -2.907522e+01 2.621446e+01
    endloop
  endfacet
  facet normal 5.777372e-01 4.045359e-01 7.089220e-01
    outer loop
      vertex   -6.684197e+01 -2.752366e+01 2.371446e+01
      vertex   -6.882323e+01 -2.907522e+01 2.621446e+01
      vertex   -6.635007e+01 -2.822618e+01 2.371446e+01
    endloop
  endfacet
  facet normal 5.673513e-01 4.247138e-01 7.055003e-01
    outer loop
      vertex   -6.635007e+01 -2.822618e+01 2.371446e+01
      vertex   -6.882323e+01 -2.907522e+01 2.621446e+01
      vertex   -6.818879e+01 -2.992273e+01 2.621446e+01
    endloop
  endfacet
  facet normal 5.000183e-01 5.000183e-01 7.070809e-01
    outer loop
      vertex   -6.635007e+01 -2.822618e+01 2.371446e+01
      vertex   -6.818879e+01 -2.992273e+01 2.621446e+01
      vertex   -6.744019e+01 -3.067132e+01 2.621446e+01
    endloop
  endfacet
  facet normal 5.000183e-01 5.000183e-01 7.070809e-01
    outer loop
      vertex   -6.635007e+01 -2.822618e+01 2.371446e+01
      vertex   -6.744019e+01 -3.067132e+01 2.621446e+01
      vertex   -6.574364e+01 -2.883260e+01 2.371446e+01
    endloop
  endfacet
  facet normal 4.247138e-01 5.673513e-01 7.055003e-01
    outer loop
      vertex   -6.574364e+01 -2.883260e+01 2.371446e+01
      vertex   -6.744019e+01 -3.067132e+01 2.621446e+01
      vertex   -6.659268e+01 -3.130576e+01 2.621446e+01
    endloop
  endfacet
  facet normal 4.045359e-01 5.777372e-01 7.089220e-01
    outer loop
      vertex   -6.574364e+01 -2.883260e+01 2.371446e+01
      vertex   -6.659268e+01 -3.130576e+01 2.621446e+01
      vertex   -6.504113e+01 -2.932451e+01 2.371446e+01
    endloop
  endfacet
  facet normal 3.400692e-01 6.227902e-01 7.046172e-01
    outer loop
      vertex   -6.504113e+01 -2.932451e+01 2.371446e+01
      vertex   -6.659268e+01 -3.130576e+01 2.621446e+01
      vertex   -6.566351e+01 -3.181313e+01 2.621446e+01
    endloop
  endfacet
  facet normal 2.977333e-01 6.384911e-01 7.097070e-01
    outer loop
      vertex   -6.504113e+01 -2.932451e+01 2.371446e+01
      vertex   -6.566351e+01 -3.181313e+01 2.621446e+01
      vertex   -6.426387e+01 -2.968695e+01 2.371446e+01
    endloop
  endfacet
  facet normal 2.480369e-01 6.650127e-01 7.044401e-01
    outer loop
      vertex   -6.426387e+01 -2.968695e+01 2.371446e+01
      vertex   -6.566351e+01 -3.181313e+01 2.621446e+01
      vertex   -6.467158e+01 -3.218310e+01 2.621446e+01
    endloop
  endfacet
  facet normal 1.824054e-01 6.807461e-01 7.094456e-01
    outer loop
      vertex   -6.426387e+01 -2.968695e+01 2.371446e+01
      vertex   -6.467158e+01 -3.218310e+01 2.621446e+01
      vertex   -6.343548e+01 -2.990891e+01 2.371446e+01
    endloop
  endfacet
  facet normal 1.507590e-01 6.930280e-01 7.049709e-01
    outer loop
      vertex   -6.343548e+01 -2.990891e+01 2.371446e+01
      vertex   -6.467158e+01 -3.218310e+01 2.621446e+01
      vertex   -6.363710e+01 -3.240814e+01 2.621446e+01
    endloop
  endfacet
  facet normal 6.153871e-02 7.033906e-01 7.081346e-01
    outer loop
      vertex   -6.343548e+01 -2.990891e+01 2.371446e+01
      vertex   -6.363710e+01 -3.240814e+01 2.621446e+01
      vertex   -6.258113e+01 -2.998366e+01 2.371446e+01
    endloop
  endfacet
  facet normal 5.050872e-02 7.062042e-01 7.062042e-01
    outer loop
      vertex   -6.258113e+01 -2.998366e+01 2.371446e+01
      vertex   -6.363710e+01 -3.240814e+01 2.621446e+01
      vertex   -6.258113e+01 -3.248366e+01 2.621446e+01
    endloop
  endfacet
  facet normal 1.882066e-03 -7.071055e-01 7.071055e-01
    outer loop
      vertex   -6.258113e+01 4.251278e+01 2.621091e+01
      vertex   -6.262061e+01 4.251278e+01 2.621101e+01
      vertex   -6.258113e+01 4.001634e+01 2.371446e+01
    endloop
  endfacet
  facet normal 3.568209e-02 -7.063892e-01 7.069237e-01
    outer loop
      vertex   -6.258113e+01 4.001634e+01 2.371446e+01
      vertex   -6.262061e+01 4.251278e+01 2.621101e+01
      vertex   -6.328949e+01 4.248245e+01 2.621446e+01
    endloop
  endfacet
  facet normal 6.140126e-02 -7.018196e-01 7.097035e-01
    outer loop
      vertex   -6.258113e+01 4.001634e+01 2.371446e+01
      vertex   -6.328949e+01 4.248245e+01 2.621446e+01
      vertex   -6.343548e+01 3.994159e+01 2.371446e+01
    endloop
  endfacet
  facet normal 1.196724e-01 -6.997975e-01 7.042457e-01
    outer loop
      vertex   -6.343548e+01 3.994159e+01 2.371446e+01
      vertex   -6.328949e+01 4.248245e+01 2.621446e+01
      vertex   -6.436744e+01 4.229811e+01 2.621446e+01
    endloop
  endfacet
  facet normal 1.823759e-01 -6.806360e-01 7.095588e-01
    outer loop
      vertex   -6.343548e+01 3.994159e+01 2.371446e+01
      vertex   -6.436744e+01 4.229811e+01 2.621446e+01
      vertex   -6.426387e+01 3.971963e+01 2.371446e+01
    endloop
  endfacet
  facet normal 2.211219e-01 -6.742723e-01 7.046005e-01
    outer loop
      vertex   -6.426387e+01 3.971963e+01 2.371446e+01
      vertex   -6.436744e+01 4.229811e+01 2.621446e+01
      vertex   -6.540658e+01 4.195733e+01 2.621446e+01
    endloop
  endfacet
  facet normal 2.981807e-01 -6.394505e-01 7.086546e-01
    outer loop
      vertex   -6.426387e+01 3.971963e+01 2.371446e+01
      vertex   -6.540658e+01 4.195733e+01 2.621446e+01
      vertex   -6.504113e+01 3.935718e+01 2.371446e+01
    endloop
  endfacet
  facet normal 3.174419e-01 -6.336780e-01 7.054665e-01
    outer loop
      vertex   -6.504113e+01 3.935718e+01 2.371446e+01
      vertex   -6.540658e+01 4.195733e+01 2.621446e+01
      vertex   -6.638435e+01 4.146752e+01 2.621446e+01
    endloop
  endfacet
  facet normal 4.056509e-01 -5.793295e-01 7.069828e-01
    outer loop
      vertex   -6.504113e+01 3.935718e+01 2.371446e+01
      vertex   -6.638435e+01 4.146752e+01 2.621446e+01
      vertex   -6.574364e+01 3.886528e+01 2.371446e+01
    endloop
  endfacet
  facet normal 4.063493e-01 -5.790177e-01 7.068372e-01
    outer loop
      vertex   -6.574364e+01 3.886528e+01 2.371446e+01
      vertex   -6.638435e+01 4.146752e+01 2.621446e+01
      vertex   -6.727950e+01 4.083931e+01 2.621446e+01
    endloop
  endfacet
  facet normal 4.879220e-01 -5.139288e-01 7.055560e-01
    outer loop
      vertex   -6.574364e+01 3.886528e+01 2.371446e+01
      vertex   -6.727950e+01 4.083931e+01 2.621446e+01
      vertex   -6.807260e+01 4.008635e+01 2.621446e+01
    endloop
  endfacet
  facet normal 4.989766e-01 -4.989766e-01 7.085512e-01
    outer loop
      vertex   -6.574364e+01 3.886528e+01 2.371446e+01
      vertex   -6.807260e+01 4.008635e+01 2.621446e+01
      vertex   -6.635007e+01 3.825885e+01 2.371446e+01
    endloop
  endfacet
  facet normal 5.588714e-01 -4.371853e-01 7.046502e-01
    outer loop
      vertex   -6.635007e+01 3.825885e+01 2.371446e+01
      vertex   -6.807260e+01 4.008635e+01 2.621446e+01
      vertex   -6.874640e+01 3.922499e+01 2.621446e+01
    endloop
  endfacet
  facet normal 5.772483e-01 -4.041936e-01 7.095153e-01
    outer loop
      vertex   -6.635007e+01 3.825885e+01 2.371446e+01
      vertex   -6.874640e+01 3.922499e+01 2.621446e+01
      vertex   -6.684197e+01 3.755634e+01 2.371446e+01
    endloop
  endfacet
  facet normal 6.174017e-01 -3.504855e-01 7.042550e-01
    outer loop
      vertex   -6.684197e+01 3.755634e+01 2.371446e+01
      vertex   -6.874640e+01 3.922499e+01 2.621446e+01
      vertex   -6.928629e+01 3.827395e+01 2.621446e+01
    endloop
  endfacet
  facet normal 6.384796e-01 -2.977279e-01 7.097196e-01
    outer loop
      vertex   -6.684197e+01 3.755634e+01 2.371446e+01
      vertex   -6.928629e+01 3.827395e+01 2.621446e+01
      vertex   -6.720441e+01 3.677908e+01 2.371446e+01
    endloop
  endfacet
  facet normal 6.621022e-01 -2.558884e-01 7.043733e-01
    outer loop
      vertex   -6.720441e+01 3.677908e+01 2.371446e+01
      vertex   -6.928629e+01 3.827395e+01 2.621446e+01
      vertex   -6.968052e+01 3.725389e+01 2.621446e+01
    endloop
  endfacet
  facet normal 6.810180e-01 -1.824782e-01 7.091659e-01
    outer loop
      vertex   -6.720441e+01 3.677908e+01 2.371446e+01
      vertex   -6.968052e+01 3.725389e+01 2.621446e+01
      vertex   -6.742638e+01 3.595069e+01 2.371446e+01
    endloop
  endfacet
  facet normal 6.919111e-01 -1.556532e-01 7.050043e-01
    outer loop
      vertex   -6.742638e+01 3.595069e+01 2.371446e+01
      vertex   -6.968052e+01 3.725389e+01 2.621446e+01
      vertex   -6.992054e+01 3.618696e+01 2.621446e+01
    endloop
  endfacet
  facet normal 7.036757e-01 -6.156365e-02 7.078492e-01
    outer loop
      vertex   -6.742638e+01 3.595069e+01 2.371446e+01
      vertex   -6.992054e+01 3.618696e+01 2.621446e+01
      vertex   -6.750113e+01 3.509634e+01 2.371446e+01
    endloop
  endfacet
  facet normal 7.061435e-01 -5.217924e-02 7.061435e-01
    outer loop
      vertex   -6.750113e+01 3.509634e+01 2.371446e+01
      vertex   -6.992054e+01 3.618696e+01 2.621446e+01
      vertex   -7.000113e+01 3.509634e+01 2.621446e+01
    endloop
  endfacet
  facet normal 9.999957e-01 2.931309e-03 0.000000e+00
    outer loop
      vertex   -7.000113e+01 -2.506366e+01 2.624700e+01
      vertex   -7.000100e+01 -2.510716e+01 2.624700e+01
      vertex   -7.000113e+01 -2.506366e+01 2.621446e+01
    endloop
  endfacet
  facet normal 9.961380e-01 5.444408e-02 6.888339e-02
    outer loop
      vertex   -7.000113e+01 -2.506366e+01 2.621446e+01
      vertex   -7.000100e+01 -2.510716e+01 2.624700e+01
      vertex   -6.996154e+01 -2.582907e+01 2.624700e+01
    endloop
  endfacet
  facet normal 9.045479e-01 6.469454e-02 4.214353e-01
    outer loop
      vertex   -7.000113e+01 -2.506366e+01 2.621446e+01
      vertex   -6.996154e+01 -2.582907e+01 2.624700e+01
      vertex   -6.992560e+01 -2.611964e+01 2.621446e+01
    endloop
  endfacet
  facet normal 9.564240e-01 1.465821e-01 -2.525211e-01
    outer loop
      vertex   -6.992560e+01 -2.611964e+01 2.621446e+01
      vertex   -6.996154e+01 -2.582907e+01 2.624700e+01
      vertex   -6.985202e+01 -2.654372e+01 2.624700e+01
    endloop
  endfacet
  facet normal 8.523484e-01 1.854171e-01 4.890017e-01
    outer loop
      vertex   -6.992560e+01 -2.611964e+01 2.621446e+01
      vertex   -6.985202e+01 -2.654372e+01 2.624700e+01
      vertex   -6.970056e+01 -2.715412e+01 2.621446e+01
    endloop
  endfacet
  facet normal 9.618139e-01 2.451342e-01 -1.217505e-01
    outer loop
      vertex   -6.970056e+01 -2.715412e+01 2.621446e+01
      vertex   -6.985202e+01 -2.654372e+01 2.624700e+01
      vertex   -6.967346e+01 -2.724431e+01 2.624700e+01
    endloop
  endfacet
  facet normal 9.286693e-01 3.358686e-01 1.573709e-01
    outer loop
      vertex   -6.970056e+01 -2.715412e+01 2.621446e+01
      vertex   -6.967346e+01 -2.724431e+01 2.624700e+01
      vertex   -6.942757e+01 -2.792420e+01 2.624700e+01
    endloop
  endfacet
  facet normal 8.670157e-01 3.233801e-01 3.790897e-01
    outer loop
      vertex   -6.970056e+01 -2.715412e+01 2.621446e+01
      vertex   -6.942757e+01 -2.792420e+01 2.624700e+01
      vertex   -6.933060e+01 -2.814604e+01 2.621446e+01
    endloop
  endfacet
  facet normal 8.776519e-01 4.180235e-01 -2.344858e-01
    outer loop
      vertex   -6.933060e+01 -2.814604e+01 2.621446e+01
      vertex   -6.942757e+01 -2.792420e+01 2.624700e+01
      vertex   -6.911667e+01 -2.857693e+01 2.624700e+01
    endloop
  endfacet
  facet normal 7.604950e-01 4.152617e-01 4.992045e-01
    outer loop
      vertex   -6.933060e+01 -2.814604e+01 2.621446e+01
      vertex   -6.911667e+01 -2.857693e+01 2.624700e+01
      vertex   -6.882323e+01 -2.907522e+01 2.621446e+01
    endloop
  endfacet
  facet normal 8.440807e-01 5.082449e-01 -1.709236e-01
    outer loop
      vertex   -6.882323e+01 -2.907522e+01 2.621446e+01
      vertex   -6.911667e+01 -2.857693e+01 2.624700e+01
      vertex   -6.874373e+01 -2.919630e+01 2.624700e+01
    endloop
  endfacet
  facet normal 7.765451e-01 5.775195e-01 2.518906e-01
    outer loop
      vertex   -6.882323e+01 -2.907522e+01 2.621446e+01
      vertex   -6.874373e+01 -2.919630e+01 2.624700e+01
      vertex   -6.831228e+01 -2.977644e+01 2.624700e+01
    endloop
  endfacet
  facet normal 7.570064e-01 5.666879e-01 3.252784e-01
    outer loop
      vertex   -6.882323e+01 -2.907522e+01 2.621446e+01
      vertex   -6.831228e+01 -2.977644e+01 2.624700e+01
      vertex   -6.818879e+01 -2.992273e+01 2.621446e+01
    endloop
  endfacet
  facet normal 7.246058e-01 6.575697e-01 -2.062730e-01
    outer loop
      vertex   -6.818879e+01 -2.992273e+01 2.621446e+01
      vertex   -6.831228e+01 -2.977644e+01 2.624700e+01
      vertex   -6.782641e+01 -3.031184e+01 2.624700e+01
    endloop
  endfacet
  facet normal 6.113997e-01 6.113997e-01 5.023751e-01
    outer loop
      vertex   -6.818879e+01 -2.992273e+01 2.621446e+01
      vertex   -6.782641e+01 -3.031184e+01 2.624700e+01
      vertex   -6.744019e+01 -3.067132e+01 2.621446e+01
    endloop
  endfacet
  facet normal 6.567896e-01 7.245488e-01 -2.089410e-01
    outer loop
      vertex   -6.744019e+01 -3.067132e+01 2.621446e+01
      vertex   -6.782641e+01 -3.031184e+01 2.624700e+01
      vertex   -6.729075e+01 -3.079741e+01 2.624700e+01
    endloop
  endfacet
  facet normal 5.656889e-01 7.556720e-01 3.300847e-01
    outer loop
      vertex   -6.744019e+01 -3.067132e+01 2.621446e+01
      vertex   -6.729075e+01 -3.079741e+01 2.624700e+01
      vertex   -6.659268e+01 -3.130576e+01 2.621446e+01
    endloop
  endfacet
  facet normal 5.782771e-01 7.784601e-01 2.441217e-01
    outer loop
      vertex   -6.659268e+01 -3.130576e+01 2.621446e+01
      vertex   -6.729075e+01 -3.079741e+01 2.624700e+01
      vertex   -6.671037e+01 -3.122854e+01 2.624700e+01
    endloop
  endfacet
  facet normal 5.080933e-01 8.448832e-01 -1.673725e-01
    outer loop
      vertex   -6.659268e+01 -3.130576e+01 2.621446e+01
      vertex   -6.671037e+01 -3.122854e+01 2.624700e+01
      vertex   -6.609079e+01 -3.160114e+01 2.624700e+01
    endloop
  endfacet
  facet normal 4.154160e-01 7.607775e-01 4.986453e-01
    outer loop
      vertex   -6.659268e+01 -3.130576e+01 2.621446e+01
      vertex   -6.609079e+01 -3.160114e+01 2.624700e+01
      vertex   -6.566351e+01 -3.181313e+01 2.621446e+01
    endloop
  endfacet
  facet normal 4.173491e-01 8.774825e-01 -2.363139e-01
    outer loop
      vertex   -6.566351e+01 -3.181313e+01 2.621446e+01
      vertex   -6.609079e+01 -3.160114e+01 2.624700e+01
      vertex   -6.543789e+01 -3.191168e+01 2.624700e+01
    endloop
  endfacet
  facet normal 3.228292e-01 8.655385e-01 3.829157e-01
    outer loop
      vertex   -6.566351e+01 -3.181313e+01 2.621446e+01
      vertex   -6.543789e+01 -3.191168e+01 2.624700e+01
      vertex   -6.467158e+01 -3.218310e+01 2.621446e+01
    endloop
  endfacet
  facet normal 3.357480e-01 9.299393e-01 1.499539e-01
    outer loop
      vertex   -6.467158e+01 -3.218310e+01 2.621446e+01
      vertex   -6.543789e+01 -3.191168e+01 2.624700e+01
      vertex   -6.475786e+01 -3.215719e+01 2.624700e+01
    endloop
  endfacet
  facet normal 2.447362e-01 9.624705e-01 -1.172802e-01
    outer loop
      vertex   -6.467158e+01 -3.218310e+01 2.621446e+01
      vertex   -6.475786e+01 -3.215719e+01 2.624700e+01
      vertex   -6.405717e+01 -3.233537e+01 2.624700e+01
    endloop
  endfacet
  facet normal 1.855529e-01 8.529729e-01 4.878601e-01
    outer loop
      vertex   -6.467158e+01 -3.218310e+01 2.621446e+01
      vertex   -6.405717e+01 -3.233537e+01 2.624700e+01
      vertex   -6.363710e+01 -3.240814e+01 2.621446e+01
    endloop
  endfacet
  facet normal 1.460140e-01 9.562396e-01 -2.535464e-01
    outer loop
      vertex   -6.363710e+01 -3.240814e+01 2.621446e+01
      vertex   -6.405717e+01 -3.233537e+01 2.624700e+01
      vertex   -6.334247e+01 -3.244450e+01 2.624700e+01
    endloop
  endfacet
  facet normal 6.459589e-02 9.031685e-01 4.243985e-01
    outer loop
      vertex   -6.363710e+01 -3.240814e+01 2.621446e+01
      vertex   -6.334247e+01 -3.244450e+01 2.624700e+01
      vertex   -6.258113e+01 -3.248366e+01 2.621446e+01
    endloop
  endfacet
  facet normal 5.391866e-02 9.966126e-01 6.209726e-02
    outer loop
      vertex   -6.258113e+01 -3.248366e+01 2.621446e+01
      vertex   -6.334247e+01 -3.244450e+01 2.624700e+01
      vertex   -6.262053e+01 -3.248356e+01 2.624700e+01
    endloop
  endfacet
  facet normal 2.655510e-03 9.999965e-01 -0.000000e+00
    outer loop
      vertex   -6.258113e+01 -3.248366e+01 2.621446e+01
      vertex   -6.262053e+01 -3.248356e+01 2.624700e+01
      vertex   -6.258113e+01 -3.248366e+01 2.624700e+01
    endloop
  endfacet
  facet normal 1.000000e+00 -0.000000e+00 0.000000e+00
    outer loop
      vertex   -7.000113e+01 3.305571e+01 2.624700e+01
      vertex   -7.000113e+01 3.262278e+01 2.623752e+01
      vertex   -7.000113e+01 3.509634e+01 2.624700e+01
    endloop
  endfacet
  facet normal 1.000000e+00 0.000000e+00 0.000000e+00
    outer loop
      vertex   -7.000113e+01 3.509634e+01 2.624700e+01
      vertex   -7.000113e+01 3.262278e+01 2.623752e+01
      vertex   -7.000113e+01 3.509634e+01 2.621446e+01
    endloop
  endfacet
  facet normal 1.000000e+00 0.000000e+00 0.000000e+00
    outer loop
      vertex   -7.000113e+01 3.509634e+01 2.621446e+01
      vertex   -7.000113e+01 3.262278e+01 2.623752e+01
      vertex   -7.000113e+01 -2.506366e+01 2.621446e+01
    endloop
  endfacet
  facet normal 1.000000e+00 0.000000e+00 0.000000e+00
    outer loop
      vertex   -7.000113e+01 -2.506366e+01 2.621446e+01
      vertex   -7.000113e+01 3.262278e+01 2.623752e+01
      vertex   -7.000113e+01 -2.260722e+01 2.623752e+01
    endloop
  endfacet
  facet normal 1.000000e+00 0.000000e+00 0.000000e+00
    outer loop
      vertex   -7.000113e+01 -2.506366e+01 2.621446e+01
      vertex   -7.000113e+01 -2.260722e+01 2.623752e+01
      vertex   -7.000113e+01 -2.506366e+01 2.624700e+01
    endloop
  endfacet
  facet normal 1.000000e+00 -0.000000e+00 0.000000e+00
    outer loop
      vertex   -7.000113e+01 -2.506366e+01 2.624700e+01
      vertex   -7.000113e+01 -2.260722e+01 2.623752e+01
      vertex   -7.000113e+01 -2.304015e+01 2.624700e+01
    endloop
  endfacet
  facet normal 1.411280e-01 -9.899914e-01 0.000000e+00
    outer loop
      vertex   -6.328949e+01 4.248245e+01 2.624700e+01
      vertex   -6.396489e+01 4.238617e+01 2.624700e+01
      vertex   -6.328949e+01 4.248245e+01 2.621446e+01
    endloop
  endfacet
  facet normal 1.456729e-01 -8.518385e-01 5.031407e-01
    outer loop
      vertex   -6.328949e+01 4.248245e+01 2.621446e+01
      vertex   -6.396489e+01 4.238617e+01 2.624700e+01
      vertex   -6.436744e+01 4.229811e+01 2.621446e+01
    endloop
  endfacet
  facet normal 2.255354e-01 -9.479464e-01 -2.247918e-01
    outer loop
      vertex   -6.436744e+01 4.229811e+01 2.621446e+01
      vertex   -6.396489e+01 4.238617e+01 2.624700e+01
      vertex   -6.462859e+01 4.222826e+01 2.624700e+01
    endloop
  endfacet
  facet normal 2.829668e-01 -8.628577e-01 4.188154e-01
    outer loop
      vertex   -6.436744e+01 4.229811e+01 2.621446e+01
      vertex   -6.462859e+01 4.222826e+01 2.624700e+01
      vertex   -6.540658e+01 4.195733e+01 2.621446e+01
    endloop
  endfacet
  facet normal 3.108689e-01 -9.209170e-01 2.351008e-01
    outer loop
      vertex   -6.540658e+01 4.195733e+01 2.621446e+01
      vertex   -6.462859e+01 4.222826e+01 2.624700e+01
      vertex   -6.527498e+01 4.201006e+01 2.624700e+01
    endloop
  endfacet
  facet normal 4.004912e-01 -9.027928e-01 -1.567547e-01
    outer loop
      vertex   -6.540658e+01 4.195733e+01 2.621446e+01
      vertex   -6.527498e+01 4.201006e+01 2.624700e+01
      vertex   -6.589860e+01 4.173342e+01 2.624700e+01
    endloop
  endfacet
  facet normal 3.806748e-01 -7.599037e-01 5.269090e-01
    outer loop
      vertex   -6.540658e+01 4.195733e+01 2.621446e+01
      vertex   -6.589860e+01 4.173342e+01 2.624700e+01
      vertex   -6.638435e+01 4.146752e+01 2.621446e+01
    endloop
  endfacet
  facet normal 4.825297e-01 -8.636473e-01 -1.458710e-01
    outer loop
      vertex   -6.638435e+01 4.146752e+01 2.621446e+01
      vertex   -6.589860e+01 4.173342e+01 2.624700e+01
      vertex   -6.649417e+01 4.140066e+01 2.624700e+01
    endloop
  endfacet
  facet normal 5.531283e-01 -8.059374e-01 2.109835e-01
    outer loop
      vertex   -6.638435e+01 4.146752e+01 2.621446e+01
      vertex   -6.649417e+01 4.140066e+01 2.624700e+01
      vertex   -6.705666e+01 4.101462e+01 2.624700e+01
    endloop
  endfacet
  facet normal 5.186833e-01 -7.390854e-01 4.297912e-01
    outer loop
      vertex   -6.638435e+01 4.146752e+01 2.621446e+01
      vertex   -6.705666e+01 4.101462e+01 2.624700e+01
      vertex   -6.727950e+01 4.083931e+01 2.621446e+01
    endloop
  endfacet
  facet normal 6.223599e-01 -7.487760e-01 -2.280408e-01
    outer loop
      vertex   -6.727950e+01 4.083931e+01 2.621446e+01
      vertex   -6.705666e+01 4.101462e+01 2.624700e+01
      vertex   -6.758132e+01 4.057854e+01 2.624700e+01
    endloop
  endfacet
  facet normal 5.970242e-01 -6.288463e-01 4.981109e-01
    outer loop
      vertex   -6.727950e+01 4.083931e+01 2.621446e+01
      vertex   -6.758132e+01 4.057854e+01 2.624700e+01
      vertex   -6.807260e+01 4.008635e+01 2.621446e+01
    endloop
  endfacet
  facet normal 7.070061e-01 -7.069518e-01 1.901389e-02
    outer loop
      vertex   -6.807260e+01 4.008635e+01 2.621446e+01
      vertex   -6.758132e+01 4.057854e+01 2.624700e+01
      vertex   -6.806371e+01 4.009611e+01 2.624700e+01
    endloop
  endfacet
  facet normal 7.689593e-01 -6.390359e-01 -1.829282e-02
    outer loop
      vertex   -6.807260e+01 4.008635e+01 2.621446e+01
      vertex   -6.806371e+01 4.009611e+01 2.624700e+01
      vertex   -6.849975e+01 3.957142e+01 2.624700e+01
    endloop
  endfacet
  facet normal 6.785949e-01 -5.308408e-01 5.076584e-01
    outer loop
      vertex   -6.807260e+01 4.008635e+01 2.621446e+01
      vertex   -6.849975e+01 3.957142e+01 2.624700e+01
      vertex   -6.874640e+01 3.922499e+01 2.621446e+01
    endloop
  endfacet
  facet normal 8.041779e-01 -5.518300e-01 -2.208654e-01
    outer loop
      vertex   -6.874640e+01 3.922499e+01 2.621446e+01
      vertex   -6.849975e+01 3.957142e+01 2.624700e+01
      vertex   -6.888575e+01 3.900890e+01 2.624700e+01
    endloop
  endfacet
  facet normal 7.943179e-01 -4.509169e-01 4.071032e-01
    outer loop
      vertex   -6.874640e+01 3.922499e+01 2.621446e+01
      vertex   -6.888575e+01 3.900890e+01 2.624700e+01
      vertex   -6.928629e+01 3.827395e+01 2.621446e+01
    endloop
  endfacet
  facet normal 8.431293e-01 -4.709812e-01 2.594410e-01
    outer loop
      vertex   -6.928629e+01 3.827395e+01 2.621446e+01
      vertex   -6.888575e+01 3.900890e+01 2.624700e+01
      vertex   -6.921846e+01 3.841330e+01 2.624700e+01
    endloop
  endfacet
  facet normal 9.013042e-01 -3.997481e-01 -1.668897e-01
    outer loop
      vertex   -6.928629e+01 3.827395e+01 2.621446e+01
      vertex   -6.921846e+01 3.841330e+01 2.624700e+01
      vertex   -6.949506e+01 3.778966e+01 2.624700e+01
    endloop
  endfacet
  facet normal 7.930311e-01 -3.064896e-01 5.264654e-01
    outer loop
      vertex   -6.928629e+01 3.827395e+01 2.621446e+01
      vertex   -6.949506e+01 3.778966e+01 2.624700e+01
      vertex   -6.968052e+01 3.725389e+01 2.621446e+01
    endloop
  endfacet
  facet normal 9.389234e-01 -3.168670e-01 -1.342316e-01
    outer loop
      vertex   -6.968052e+01 3.725389e+01 2.621446e+01
      vertex   -6.949506e+01 3.778966e+01 2.624700e+01
      vertex   -6.971321e+01 3.714325e+01 2.624700e+01
    endloop
  endfacet
  facet normal 9.556717e-01 -2.272959e-01 1.871580e-01
    outer loop
      vertex   -6.968052e+01 3.725389e+01 2.621446e+01
      vertex   -6.971321e+01 3.714325e+01 2.624700e+01
      vertex   -6.987106e+01 3.647954e+01 2.624700e+01
    endloop
  endfacet
  facet normal 8.760753e-01 -1.970830e-01 4.400573e-01
    outer loop
      vertex   -6.968052e+01 3.725389e+01 2.621446e+01
      vertex   -6.987106e+01 3.647954e+01 2.624700e+01
      vertex   -6.992054e+01 3.618696e+01 2.621446e+01
    endloop
  endfacet
  facet normal 9.633163e-01 -1.372499e-01 -2.306171e-01
    outer loop
      vertex   -6.992054e+01 3.618696e+01 2.621446e+01
      vertex   -6.987106e+01 3.647954e+01 2.624700e+01
      vertex   -6.996729e+01 3.580414e+01 2.624700e+01
    endloop
  endfacet
  facet normal 8.679153e-01 -6.413307e-02 4.925546e-01
    outer loop
      vertex   -6.992054e+01 3.618696e+01 2.621446e+01
      vertex   -6.996729e+01 3.580414e+01 2.624700e+01
      vertex   -7.000113e+01 3.509634e+01 2.621446e+01
    endloop
  endfacet
  facet normal 9.980235e-01 -4.949006e-02 3.872696e-02
    outer loop
      vertex   -7.000113e+01 3.509634e+01 2.621446e+01
      vertex   -6.996729e+01 3.580414e+01 2.624700e+01
      vertex   -7.000108e+01 3.512275e+01 2.624700e+01
    endloop
  endfacet
  facet normal 9.999984e-01 -1.779607e-03 0.000000e+00
    outer loop
      vertex   -7.000113e+01 3.509634e+01 2.621446e+01
      vertex   -7.000108e+01 3.512275e+01 2.624700e+01
      vertex   -7.000113e+01 3.509634e+01 2.624700e+01
    endloop
  endfacet
  facet normal 0.000000e+00 1.000000e+00 0.000000e+00
    outer loop
      vertex   -6.063826e+01 -3.248366e+01 2.624700e+01
      vertex   -6.012061e+01 -3.248366e+01 2.623345e+01
      vertex   -6.258113e+01 -3.248366e+01 2.624700e+01
    endloop
  endfacet
  facet normal 0.000000e+00 1.000000e+00 0.000000e+00
    outer loop
      vertex   -6.258113e+01 -3.248366e+01 2.624700e+01
      vertex   -6.012061e+01 -3.248366e+01 2.623345e+01
      vertex   -6.258113e+01 -3.248366e+01 2.621446e+01
    endloop
  endfacet
  facet normal 0.000000e+00 1.000000e+00 0.000000e+00
    outer loop
      vertex   -6.258113e+01 -3.248366e+01 2.621446e+01
      vertex   -6.012061e+01 -3.248366e+01 2.623345e+01
      vertex   3.711594e+01 -3.248366e+01 2.623345e+01
    endloop
  endfacet
  facet normal 0.000000e+00 1.000000e+00 0.000000e+00
    outer loop
      vertex   -6.258113e+01 -3.248366e+01 2.621446e+01
      vertex   3.711594e+01 -3.248366e+01 2.623345e+01
      vertex   3.959887e+01 -3.248366e+01 2.621446e+01
    endloop
  endfacet
  facet normal 0.000000e+00 1.000000e+00 -0.000000e+00
    outer loop
      vertex   3.959887e+01 -3.248366e+01 2.621446e+01
      vertex   3.711594e+01 -3.248366e+01 2.623345e+01
      vertex   3.959887e+01 -3.248366e+01 2.624700e+01
    endloop
  endfacet
  facet normal 0.000000e+00 1.000000e+00 0.000000e+00
    outer loop
      vertex   3.959887e+01 -3.248366e+01 2.624700e+01
      vertex   3.711594e+01 -3.248366e+01 2.623345e+01
      vertex   3.763359e+01 -3.248366e+01 2.624700e+01
    endloop
  endfacet
  facet normal -1.855919e-13 9.448442e-14 1.000000e+00
    outer loop
      vertex   4.155499e+01 4.225385e+01 2.624700e+01
      vertex   4.262387e+01 4.187172e+01 2.624700e+01
      vertex   4.262437e+01 4.187271e+01 2.624700e+01
    endloop
  endfacet
  facet normal 0.000000e+00 0.000000e+00 1.000000e+00
    outer loop
      vertex   4.262437e+01 4.187271e+01 2.624700e+01
      vertex   4.262387e+01 4.187172e+01 2.624700e+01
      vertex   4.362274e+01 4.133226e+01 2.624700e+01
    endloop
  endfacet
  facet normal 0.000000e+00 0.000000e+00 1.000000e+00
    outer loop
      vertex   4.362274e+01 4.133226e+01 2.624700e+01
      vertex   4.262387e+01 4.187172e+01 2.624700e+01
      vertex   4.362194e+01 4.133103e+01 2.624700e+01
    endloop
  endfacet
  facet normal 0.000000e+00 0.000000e+00 1.000000e+00
    outer loop
      vertex   4.362274e+01 4.133226e+01 2.624700e+01
      vertex   4.362194e+01 4.133103e+01 2.624700e+01
      vertex   4.452655e+01 4.064528e+01 2.624700e+01
    endloop
  endfacet
  facet normal 0.000000e+00 0.000000e+00 1.000000e+00
    outer loop
      vertex   4.452655e+01 4.064528e+01 2.624700e+01
      vertex   4.362194e+01 4.133103e+01 2.624700e+01
      vertex   4.452586e+01 4.064442e+01 2.624700e+01
    endloop
  endfacet
  facet normal 1.625644e-13 -1.301710e-13 1.000000e+00
    outer loop
      vertex   4.452655e+01 4.064528e+01 2.624700e+01
      vertex   4.452586e+01 4.064442e+01 2.624700e+01
      vertex   4.531448e+01 3.982796e+01 2.624700e+01
    endloop
  endfacet
  facet normal 2.245337e-02 5.142123e-01 8.573690e-01
    outer loop
      vertex   -6.063826e+01 -3.248366e+01 2.624700e+01
      vertex   -6.046580e+01 -3.249119e+01 2.624700e+01
      vertex   -6.012061e+01 -3.248366e+01 2.623345e+01
    endloop
  endfacet
  facet normal 1.658047e-02 6.331157e-01 7.738796e-01
    outer loop
      vertex   -6.012061e+01 -3.248366e+01 2.623345e+01
      vertex   -6.046580e+01 -3.249119e+01 2.624700e+01
      vertex   -6.029323e+01 -3.249571e+01 2.624700e+01
    endloop
  endfacet
  facet normal 6.171363e-03 7.070933e-01 7.070933e-01
    outer loop
      vertex   -6.012061e+01 -3.248366e+01 2.623345e+01
      vertex   -6.029323e+01 -3.249571e+01 2.624700e+01
      vertex   -6.012061e+01 -3.249722e+01 2.624700e+01
    endloop
  endfacet
  facet normal -1.026467e-13 -2.708095e-13 1.000000e+00
    outer loop
      vertex   4.662985e+01 -2.743468e+01 2.624700e+01
      vertex   4.617714e+01 -2.849626e+01 2.624700e+01
      vertex   4.618205e+01 -2.849812e+01 2.624700e+01
    endloop
  endfacet
  facet normal 0.000000e+00 0.000000e+00 1.000000e+00
    outer loop
      vertex   4.618205e+01 -2.849812e+01 2.624700e+01
      vertex   4.617714e+01 -2.849626e+01 2.624700e+01
      vertex   4.556530e+01 -2.947480e+01 2.624700e+01
    endloop
  endfacet
  facet normal 0.000000e+00 0.000000e+00 1.000000e+00
    outer loop
      vertex   4.618205e+01 -2.849812e+01 2.624700e+01
      vertex   4.556530e+01 -2.947480e+01 2.624700e+01
      vertex   4.557417e+01 -2.947889e+01 2.624700e+01
    endloop
  endfacet
  facet normal 0.000000e+00 0.000000e+00 1.000000e+00
    outer loop
      vertex   4.557417e+01 -2.947889e+01 2.624700e+01
      vertex   4.556530e+01 -2.947480e+01 2.624700e+01
      vertex   4.480911e+01 -3.034663e+01 2.624700e+01
    endloop
  endfacet
  facet normal 0.000000e+00 0.000000e+00 1.000000e+00
    outer loop
      vertex   4.557417e+01 -2.947889e+01 2.624700e+01
      vertex   4.480911e+01 -3.034663e+01 2.624700e+01
      vertex   4.482103e+01 -3.035308e+01 2.624700e+01
    endloop
  endfacet
  facet normal 0.000000e+00 0.000000e+00 1.000000e+00
    outer loop
      vertex   4.482103e+01 -3.035308e+01 2.624700e+01
      vertex   4.480911e+01 -3.034663e+01 2.624700e+01
      vertex   4.392689e+01 -3.109066e+01 2.624700e+01
    endloop
  endfacet
  facet normal 0.000000e+00 0.000000e+00 1.000000e+00
    outer loop
      vertex   4.482103e+01 -3.035308e+01 2.624700e+01
      vertex   4.392689e+01 -3.109066e+01 2.624700e+01
      vertex   4.394099e+01 -3.109938e+01 2.624700e+01
    endloop
  endfacet
  facet normal 0.000000e+00 0.000000e+00 1.000000e+00
    outer loop
      vertex   4.394099e+01 -3.109938e+01 2.624700e+01
      vertex   4.392689e+01 -3.109066e+01 2.624700e+01
      vertex   4.293996e+01 -3.168888e+01 2.624700e+01
    endloop
  endfacet
  facet normal 0.000000e+00 0.000000e+00 1.000000e+00
    outer loop
      vertex   4.394099e+01 -3.109938e+01 2.624700e+01
      vertex   4.293996e+01 -3.168888e+01 2.624700e+01
      vertex   4.295550e+01 -3.169959e+01 2.624700e+01
    endloop
  endfacet
  facet normal 0.000000e+00 0.000000e+00 1.000000e+00
    outer loop
      vertex   4.295550e+01 -3.169959e+01 2.624700e+01
      vertex   4.293996e+01 -3.168888e+01 2.624700e+01
      vertex   4.187221e+01 -3.212683e+01 2.624700e+01
    endloop
  endfacet
  facet normal 0.000000e+00 0.000000e+00 1.000000e+00
    outer loop
      vertex   4.295550e+01 -3.169959e+01 2.624700e+01
      vertex   4.187221e+01 -3.212683e+01 2.624700e+01
      vertex   4.188860e+01 -3.213908e+01 2.624700e+01
    endloop
  endfacet
  facet normal 0.000000e+00 0.000000e+00 1.000000e+00
    outer loop
      vertex   4.188860e+01 -3.213908e+01 2.624700e+01
      vertex   4.187221e+01 -3.212683e+01 2.624700e+01
      vertex   4.076629e+01 -3.240713e+01 2.624700e+01
    endloop
  endfacet
  facet normal 0.000000e+00 -0.000000e+00 1.000000e+00
    outer loop
      vertex   4.076629e+01 -3.240713e+01 2.624700e+01
      vertex   4.187221e+01 -3.212683e+01 2.624700e+01
      vertex   4.074946e+01 -3.239391e+01 2.624700e+01
    endloop
  endfacet
  facet normal 0.000000e+00 0.000000e+00 1.000000e+00
    outer loop
      vertex   4.076629e+01 -3.240713e+01 2.624700e+01
      vertex   4.074946e+01 -3.239391e+01 2.624700e+01
      vertex   3.961594e+01 -3.249722e+01 2.624700e+01
    endloop
  endfacet
  facet normal 0.000000e+00 -0.000000e+00 1.000000e+00
    outer loop
      vertex   3.961594e+01 -3.249722e+01 2.624700e+01
      vertex   4.074946e+01 -3.239391e+01 2.624700e+01
      vertex   3.959887e+01 -3.248366e+01 2.624700e+01
    endloop
  endfacet
  facet normal 0.000000e+00 0.000000e+00 1.000000e+00
    outer loop
      vertex   3.961594e+01 -3.249722e+01 2.624700e+01
      vertex   3.959887e+01 -3.248366e+01 2.624700e+01
      vertex   3.763359e+01 -3.248366e+01 2.624700e+01
    endloop
  endfacet
  facet normal 0.000000e+00 0.000000e+00 1.000000e+00
    outer loop
      vertex   3.763359e+01 -3.248366e+01 2.624700e+01
      vertex   3.746113e+01 -3.249119e+01 2.624700e+01
      vertex   3.961594e+01 -3.249722e+01 2.624700e+01
    endloop
  endfacet
  facet normal 0.000000e+00 0.000000e+00 1.000000e+00
    outer loop
      vertex   3.961594e+01 -3.249722e+01 2.624700e+01
      vertex   3.746113e+01 -3.249119e+01 2.624700e+01
      vertex   3.728856e+01 -3.249571e+01 2.624700e+01
    endloop
  endfacet
  facet normal 0.000000e+00 0.000000e+00 1.000000e+00
    outer loop
      vertex   3.961594e+01 -3.249722e+01 2.624700e+01
      vertex   3.728856e+01 -3.249571e+01 2.624700e+01
      vertex   3.711594e+01 -3.249722e+01 2.624700e+01
    endloop
  endfacet
  facet normal 5.142976e-01 -1.877527e-02 8.574063e-01
    outer loop
      vertex   -7.000113e+01 3.305571e+01 2.624700e+01
      vertex   -7.000639e+01 3.291145e+01 2.624700e+01
      vertex   -7.000113e+01 3.262278e+01 2.623752e+01
    endloop
  endfacet
  facet normal 6.331524e-01 -1.386461e-02 7.739029e-01
    outer loop
      vertex   -7.000113e+01 3.262278e+01 2.623752e+01
      vertex   -7.000639e+01 3.291145e+01 2.624700e+01
      vertex   -7.000955e+01 3.276713e+01 2.624700e+01
    endloop
  endfacet
  facet normal 7.070974e-01 -5.160548e-03 7.070974e-01
    outer loop
      vertex   -7.000113e+01 3.262278e+01 2.623752e+01
      vertex   -7.000955e+01 3.276713e+01 2.624700e+01
      vertex   -7.001061e+01 3.262278e+01 2.624700e+01
    endloop
  endfacet
  facet normal -2.245337e-02 5.142123e-01 8.573690e-01
    outer loop
      vertex   3.763359e+01 -3.248366e+01 2.624700e+01
      vertex   3.711594e+01 -3.248366e+01 2.623345e+01
      vertex   3.746113e+01 -3.249119e+01 2.624700e+01
    endloop
  endfacet
  facet normal -1.658047e-02 6.331157e-01 7.738796e-01
    outer loop
      vertex   3.746113e+01 -3.249119e+01 2.624700e+01
      vertex   3.711594e+01 -3.248366e+01 2.623345e+01
      vertex   3.728856e+01 -3.249571e+01 2.624700e+01
    endloop
  endfacet
  facet normal -6.171363e-03 7.070933e-01 7.070933e-01
    outer loop
      vertex   3.728856e+01 -3.249571e+01 2.624700e+01
      vertex   3.711594e+01 -3.248366e+01 2.623345e+01
      vertex   3.711594e+01 -3.249722e+01 2.624700e+01
    endloop
  endfacet
  facet normal -1.033417e-16 7.071068e-01 7.071068e-01
    outer loop
      vertex   3.711594e+01 -3.248366e+01 2.623345e+01
      vertex   -6.012061e+01 -3.248366e+01 2.623345e+01
      vertex   3.711594e+01 -3.249722e+01 2.624700e+01
    endloop
  endfacet
  facet normal -1.033417e-16 7.071068e-01 7.071068e-01
    outer loop
      vertex   3.711594e+01 -3.249722e+01 2.624700e+01
      vertex   -6.012061e+01 -3.248366e+01 2.623345e+01
      vertex   -6.012061e+01 -3.249722e+01 2.624700e+01
    endloop
  endfacet
  facet normal 5.142976e-01 1.877527e-02 8.574063e-01
    outer loop
      vertex   -7.000113e+01 -2.304015e+01 2.624700e+01
      vertex   -7.000113e+01 -2.260722e+01 2.623752e+01
      vertex   -7.000639e+01 -2.289589e+01 2.624700e+01
    endloop
  endfacet
  facet normal 6.331524e-01 1.386461e-02 7.739029e-01
    outer loop
      vertex   -7.000639e+01 -2.289589e+01 2.624700e+01
      vertex   -7.000113e+01 -2.260722e+01 2.623752e+01
      vertex   -7.000955e+01 -2.275157e+01 2.624700e+01
    endloop
  endfacet
  facet normal 7.070974e-01 5.160548e-03 7.070974e-01
    outer loop
      vertex   -7.000955e+01 -2.275157e+01 2.624700e+01
      vertex   -7.000113e+01 -2.260722e+01 2.623752e+01
      vertex   -7.001061e+01 -2.260722e+01 2.624700e+01
    endloop
  endfacet
  facet normal 7.071068e-01 0.000000e+00 7.071068e-01
    outer loop
      vertex   -7.000113e+01 3.262278e+01 2.623752e+01
      vertex   -7.001061e+01 3.262278e+01 2.624700e+01
      vertex   -7.000113e+01 -2.260722e+01 2.623752e+01
    endloop
  endfacet
  facet normal 7.071068e-01 0.000000e+00 7.071068e-01
    outer loop
      vertex   -7.000113e+01 -2.260722e+01 2.623752e+01
      vertex   -7.001061e+01 3.262278e+01 2.624700e+01
      vertex   -7.001061e+01 -2.260722e+01 2.624700e+01
    endloop
  endfacet
  facet normal 0.000000e+00 -0.000000e+00 1.000000e+00
    outer loop
      vertex   -7.000113e+01 3.305571e+01 2.624700e+01
      vertex   -7.000113e+01 3.509634e+01 2.624700e+01
      vertex   -7.001061e+01 3.512278e+01 2.624700e+01
    endloop
  endfacet
  facet normal 0.000000e+00 0.000000e+00 1.000000e+00
    outer loop
      vertex   -7.001061e+01 3.512278e+01 2.624700e+01
      vertex   -7.000113e+01 3.509634e+01 2.624700e+01
      vertex   -7.000108e+01 3.512275e+01 2.624700e+01
    endloop
  endfacet
  facet normal -0.000000e+00 0.000000e+00 1.000000e+00
    outer loop
      vertex   -7.001061e+01 3.512278e+01 2.624700e+01
      vertex   -7.000108e+01 3.512275e+01 2.624700e+01
      vertex   -6.997903e+01 3.580523e+01 2.624700e+01
    endloop
  endfacet
  facet normal 0.000000e+00 0.000000e+00 1.000000e+00
    outer loop
      vertex   -6.997903e+01 3.580523e+01 2.624700e+01
      vertex   -7.000108e+01 3.512275e+01 2.624700e+01
      vertex   -6.996729e+01 3.580414e+01 2.624700e+01
    endloop
  endfacet
  facet normal -0.000000e+00 0.000000e+00 1.000000e+00
    outer loop
      vertex   -6.997903e+01 3.580523e+01 2.624700e+01
      vertex   -6.996729e+01 3.580414e+01 2.624700e+01
      vertex   -6.992980e+01 3.621263e+01 2.624700e+01
    endloop
  endfacet
  facet normal -0.000000e+00 0.000000e+00 1.000000e+00
    outer loop
      vertex   -6.992980e+01 3.621263e+01 2.624700e+01
      vertex   -6.996729e+01 3.580414e+01 2.624700e+01
      vertex   -6.987106e+01 3.647954e+01 2.624700e+01
    endloop
  endfacet
  facet normal 0.000000e+00 0.000000e+00 1.000000e+00
    outer loop
      vertex   -6.992980e+01 3.621263e+01 2.624700e+01
      vertex   -6.987106e+01 3.647954e+01 2.624700e+01
      vertex   -6.988452e+01 3.648206e+01 2.624700e+01
    endloop
  endfacet
  facet normal -0.000000e+00 0.000000e+00 1.000000e+00
    outer loop
      vertex   -6.988452e+01 3.648206e+01 2.624700e+01
      vertex   -6.987106e+01 3.647954e+01 2.624700e+01
      vertex   -6.971321e+01 3.714325e+01 2.624700e+01
    endloop
  endfacet
  facet normal 0.000000e+00 0.000000e+00 1.000000e+00
    outer loop
      vertex   -6.988452e+01 3.648206e+01 2.624700e+01
      vertex   -6.971321e+01 3.714325e+01 2.624700e+01
      vertex   -6.968915e+01 3.727865e+01 2.624700e+01
    endloop
  endfacet
  facet normal -0.000000e+00 0.000000e+00 1.000000e+00
    outer loop
      vertex   -6.968915e+01 3.727865e+01 2.624700e+01
      vertex   -6.971321e+01 3.714325e+01 2.624700e+01
      vertex   -6.949506e+01 3.778966e+01 2.624700e+01
    endloop
  endfacet
  facet normal 0.000000e+00 0.000000e+00 1.000000e+00
    outer loop
      vertex   -6.968915e+01 3.727865e+01 2.624700e+01
      vertex   -6.949506e+01 3.778966e+01 2.624700e+01
      vertex   -6.951033e+01 3.779558e+01 2.624700e+01
    endloop
  endfacet
  facet normal -0.000000e+00 0.000000e+00 1.000000e+00
    outer loop
      vertex   -6.951033e+01 3.779558e+01 2.624700e+01
      vertex   -6.949506e+01 3.778966e+01 2.624700e+01
      vertex   -6.929392e+01 3.829752e+01 2.624700e+01
    endloop
  endfacet
  facet normal -0.000000e+00 0.000000e+00 1.000000e+00
    outer loop
      vertex   -6.929392e+01 3.829752e+01 2.624700e+01
      vertex   -6.949506e+01 3.778966e+01 2.624700e+01
      vertex   -6.921846e+01 3.841330e+01 2.624700e+01
    endloop
  endfacet
  facet normal 0.000000e+00 0.000000e+00 1.000000e+00
    outer loop
      vertex   -6.929392e+01 3.829752e+01 2.624700e+01
      vertex   -6.921846e+01 3.841330e+01 2.624700e+01
      vertex   -6.888575e+01 3.900890e+01 2.624700e+01
    endloop
  endfacet
  facet normal 0.000000e+00 0.000000e+00 1.000000e+00
    outer loop
      vertex   -6.929392e+01 3.829752e+01 2.624700e+01
      vertex   -6.888575e+01 3.900890e+01 2.624700e+01
      vertex   -6.875276e+01 3.924696e+01 2.624700e+01
    endloop
  endfacet
  facet normal -0.000000e+00 0.000000e+00 1.000000e+00
    outer loop
      vertex   -6.875276e+01 3.924696e+01 2.624700e+01
      vertex   -6.888575e+01 3.900890e+01 2.624700e+01
      vertex   -6.849975e+01 3.957142e+01 2.624700e+01
    endloop
  endfacet
  facet normal 0.000000e+00 0.000000e+00 1.000000e+00
    outer loop
      vertex   -6.875276e+01 3.924696e+01 2.624700e+01
      vertex   -6.849975e+01 3.957142e+01 2.624700e+01
      vertex   -6.851365e+01 3.958194e+01 2.624700e+01
    endloop
  endfacet
  facet normal -0.000000e+00 0.000000e+00 1.000000e+00
    outer loop
      vertex   -6.851365e+01 3.958194e+01 2.624700e+01
      vertex   -6.849975e+01 3.957142e+01 2.624700e+01
      vertex   -6.807749e+01 4.010621e+01 2.624700e+01
    endloop
  endfacet
  facet normal 0.000000e+00 0.000000e+00 1.000000e+00
    outer loop
      vertex   -6.807749e+01 4.010621e+01 2.624700e+01
      vertex   -6.849975e+01 3.957142e+01 2.624700e+01
      vertex   -6.806371e+01 4.009611e+01 2.624700e+01
    endloop
  endfacet
  facet normal -0.000000e+00 0.000000e+00 1.000000e+00
    outer loop
      vertex   -6.807749e+01 4.010621e+01 2.624700e+01
      vertex   -6.806371e+01 4.009611e+01 2.624700e+01
      vertex   -6.759217e+01 4.059047e+01 2.624700e+01
    endloop
  endfacet
  facet normal 0.000000e+00 0.000000e+00 1.000000e+00
    outer loop
      vertex   -6.759217e+01 4.059047e+01 2.624700e+01
      vertex   -6.806371e+01 4.009611e+01 2.624700e+01
      vertex   -6.758132e+01 4.057854e+01 2.624700e+01
    endloop
  endfacet
  facet normal -0.000000e+00 0.000000e+00 1.000000e+00
    outer loop
      vertex   -6.759217e+01 4.059047e+01 2.624700e+01
      vertex   -6.758132e+01 4.057854e+01 2.624700e+01
      vertex   -6.728289e+01 4.085648e+01 2.624700e+01
    endloop
  endfacet
  facet normal -0.000000e+00 0.000000e+00 1.000000e+00
    outer loop
      vertex   -6.728289e+01 4.085648e+01 2.624700e+01
      vertex   -6.758132e+01 4.057854e+01 2.624700e+01
      vertex   -6.705666e+01 4.101462e+01 2.624700e+01
    endloop
  endfacet
  facet normal 0.000000e+00 0.000000e+00 1.000000e+00
    outer loop
      vertex   -6.728289e+01 4.085648e+01 2.624700e+01
      vertex   -6.705666e+01 4.101462e+01 2.624700e+01
      vertex   -6.706562e+01 4.102651e+01 2.624700e+01
    endloop
  endfacet
  facet normal -0.000000e+00 0.000000e+00 1.000000e+00
    outer loop
      vertex   -6.706562e+01 4.102651e+01 2.624700e+01
      vertex   -6.705666e+01 4.101462e+01 2.624700e+01
      vertex   -6.649417e+01 4.140066e+01 2.624700e+01
    endloop
  endfacet
  facet normal 0.000000e+00 0.000000e+00 1.000000e+00
    outer loop
      vertex   -6.706562e+01 4.102651e+01 2.624700e+01
      vertex   -6.649417e+01 4.140066e+01 2.624700e+01
      vertex   -6.638632e+01 4.148136e+01 2.624700e+01
    endloop
  endfacet
  facet normal -0.000000e+00 0.000000e+00 1.000000e+00
    outer loop
      vertex   -6.638632e+01 4.148136e+01 2.624700e+01
      vertex   -6.649417e+01 4.140066e+01 2.624700e+01
      vertex   -6.589860e+01 4.173342e+01 2.624700e+01
    endloop
  endfacet
  facet normal 0.000000e+00 0.000000e+00 1.000000e+00
    outer loop
      vertex   -6.638632e+01 4.148136e+01 2.624700e+01
      vertex   -6.589860e+01 4.173342e+01 2.624700e+01
      vertex   -6.590360e+01 4.174351e+01 2.624700e+01
    endloop
  endfacet
  facet normal -0.000000e+00 0.000000e+00 1.000000e+00
    outer loop
      vertex   -6.590360e+01 4.174351e+01 2.624700e+01
      vertex   -6.589860e+01 4.173342e+01 2.624700e+01
      vertex   -6.540741e+01 4.196718e+01 2.624700e+01
    endloop
  endfacet
  facet normal -0.000000e+00 0.000000e+00 1.000000e+00
    outer loop
      vertex   -6.540741e+01 4.196718e+01 2.624700e+01
      vertex   -6.589860e+01 4.173342e+01 2.624700e+01
      vertex   -6.527498e+01 4.201006e+01 2.624700e+01
    endloop
  endfacet
  facet normal 0.000000e+00 0.000000e+00 1.000000e+00
    outer loop
      vertex   -6.540741e+01 4.196718e+01 2.624700e+01
      vertex   -6.527498e+01 4.201006e+01 2.624700e+01
      vertex   -6.527819e+01 4.201839e+01 2.624700e+01
    endloop
  endfacet
  facet normal -0.000000e+00 0.000000e+00 1.000000e+00
    outer loop
      vertex   -6.527819e+01 4.201839e+01 2.624700e+01
      vertex   -6.527498e+01 4.201006e+01 2.624700e+01
      vertex   -6.463029e+01 4.223427e+01 2.624700e+01
    endloop
  endfacet
  facet normal 0.000000e+00 0.000000e+00 1.000000e+00
    outer loop
      vertex   -6.463029e+01 4.223427e+01 2.624700e+01
      vertex   -6.527498e+01 4.201006e+01 2.624700e+01
      vertex   -6.462859e+01 4.222826e+01 2.624700e+01
    endloop
  endfacet
  facet normal -0.000000e+00 0.000000e+00 1.000000e+00
    outer loop
      vertex   -6.463029e+01 4.223427e+01 2.624700e+01
      vertex   -6.462859e+01 4.222826e+01 2.624700e+01
      vertex   -6.436755e+01 4.230333e+01 2.624700e+01
    endloop
  endfacet
  facet normal -0.000000e+00 0.000000e+00 1.000000e+00
    outer loop
      vertex   -6.436755e+01 4.230333e+01 2.624700e+01
      vertex   -6.462859e+01 4.222826e+01 2.624700e+01
      vertex   -6.396489e+01 4.238617e+01 2.624700e+01
    endloop
  endfacet
  facet normal 0.000000e+00 0.000000e+00 1.000000e+00
    outer loop
      vertex   -6.436755e+01 4.230333e+01 2.624700e+01
      vertex   -6.396489e+01 4.238617e+01 2.624700e+01
      vertex   -6.396548e+01 4.238938e+01 2.624700e+01
    endloop
  endfacet
  facet normal -4.817471e-13 -8.916001e-14 1.000000e+00
    outer loop
      vertex   -6.396548e+01 4.238938e+01 2.624700e+01
      vertex   -6.396489e+01 4.238617e+01 2.624700e+01
      vertex   -6.328949e+01 4.248245e+01 2.624700e+01
    endloop
  endfacet
  facet normal 0.000000e+00 0.000000e+00 1.000000e+00
    outer loop
      vertex   -7.001061e+01 3.262278e+01 2.624700e+01
      vertex   -7.000955e+01 3.276713e+01 2.624700e+01
      vertex   -7.001061e+01 3.512278e+01 2.624700e+01
    endloop
  endfacet
  facet normal 0.000000e+00 0.000000e+00 1.000000e+00
    outer loop
      vertex   -7.001061e+01 3.512278e+01 2.624700e+01
      vertex   -7.000955e+01 3.276713e+01 2.624700e+01
      vertex   -7.000639e+01 3.291145e+01 2.624700e+01
    endloop
  endfacet
  facet normal 0.000000e+00 0.000000e+00 1.000000e+00
    outer loop
      vertex   -7.001061e+01 3.512278e+01 2.624700e+01
      vertex   -7.000639e+01 3.291145e+01 2.624700e+01
      vertex   -7.000113e+01 3.305571e+01 2.624700e+01
    endloop
  endfacet
  facet normal 0.000000e+00 0.000000e+00 1.000000e+00
    outer loop
      vertex   -7.000100e+01 -2.510716e+01 2.624700e+01
      vertex   -7.000113e+01 -2.506366e+01 2.624700e+01
      vertex   -7.001061e+01 -2.510722e+01 2.624700e+01
    endloop
  endfacet
  facet normal 0.000000e+00 0.000000e+00 1.000000e+00
    outer loop
      vertex   -7.001061e+01 -2.510722e+01 2.624700e+01
      vertex   -7.000113e+01 -2.506366e+01 2.624700e+01
      vertex   -7.000113e+01 -2.304015e+01 2.624700e+01
    endloop
  endfacet
  facet normal 0.000000e+00 0.000000e+00 1.000000e+00
    outer loop
      vertex   -7.001061e+01 -2.510722e+01 2.624700e+01
      vertex   -7.000113e+01 -2.304015e+01 2.624700e+01
      vertex   -7.000639e+01 -2.289589e+01 2.624700e+01
    endloop
  endfacet
  facet normal 0.000000e+00 0.000000e+00 1.000000e+00
    outer loop
      vertex   -7.000639e+01 -2.289589e+01 2.624700e+01
      vertex   -7.000955e+01 -2.275157e+01 2.624700e+01
      vertex   -7.001061e+01 -2.510722e+01 2.624700e+01
    endloop
  endfacet
  facet normal 0.000000e+00 0.000000e+00 1.000000e+00
    outer loop
      vertex   -7.001061e+01 -2.510722e+01 2.624700e+01
      vertex   -7.000955e+01 -2.275157e+01 2.624700e+01
      vertex   -7.001061e+01 -2.260722e+01 2.624700e+01
    endloop
  endfacet
  facet normal 0.000000e+00 0.000000e+00 1.000000e+00
    outer loop
      vertex   -7.000100e+01 -2.510716e+01 2.624700e+01
      vertex   -7.001061e+01 -2.510722e+01 2.624700e+01
      vertex   -6.996154e+01 -2.582907e+01 2.624700e+01
    endloop
  endfacet
  facet normal 0.000000e+00 0.000000e+00 1.000000e+00
    outer loop
      vertex   -6.996154e+01 -2.582907e+01 2.624700e+01
      vertex   -7.001061e+01 -2.510722e+01 2.624700e+01
      vertex   -6.997514e+01 -2.583041e+01 2.624700e+01
    endloop
  endfacet
  facet normal 0.000000e+00 0.000000e+00 1.000000e+00
    outer loop
      vertex   -6.996154e+01 -2.582907e+01 2.624700e+01
      vertex   -6.997514e+01 -2.583041e+01 2.624700e+01
      vertex   -6.991962e+01 -2.626327e+01 2.624700e+01
    endloop
  endfacet
  facet normal 0.000000e+00 0.000000e+00 1.000000e+00
    outer loop
      vertex   -6.996154e+01 -2.582907e+01 2.624700e+01
      vertex   -6.991962e+01 -2.626327e+01 2.624700e+01
      vertex   -6.985202e+01 -2.654372e+01 2.624700e+01
    endloop
  endfacet
  facet normal 0.000000e+00 0.000000e+00 1.000000e+00
    outer loop
      vertex   -6.985202e+01 -2.654372e+01 2.624700e+01
      vertex   -6.991962e+01 -2.626327e+01 2.624700e+01
      vertex   -6.964891e+01 -2.739085e+01 2.624700e+01
    endloop
  endfacet
  facet normal 0.000000e+00 0.000000e+00 1.000000e+00
    outer loop
      vertex   -6.985202e+01 -2.654372e+01 2.624700e+01
      vertex   -6.964891e+01 -2.739085e+01 2.624700e+01
      vertex   -6.967346e+01 -2.724431e+01 2.624700e+01
    endloop
  endfacet
  facet normal 0.000000e+00 0.000000e+00 1.000000e+00
    outer loop
      vertex   -6.967346e+01 -2.724431e+01 2.624700e+01
      vertex   -6.964891e+01 -2.739085e+01 2.624700e+01
      vertex   -6.942757e+01 -2.792420e+01 2.624700e+01
    endloop
  endfacet
  facet normal 0.000000e+00 0.000000e+00 1.000000e+00
    outer loop
      vertex   -6.942757e+01 -2.792420e+01 2.624700e+01
      vertex   -6.964891e+01 -2.739085e+01 2.624700e+01
      vertex   -6.920515e+01 -2.846221e+01 2.624700e+01
    endloop
  endfacet
  facet normal 0.000000e+00 0.000000e+00 1.000000e+00
    outer loop
      vertex   -6.942757e+01 -2.792420e+01 2.624700e+01
      vertex   -6.920515e+01 -2.846221e+01 2.624700e+01
      vertex   -6.911667e+01 -2.857693e+01 2.624700e+01
    endloop
  endfacet
  facet normal 0.000000e+00 0.000000e+00 1.000000e+00
    outer loop
      vertex   -6.911667e+01 -2.857693e+01 2.624700e+01
      vertex   -6.920515e+01 -2.846221e+01 2.624700e+01
      vertex   -6.874373e+01 -2.919630e+01 2.624700e+01
    endloop
  endfacet
  facet normal 0.000000e+00 0.000000e+00 1.000000e+00
    outer loop
      vertex   -6.874373e+01 -2.919630e+01 2.624700e+01
      vertex   -6.920515e+01 -2.846221e+01 2.624700e+01
      vertex   -6.859924e+01 -2.945095e+01 2.624700e+01
    endloop
  endfacet
  facet normal 0.000000e+00 0.000000e+00 1.000000e+00
    outer loop
      vertex   -6.874373e+01 -2.919630e+01 2.624700e+01
      vertex   -6.859924e+01 -2.945095e+01 2.624700e+01
      vertex   -6.831228e+01 -2.977644e+01 2.624700e+01
    endloop
  endfacet
  facet normal 0.000000e+00 0.000000e+00 1.000000e+00
    outer loop
      vertex   -6.831228e+01 -2.977644e+01 2.624700e+01
      vertex   -6.859924e+01 -2.945095e+01 2.624700e+01
      vertex   -6.784613e+01 -3.033274e+01 2.624700e+01
    endloop
  endfacet
  facet normal 0.000000e+00 0.000000e+00 1.000000e+00
    outer loop
      vertex   -6.831228e+01 -2.977644e+01 2.624700e+01
      vertex   -6.784613e+01 -3.033274e+01 2.624700e+01
      vertex   -6.782641e+01 -3.031184e+01 2.624700e+01
    endloop
  endfacet
  facet normal 0.000000e+00 0.000000e+00 1.000000e+00
    outer loop
      vertex   -6.782641e+01 -3.031184e+01 2.624700e+01
      vertex   -6.784613e+01 -3.033274e+01 2.624700e+01
      vertex   -6.729075e+01 -3.079741e+01 2.624700e+01
    endloop
  endfacet
  facet normal 0.000000e+00 0.000000e+00 1.000000e+00
    outer loop
      vertex   -6.729075e+01 -3.079741e+01 2.624700e+01
      vertex   -6.784613e+01 -3.033274e+01 2.624700e+01
      vertex   -6.696434e+01 -3.108585e+01 2.624700e+01
    endloop
  endfacet
  facet normal 0.000000e+00 0.000000e+00 1.000000e+00
    outer loop
      vertex   -6.729075e+01 -3.079741e+01 2.624700e+01
      vertex   -6.696434e+01 -3.108585e+01 2.624700e+01
      vertex   -6.671037e+01 -3.122854e+01 2.624700e+01
    endloop
  endfacet
  facet normal 0.000000e+00 0.000000e+00 1.000000e+00
    outer loop
      vertex   -6.671037e+01 -3.122854e+01 2.624700e+01
      vertex   -6.696434e+01 -3.108585e+01 2.624700e+01
      vertex   -6.597560e+01 -3.169176e+01 2.624700e+01
    endloop
  endfacet
  facet normal 0.000000e+00 0.000000e+00 1.000000e+00
    outer loop
      vertex   -6.671037e+01 -3.122854e+01 2.624700e+01
      vertex   -6.597560e+01 -3.169176e+01 2.624700e+01
      vertex   -6.609079e+01 -3.160114e+01 2.624700e+01
    endloop
  endfacet
  facet normal 0.000000e+00 0.000000e+00 1.000000e+00
    outer loop
      vertex   -6.609079e+01 -3.160114e+01 2.624700e+01
      vertex   -6.597560e+01 -3.169176e+01 2.624700e+01
      vertex   -6.543789e+01 -3.191168e+01 2.624700e+01
    endloop
  endfacet
  facet normal 0.000000e+00 0.000000e+00 1.000000e+00
    outer loop
      vertex   -6.543789e+01 -3.191168e+01 2.624700e+01
      vertex   -6.597560e+01 -3.169176e+01 2.624700e+01
      vertex   -6.490424e+01 -3.213552e+01 2.624700e+01
    endloop
  endfacet
  facet normal 0.000000e+00 0.000000e+00 1.000000e+00
    outer loop
      vertex   -6.543789e+01 -3.191168e+01 2.624700e+01
      vertex   -6.490424e+01 -3.213552e+01 2.624700e+01
      vertex   -6.475786e+01 -3.215719e+01 2.624700e+01
    endloop
  endfacet
  facet normal 0.000000e+00 0.000000e+00 1.000000e+00
    outer loop
      vertex   -6.475786e+01 -3.215719e+01 2.624700e+01
      vertex   -6.490424e+01 -3.213552e+01 2.624700e+01
      vertex   -6.405717e+01 -3.233537e+01 2.624700e+01
    endloop
  endfacet
  facet normal 0.000000e+00 0.000000e+00 1.000000e+00
    outer loop
      vertex   -6.405717e+01 -3.233537e+01 2.624700e+01
      vertex   -6.490424e+01 -3.213552e+01 2.624700e+01
      vertex   -6.377666e+01 -3.240623e+01 2.624700e+01
    endloop
  endfacet
  facet normal 0.000000e+00 0.000000e+00 1.000000e+00
    outer loop
      vertex   -6.405717e+01 -3.233537e+01 2.624700e+01
      vertex   -6.377666e+01 -3.240623e+01 2.624700e+01
      vertex   -6.334247e+01 -3.244450e+01 2.624700e+01
    endloop
  endfacet
  facet normal 0.000000e+00 0.000000e+00 1.000000e+00
    outer loop
      vertex   -6.334247e+01 -3.244450e+01 2.624700e+01
      vertex   -6.377666e+01 -3.240623e+01 2.624700e+01
      vertex   -6.334416e+01 -3.246171e+01 2.624700e+01
    endloop
  endfacet
  facet normal 0.000000e+00 0.000000e+00 1.000000e+00
    outer loop
      vertex   -6.334247e+01 -3.244450e+01 2.624700e+01
      vertex   -6.334416e+01 -3.246171e+01 2.624700e+01
      vertex   -6.262061e+01 -3.249722e+01 2.624700e+01
    endloop
  endfacet
  facet normal 0.000000e+00 0.000000e+00 1.000000e+00
    outer loop
      vertex   -6.012061e+01 -3.249722e+01 2.624700e+01
      vertex   -6.029323e+01 -3.249571e+01 2.624700e+01
      vertex   -6.262061e+01 -3.249722e+01 2.624700e+01
    endloop
  endfacet
  facet normal 0.000000e+00 0.000000e+00 1.000000e+00
    outer loop
      vertex   -6.262061e+01 -3.249722e+01 2.624700e+01
      vertex   -6.029323e+01 -3.249571e+01 2.624700e+01
      vertex   -6.046580e+01 -3.249119e+01 2.624700e+01
    endloop
  endfacet
  facet normal 0.000000e+00 0.000000e+00 1.000000e+00
    outer loop
      vertex   -6.262061e+01 -3.249722e+01 2.624700e+01
      vertex   -6.046580e+01 -3.249119e+01 2.624700e+01
      vertex   -6.063826e+01 -3.248366e+01 2.624700e+01
    endloop
  endfacet
  facet normal 0.000000e+00 0.000000e+00 1.000000e+00
    outer loop
      vertex   -6.063826e+01 -3.248366e+01 2.624700e+01
      vertex   -6.258113e+01 -3.248366e+01 2.624700e+01
      vertex   -6.262061e+01 -3.249722e+01 2.624700e+01
    endloop
  endfacet
  facet normal 0.000000e+00 0.000000e+00 1.000000e+00
    outer loop
      vertex   -6.262061e+01 -3.249722e+01 2.624700e+01
      vertex   -6.258113e+01 -3.248366e+01 2.624700e+01
      vertex   -6.262053e+01 -3.248356e+01 2.624700e+01
    endloop
  endfacet
  facet normal 0.000000e+00 -0.000000e+00 1.000000e+00
    outer loop
      vertex   -6.262061e+01 -3.249722e+01 2.624700e+01
      vertex   -6.262053e+01 -3.248356e+01 2.624700e+01
      vertex   -6.334247e+01 -3.244450e+01 2.624700e+01
    endloop
  endfacet
  facet normal 0.000000e+00 1.000000e+00 0.000000e+00
    outer loop
      vertex   3.961594e+01 4.251278e+01 2.621093e+01
      vertex   3.961594e+01 4.251278e+01 1.641306e+01
      vertex   3.959887e+01 4.251278e+01 2.621091e+01
    endloop
  endfacet
  facet normal -1.390767e-16 1.000000e+00 -2.422037e-19
    outer loop
      vertex   3.959887e+01 4.251278e+01 2.621091e+01
      vertex   3.961594e+01 4.251278e+01 1.641306e+01
      vertex   -6.258113e+01 4.251278e+01 2.621091e+01
    endloop
  endfacet
  facet normal -1.389998e-16 1.000000e+00 5.600962e-19
    outer loop
      vertex   -6.258113e+01 4.251278e+01 2.621091e+01
      vertex   3.961594e+01 4.251278e+01 1.641306e+01
      vertex   -6.262061e+01 4.251278e+01 1.641306e+01
    endloop
  endfacet
  facet normal 0.000000e+00 1.000000e+00 0.000000e+00
    outer loop
      vertex   -6.258113e+01 4.251278e+01 2.621091e+01
      vertex   -6.262061e+01 4.251278e+01 1.641306e+01
      vertex   -6.262061e+01 4.251278e+01 2.621101e+01
    endloop
  endfacet
  facet normal -9.961947e-01 -8.715574e-02 0.000000e+00
    outer loop
      vertex   4.444413e+01 3.595069e+01 1.413060e+00
      vertex   4.451887e+01 3.509634e+01 1.413060e+00
      vertex   4.444413e+01 3.595069e+01 1.256376e+01
    endloop
  endfacet
  facet normal -9.961947e-01 -8.715574e-02 0.000000e+00
    outer loop
      vertex   4.444413e+01 3.595069e+01 1.256376e+01
      vertex   4.451887e+01 3.509634e+01 1.413060e+00
      vertex   4.451887e+01 3.509634e+01 2.371446e+01
    endloop
  endfacet
  facet normal -9.961947e-01 -8.715574e-02 0.000000e+00
    outer loop
      vertex   4.444413e+01 3.595069e+01 1.256376e+01
      vertex   4.451887e+01 3.509634e+01 2.371446e+01
      vertex   4.444413e+01 3.595069e+01 2.371446e+01
    endloop
  endfacet
  facet normal -9.659258e-01 -2.588190e-01 0.000000e+00
    outer loop
      vertex   4.444413e+01 3.595069e+01 1.256376e+01
      vertex   4.444413e+01 3.595069e+01 2.371446e+01
      vertex   4.422216e+01 3.677908e+01 1.256376e+01
    endloop
  endfacet
  facet normal -9.659258e-01 -2.588190e-01 0.000000e+00
    outer loop
      vertex   4.422216e+01 3.677908e+01 1.256376e+01
      vertex   4.444413e+01 3.595069e+01 2.371446e+01
      vertex   4.422216e+01 3.677908e+01 2.371446e+01
    endloop
  endfacet
  facet normal -9.063078e-01 -4.226183e-01 0.000000e+00
    outer loop
      vertex   4.422216e+01 3.677908e+01 1.256376e+01
      vertex   4.422216e+01 3.677908e+01 2.371446e+01
      vertex   4.385972e+01 3.755634e+01 1.256376e+01
    endloop
  endfacet
  facet normal -9.063078e-01 -4.226183e-01 0.000000e+00
    outer loop
      vertex   4.385972e+01 3.755634e+01 1.256376e+01
      vertex   4.422216e+01 3.677908e+01 2.371446e+01
      vertex   4.385972e+01 3.755634e+01 2.371446e+01
    endloop
  endfacet
  facet normal -8.191520e-01 -5.735764e-01 0.000000e+00
    outer loop
      vertex   4.385972e+01 3.755634e+01 1.256376e+01
      vertex   4.385972e+01 3.755634e+01 2.371446e+01
      vertex   4.336781e+01 3.825885e+01 1.256376e+01
    endloop
  endfacet
  facet normal -8.191520e-01 -5.735764e-01 0.000000e+00
    outer loop
      vertex   4.336781e+01 3.825885e+01 1.256376e+01
      vertex   4.385972e+01 3.755634e+01 2.371446e+01
      vertex   4.336781e+01 3.825885e+01 2.371446e+01
    endloop
  endfacet
  facet normal -7.071068e-01 -7.071068e-01 0.000000e+00
    outer loop
      vertex   4.336781e+01 3.825885e+01 1.256376e+01
      vertex   4.336781e+01 3.825885e+01 2.371446e+01
      vertex   4.276139e+01 3.886528e+01 1.256376e+01
    endloop
  endfacet
  facet normal -7.071068e-01 -7.071068e-01 0.000000e+00
    outer loop
      vertex   4.276139e+01 3.886528e+01 1.256376e+01
      vertex   4.336781e+01 3.825885e+01 2.371446e+01
      vertex   4.276139e+01 3.886528e+01 2.371446e+01
    endloop
  endfacet
  facet normal -5.735764e-01 -8.191520e-01 0.000000e+00
    outer loop
      vertex   4.276139e+01 3.886528e+01 1.256376e+01
      vertex   4.276139e+01 3.886528e+01 2.371446e+01
      vertex   4.205887e+01 3.935718e+01 1.256376e+01
    endloop
  endfacet
  facet normal -5.735764e-01 -8.191520e-01 0.000000e+00
    outer loop
      vertex   4.205887e+01 3.935718e+01 1.256376e+01
      vertex   4.276139e+01 3.886528e+01 2.371446e+01
      vertex   4.205887e+01 3.935718e+01 2.371446e+01
    endloop
  endfacet
  facet normal -4.226183e-01 -9.063078e-01 0.000000e+00
    outer loop
      vertex   4.205887e+01 3.935718e+01 1.256376e+01
      vertex   4.205887e+01 3.935718e+01 2.371446e+01
      vertex   4.128161e+01 3.971963e+01 1.256376e+01
    endloop
  endfacet
  facet normal -4.226183e-01 -9.063078e-01 0.000000e+00
    outer loop
      vertex   4.128161e+01 3.971963e+01 1.256376e+01
      vertex   4.205887e+01 3.935718e+01 2.371446e+01
      vertex   4.128161e+01 3.971963e+01 2.371446e+01
    endloop
  endfacet
  facet normal -2.588190e-01 -9.659258e-01 0.000000e+00
    outer loop
      vertex   4.128161e+01 3.971963e+01 1.256376e+01
      vertex   4.128161e+01 3.971963e+01 2.371446e+01
      vertex   4.045322e+01 3.994159e+01 1.256376e+01
    endloop
  endfacet
  facet normal -2.588190e-01 -9.659258e-01 0.000000e+00
    outer loop
      vertex   4.045322e+01 3.994159e+01 1.256376e+01
      vertex   4.128161e+01 3.971963e+01 2.371446e+01
      vertex   4.045322e+01 3.994159e+01 2.371446e+01
    endloop
  endfacet
  facet normal -8.715574e-02 -9.961947e-01 0.000000e+00
    outer loop
      vertex   4.045322e+01 3.994159e+01 1.256376e+01
      vertex   4.045322e+01 3.994159e+01 2.371446e+01
      vertex   3.959887e+01 4.001634e+01 2.371446e+01
    endloop
  endfacet
  facet normal -8.715574e-02 -9.961947e-01 -0.000000e+00
    outer loop
      vertex   3.959887e+01 4.001634e+01 2.371446e+01
      vertex   3.959887e+01 4.001634e+01 1.413060e+00
      vertex   4.045322e+01 3.994159e+01 1.256376e+01
    endloop
  endfacet
  facet normal -8.715574e-02 -9.961947e-01 -0.000000e+00
    outer loop
      vertex   4.045322e+01 3.994159e+01 1.256376e+01
      vertex   3.959887e+01 4.001634e+01 1.413060e+00
      vertex   4.045322e+01 3.994159e+01 1.413060e+00
    endloop
  endfacet
  facet normal -2.588190e-01 -9.659258e-01 -0.000000e+00
    outer loop
      vertex   4.045322e+01 3.994159e+01 1.256376e+01
      vertex   4.045322e+01 3.994159e+01 1.413060e+00
      vertex   4.128161e+01 3.971963e+01 1.256376e+01
    endloop
  endfacet
  facet normal -2.588190e-01 -9.659258e-01 -0.000000e+00
    outer loop
      vertex   4.128161e+01 3.971963e+01 1.256376e+01
      vertex   4.045322e+01 3.994159e+01 1.413060e+00
      vertex   4.128161e+01 3.971963e+01 1.413060e+00
    endloop
  endfacet
  facet normal -4.226183e-01 -9.063078e-01 -0.000000e+00
    outer loop
      vertex   4.128161e+01 3.971963e+01 1.256376e+01
      vertex   4.128161e+01 3.971963e+01 1.413060e+00
      vertex   4.205887e+01 3.935718e+01 1.256376e+01
    endloop
  endfacet
  facet normal -4.226183e-01 -9.063078e-01 -0.000000e+00
    outer loop
      vertex   4.205887e+01 3.935718e+01 1.256376e+01
      vertex   4.128161e+01 3.971963e+01 1.413060e+00
      vertex   4.205887e+01 3.935718e+01 1.413060e+00
    endloop
  endfacet
  facet normal -5.735764e-01 -8.191520e-01 -0.000000e+00
    outer loop
      vertex   4.205887e+01 3.935718e+01 1.256376e+01
      vertex   4.205887e+01 3.935718e+01 1.413060e+00
      vertex   4.276139e+01 3.886528e+01 1.256376e+01
    endloop
  endfacet
  facet normal -5.735764e-01 -8.191520e-01 -0.000000e+00
    outer loop
      vertex   4.276139e+01 3.886528e+01 1.256376e+01
      vertex   4.205887e+01 3.935718e+01 1.413060e+00
      vertex   4.276139e+01 3.886528e+01 1.413060e+00
    endloop
  endfacet
  facet normal -7.071068e-01 -7.071068e-01 -0.000000e+00
    outer loop
      vertex   4.276139e+01 3.886528e+01 1.256376e+01
      vertex   4.276139e+01 3.886528e+01 1.413060e+00
      vertex   4.336781e+01 3.825885e+01 1.256376e+01
    endloop
  endfacet
  facet normal -7.071068e-01 -7.071068e-01 4.505811e-16
    outer loop
      vertex   4.336781e+01 3.825885e+01 1.256376e+01
      vertex   4.276139e+01 3.886528e+01 1.413060e+00
      vertex   4.336781e+01 3.825885e+01 1.413060e+00
    endloop
  endfacet
  facet normal -8.191520e-01 -5.735764e-01 3.654932e-16
    outer loop
      vertex   4.336781e+01 3.825885e+01 1.256376e+01
      vertex   4.336781e+01 3.825885e+01 1.413060e+00
      vertex   4.385972e+01 3.755634e+01 1.256376e+01
    endloop
  endfacet
  facet normal -8.191520e-01 -5.735764e-01 -0.000000e+00
    outer loop
      vertex   4.385972e+01 3.755634e+01 1.256376e+01
      vertex   4.336781e+01 3.825885e+01 1.413060e+00
      vertex   4.385972e+01 3.755634e+01 1.413060e+00
    endloop
  endfacet
  facet normal -9.063078e-01 -4.226183e-01 -0.000000e+00
    outer loop
      vertex   4.385972e+01 3.755634e+01 1.256376e+01
      vertex   4.385972e+01 3.755634e+01 1.413060e+00
      vertex   4.422216e+01 3.677908e+01 1.256376e+01
    endloop
  endfacet
  facet normal -9.063078e-01 -4.226183e-01 -0.000000e+00
    outer loop
      vertex   4.422216e+01 3.677908e+01 1.256376e+01
      vertex   4.385972e+01 3.755634e+01 1.413060e+00
      vertex   4.422216e+01 3.677908e+01 1.413060e+00
    endloop
  endfacet
  facet normal -9.659258e-01 -2.588190e-01 -0.000000e+00
    outer loop
      vertex   4.422216e+01 3.677908e+01 1.256376e+01
      vertex   4.422216e+01 3.677908e+01 1.413060e+00
      vertex   4.444413e+01 3.595069e+01 1.256376e+01
    endloop
  endfacet
  facet normal -9.659258e-01 -2.588190e-01 -0.000000e+00
    outer loop
      vertex   4.444413e+01 3.595069e+01 1.256376e+01
      vertex   4.422216e+01 3.677908e+01 1.413060e+00
      vertex   4.444413e+01 3.595069e+01 1.413060e+00
    endloop
  endfacet
  facet normal -0.000000e+00 -1.000000e+00 -0.000000e+00
    outer loop
      vertex   3.959887e+01 4.001634e+01 2.371446e+01
      vertex   -6.258113e+01 4.001634e+01 2.371446e+01
      vertex   3.959887e+01 4.001634e+01 1.413060e+00
    endloop
  endfacet
  facet normal 0.000000e+00 -1.000000e+00 0.000000e+00
    outer loop
      vertex   3.959887e+01 4.001634e+01 1.413060e+00
      vertex   -6.258113e+01 4.001634e+01 2.371446e+01
      vertex   -6.258113e+01 4.001634e+01 1.413060e+00
    endloop
  endfacet
  facet normal 8.715574e-02 -9.961947e-01 -6.347931e-16
    outer loop
      vertex   -6.343548e+01 3.994159e+01 1.413060e+00
      vertex   -6.258113e+01 4.001634e+01 1.413060e+00
      vertex   -6.343548e+01 3.994159e+01 1.256376e+01
    endloop
  endfacet
  facet normal 8.715574e-02 -9.961947e-01 -2.757278e-17
    outer loop
      vertex   -6.343548e+01 3.994159e+01 1.256376e+01
      vertex   -6.258113e+01 4.001634e+01 1.413060e+00
      vertex   -6.258113e+01 4.001634e+01 2.371446e+01
    endloop
  endfacet
  facet normal 8.715574e-02 -9.961947e-01 6.347931e-16
    outer loop
      vertex   -6.343548e+01 3.994159e+01 1.256376e+01
      vertex   -6.258113e+01 4.001634e+01 2.371446e+01
      vertex   -6.343548e+01 3.994159e+01 2.371446e+01
    endloop
  endfacet
  facet normal 2.588190e-01 -9.659258e-01 6.155052e-16
    outer loop
      vertex   -6.343548e+01 3.994159e+01 1.256376e+01
      vertex   -6.343548e+01 3.994159e+01 2.371446e+01
      vertex   -6.426387e+01 3.971963e+01 1.256376e+01
    endloop
  endfacet
  facet normal 2.588190e-01 -9.659258e-01 6.155052e-16
    outer loop
      vertex   -6.426387e+01 3.971963e+01 1.256376e+01
      vertex   -6.343548e+01 3.994159e+01 2.371446e+01
      vertex   -6.426387e+01 3.971963e+01 2.371446e+01
    endloop
  endfacet
  facet normal 4.226183e-01 -9.063078e-01 5.775156e-16
    outer loop
      vertex   -6.426387e+01 3.971963e+01 1.256376e+01
      vertex   -6.426387e+01 3.971963e+01 2.371446e+01
      vertex   -6.504113e+01 3.935718e+01 1.256376e+01
    endloop
  endfacet
  facet normal 4.226183e-01 -9.063078e-01 0.000000e+00
    outer loop
      vertex   -6.504113e+01 3.935718e+01 1.256376e+01
      vertex   -6.426387e+01 3.971963e+01 2.371446e+01
      vertex   -6.504113e+01 3.935718e+01 2.371446e+01
    endloop
  endfacet
  facet normal 5.735764e-01 -8.191520e-01 0.000000e+00
    outer loop
      vertex   -6.504113e+01 3.935718e+01 1.256376e+01
      vertex   -6.504113e+01 3.935718e+01 2.371446e+01
      vertex   -6.574364e+01 3.886528e+01 1.256376e+01
    endloop
  endfacet
  facet normal 5.735764e-01 -8.191520e-01 0.000000e+00
    outer loop
      vertex   -6.574364e+01 3.886528e+01 1.256376e+01
      vertex   -6.504113e+01 3.935718e+01 2.371446e+01
      vertex   -6.574364e+01 3.886528e+01 2.371446e+01
    endloop
  endfacet
  facet normal 7.071068e-01 -7.071068e-01 0.000000e+00
    outer loop
      vertex   -6.574364e+01 3.886528e+01 1.256376e+01
      vertex   -6.574364e+01 3.886528e+01 2.371446e+01
      vertex   -6.635007e+01 3.825885e+01 1.256376e+01
    endloop
  endfacet
  facet normal 7.071068e-01 -7.071068e-01 0.000000e+00
    outer loop
      vertex   -6.635007e+01 3.825885e+01 1.256376e+01
      vertex   -6.574364e+01 3.886528e+01 2.371446e+01
      vertex   -6.635007e+01 3.825885e+01 2.371446e+01
    endloop
  endfacet
  facet normal 8.191520e-01 -5.735764e-01 0.000000e+00
    outer loop
      vertex   -6.635007e+01 3.825885e+01 1.256376e+01
      vertex   -6.635007e+01 3.825885e+01 2.371446e+01
      vertex   -6.684197e+01 3.755634e+01 1.256376e+01
    endloop
  endfacet
  facet normal 8.191520e-01 -5.735764e-01 0.000000e+00
    outer loop
      vertex   -6.684197e+01 3.755634e+01 1.256376e+01
      vertex   -6.635007e+01 3.825885e+01 2.371446e+01
      vertex   -6.684197e+01 3.755634e+01 2.371446e+01
    endloop
  endfacet
  facet normal 9.063078e-01 -4.226183e-01 0.000000e+00
    outer loop
      vertex   -6.684197e+01 3.755634e+01 1.256376e+01
      vertex   -6.684197e+01 3.755634e+01 2.371446e+01
      vertex   -6.720441e+01 3.677908e+01 1.256376e+01
    endloop
  endfacet
  facet normal 9.063078e-01 -4.226183e-01 2.692999e-16
    outer loop
      vertex   -6.720441e+01 3.677908e+01 1.256376e+01
      vertex   -6.684197e+01 3.755634e+01 2.371446e+01
      vertex   -6.720441e+01 3.677908e+01 2.371446e+01
    endloop
  endfacet
  facet normal 9.659258e-01 -2.588190e-01 1.649241e-16
    outer loop
      vertex   -6.720441e+01 3.677908e+01 1.256376e+01
      vertex   -6.720441e+01 3.677908e+01 2.371446e+01
      vertex   -6.742638e+01 3.595069e+01 1.256376e+01
    endloop
  endfacet
  facet normal 9.659258e-01 -2.588190e-01 0.000000e+00
    outer loop
      vertex   -6.742638e+01 3.595069e+01 1.256376e+01
      vertex   -6.720441e+01 3.677908e+01 2.371446e+01
      vertex   -6.742638e+01 3.595069e+01 2.371446e+01
    endloop
  endfacet
  facet normal 9.961947e-01 -8.715574e-02 0.000000e+00
    outer loop
      vertex   -6.742638e+01 3.595069e+01 1.256376e+01
      vertex   -6.742638e+01 3.595069e+01 2.371446e+01
      vertex   -6.750113e+01 3.509634e+01 2.371446e+01
    endloop
  endfacet
  facet normal 9.961947e-01 -8.715574e-02 0.000000e+00
    outer loop
      vertex   -6.750113e+01 3.509634e+01 2.371446e+01
      vertex   -6.750113e+01 3.509634e+01 1.413060e+00
      vertex   -6.742638e+01 3.595069e+01 1.256376e+01
    endloop
  endfacet
  facet normal 9.961947e-01 -8.715574e-02 0.000000e+00
    outer loop
      vertex   -6.742638e+01 3.595069e+01 1.256376e+01
      vertex   -6.750113e+01 3.509634e+01 1.413060e+00
      vertex   -6.742638e+01 3.595069e+01 1.413060e+00
    endloop
  endfacet
  facet normal 9.659258e-01 -2.588190e-01 0.000000e+00
    outer loop
      vertex   -6.742638e+01 3.595069e+01 1.256376e+01
      vertex   -6.742638e+01 3.595069e+01 1.413060e+00
      vertex   -6.720441e+01 3.677908e+01 1.256376e+01
    endloop
  endfacet
  facet normal 9.659258e-01 -2.588190e-01 0.000000e+00
    outer loop
      vertex   -6.720441e+01 3.677908e+01 1.256376e+01
      vertex   -6.742638e+01 3.595069e+01 1.413060e+00
      vertex   -6.720441e+01 3.677908e+01 1.413060e+00
    endloop
  endfacet
  facet normal 9.063078e-01 -4.226183e-01 0.000000e+00
    outer loop
      vertex   -6.720441e+01 3.677908e+01 1.256376e+01
      vertex   -6.720441e+01 3.677908e+01 1.413060e+00
      vertex   -6.684197e+01 3.755634e+01 1.256376e+01
    endloop
  endfacet
  facet normal 9.063078e-01 -4.226183e-01 0.000000e+00
    outer loop
      vertex   -6.684197e+01 3.755634e+01 1.256376e+01
      vertex   -6.720441e+01 3.677908e+01 1.413060e+00
      vertex   -6.684197e+01 3.755634e+01 1.413060e+00
    endloop
  endfacet
  facet normal 8.191520e-01 -5.735764e-01 0.000000e+00
    outer loop
      vertex   -6.684197e+01 3.755634e+01 1.256376e+01
      vertex   -6.684197e+01 3.755634e+01 1.413060e+00
      vertex   -6.635007e+01 3.825885e+01 1.256376e+01
    endloop
  endfacet
  facet normal 8.191520e-01 -5.735764e-01 0.000000e+00
    outer loop
      vertex   -6.635007e+01 3.825885e+01 1.256376e+01
      vertex   -6.684197e+01 3.755634e+01 1.413060e+00
      vertex   -6.635007e+01 3.825885e+01 1.413060e+00
    endloop
  endfacet
  facet normal 7.071068e-01 -7.071068e-01 0.000000e+00
    outer loop
      vertex   -6.635007e+01 3.825885e+01 1.256376e+01
      vertex   -6.635007e+01 3.825885e+01 1.413060e+00
      vertex   -6.574364e+01 3.886528e+01 1.256376e+01
    endloop
  endfacet
  facet normal 7.071068e-01 -7.071068e-01 0.000000e+00
    outer loop
      vertex   -6.574364e+01 3.886528e+01 1.256376e+01
      vertex   -6.635007e+01 3.825885e+01 1.413060e+00
      vertex   -6.574364e+01 3.886528e+01 1.413060e+00
    endloop
  endfacet
  facet normal 5.735764e-01 -8.191520e-01 0.000000e+00
    outer loop
      vertex   -6.574364e+01 3.886528e+01 1.256376e+01
      vertex   -6.574364e+01 3.886528e+01 1.413060e+00
      vertex   -6.504113e+01 3.935718e+01 1.256376e+01
    endloop
  endfacet
  facet normal 5.735764e-01 -8.191520e-01 0.000000e+00
    outer loop
      vertex   -6.504113e+01 3.935718e+01 1.256376e+01
      vertex   -6.574364e+01 3.886528e+01 1.413060e+00
      vertex   -6.504113e+01 3.935718e+01 1.413060e+00
    endloop
  endfacet
  facet normal 4.226183e-01 -9.063078e-01 0.000000e+00
    outer loop
      vertex   -6.504113e+01 3.935718e+01 1.256376e+01
      vertex   -6.504113e+01 3.935718e+01 1.413060e+00
      vertex   -6.426387e+01 3.971963e+01 1.256376e+01
    endloop
  endfacet
  facet normal 4.226183e-01 -9.063078e-01 -5.775156e-16
    outer loop
      vertex   -6.426387e+01 3.971963e+01 1.256376e+01
      vertex   -6.504113e+01 3.935718e+01 1.413060e+00
      vertex   -6.426387e+01 3.971963e+01 1.413060e+00
    endloop
  endfacet
  facet normal 2.588190e-01 -9.659258e-01 -6.155052e-16
    outer loop
      vertex   -6.426387e+01 3.971963e+01 1.256376e+01
      vertex   -6.426387e+01 3.971963e+01 1.413060e+00
      vertex   -6.343548e+01 3.994159e+01 1.256376e+01
    endloop
  endfacet
  facet normal 2.588190e-01 -9.659258e-01 -6.155052e-16
    outer loop
      vertex   -6.343548e+01 3.994159e+01 1.256376e+01
      vertex   -6.426387e+01 3.971963e+01 1.413060e+00
      vertex   -6.343548e+01 3.994159e+01 1.413060e+00
    endloop
  endfacet
  facet normal 1.000000e+00 0.000000e+00 0.000000e+00
    outer loop
      vertex   -6.750113e+01 3.509634e+01 2.371446e+01
      vertex   -6.750113e+01 3.299699e+01 2.371446e+01
      vertex   -6.750113e+01 3.509634e+01 1.413060e+00
    endloop
  endfacet
  facet normal 1.000000e+00 0.000000e+00 0.000000e+00
    outer loop
      vertex   -6.750113e+01 3.509634e+01 1.413060e+00
      vertex   -6.750113e+01 3.299699e+01 2.371446e+01
      vertex   -6.750113e+01 3.299699e+01 1.413060e+00
    endloop
  endfacet
  facet normal 9.999644e-01 -8.442895e-03 0.000000e+00
    outer loop
      vertex   -6.751061e+01 3.262278e+01 1.413060e+00
      vertex   -6.750955e+01 3.274756e+01 1.413060e+00
      vertex   -6.751061e+01 3.262278e+01 2.372395e+01
    endloop
  endfacet
  facet normal 9.996792e-01 -2.532867e-02 -9.445314e-05
    outer loop
      vertex   -6.751061e+01 3.262278e+01 2.372395e+01
      vertex   -6.750955e+01 3.274756e+01 1.413060e+00
      vertex   -6.750113e+01 3.299699e+01 2.371446e+01
    endloop
  endfacet
  facet normal 9.996792e-01 -2.532628e-02 -9.447991e-05
    outer loop
      vertex   -6.750113e+01 3.299699e+01 2.371446e+01
      vertex   -6.750955e+01 3.274756e+01 1.413060e+00
      vertex   -6.750639e+01 3.287231e+01 1.413060e+00
    endloop
  endfacet
  facet normal 9.991091e-01 -4.220244e-02 0.000000e+00
    outer loop
      vertex   -6.750113e+01 3.299699e+01 2.371446e+01
      vertex   -6.750639e+01 3.287231e+01 1.413060e+00
      vertex   -6.750113e+01 3.299699e+01 1.413060e+00
    endloop
  endfacet
  facet normal 1.000000e+00 -0.000000e+00 0.000000e+00
    outer loop
      vertex   -6.751061e+01 -2.260722e+01 2.372395e+01
      vertex   -6.751061e+01 -2.260722e+01 1.413060e+00
      vertex   -6.751061e+01 3.262278e+01 2.372395e+01
    endloop
  endfacet
  facet normal 1.000000e+00 0.000000e+00 0.000000e+00
    outer loop
      vertex   -6.751061e+01 3.262278e+01 2.372395e+01
      vertex   -6.751061e+01 -2.260722e+01 1.413060e+00
      vertex   -6.751061e+01 3.262278e+01 1.413060e+00
    endloop
  endfacet
  facet normal 9.991091e-01 4.220244e-02 -0.000000e+00
    outer loop
      vertex   -6.750113e+01 -2.298142e+01 1.413060e+00
      vertex   -6.750639e+01 -2.285674e+01 1.413060e+00
      vertex   -6.750113e+01 -2.298142e+01 2.371446e+01
    endloop
  endfacet
  facet normal 9.996792e-01 2.532628e-02 -9.447991e-05
    outer loop
      vertex   -6.750113e+01 -2.298142e+01 2.371446e+01
      vertex   -6.750639e+01 -2.285674e+01 1.413060e+00
      vertex   -6.750955e+01 -2.273200e+01 1.413060e+00
    endloop
  endfacet
  facet normal 9.996792e-01 2.532867e-02 -9.445314e-05
    outer loop
      vertex   -6.750113e+01 -2.298142e+01 2.371446e+01
      vertex   -6.750955e+01 -2.273200e+01 1.413060e+00
      vertex   -6.751061e+01 -2.260722e+01 2.372395e+01
    endloop
  endfacet
  facet normal 9.999644e-01 8.442895e-03 0.000000e+00
    outer loop
      vertex   -6.751061e+01 -2.260722e+01 2.372395e+01
      vertex   -6.750955e+01 -2.273200e+01 1.413060e+00
      vertex   -6.751061e+01 -2.260722e+01 1.413060e+00
    endloop
  endfacet
  facet normal 1.000000e+00 0.000000e+00 0.000000e+00
    outer loop
      vertex   -6.750113e+01 -2.298142e+01 2.371446e+01
      vertex   -6.750113e+01 -2.506366e+01 2.371446e+01
      vertex   -6.750113e+01 -2.298142e+01 1.413060e+00
    endloop
  endfacet
  facet normal 1.000000e+00 0.000000e+00 0.000000e+00
    outer loop
      vertex   -6.750113e+01 -2.298142e+01 1.413060e+00
      vertex   -6.750113e+01 -2.506366e+01 2.371446e+01
      vertex   -6.750113e+01 -2.506366e+01 1.413060e+00
    endloop
  endfacet
  facet normal 9.961947e-01 8.715574e-02 -0.000000e+00
    outer loop
      vertex   -6.742638e+01 -2.591801e+01 1.413060e+00
      vertex   -6.750113e+01 -2.506366e+01 1.413060e+00
      vertex   -6.742638e+01 -2.591801e+01 1.256376e+01
    endloop
  endfacet
  facet normal 9.961947e-01 8.715574e-02 1.378639e-17
    outer loop
      vertex   -6.742638e+01 -2.591801e+01 1.256376e+01
      vertex   -6.750113e+01 -2.506366e+01 1.413060e+00
      vertex   -6.750113e+01 -2.506366e+01 2.371446e+01
    endloop
  endfacet
  facet normal 9.961947e-01 8.715574e-02 -0.000000e+00
    outer loop
      vertex   -6.742638e+01 -2.591801e+01 1.256376e+01
      vertex   -6.750113e+01 -2.506366e+01 2.371446e+01
      vertex   -6.742638e+01 -2.591801e+01 2.371446e+01
    endloop
  endfacet
  facet normal 9.659258e-01 2.588190e-01 -0.000000e+00
    outer loop
      vertex   -6.742638e+01 -2.591801e+01 1.256376e+01
      vertex   -6.742638e+01 -2.591801e+01 2.371446e+01
      vertex   -6.720441e+01 -2.674640e+01 1.256376e+01
    endloop
  endfacet
  facet normal 9.659258e-01 2.588190e-01 -0.000000e+00
    outer loop
      vertex   -6.720441e+01 -2.674640e+01 1.256376e+01
      vertex   -6.742638e+01 -2.591801e+01 2.371446e+01
      vertex   -6.720441e+01 -2.674640e+01 2.371446e+01
    endloop
  endfacet
  facet normal 9.063078e-01 4.226183e-01 -0.000000e+00
    outer loop
      vertex   -6.720441e+01 -2.674640e+01 1.256376e+01
      vertex   -6.720441e+01 -2.674640e+01 2.371446e+01
      vertex   -6.684197e+01 -2.752366e+01 1.256376e+01
    endloop
  endfacet
  facet normal 9.063078e-01 4.226183e-01 -0.000000e+00
    outer loop
      vertex   -6.684197e+01 -2.752366e+01 1.256376e+01
      vertex   -6.720441e+01 -2.674640e+01 2.371446e+01
      vertex   -6.684197e+01 -2.752366e+01 2.371446e+01
    endloop
  endfacet
  facet normal 8.191520e-01 5.735764e-01 -0.000000e+00
    outer loop
      vertex   -6.684197e+01 -2.752366e+01 1.256376e+01
      vertex   -6.684197e+01 -2.752366e+01 2.371446e+01
      vertex   -6.635007e+01 -2.822618e+01 1.256376e+01
    endloop
  endfacet
  facet normal 8.191520e-01 5.735764e-01 -0.000000e+00
    outer loop
      vertex   -6.635007e+01 -2.822618e+01 1.256376e+01
      vertex   -6.684197e+01 -2.752366e+01 2.371446e+01
      vertex   -6.635007e+01 -2.822618e+01 2.371446e+01
    endloop
  endfacet
  facet normal 7.071068e-01 7.071068e-01 -0.000000e+00
    outer loop
      vertex   -6.635007e+01 -2.822618e+01 1.256376e+01
      vertex   -6.635007e+01 -2.822618e+01 2.371446e+01
      vertex   -6.574364e+01 -2.883260e+01 1.256376e+01
    endloop
  endfacet
  facet normal 7.071068e-01 7.071068e-01 2.252906e-16
    outer loop
      vertex   -6.574364e+01 -2.883260e+01 1.256376e+01
      vertex   -6.635007e+01 -2.822618e+01 2.371446e+01
      vertex   -6.574364e+01 -2.883260e+01 2.371446e+01
    endloop
  endfacet
  facet normal 5.735764e-01 8.191520e-01 2.609892e-16
    outer loop
      vertex   -6.574364e+01 -2.883260e+01 1.256376e+01
      vertex   -6.574364e+01 -2.883260e+01 2.371446e+01
      vertex   -6.504113e+01 -2.932451e+01 1.256376e+01
    endloop
  endfacet
  facet normal 5.735764e-01 8.191520e-01 7.309864e-16
    outer loop
      vertex   -6.504113e+01 -2.932451e+01 1.256376e+01
      vertex   -6.574364e+01 -2.883260e+01 2.371446e+01
      vertex   -6.504113e+01 -2.932451e+01 2.371446e+01
    endloop
  endfacet
  facet normal 4.226183e-01 9.063078e-01 5.385999e-16
    outer loop
      vertex   -6.504113e+01 -2.932451e+01 1.256376e+01
      vertex   -6.504113e+01 -2.932451e+01 2.371446e+01
      vertex   -6.426387e+01 -2.968695e+01 1.256376e+01
    endloop
  endfacet
  facet normal 4.226183e-01 9.063078e-01 -0.000000e+00
    outer loop
      vertex   -6.426387e+01 -2.968695e+01 1.256376e+01
      vertex   -6.504113e+01 -2.932451e+01 2.371446e+01
      vertex   -6.426387e+01 -2.968695e+01 2.371446e+01
    endloop
  endfacet
  facet normal 2.588190e-01 9.659258e-01 -0.000000e+00
    outer loop
      vertex   -6.426387e+01 -2.968695e+01 1.256376e+01
      vertex   -6.426387e+01 -2.968695e+01 2.371446e+01
      vertex   -6.343548e+01 -2.990891e+01 1.256376e+01
    endloop
  endfacet
  facet normal 2.588190e-01 9.659258e-01 -0.000000e+00
    outer loop
      vertex   -6.343548e+01 -2.990891e+01 1.256376e+01
      vertex   -6.426387e+01 -2.968695e+01 2.371446e+01
      vertex   -6.343548e+01 -2.990891e+01 2.371446e+01
    endloop
  endfacet
  facet normal 8.715574e-02 9.961947e-01 -0.000000e+00
    outer loop
      vertex   -6.343548e+01 -2.990891e+01 1.256376e+01
      vertex   -6.343548e+01 -2.990891e+01 2.371446e+01
      vertex   -6.258113e+01 -2.998366e+01 2.371446e+01
    endloop
  endfacet
  facet normal 8.715574e-02 9.961947e-01 -1.864669e-16
    outer loop
      vertex   -6.258113e+01 -2.998366e+01 2.371446e+01
      vertex   -6.258113e+01 -2.998366e+01 1.413060e+00
      vertex   -6.343548e+01 -2.990891e+01 1.256376e+01
    endloop
  endfacet
  facet normal 8.715574e-02 9.961947e-01 0.000000e+00
    outer loop
      vertex   -6.343548e+01 -2.990891e+01 1.256376e+01
      vertex   -6.258113e+01 -2.998366e+01 1.413060e+00
      vertex   -6.343548e+01 -2.990891e+01 1.413060e+00
    endloop
  endfacet
  facet normal 2.588190e-01 9.659258e-01 0.000000e+00
    outer loop
      vertex   -6.343548e+01 -2.990891e+01 1.256376e+01
      vertex   -6.343548e+01 -2.990891e+01 1.413060e+00
      vertex   -6.426387e+01 -2.968695e+01 1.256376e+01
    endloop
  endfacet
  facet normal 2.588190e-01 9.659258e-01 0.000000e+00
    outer loop
      vertex   -6.426387e+01 -2.968695e+01 1.256376e+01
      vertex   -6.343548e+01 -2.990891e+01 1.413060e+00
      vertex   -6.426387e+01 -2.968695e+01 1.413060e+00
    endloop
  endfacet
  facet normal 4.226183e-01 9.063078e-01 0.000000e+00
    outer loop
      vertex   -6.426387e+01 -2.968695e+01 1.256376e+01
      vertex   -6.426387e+01 -2.968695e+01 1.413060e+00
      vertex   -6.504113e+01 -2.932451e+01 1.256376e+01
    endloop
  endfacet
  facet normal 4.226183e-01 9.063078e-01 0.000000e+00
    outer loop
      vertex   -6.504113e+01 -2.932451e+01 1.256376e+01
      vertex   -6.426387e+01 -2.968695e+01 1.413060e+00
      vertex   -6.504113e+01 -2.932451e+01 1.413060e+00
    endloop
  endfacet
  facet normal 5.735764e-01 8.191520e-01 0.000000e+00
    outer loop
      vertex   -6.504113e+01 -2.932451e+01 1.256376e+01
      vertex   -6.504113e+01 -2.932451e+01 1.413060e+00
      vertex   -6.574364e+01 -2.883260e+01 1.256376e+01
    endloop
  endfacet
  facet normal 5.735764e-01 8.191520e-01 -2.609892e-16
    outer loop
      vertex   -6.574364e+01 -2.883260e+01 1.256376e+01
      vertex   -6.504113e+01 -2.932451e+01 1.413060e+00
      vertex   -6.574364e+01 -2.883260e+01 1.413060e+00
    endloop
  endfacet
  facet normal 7.071068e-01 7.071068e-01 -2.252906e-16
    outer loop
      vertex   -6.574364e+01 -2.883260e+01 1.256376e+01
      vertex   -6.574364e+01 -2.883260e+01 1.413060e+00
      vertex   -6.635007e+01 -2.822618e+01 1.256376e+01
    endloop
  endfacet
  facet normal 7.071068e-01 7.071068e-01 0.000000e+00
    outer loop
      vertex   -6.635007e+01 -2.822618e+01 1.256376e+01
      vertex   -6.574364e+01 -2.883260e+01 1.413060e+00
      vertex   -6.635007e+01 -2.822618e+01 1.413060e+00
    endloop
  endfacet
  facet normal 8.191520e-01 5.735764e-01 0.000000e+00
    outer loop
      vertex   -6.635007e+01 -2.822618e+01 1.256376e+01
      vertex   -6.635007e+01 -2.822618e+01 1.413060e+00
      vertex   -6.684197e+01 -2.752366e+01 1.256376e+01
    endloop
  endfacet
  facet normal 8.191520e-01 5.735764e-01 0.000000e+00
    outer loop
      vertex   -6.684197e+01 -2.752366e+01 1.256376e+01
      vertex   -6.635007e+01 -2.822618e+01 1.413060e+00
      vertex   -6.684197e+01 -2.752366e+01 1.413060e+00
    endloop
  endfacet
  facet normal 9.063078e-01 4.226183e-01 0.000000e+00
    outer loop
      vertex   -6.684197e+01 -2.752366e+01 1.256376e+01
      vertex   -6.684197e+01 -2.752366e+01 1.413060e+00
      vertex   -6.720441e+01 -2.674640e+01 1.256376e+01
    endloop
  endfacet
  facet normal 9.063078e-01 4.226183e-01 0.000000e+00
    outer loop
      vertex   -6.720441e+01 -2.674640e+01 1.256376e+01
      vertex   -6.684197e+01 -2.752366e+01 1.413060e+00
      vertex   -6.720441e+01 -2.674640e+01 1.413060e+00
    endloop
  endfacet
  facet normal 9.659258e-01 2.588190e-01 0.000000e+00
    outer loop
      vertex   -6.720441e+01 -2.674640e+01 1.256376e+01
      vertex   -6.720441e+01 -2.674640e+01 1.413060e+00
      vertex   -6.742638e+01 -2.591801e+01 1.256376e+01
    endloop
  endfacet
  facet normal 9.659258e-01 2.588190e-01 0.000000e+00
    outer loop
      vertex   -6.742638e+01 -2.591801e+01 1.256376e+01
      vertex   -6.720441e+01 -2.674640e+01 1.413060e+00
      vertex   -6.742638e+01 -2.591801e+01 1.413060e+00
    endloop
  endfacet
  facet normal 0.000000e+00 1.000000e+00 -1.593045e-16
    outer loop
      vertex   -6.258113e+01 -2.998366e+01 2.371446e+01
      vertex   -6.056803e+01 -2.998366e+01 2.371446e+01
      vertex   -6.258113e+01 -2.998366e+01 1.413060e+00
    endloop
  endfacet
  facet normal 0.000000e+00 1.000000e+00 -1.593045e-16
    outer loop
      vertex   -6.258113e+01 -2.998366e+01 1.413060e+00
      vertex   -6.056803e+01 -2.998366e+01 2.371446e+01
      vertex   -6.056803e+01 -2.998366e+01 1.413060e+00
    endloop
  endfacet
  facet normal -1.510544e-02 9.998859e-01 0.000000e+00
    outer loop
      vertex   -6.262061e+01 4.251278e+01 1.641306e+01
      vertex   -6.284384e+01 4.250941e+01 1.641306e+01
      vertex   -6.262061e+01 4.251278e+01 2.621101e+01
    endloop
  endfacet
  facet normal -4.530252e-02 9.989731e-01 6.883131e-04
    outer loop
      vertex   -6.262061e+01 4.251278e+01 2.621101e+01
      vertex   -6.284384e+01 4.250941e+01 1.641306e+01
      vertex   -6.306687e+01 4.249930e+01 1.641306e+01
    endloop
  endfacet
  facet normal -4.529897e-02 9.989732e-01 6.881515e-04
    outer loop
      vertex   -6.262061e+01 4.251278e+01 2.621101e+01
      vertex   -6.306687e+01 4.249930e+01 1.641306e+01
      vertex   -6.328949e+01 4.248245e+01 2.621446e+01
    endloop
  endfacet
  facet normal -7.545827e-02 9.971490e-01 0.000000e+00
    outer loop
      vertex   -6.328949e+01 4.248245e+01 2.621446e+01
      vertex   -6.306687e+01 4.249930e+01 1.641306e+01
      vertex   -6.328949e+01 4.248245e+01 1.641306e+01
    endloop
  endfacet
  facet normal -1.363944e-01 9.906546e-01 0.000000e+00
    outer loop
      vertex   -6.328949e+01 4.248245e+01 2.621446e+01
      vertex   -6.328949e+01 4.248245e+01 1.641306e+01
      vertex   -6.396548e+01 4.238938e+01 2.624700e+01
    endloop
  endfacet
  facet normal -1.363944e-01 9.906546e-01 0.000000e+00
    outer loop
      vertex   -6.396548e+01 4.238938e+01 2.624700e+01
      vertex   -6.328949e+01 4.248245e+01 1.641306e+01
      vertex   -6.396548e+01 4.238938e+01 1.548306e+01
    endloop
  endfacet
  facet normal -2.092705e-01 9.778578e-01 0.000000e+00
    outer loop
      vertex   -6.396548e+01 4.238938e+01 2.624700e+01
      vertex   -6.396548e+01 4.238938e+01 1.548306e+01
      vertex   -6.436755e+01 4.230333e+01 2.624700e+01
    endloop
  endfacet
  facet normal -2.092705e-01 9.778578e-01 0.000000e+00
    outer loop
      vertex   -6.436755e+01 4.230333e+01 2.624700e+01
      vertex   -6.396548e+01 4.238938e+01 1.548306e+01
      vertex   -6.436755e+01 4.230333e+01 1.548306e+01
    endloop
  endfacet
  facet normal -2.542124e-01 9.671484e-01 0.000000e+00
    outer loop
      vertex   -6.436755e+01 4.230333e+01 2.624700e+01
      vertex   -6.436755e+01 4.230333e+01 1.548306e+01
      vertex   -6.463029e+01 4.223427e+01 2.624700e+01
    endloop
  endfacet
  facet normal -2.542124e-01 9.671484e-01 0.000000e+00
    outer loop
      vertex   -6.463029e+01 4.223427e+01 2.624700e+01
      vertex   -6.436755e+01 4.230333e+01 1.548306e+01
      vertex   -6.463029e+01 4.223427e+01 1.548306e+01
    endloop
  endfacet
  facet normal -3.161197e-01 9.487193e-01 0.000000e+00
    outer loop
      vertex   -6.463029e+01 4.223427e+01 2.624700e+01
      vertex   -6.463029e+01 4.223427e+01 1.548306e+01
      vertex   -6.527819e+01 4.201839e+01 1.548306e+01
    endloop
  endfacet
  facet normal -1.363944e-01 9.906546e-01 0.000000e+00
    outer loop
      vertex   -6.328949e+01 4.248245e+01 1.641306e+01
      vertex   -6.328949e+01 4.248245e+01 1.548306e+01
      vertex   -6.396548e+01 4.238938e+01 1.548306e+01
    endloop
  endfacet
  facet normal -3.683778e-01 9.296762e-01 0.000000e+00
    outer loop
      vertex   -6.540741e+01 4.196718e+01 1.548306e+01
      vertex   -6.540741e+01 4.196718e+01 2.624700e+01
      vertex   -6.527819e+01 4.201839e+01 1.548306e+01
    endloop
  endfacet
  facet normal -3.683778e-01 9.296762e-01 0.000000e+00
    outer loop
      vertex   -6.527819e+01 4.201839e+01 1.548306e+01
      vertex   -6.540741e+01 4.196718e+01 2.624700e+01
      vertex   -6.527819e+01 4.201839e+01 2.624700e+01
    endloop
  endfacet
  facet normal -3.161197e-01 9.487193e-01 0.000000e+00
    outer loop
      vertex   -6.527819e+01 4.201839e+01 1.548306e+01
      vertex   -6.527819e+01 4.201839e+01 2.624700e+01
      vertex   -6.463029e+01 4.223427e+01 2.624700e+01
    endloop
  endfacet
  facet normal -4.109551e-01 9.116556e-01 0.000000e+00
    outer loop
      vertex   -6.540741e+01 4.196718e+01 2.624700e+01
      vertex   -6.540741e+01 4.196718e+01 1.548306e+01
      vertex   -6.590360e+01 4.174351e+01 2.624700e+01
    endloop
  endfacet
  facet normal -4.109551e-01 9.116556e-01 0.000000e+00
    outer loop
      vertex   -6.590360e+01 4.174351e+01 2.624700e+01
      vertex   -6.540741e+01 4.196718e+01 1.548306e+01
      vertex   -6.590360e+01 4.174351e+01 1.548306e+01
    endloop
  endfacet
  facet normal -4.772385e-01 8.787738e-01 0.000000e+00
    outer loop
      vertex   -6.590360e+01 4.174351e+01 2.624700e+01
      vertex   -6.590360e+01 4.174351e+01 1.548306e+01
      vertex   -6.638632e+01 4.148136e+01 1.548306e+01
    endloop
  endfacet
  facet normal -4.772385e-01 8.787738e-01 0.000000e+00
    outer loop
      vertex   -6.590360e+01 4.174351e+01 2.624700e+01
      vertex   -6.638632e+01 4.148136e+01 1.548306e+01
      vertex   -6.638632e+01 4.148136e+01 2.624700e+01
    endloop
  endfacet
  facet normal -5.563813e-01 8.309271e-01 0.000000e+00
    outer loop
      vertex   -6.638632e+01 4.148136e+01 2.624700e+01
      vertex   -6.638632e+01 4.148136e+01 1.548306e+01
      vertex   -6.706562e+01 4.102651e+01 1.548306e+01
    endloop
  endfacet
  facet normal -5.563813e-01 8.309271e-01 0.000000e+00
    outer loop
      vertex   -6.638632e+01 4.148136e+01 2.624700e+01
      vertex   -6.706562e+01 4.102651e+01 1.548306e+01
      vertex   -6.706562e+01 4.102651e+01 2.624700e+01
    endloop
  endfacet
  facet normal -6.162974e-01 7.875135e-01 0.000000e+00
    outer loop
      vertex   -6.706562e+01 4.102651e+01 2.624700e+01
      vertex   -6.706562e+01 4.102651e+01 1.548306e+01
      vertex   -6.728289e+01 4.085648e+01 2.624700e+01
    endloop
  endfacet
  facet normal -6.162974e-01 7.875135e-01 0.000000e+00
    outer loop
      vertex   -6.728289e+01 4.085648e+01 2.624700e+01
      vertex   -6.706562e+01 4.102651e+01 1.548306e+01
      vertex   -6.728289e+01 4.085648e+01 1.548306e+01
    endloop
  endfacet
  facet normal -6.520647e-01 7.581633e-01 0.000000e+00
    outer loop
      vertex   -6.728289e+01 4.085648e+01 2.624700e+01
      vertex   -6.728289e+01 4.085648e+01 1.548306e+01
      vertex   -6.759217e+01 4.059047e+01 2.624700e+01
    endloop
  endfacet
  facet normal -6.520647e-01 7.581633e-01 0.000000e+00
    outer loop
      vertex   -6.759217e+01 4.059047e+01 2.624700e+01
      vertex   -6.728289e+01 4.085648e+01 1.548306e+01
      vertex   -6.759217e+01 4.059047e+01 1.548306e+01
    endloop
  endfacet
  facet normal -7.063388e-01 7.078740e-01 0.000000e+00
    outer loop
      vertex   -6.759217e+01 4.059047e+01 2.624700e+01
      vertex   -6.759217e+01 4.059047e+01 1.548306e+01
      vertex   -6.807749e+01 4.010621e+01 1.548306e+01
    endloop
  endfacet
  facet normal -7.687436e-01 6.395570e-01 0.000000e+00
    outer loop
      vertex   -6.851365e+01 3.958194e+01 1.548306e+01
      vertex   -6.851365e+01 3.958194e+01 2.624700e+01
      vertex   -6.807749e+01 4.010621e+01 1.548306e+01
    endloop
  endfacet
  facet normal -7.687436e-01 6.395570e-01 0.000000e+00
    outer loop
      vertex   -6.807749e+01 4.010621e+01 1.548306e+01
      vertex   -6.851365e+01 3.958194e+01 2.624700e+01
      vertex   -6.807749e+01 4.010621e+01 2.624700e+01
    endloop
  endfacet
  facet normal -7.063388e-01 7.078740e-01 0.000000e+00
    outer loop
      vertex   -6.807749e+01 4.010621e+01 1.548306e+01
      vertex   -6.807749e+01 4.010621e+01 2.624700e+01
      vertex   -6.759217e+01 4.059047e+01 2.624700e+01
    endloop
  endfacet
  facet normal -8.139285e-01 5.809651e-01 0.000000e+00
    outer loop
      vertex   -6.851365e+01 3.958194e+01 1.548306e+01
      vertex   -6.875276e+01 3.924696e+01 1.548306e+01
      vertex   -6.851365e+01 3.958194e+01 2.624700e+01
    endloop
  endfacet
  facet normal -8.139285e-01 5.809651e-01 0.000000e+00
    outer loop
      vertex   -6.851365e+01 3.958194e+01 2.624700e+01
      vertex   -6.875276e+01 3.924696e+01 1.548306e+01
      vertex   -6.875276e+01 3.924696e+01 2.624700e+01
    endloop
  endfacet
  facet normal -8.687834e-01 4.951922e-01 0.000000e+00
    outer loop
      vertex   -6.875276e+01 3.924696e+01 2.624700e+01
      vertex   -6.875276e+01 3.924696e+01 1.548306e+01
      vertex   -6.929392e+01 3.829752e+01 1.548306e+01
    endloop
  endfacet
  facet normal -8.687834e-01 4.951922e-01 0.000000e+00
    outer loop
      vertex   -6.875276e+01 3.924696e+01 2.624700e+01
      vertex   -6.929392e+01 3.829752e+01 1.548306e+01
      vertex   -6.929392e+01 3.829752e+01 2.624700e+01
    endloop
  endfacet
  facet normal -9.182897e-01 3.959091e-01 0.000000e+00
    outer loop
      vertex   -6.929392e+01 3.829752e+01 2.624700e+01
      vertex   -6.929392e+01 3.829752e+01 1.548306e+01
      vertex   -6.951033e+01 3.779558e+01 2.624700e+01
    endloop
  endfacet
  facet normal -9.182897e-01 3.959091e-01 0.000000e+00
    outer loop
      vertex   -6.951033e+01 3.779558e+01 2.624700e+01
      vertex   -6.929392e+01 3.829752e+01 1.548306e+01
      vertex   -6.951033e+01 3.779558e+01 1.548306e+01
    endloop
  endfacet
  facet normal -9.450497e-01 3.269266e-01 0.000000e+00
    outer loop
      vertex   -6.951033e+01 3.779558e+01 2.624700e+01
      vertex   -6.951033e+01 3.779558e+01 1.548306e+01
      vertex   -6.968915e+01 3.727865e+01 1.548306e+01
    endloop
  endfacet
  facet normal -9.712166e-01 2.381980e-01 0.000000e+00
    outer loop
      vertex   -6.988452e+01 3.648206e+01 1.548306e+01
      vertex   -6.988452e+01 3.648206e+01 2.624700e+01
      vertex   -6.968915e+01 3.727865e+01 1.548306e+01
    endloop
  endfacet
  facet normal -9.712166e-01 2.381980e-01 0.000000e+00
    outer loop
      vertex   -6.968915e+01 3.727865e+01 1.548306e+01
      vertex   -6.988452e+01 3.648206e+01 2.624700e+01
      vertex   -6.968915e+01 3.727865e+01 2.624700e+01
    endloop
  endfacet
  facet normal -9.450497e-01 3.269266e-01 0.000000e+00
    outer loop
      vertex   -6.968915e+01 3.727865e+01 1.548306e+01
      vertex   -6.968915e+01 3.727865e+01 2.624700e+01
      vertex   -6.951033e+01 3.779558e+01 2.624700e+01
    endloop
  endfacet
  facet normal -9.861705e-01 1.657338e-01 0.000000e+00
    outer loop
      vertex   -6.988452e+01 3.648206e+01 1.548306e+01
      vertex   -6.992980e+01 3.621263e+01 1.548306e+01
      vertex   -6.988452e+01 3.648206e+01 2.624700e+01
    endloop
  endfacet
  facet normal -9.861705e-01 1.657338e-01 0.000000e+00
    outer loop
      vertex   -6.988452e+01 3.648206e+01 2.624700e+01
      vertex   -6.992980e+01 3.621263e+01 1.548306e+01
      vertex   -6.992980e+01 3.621263e+01 2.624700e+01
    endloop
  endfacet
  facet normal -9.927790e-01 1.199577e-01 0.000000e+00
    outer loop
      vertex   -6.992980e+01 3.621263e+01 2.624700e+01
      vertex   -6.992980e+01 3.621263e+01 1.548306e+01
      vertex   -6.997903e+01 3.580523e+01 2.624700e+01
    endloop
  endfacet
  facet normal -9.927790e-01 1.199577e-01 0.000000e+00
    outer loop
      vertex   -6.997903e+01 3.580523e+01 2.624700e+01
      vertex   -6.992980e+01 3.621263e+01 1.548306e+01
      vertex   -6.997903e+01 3.580523e+01 1.548306e+01
    endloop
  endfacet
  facet normal -9.989312e-01 4.622280e-02 0.000000e+00
    outer loop
      vertex   -6.997903e+01 3.580523e+01 2.624700e+01
      vertex   -6.997903e+01 3.580523e+01 1.548306e+01
      vertex   -7.001061e+01 3.512278e+01 2.624700e+01
    endloop
  endfacet
  facet normal -9.989312e-01 4.622280e-02 0.000000e+00
    outer loop
      vertex   -7.001061e+01 3.512278e+01 2.624700e+01
      vertex   -6.997903e+01 3.580523e+01 1.548306e+01
      vertex   -7.001061e+01 3.512278e+01 1.548306e+01
    endloop
  endfacet
  facet normal -1.363944e-01 9.906546e-01 0.000000e+00
    outer loop
      vertex   -6.396548e+01 4.238938e+01 2.624700e+01
      vertex   -6.328949e+01 4.248245e+01 2.624700e+01
      vertex   -6.328949e+01 4.248245e+01 2.621446e+01
    endloop
  endfacet
  facet normal -9.936361e-01 -1.126378e-01 0.000000e+00
    outer loop
      vertex   -5.752382e+01 3.285709e+01 -1.165131e+01
      vertex   -5.752382e+01 3.285709e+01 -8.497628e+00
      vertex   -5.754996e+01 3.308765e+01 -1.165131e+01
    endloop
  endfacet
  facet normal -9.936361e-01 -1.126378e-01 -2.537797e-16
    outer loop
      vertex   -5.754996e+01 3.308765e+01 -1.165131e+01
      vertex   -5.752382e+01 3.285709e+01 -8.497628e+00
      vertex   -5.754996e+01 3.308765e+01 -8.497628e+00
    endloop
  endfacet
  facet normal -9.432100e-01 -3.321970e-01 -7.484599e-16
    outer loop
      vertex   -5.754996e+01 3.308765e+01 -1.165131e+01
      vertex   -5.754996e+01 3.308765e+01 -8.497628e+00
      vertex   -5.762704e+01 3.330650e+01 -1.165131e+01
    endloop
  endfacet
  facet normal -9.432100e-01 -3.321970e-01 0.000000e+00
    outer loop
      vertex   -5.762704e+01 3.330650e+01 -1.165131e+01
      vertex   -5.754996e+01 3.308765e+01 -8.497628e+00
      vertex   -5.762704e+01 3.330650e+01 -8.497628e+00
    endloop
  endfacet
  facet normal -8.449169e-01 -5.348976e-01 0.000000e+00
    outer loop
      vertex   -5.762704e+01 3.330650e+01 -1.165131e+01
      vertex   -5.762704e+01 3.330650e+01 -8.497628e+00
      vertex   -5.775115e+01 3.350255e+01 -1.165131e+01
    endloop
  endfacet
  facet normal -8.449169e-01 -5.348976e-01 0.000000e+00
    outer loop
      vertex   -5.775115e+01 3.350255e+01 -1.165131e+01
      vertex   -5.762704e+01 3.330650e+01 -8.497628e+00
      vertex   -5.775115e+01 3.350255e+01 -8.497628e+00
    endloop
  endfacet
  facet normal -7.037450e-01 -7.104527e-01 0.000000e+00
    outer loop
      vertex   -5.775115e+01 3.350255e+01 -1.165131e+01
      vertex   -5.775115e+01 3.350255e+01 -8.497628e+00
      vertex   -5.791600e+01 3.366584e+01 -1.165131e+01
    endloop
  endfacet
  facet normal -7.037450e-01 -7.104527e-01 1.585580e-15
    outer loop
      vertex   -5.791600e+01 3.366584e+01 -1.165131e+01
      vertex   -5.775115e+01 3.350255e+01 -8.497628e+00
      vertex   -5.791600e+01 3.366584e+01 -8.497628e+00
    endloop
  endfacet
  facet normal -6.192427e-01 -7.851997e-01 1.395191e-15
    outer loop
      vertex   -5.791600e+01 3.366584e+01 -1.165131e+01
      vertex   -5.791600e+01 3.366584e+01 -8.497628e+00
      vertex   -6.714661e+01 4.094551e+01 -1.165131e+01
    endloop
  endfacet
  facet normal -6.192427e-01 -7.851997e-01 0.000000e+00
    outer loop
      vertex   -6.714661e+01 4.094551e+01 -1.165131e+01
      vertex   -5.791600e+01 3.366584e+01 -8.497628e+00
      vertex   -6.714661e+01 4.094551e+01 -8.497628e+00
    endloop
  endfacet
  facet normal -6.992434e-01 7.148837e-01 0.000000e+00
    outer loop
      vertex   -5.792186e+01 -2.453261e+01 -1.165131e+01
      vertex   -5.792186e+01 -2.453261e+01 -8.497628e+00
      vertex   -5.775466e+01 -2.436907e+01 -1.165131e+01
    endloop
  endfacet
  facet normal -6.992434e-01 7.148837e-01 0.000000e+00
    outer loop
      vertex   -5.775466e+01 -2.436907e+01 -1.165131e+01
      vertex   -5.792186e+01 -2.453261e+01 -8.497628e+00
      vertex   -5.775466e+01 -2.436907e+01 -8.497628e+00
    endloop
  endfacet
  facet normal -8.424949e-01 5.387043e-01 0.000000e+00
    outer loop
      vertex   -5.775466e+01 -2.436907e+01 -1.165131e+01
      vertex   -5.775466e+01 -2.436907e+01 -8.497628e+00
      vertex   -5.762867e+01 -2.417203e+01 -1.165131e+01
    endloop
  endfacet
  facet normal -8.424949e-01 5.387043e-01 0.000000e+00
    outer loop
      vertex   -5.762867e+01 -2.417203e+01 -1.165131e+01
      vertex   -5.775466e+01 -2.436907e+01 -8.497628e+00
      vertex   -5.762867e+01 -2.417203e+01 -8.497628e+00
    endloop
  endfacet
  facet normal -9.423073e-01 3.347492e-01 0.000000e+00
    outer loop
      vertex   -5.762867e+01 -2.417203e+01 -1.165131e+01
      vertex   -5.762867e+01 -2.417203e+01 -8.497628e+00
      vertex   -5.755038e+01 -2.395164e+01 -1.165131e+01
    endloop
  endfacet
  facet normal -9.423073e-01 3.347492e-01 0.000000e+00
    outer loop
      vertex   -5.755038e+01 -2.395164e+01 -1.165131e+01
      vertex   -5.762867e+01 -2.417203e+01 -8.497628e+00
      vertex   -5.755038e+01 -2.395164e+01 -8.497628e+00
    endloop
  endfacet
  facet normal -9.935341e-01 1.135343e-01 0.000000e+00
    outer loop
      vertex   -5.755038e+01 -2.395164e+01 -1.165131e+01
      vertex   -5.755038e+01 -2.395164e+01 -8.497628e+00
      vertex   -5.752382e+01 -2.371927e+01 -1.165131e+01
    endloop
  endfacet
  facet normal -9.935341e-01 1.135343e-01 0.000000e+00
    outer loop
      vertex   -5.752382e+01 -2.371927e+01 -1.165131e+01
      vertex   -5.755038e+01 -2.395164e+01 -8.497628e+00
      vertex   -5.752382e+01 -2.371927e+01 -8.497628e+00
    endloop
  endfacet
  facet normal -0.000000e+00 -0.000000e+00 -1.000000e+00
    outer loop
      vertex   -5.775115e+01 3.350255e+01 -8.497628e+00
      vertex   -5.752382e+01 3.285709e+01 -8.497628e+00
      vertex   -5.791600e+01 3.366584e+01 -8.497628e+00
    endloop
  endfacet
  facet normal 0.000000e+00 -0.000000e+00 -1.000000e+00
    outer loop
      vertex   -5.791600e+01 3.366584e+01 -8.497628e+00
      vertex   -5.752382e+01 3.285709e+01 -8.497628e+00
      vertex   -5.792186e+01 -2.453261e+01 -8.497628e+00
    endloop
  endfacet
  facet normal -0.000000e+00 0.000000e+00 -1.000000e+00
    outer loop
      vertex   -5.791600e+01 3.366584e+01 -8.497628e+00
      vertex   -5.792186e+01 -2.453261e+01 -8.497628e+00
      vertex   -6.714661e+01 4.094551e+01 -8.497628e+00
    endloop
  endfacet
  facet normal 0.000000e+00 0.000000e+00 -1.000000e+00
    outer loop
      vertex   -6.714661e+01 4.094551e+01 -8.497628e+00
      vertex   -5.792186e+01 -2.453261e+01 -8.497628e+00
      vertex   -6.661793e+01 -3.128946e+01 -8.497628e+00
    endloop
  endfacet
  facet normal 0.000000e+00 -0.000000e+00 -1.000000e+00
    outer loop
      vertex   -6.714661e+01 4.094551e+01 -8.497628e+00
      vertex   -6.661793e+01 -3.128946e+01 -8.497628e+00
      vertex   -6.745963e+01 -3.065442e+01 -8.497628e+00
    endloop
  endfacet
  facet normal 0.000000e+00 0.000000e+00 -1.000000e+00
    outer loop
      vertex   -5.775115e+01 3.350255e+01 -8.497628e+00
      vertex   -5.762704e+01 3.330650e+01 -8.497628e+00
      vertex   -5.752382e+01 3.285709e+01 -8.497628e+00
    endloop
  endfacet
  facet normal 0.000000e+00 0.000000e+00 -1.000000e+00
    outer loop
      vertex   -5.752382e+01 3.285709e+01 -8.497628e+00
      vertex   -5.762704e+01 3.330650e+01 -8.497628e+00
      vertex   -5.754996e+01 3.308765e+01 -8.497628e+00
    endloop
  endfacet
  facet normal 0.000000e+00 -0.000000e+00 -1.000000e+00
    outer loop
      vertex   -5.752382e+01 3.285709e+01 -8.497628e+00
      vertex   -5.752382e+01 -2.371927e+01 -8.497628e+00
      vertex   -5.792186e+01 -2.453261e+01 -8.497628e+00
    endloop
  endfacet
  facet normal 0.000000e+00 0.000000e+00 -1.000000e+00
    outer loop
      vertex   -5.792186e+01 -2.453261e+01 -8.497628e+00
      vertex   -5.752382e+01 -2.371927e+01 -8.497628e+00
      vertex   -5.775466e+01 -2.436907e+01 -8.497628e+00
    endloop
  endfacet
  facet normal 0.000000e+00 0.000000e+00 -1.000000e+00
    outer loop
      vertex   -5.775466e+01 -2.436907e+01 -8.497628e+00
      vertex   -5.752382e+01 -2.371927e+01 -8.497628e+00
      vertex   -5.762867e+01 -2.417203e+01 -8.497628e+00
    endloop
  endfacet
  facet normal 0.000000e+00 0.000000e+00 -1.000000e+00
    outer loop
      vertex   -5.762867e+01 -2.417203e+01 -8.497628e+00
      vertex   -5.752382e+01 -2.371927e+01 -8.497628e+00
      vertex   -5.755038e+01 -2.395164e+01 -8.497628e+00
    endloop
  endfacet
  facet normal 0.000000e+00 0.000000e+00 -1.000000e+00
    outer loop
      vertex   -6.820282e+01 -2.990649e+01 -8.497628e+00
      vertex   -7.000113e+01 -2.506366e+01 -8.497628e+00
      vertex   -6.745963e+01 -3.065442e+01 -8.497628e+00
    endloop
  endfacet
  facet normal 0.000000e+00 0.000000e+00 -1.000000e+00
    outer loop
      vertex   -6.745963e+01 -3.065442e+01 -8.497628e+00
      vertex   -7.000113e+01 -2.506366e+01 -8.497628e+00
      vertex   -7.000113e+01 3.509634e+01 -8.497628e+00
    endloop
  endfacet
  facet normal 0.000000e+00 0.000000e+00 -1.000000e+00
    outer loop
      vertex   -6.745963e+01 -3.065442e+01 -8.497628e+00
      vertex   -7.000113e+01 3.509634e+01 -8.497628e+00
      vertex   -6.797626e+01 4.019035e+01 -8.497628e+00
    endloop
  endfacet
  facet normal 0.000000e+00 0.000000e+00 -1.000000e+00
    outer loop
      vertex   -6.797626e+01 4.019035e+01 -8.497628e+00
      vertex   -7.000113e+01 3.509634e+01 -8.497628e+00
      vertex   -6.868258e+01 3.931874e+01 -8.497628e+00
    endloop
  endfacet
  facet normal 0.000000e+00 0.000000e+00 -1.000000e+00
    outer loop
      vertex   -6.868258e+01 3.931874e+01 -8.497628e+00
      vertex   -7.000113e+01 3.509634e+01 -8.497628e+00
      vertex   -6.924942e+01 3.835061e+01 -8.497628e+00
    endloop
  endfacet
  facet normal 0.000000e+00 0.000000e+00 -1.000000e+00
    outer loop
      vertex   -6.924942e+01 3.835061e+01 -8.497628e+00
      vertex   -7.000113e+01 3.509634e+01 -8.497628e+00
      vertex   -6.966382e+01 3.730808e+01 -8.497628e+00
    endloop
  endfacet
  facet normal 0.000000e+00 0.000000e+00 -1.000000e+00
    outer loop
      vertex   -6.966382e+01 3.730808e+01 -8.497628e+00
      vertex   -7.000113e+01 3.509634e+01 -8.497628e+00
      vertex   -6.991632e+01 3.621500e+01 -8.497628e+00
    endloop
  endfacet
  facet normal 0.000000e+00 0.000000e+00 -1.000000e+00
    outer loop
      vertex   -6.820282e+01 -2.990649e+01 -8.497628e+00
      vertex   -6.883249e+01 -2.906076e+01 -8.497628e+00
      vertex   -7.000113e+01 -2.506366e+01 -8.497628e+00
    endloop
  endfacet
  facet normal 0.000000e+00 0.000000e+00 -1.000000e+00
    outer loop
      vertex   -7.000113e+01 -2.506366e+01 -8.497628e+00
      vertex   -6.883249e+01 -2.906076e+01 -8.497628e+00
      vertex   -6.933594e+01 -2.813432e+01 -8.497628e+00
    endloop
  endfacet
  facet normal 0.000000e+00 0.000000e+00 -1.000000e+00
    outer loop
      vertex   -7.000113e+01 -2.506366e+01 -8.497628e+00
      vertex   -6.933594e+01 -2.813432e+01 -8.497628e+00
      vertex   -6.970298e+01 -2.714588e+01 -8.497628e+00
    endloop
  endfacet
  facet normal 0.000000e+00 0.000000e+00 -1.000000e+00
    outer loop
      vertex   -6.970298e+01 -2.714588e+01 -8.497628e+00
      vertex   -6.992621e+01 -2.611539e+01 -8.497628e+00
      vertex   -7.000113e+01 -2.506366e+01 -8.497628e+00
    endloop
  endfacet
  facet normal 0.000000e+00 0.000000e+00 -1.000000e+00
    outer loop
      vertex   -6.797626e+01 4.019035e+01 -8.497628e+00
      vertex   -6.714661e+01 4.094551e+01 -8.497628e+00
      vertex   -6.745963e+01 -3.065442e+01 -8.497628e+00
    endloop
  endfacet
  facet normal -6.135582e-01 7.896495e-01 0.000000e+00
    outer loop
      vertex   -5.792186e+01 -2.453261e+01 -8.497628e+00
      vertex   -5.792186e+01 -2.453261e+01 -1.165131e+01
      vertex   -6.661793e+01 -3.128946e+01 -8.497628e+00
    endloop
  endfacet
  facet normal -6.135582e-01 7.896495e-01 0.000000e+00
    outer loop
      vertex   -6.661793e+01 -3.128946e+01 -8.497628e+00
      vertex   -5.792186e+01 -2.453261e+01 -1.165131e+01
      vertex   -6.661793e+01 -3.128946e+01 -1.165131e+01
    endloop
  endfacet
  facet normal -1.000000e+00 -0.000000e+00 -0.000000e+00
    outer loop
      vertex   -5.752382e+01 3.285709e+01 -8.497628e+00
      vertex   -5.752382e+01 3.285709e+01 -1.165131e+01
      vertex   -5.752382e+01 -2.371927e+01 -8.497628e+00
    endloop
  endfacet
  facet normal -1.000000e+00 0.000000e+00 0.000000e+00
    outer loop
      vertex   -5.752382e+01 -2.371927e+01 -8.497628e+00
      vertex   -5.752382e+01 3.285709e+01 -1.165131e+01
      vertex   -5.752382e+01 -2.371927e+01 -1.165131e+01
    endloop
  endfacet
  facet normal 0.000000e+00 0.000000e+00 -1.000000e+00
    outer loop
      vertex   -6.661793e+01 -3.128946e+01 -1.165131e+01
      vertex   -5.792186e+01 -2.453261e+01 -1.165131e+01
      vertex   -6.568399e+01 -3.180374e+01 -1.165131e+01
    endloop
  endfacet
  facet normal 0.000000e+00 0.000000e+00 -1.000000e+00
    outer loop
      vertex   -6.568399e+01 -3.180374e+01 -1.165131e+01
      vertex   -5.792186e+01 -2.453261e+01 -1.165131e+01
      vertex   -6.468599e+01 -3.217885e+01 -1.165131e+01
    endloop
  endfacet
  facet normal 0.000000e+00 0.000000e+00 -1.000000e+00
    outer loop
      vertex   -6.468599e+01 -3.217885e+01 -1.165131e+01
      vertex   -5.792186e+01 -2.453261e+01 -1.165131e+01
      vertex   -6.364454e+01 -3.240706e+01 -1.165131e+01
    endloop
  endfacet
  facet normal 0.000000e+00 0.000000e+00 -1.000000e+00
    outer loop
      vertex   -6.364454e+01 -3.240706e+01 -1.165131e+01
      vertex   -5.792186e+01 -2.453261e+01 -1.165131e+01
      vertex   -6.258113e+01 -3.248366e+01 -1.165131e+01
    endloop
  endfacet
  facet normal 0.000000e+00 0.000000e+00 -1.000000e+00
    outer loop
      vertex   -6.258113e+01 -3.248366e+01 -1.165131e+01
      vertex   -5.792186e+01 -2.453261e+01 -1.165131e+01
      vertex   -5.775466e+01 -2.436907e+01 -1.165131e+01
    endloop
  endfacet
  facet normal 0.000000e+00 0.000000e+00 -1.000000e+00
    outer loop
      vertex   -6.258113e+01 -3.248366e+01 -1.165131e+01
      vertex   -5.775466e+01 -2.436907e+01 -1.165131e+01
      vertex   3.959887e+01 -3.248366e+01 -1.165131e+01
    endloop
  endfacet
  facet normal 0.000000e+00 0.000000e+00 -1.000000e+00
    outer loop
      vertex   3.959887e+01 -3.248366e+01 -1.165131e+01
      vertex   -5.775466e+01 -2.436907e+01 -1.165131e+01
      vertex   -5.762867e+01 -2.417203e+01 -1.165131e+01
    endloop
  endfacet
  facet normal 0.000000e+00 0.000000e+00 -1.000000e+00
    outer loop
      vertex   3.959887e+01 -3.248366e+01 -1.165131e+01
      vertex   -5.762867e+01 -2.417203e+01 -1.165131e+01
      vertex   -5.755038e+01 -2.395164e+01 -1.165131e+01
    endloop
  endfacet
  facet normal 0.000000e+00 0.000000e+00 -1.000000e+00
    outer loop
      vertex   -5.755038e+01 -2.395164e+01 -1.165131e+01
      vertex   -5.752382e+01 -2.371927e+01 -1.165131e+01
      vertex   3.959887e+01 -3.248366e+01 -1.165131e+01
    endloop
  endfacet
  facet normal 0.000000e+00 0.000000e+00 -1.000000e+00
    outer loop
      vertex   3.959887e+01 -3.248366e+01 -1.165131e+01
      vertex   -5.752382e+01 -2.371927e+01 -1.165131e+01
      vertex   4.701887e+01 -2.506366e+01 -1.165131e+01
    endloop
  endfacet
  facet normal 0.000000e+00 0.000000e+00 -1.000000e+00
    outer loop
      vertex   3.959887e+01 -3.248366e+01 -1.165131e+01
      vertex   4.701887e+01 -2.506366e+01 -1.165131e+01
      vertex   4.694335e+01 -2.611964e+01 -1.165131e+01
    endloop
  endfacet
  facet normal 0.000000e+00 0.000000e+00 -1.000000e+00
    outer loop
      vertex   -5.752382e+01 -2.371927e+01 -1.165131e+01
      vertex   -5.752382e+01 3.285709e+01 -1.165131e+01
      vertex   4.701887e+01 -2.506366e+01 -1.165131e+01
    endloop
  endfacet
  facet normal 0.000000e+00 0.000000e+00 -1.000000e+00
    outer loop
      vertex   4.701887e+01 -2.506366e+01 -1.165131e+01
      vertex   -5.752382e+01 3.285709e+01 -1.165131e+01
      vertex   4.701887e+01 3.509634e+01 -1.165131e+01
    endloop
  endfacet
  facet normal -0.000000e+00 0.000000e+00 -1.000000e+00
    outer loop
      vertex   4.701887e+01 3.509634e+01 -1.165131e+01
      vertex   -5.752382e+01 3.285709e+01 -1.165131e+01
      vertex   3.959887e+01 4.251634e+01 -1.165131e+01
    endloop
  endfacet
  facet normal 0.000000e+00 0.000000e+00 -1.000000e+00
    outer loop
      vertex   4.701887e+01 3.509634e+01 -1.165131e+01
      vertex   3.959887e+01 4.251634e+01 -1.165131e+01
      vertex   4.694335e+01 3.615232e+01 -1.165131e+01
    endloop
  endfacet
  facet normal 0.000000e+00 0.000000e+00 -1.000000e+00
    outer loop
      vertex   4.694335e+01 3.615232e+01 -1.165131e+01
      vertex   3.959887e+01 4.251634e+01 -1.165131e+01
      vertex   4.671831e+01 3.718680e+01 -1.165131e+01
    endloop
  endfacet
  facet normal 0.000000e+00 0.000000e+00 -1.000000e+00
    outer loop
      vertex   4.671831e+01 3.718680e+01 -1.165131e+01
      vertex   3.959887e+01 4.251634e+01 -1.165131e+01
      vertex   4.634834e+01 3.817872e+01 -1.165131e+01
    endloop
  endfacet
  facet normal 0.000000e+00 0.000000e+00 -1.000000e+00
    outer loop
      vertex   4.634834e+01 3.817872e+01 -1.165131e+01
      vertex   3.959887e+01 4.251634e+01 -1.165131e+01
      vertex   4.584097e+01 3.910789e+01 -1.165131e+01
    endloop
  endfacet
  facet normal 0.000000e+00 0.000000e+00 -1.000000e+00
    outer loop
      vertex   4.584097e+01 3.910789e+01 -1.165131e+01
      vertex   3.959887e+01 4.251634e+01 -1.165131e+01
      vertex   4.520654e+01 3.995541e+01 -1.165131e+01
    endloop
  endfacet
  facet normal 0.000000e+00 0.000000e+00 -1.000000e+00
    outer loop
      vertex   4.520654e+01 3.995541e+01 -1.165131e+01
      vertex   3.959887e+01 4.251634e+01 -1.165131e+01
      vertex   4.445794e+01 4.070400e+01 -1.165131e+01
    endloop
  endfacet
  facet normal 0.000000e+00 0.000000e+00 -1.000000e+00
    outer loop
      vertex   4.445794e+01 4.070400e+01 -1.165131e+01
      vertex   3.959887e+01 4.251634e+01 -1.165131e+01
      vertex   4.361043e+01 4.133844e+01 -1.165131e+01
    endloop
  endfacet
  facet normal 0.000000e+00 0.000000e+00 -1.000000e+00
    outer loop
      vertex   4.361043e+01 4.133844e+01 -1.165131e+01
      vertex   3.959887e+01 4.251634e+01 -1.165131e+01
      vertex   4.268125e+01 4.184581e+01 -1.165131e+01
    endloop
  endfacet
  facet normal 0.000000e+00 0.000000e+00 -1.000000e+00
    outer loop
      vertex   4.268125e+01 4.184581e+01 -1.165131e+01
      vertex   3.959887e+01 4.251634e+01 -1.165131e+01
      vertex   4.168933e+01 4.221578e+01 -1.165131e+01
    endloop
  endfacet
  facet normal 0.000000e+00 0.000000e+00 -1.000000e+00
    outer loop
      vertex   4.168933e+01 4.221578e+01 -1.165131e+01
      vertex   3.959887e+01 4.251634e+01 -1.165131e+01
      vertex   4.065485e+01 4.244081e+01 -1.165131e+01
    endloop
  endfacet
  facet normal 0.000000e+00 0.000000e+00 -1.000000e+00
    outer loop
      vertex   -5.752382e+01 3.285709e+01 -1.165131e+01
      vertex   -5.754996e+01 3.308765e+01 -1.165131e+01
      vertex   3.959887e+01 4.251634e+01 -1.165131e+01
    endloop
  endfacet
  facet normal 0.000000e+00 0.000000e+00 -1.000000e+00
    outer loop
      vertex   3.959887e+01 4.251634e+01 -1.165131e+01
      vertex   -5.754996e+01 3.308765e+01 -1.165131e+01
      vertex   -5.762704e+01 3.330650e+01 -1.165131e+01
    endloop
  endfacet
  facet normal 0.000000e+00 0.000000e+00 -1.000000e+00
    outer loop
      vertex   3.959887e+01 4.251634e+01 -1.165131e+01
      vertex   -5.762704e+01 3.330650e+01 -1.165131e+01
      vertex   -5.775115e+01 3.350255e+01 -1.165131e+01
    endloop
  endfacet
  facet normal -0.000000e+00 0.000000e+00 -1.000000e+00
    outer loop
      vertex   3.959887e+01 4.251634e+01 -1.165131e+01
      vertex   -5.775115e+01 3.350255e+01 -1.165131e+01
      vertex   -6.258113e+01 4.251634e+01 -1.165131e+01
    endloop
  endfacet
  facet normal 0.000000e+00 0.000000e+00 -1.000000e+00
    outer loop
      vertex   -6.258113e+01 4.251634e+01 -1.165131e+01
      vertex   -5.775115e+01 3.350255e+01 -1.165131e+01
      vertex   -5.791600e+01 3.366584e+01 -1.165131e+01
    endloop
  endfacet
  facet normal 0.000000e+00 -0.000000e+00 -1.000000e+00
    outer loop
      vertex   -6.258113e+01 4.251634e+01 -1.165131e+01
      vertex   -5.791600e+01 3.366584e+01 -1.165131e+01
      vertex   -6.356178e+01 4.245125e+01 -1.165131e+01
    endloop
  endfacet
  facet normal 0.000000e+00 -0.000000e+00 -1.000000e+00
    outer loop
      vertex   -6.356178e+01 4.245125e+01 -1.165131e+01
      vertex   -5.791600e+01 3.366584e+01 -1.165131e+01
      vertex   -6.452524e+01 4.225712e+01 -1.165131e+01
    endloop
  endfacet
  facet normal 0.000000e+00 -0.000000e+00 -1.000000e+00
    outer loop
      vertex   -6.452524e+01 4.225712e+01 -1.165131e+01
      vertex   -5.791600e+01 3.366584e+01 -1.165131e+01
      vertex   -6.545458e+01 4.193737e+01 -1.165131e+01
    endloop
  endfacet
  facet normal 0.000000e+00 -0.000000e+00 -1.000000e+00
    outer loop
      vertex   -6.545458e+01 4.193737e+01 -1.165131e+01
      vertex   -5.791600e+01 3.366584e+01 -1.165131e+01
      vertex   -6.633351e+01 4.149759e+01 -1.165131e+01
    endloop
  endfacet
  facet normal 0.000000e+00 -0.000000e+00 -1.000000e+00
    outer loop
      vertex   -6.633351e+01 4.149759e+01 -1.165131e+01
      vertex   -5.791600e+01 3.366584e+01 -1.165131e+01
      vertex   -6.714661e+01 4.094551e+01 -1.165131e+01
    endloop
  endfacet
  facet normal 0.000000e+00 0.000000e+00 -1.000000e+00
    outer loop
      vertex   4.694335e+01 -2.611964e+01 -1.165131e+01
      vertex   4.671831e+01 -2.715412e+01 -1.165131e+01
      vertex   3.959887e+01 -3.248366e+01 -1.165131e+01
    endloop
  endfacet
  facet normal 0.000000e+00 0.000000e+00 -1.000000e+00
    outer loop
      vertex   3.959887e+01 -3.248366e+01 -1.165131e+01
      vertex   4.671831e+01 -2.715412e+01 -1.165131e+01
      vertex   4.634834e+01 -2.814604e+01 -1.165131e+01
    endloop
  endfacet
  facet normal 0.000000e+00 0.000000e+00 -1.000000e+00
    outer loop
      vertex   3.959887e+01 -3.248366e+01 -1.165131e+01
      vertex   4.634834e+01 -2.814604e+01 -1.165131e+01
      vertex   4.584097e+01 -2.907522e+01 -1.165131e+01
    endloop
  endfacet
  facet normal 0.000000e+00 0.000000e+00 -1.000000e+00
    outer loop
      vertex   4.584097e+01 -2.907522e+01 -1.165131e+01
      vertex   4.520654e+01 -2.992273e+01 -1.165131e+01
      vertex   3.959887e+01 -3.248366e+01 -1.165131e+01
    endloop
  endfacet
  facet normal 0.000000e+00 0.000000e+00 -1.000000e+00
    outer loop
      vertex   3.959887e+01 -3.248366e+01 -1.165131e+01
      vertex   4.520654e+01 -2.992273e+01 -1.165131e+01
      vertex   4.445794e+01 -3.067132e+01 -1.165131e+01
    endloop
  endfacet
  facet normal 0.000000e+00 0.000000e+00 -1.000000e+00
    outer loop
      vertex   3.959887e+01 -3.248366e+01 -1.165131e+01
      vertex   4.445794e+01 -3.067132e+01 -1.165131e+01
      vertex   4.361043e+01 -3.130576e+01 -1.165131e+01
    endloop
  endfacet
  facet normal 0.000000e+00 0.000000e+00 -1.000000e+00
    outer loop
      vertex   4.361043e+01 -3.130576e+01 -1.165131e+01
      vertex   4.268125e+01 -3.181313e+01 -1.165131e+01
      vertex   3.959887e+01 -3.248366e+01 -1.165131e+01
    endloop
  endfacet
  facet normal 0.000000e+00 0.000000e+00 -1.000000e+00
    outer loop
      vertex   3.959887e+01 -3.248366e+01 -1.165131e+01
      vertex   4.268125e+01 -3.181313e+01 -1.165131e+01
      vertex   4.168933e+01 -3.218310e+01 -1.165131e+01
    endloop
  endfacet
  facet normal 0.000000e+00 0.000000e+00 -1.000000e+00
    outer loop
      vertex   3.959887e+01 -3.248366e+01 -1.165131e+01
      vertex   4.168933e+01 -3.218310e+01 -1.165131e+01
      vertex   4.065485e+01 -3.240814e+01 -1.165131e+01
    endloop
  endfacet
  facet normal -1.000000e+00 0.000000e+00 0.000000e+00
    outer loop
      vertex   4.451887e+01 -2.506366e+01 1.548306e+01
      vertex   4.451887e+01 -2.506366e+01 2.371446e+01
      vertex   4.451887e+01 2.806703e+01 1.548306e+01
    endloop
  endfacet
  facet normal -1.000000e+00 0.000000e+00 0.000000e+00
    outer loop
      vertex   4.451887e+01 2.806703e+01 1.548306e+01
      vertex   4.451887e+01 -2.506366e+01 2.371446e+01
      vertex   4.451887e+01 3.509634e+01 2.371446e+01
    endloop
  endfacet
  facet normal -1.000000e+00 0.000000e+00 0.000000e+00
    outer loop
      vertex   4.451887e+01 2.806703e+01 1.548306e+01
      vertex   4.451887e+01 3.509634e+01 2.371446e+01
      vertex   4.451887e+01 3.509634e+01 1.413060e+00
    endloop
  endfacet
  facet normal -1.000000e+00 0.000000e+00 0.000000e+00
    outer loop
      vertex   4.451887e+01 3.509634e+01 1.413060e+00
      vertex   4.451887e+01 2.806703e+01 1.413060e+00
      vertex   4.451887e+01 2.806703e+01 1.548306e+01
    endloop
  endfacet
  facet normal 1.745362e-15 1.000000e+00 -0.000000e+00
    outer loop
      vertex   3.959887e+01 -2.998366e+01 1.548306e+01
      vertex   3.756336e+01 -2.998366e+01 1.548306e+01
      vertex   3.959887e+01 -2.998366e+01 2.371446e+01
    endloop
  endfacet
  facet normal 1.745362e-15 1.000000e+00 0.000000e+00
    outer loop
      vertex   3.959887e+01 -2.998366e+01 2.371446e+01
      vertex   3.756336e+01 -2.998366e+01 1.548306e+01
      vertex   3.756336e+01 -2.998366e+01 2.371446e+01
    endloop
  endfacet
  facet normal -9.961947e-01 8.715574e-02 0.000000e+00
    outer loop
      vertex   4.451887e+01 -2.506366e+01 2.371446e+01
      vertex   4.451887e+01 -2.506366e+01 1.548306e+01
      vertex   4.444413e+01 -2.591801e+01 2.371446e+01
    endloop
  endfacet
  facet normal -9.961947e-01 8.715574e-02 0.000000e+00
    outer loop
      vertex   4.444413e+01 -2.591801e+01 2.371446e+01
      vertex   4.451887e+01 -2.506366e+01 1.548306e+01
      vertex   4.444413e+01 -2.591801e+01 1.548306e+01
    endloop
  endfacet
  facet normal -9.659258e-01 2.588190e-01 0.000000e+00
    outer loop
      vertex   4.444413e+01 -2.591801e+01 2.371446e+01
      vertex   4.444413e+01 -2.591801e+01 1.548306e+01
      vertex   4.422216e+01 -2.674640e+01 2.371446e+01
    endloop
  endfacet
  facet normal -9.659258e-01 2.588190e-01 0.000000e+00
    outer loop
      vertex   4.422216e+01 -2.674640e+01 2.371446e+01
      vertex   4.444413e+01 -2.591801e+01 1.548306e+01
      vertex   4.422216e+01 -2.674640e+01 1.548306e+01
    endloop
  endfacet
  facet normal -9.063078e-01 4.226183e-01 0.000000e+00
    outer loop
      vertex   4.422216e+01 -2.674640e+01 2.371446e+01
      vertex   4.422216e+01 -2.674640e+01 1.548306e+01
      vertex   4.385972e+01 -2.752366e+01 2.371446e+01
    endloop
  endfacet
  facet normal -9.063078e-01 4.226183e-01 0.000000e+00
    outer loop
      vertex   4.385972e+01 -2.752366e+01 2.371446e+01
      vertex   4.422216e+01 -2.674640e+01 1.548306e+01
      vertex   4.385972e+01 -2.752366e+01 1.548306e+01
    endloop
  endfacet
  facet normal -8.191520e-01 5.735764e-01 0.000000e+00
    outer loop
      vertex   4.385972e+01 -2.752366e+01 2.371446e+01
      vertex   4.385972e+01 -2.752366e+01 1.548306e+01
      vertex   4.336781e+01 -2.822618e+01 2.371446e+01
    endloop
  endfacet
  facet normal -8.191520e-01 5.735764e-01 0.000000e+00
    outer loop
      vertex   4.336781e+01 -2.822618e+01 2.371446e+01
      vertex   4.385972e+01 -2.752366e+01 1.548306e+01
      vertex   4.336781e+01 -2.822618e+01 1.548306e+01
    endloop
  endfacet
  facet normal -7.071068e-01 7.071068e-01 0.000000e+00
    outer loop
      vertex   4.336781e+01 -2.822618e+01 2.371446e+01
      vertex   4.336781e+01 -2.822618e+01 1.548306e+01
      vertex   4.276139e+01 -2.883260e+01 2.371446e+01
    endloop
  endfacet
  facet normal -7.071068e-01 7.071068e-01 0.000000e+00
    outer loop
      vertex   4.276139e+01 -2.883260e+01 2.371446e+01
      vertex   4.336781e+01 -2.822618e+01 1.548306e+01
      vertex   4.276139e+01 -2.883260e+01 1.548306e+01
    endloop
  endfacet
  facet normal -5.735764e-01 8.191520e-01 0.000000e+00
    outer loop
      vertex   4.276139e+01 -2.883260e+01 2.371446e+01
      vertex   4.276139e+01 -2.883260e+01 1.548306e+01
      vertex   4.205887e+01 -2.932451e+01 2.371446e+01
    endloop
  endfacet
  facet normal -5.735764e-01 8.191520e-01 0.000000e+00
    outer loop
      vertex   4.205887e+01 -2.932451e+01 2.371446e+01
      vertex   4.276139e+01 -2.883260e+01 1.548306e+01
      vertex   4.205887e+01 -2.932451e+01 1.548306e+01
    endloop
  endfacet
  facet normal -4.226183e-01 9.063078e-01 0.000000e+00
    outer loop
      vertex   4.205887e+01 -2.932451e+01 2.371446e+01
      vertex   4.205887e+01 -2.932451e+01 1.548306e+01
      vertex   4.128161e+01 -2.968695e+01 2.371446e+01
    endloop
  endfacet
  facet normal -4.226183e-01 9.063078e-01 0.000000e+00
    outer loop
      vertex   4.128161e+01 -2.968695e+01 2.371446e+01
      vertex   4.205887e+01 -2.932451e+01 1.548306e+01
      vertex   4.128161e+01 -2.968695e+01 1.548306e+01
    endloop
  endfacet
  facet normal -2.588190e-01 9.659258e-01 0.000000e+00
    outer loop
      vertex   4.128161e+01 -2.968695e+01 2.371446e+01
      vertex   4.128161e+01 -2.968695e+01 1.548306e+01
      vertex   4.045322e+01 -2.990891e+01 2.371446e+01
    endloop
  endfacet
  facet normal -2.588190e-01 9.659258e-01 0.000000e+00
    outer loop
      vertex   4.045322e+01 -2.990891e+01 2.371446e+01
      vertex   4.128161e+01 -2.968695e+01 1.548306e+01
      vertex   4.045322e+01 -2.990891e+01 1.548306e+01
    endloop
  endfacet
  facet normal -8.715574e-02 9.961947e-01 0.000000e+00
    outer loop
      vertex   4.045322e+01 -2.990891e+01 2.371446e+01
      vertex   4.045322e+01 -2.990891e+01 1.548306e+01
      vertex   3.959887e+01 -2.998366e+01 2.371446e+01
    endloop
  endfacet
  facet normal -8.715574e-02 9.961947e-01 0.000000e+00
    outer loop
      vertex   3.959887e+01 -2.998366e+01 2.371446e+01
      vertex   4.045322e+01 -2.990891e+01 1.548306e+01
      vertex   3.959887e+01 -2.998366e+01 1.548306e+01
    endloop
  endfacet
  facet normal -1.000000e+00 -0.000000e+00 -0.000000e+00
    outer loop
      vertex   -7.001061e+01 3.512278e+01 2.624700e+01
      vertex   -7.001061e+01 3.512278e+01 1.548306e+01
      vertex   -7.001061e+01 3.262278e+01 2.624700e+01
    endloop
  endfacet
  facet normal -1.000000e+00 0.000000e+00 -0.000000e+00
    outer loop
      vertex   -7.001061e+01 3.262278e+01 2.624700e+01
      vertex   -7.001061e+01 3.512278e+01 1.548306e+01
      vertex   -7.001061e+01 -2.510722e+01 1.548306e+01
    endloop
  endfacet
  facet normal -1.000000e+00 -0.000000e+00 0.000000e+00
    outer loop
      vertex   -7.001061e+01 3.262278e+01 2.624700e+01
      vertex   -7.001061e+01 -2.510722e+01 1.548306e+01
      vertex   -7.001061e+01 -2.260722e+01 2.624700e+01
    endloop
  endfacet
  facet normal -1.000000e+00 -0.000000e+00 0.000000e+00
    outer loop
      vertex   -7.001061e+01 -2.260722e+01 2.624700e+01
      vertex   -7.001061e+01 -2.510722e+01 1.548306e+01
      vertex   -7.001061e+01 -2.510722e+01 2.624700e+01
    endloop
  endfacet
  facet normal -9.987993e-01 -4.898924e-02 1.616924e-17
    outer loop
      vertex   -7.001061e+01 -2.510722e+01 2.624700e+01
      vertex   -7.001061e+01 -2.510722e+01 1.548306e+01
      vertex   -6.997514e+01 -2.583041e+01 2.624700e+01
    endloop
  endfacet
  facet normal -9.987993e-01 -4.898924e-02 4.850771e-17
    outer loop
      vertex   -6.997514e+01 -2.583041e+01 2.624700e+01
      vertex   -7.001061e+01 -2.510722e+01 1.548306e+01
      vertex   -6.997514e+01 -2.583041e+01 1.548306e+01
    endloop
  endfacet
  facet normal -9.918767e-01 -1.272031e-01 1.259528e-16
    outer loop
      vertex   -6.997514e+01 -2.583041e+01 2.624700e+01
      vertex   -6.997514e+01 -2.583041e+01 1.548306e+01
      vertex   -6.991962e+01 -2.626327e+01 2.624700e+01
    endloop
  endfacet
  facet normal -9.918767e-01 -1.272031e-01 1.259528e-16
    outer loop
      vertex   -6.991962e+01 -2.626327e+01 2.624700e+01
      vertex   -6.997514e+01 -2.583041e+01 1.548306e+01
      vertex   -6.991962e+01 -2.626327e+01 1.548306e+01
    endloop
  endfacet
  facet normal -9.723699e-01 -2.334454e-01 2.311508e-16
    outer loop
      vertex   -6.991962e+01 -2.626327e+01 2.624700e+01
      vertex   -6.991962e+01 -2.626327e+01 1.548306e+01
      vertex   -6.964891e+01 -2.739085e+01 2.624700e+01
    endloop
  endfacet
  facet normal -9.723699e-01 -2.334454e-01 1.541005e-16
    outer loop
      vertex   -6.964891e+01 -2.739085e+01 2.624700e+01
      vertex   -6.991962e+01 -2.626327e+01 1.548306e+01
      vertex   -6.964891e+01 -2.739085e+01 1.548306e+01
    endloop
  endfacet
  facet normal -9.238795e-01 -3.826834e-01 2.526146e-16
    outer loop
      vertex   -6.964891e+01 -2.739085e+01 2.624700e+01
      vertex   -6.964891e+01 -2.739085e+01 1.548306e+01
      vertex   -6.920515e+01 -2.846221e+01 2.624700e+01
    endloop
  endfacet
  facet normal -9.238795e-01 -3.826834e-01 2.526146e-16
    outer loop
      vertex   -6.920515e+01 -2.846221e+01 2.624700e+01
      vertex   -6.964891e+01 -2.739085e+01 1.548306e+01
      vertex   -6.920515e+01 -2.846221e+01 1.548306e+01
    endloop
  endfacet
  facet normal -8.526402e-01 -5.224986e-01 3.449085e-16
    outer loop
      vertex   -6.920515e+01 -2.846221e+01 2.624700e+01
      vertex   -6.920515e+01 -2.846221e+01 1.548306e+01
      vertex   -6.859924e+01 -2.945095e+01 2.624700e+01
    endloop
  endfacet
  facet normal -8.526402e-01 -5.224986e-01 1.724543e-16
    outer loop
      vertex   -6.859924e+01 -2.945095e+01 2.624700e+01
      vertex   -6.920515e+01 -2.846221e+01 1.548306e+01
      vertex   -6.859924e+01 -2.945095e+01 1.548306e+01
    endloop
  endfacet
  facet normal -7.604060e-01 -6.494480e-01 2.143548e-16
    outer loop
      vertex   -6.859924e+01 -2.945095e+01 2.624700e+01
      vertex   -6.859924e+01 -2.945095e+01 1.548306e+01
      vertex   -6.784613e+01 -3.033274e+01 2.624700e+01
    endloop
  endfacet
  facet normal -7.604060e-01 -6.494480e-01 2.143548e-16
    outer loop
      vertex   -6.784613e+01 -3.033274e+01 2.624700e+01
      vertex   -6.859924e+01 -2.945095e+01 1.548306e+01
      vertex   -6.784613e+01 -3.033274e+01 1.548306e+01
    endloop
  endfacet
  facet normal -6.494480e-01 -7.604060e-01 2.509772e-16
    outer loop
      vertex   -6.784613e+01 -3.033274e+01 2.624700e+01
      vertex   -6.784613e+01 -3.033274e+01 1.548306e+01
      vertex   -6.696434e+01 -3.108585e+01 2.624700e+01
    endloop
  endfacet
  facet normal -6.494480e-01 -7.604060e-01 -0.000000e+00
    outer loop
      vertex   -6.696434e+01 -3.108585e+01 2.624700e+01
      vertex   -6.784613e+01 -3.033274e+01 1.548306e+01
      vertex   -6.696434e+01 -3.108585e+01 1.548306e+01
    endloop
  endfacet
  facet normal -5.224986e-01 -8.526402e-01 -0.000000e+00
    outer loop
      vertex   -6.696434e+01 -3.108585e+01 2.624700e+01
      vertex   -6.696434e+01 -3.108585e+01 1.548306e+01
      vertex   -6.597560e+01 -3.169176e+01 2.624700e+01
    endloop
  endfacet
  facet normal -5.224986e-01 -8.526402e-01 2.814198e-16
    outer loop
      vertex   -6.597560e+01 -3.169176e+01 2.624700e+01
      vertex   -6.696434e+01 -3.108585e+01 1.548306e+01
      vertex   -6.597560e+01 -3.169176e+01 1.548306e+01
    endloop
  endfacet
  facet normal -3.826834e-01 -9.238795e-01 3.049328e-16
    outer loop
      vertex   -6.597560e+01 -3.169176e+01 2.624700e+01
      vertex   -6.597560e+01 -3.169176e+01 1.548306e+01
      vertex   -6.490424e+01 -3.213552e+01 2.624700e+01
    endloop
  endfacet
  facet normal -3.826834e-01 -9.238795e-01 -0.000000e+00
    outer loop
      vertex   -6.490424e+01 -3.213552e+01 2.624700e+01
      vertex   -6.597560e+01 -3.169176e+01 1.548306e+01
      vertex   -6.490424e+01 -3.213552e+01 1.548306e+01
    endloop
  endfacet
  facet normal -2.334454e-01 -9.723699e-01 -0.000000e+00
    outer loop
      vertex   -6.490424e+01 -3.213552e+01 2.624700e+01
      vertex   -6.490424e+01 -3.213552e+01 1.548306e+01
      vertex   -6.377666e+01 -3.240623e+01 2.624700e+01
    endloop
  endfacet
  facet normal -2.334454e-01 -9.723699e-01 -0.000000e+00
    outer loop
      vertex   -6.377666e+01 -3.240623e+01 2.624700e+01
      vertex   -6.490424e+01 -3.213552e+01 1.548306e+01
      vertex   -6.377666e+01 -3.240623e+01 1.548306e+01
    endloop
  endfacet
  facet normal -1.272275e-01 -9.918736e-01 -0.000000e+00
    outer loop
      vertex   -6.377666e+01 -3.240623e+01 2.624700e+01
      vertex   -6.377666e+01 -3.240623e+01 1.548306e+01
      vertex   -6.334416e+01 -3.246171e+01 2.624700e+01
    endloop
  endfacet
  facet normal -1.272275e-01 -9.918736e-01 -0.000000e+00
    outer loop
      vertex   -6.334416e+01 -3.246171e+01 2.624700e+01
      vertex   -6.377666e+01 -3.240623e+01 1.548306e+01
      vertex   -6.334416e+01 -3.246171e+01 1.548306e+01
    endloop
  endfacet
  facet normal -4.901383e-02 -9.987981e-01 -0.000000e+00
    outer loop
      vertex   -6.334416e+01 -3.246171e+01 2.624700e+01
      vertex   -6.334416e+01 -3.246171e+01 1.548306e+01
      vertex   -6.262061e+01 -3.249722e+01 2.624700e+01
    endloop
  endfacet
  facet normal -4.901383e-02 -9.987981e-01 -0.000000e+00
    outer loop
      vertex   -6.262061e+01 -3.249722e+01 2.624700e+01
      vertex   -6.334416e+01 -3.246171e+01 1.548306e+01
      vertex   -6.262061e+01 -3.249722e+01 1.548306e+01
    endloop
  endfacet
  facet normal -0.000000e+00 -1.000000e+00 -0.000000e+00
    outer loop
      vertex   -3.974930e+01 -3.248366e+01 1.548306e+01
      vertex   -6.258113e+01 -3.248366e+01 1.548306e+01
      vertex   -3.974930e+01 -3.248366e+01 -1.158694e+01
    endloop
  endfacet
  facet normal -0.000000e+00 -1.000000e+00 0.000000e+00
    outer loop
      vertex   -3.974930e+01 -3.248366e+01 -1.158694e+01
      vertex   -6.258113e+01 -3.248366e+01 1.548306e+01
      vertex   -6.258113e+01 -3.248366e+01 -1.165131e+01
    endloop
  endfacet
  facet normal 0.000000e+00 -1.000000e+00 -0.000000e+00
    outer loop
      vertex   -3.974930e+01 -3.248366e+01 -1.158694e+01
      vertex   -6.258113e+01 -3.248366e+01 -1.165131e+01
      vertex   3.959887e+01 -3.248366e+01 -1.165131e+01
    endloop
  endfacet
  facet normal 0.000000e+00 -1.000000e+00 0.000000e+00
    outer loop
      vertex   3.959887e+01 -3.248366e+01 -1.165131e+01
      vertex   3.959887e+01 -3.248366e+01 -1.158694e+01
      vertex   -3.974930e+01 -3.248366e+01 -1.158694e+01
    endloop
  endfacet
  facet normal -2.655510e-03 -9.999965e-01 -0.000000e+00
    outer loop
      vertex   -6.258113e+01 -3.248366e+01 1.548306e+01
      vertex   -6.262053e+01 -3.248356e+01 1.548306e+01
      vertex   -6.258113e+01 -3.248366e+01 -1.165131e+01
    endloop
  endfacet
  facet normal -5.402292e-02 -9.985397e-01 -7.460726e-05
    outer loop
      vertex   -6.258113e+01 -3.248366e+01 -1.165131e+01
      vertex   -6.262053e+01 -3.248356e+01 1.548306e+01
      vertex   -6.334247e+01 -3.244450e+01 1.548306e+01
    endloop
  endfacet
  facet normal -7.184408e-02 -9.974157e-01 -5.762585e-04
    outer loop
      vertex   -6.258113e+01 -3.248366e+01 -1.165131e+01
      vertex   -6.334247e+01 -3.244450e+01 1.548306e+01
      vertex   -6.364454e+01 -3.240706e+01 -1.165131e+01
    endloop
  endfacet
  facet normal -1.509465e-01 -9.885419e-01 3.165836e-04
    outer loop
      vertex   -6.364454e+01 -3.240706e+01 -1.165131e+01
      vertex   -6.334247e+01 -3.244450e+01 1.548306e+01
      vertex   -6.405717e+01 -3.233537e+01 1.548306e+01
    endloop
  endfacet
  facet normal -2.140489e-01 -9.768227e-01 -6.739848e-04
    outer loop
      vertex   -6.364454e+01 -3.240706e+01 -1.165131e+01
      vertex   -6.405717e+01 -3.233537e+01 1.548306e+01
      vertex   -6.468599e+01 -3.217885e+01 -1.165131e+01
    endloop
  endfacet
  facet normal -2.464369e-01 -9.691588e-01 1.207931e-04
    outer loop
      vertex   -6.468599e+01 -3.217885e+01 -1.165131e+01
      vertex   -6.405717e+01 -3.233537e+01 1.548306e+01
      vertex   -6.475786e+01 -3.215719e+01 1.548306e+01
    endloop
  endfacet
  facet normal -3.395877e-01 -9.405744e-01 -1.487438e-04
    outer loop
      vertex   -6.468599e+01 -3.217885e+01 -1.165131e+01
      vertex   -6.475786e+01 -3.215719e+01 1.548306e+01
      vertex   -6.543789e+01 -3.191168e+01 1.548306e+01
    endloop
  endfacet
  facet normal -3.518345e-01 -9.360621e-01 -5.325325e-04
    outer loop
      vertex   -6.468599e+01 -3.217885e+01 -1.165131e+01
      vertex   -6.543789e+01 -3.191168e+01 1.548306e+01
      vertex   -6.568399e+01 -3.180374e+01 -1.165131e+01
    endloop
  endfacet
  facet normal -4.295143e-01 -9.030600e-01 3.032916e-04
    outer loop
      vertex   -6.568399e+01 -3.180374e+01 -1.165131e+01
      vertex   -6.543789e+01 -3.191168e+01 1.548306e+01
      vertex   -6.609079e+01 -3.160114e+01 1.548306e+01
    endloop
  endfacet
  facet normal -4.823559e-01 -8.759751e-01 -6.911339e-04
    outer loop
      vertex   -6.568399e+01 -3.180374e+01 -1.165131e+01
      vertex   -6.609079e+01 -3.160114e+01 1.548306e+01
      vertex   -6.661793e+01 -3.128946e+01 -1.165131e+01
    endloop
  endfacet
  facet normal -5.089553e-01 -8.607929e-01 0.000000e+00
    outer loop
      vertex   -6.661793e+01 -3.128946e+01 -1.165131e+01
      vertex   -6.609079e+01 -3.160114e+01 1.548306e+01
      vertex   -6.661793e+01 -3.128946e+01 -8.497628e+00
    endloop
  endfacet
  facet normal -5.153631e-01 -8.569719e-01 1.905168e-04
    outer loop
      vertex   -6.661793e+01 -3.128946e+01 -8.497628e+00
      vertex   -6.609079e+01 -3.160114e+01 1.548306e+01
      vertex   -6.671037e+01 -3.122854e+01 1.548306e+01
    endloop
  endfacet
  facet normal -5.963190e-01 -8.027475e-01 -2.593227e-04
    outer loop
      vertex   -6.661793e+01 -3.128946e+01 -8.497628e+00
      vertex   -6.671037e+01 -3.122854e+01 1.548306e+01
      vertex   -6.729075e+01 -3.079741e+01 1.548306e+01
    endloop
  endfacet
  facet normal -6.022837e-01 -7.982820e-01 -5.183028e-04
    outer loop
      vertex   -6.661793e+01 -3.128946e+01 -8.497628e+00
      vertex   -6.729075e+01 -3.079741e+01 1.548306e+01
      vertex   -6.745963e+01 -3.065442e+01 -8.497628e+00
    endloop
  endfacet
  facet normal -6.716133e-01 -7.409018e-01 3.120748e-04
    outer loop
      vertex   -6.745963e+01 -3.065442e+01 -8.497628e+00
      vertex   -6.729075e+01 -3.079741e+01 1.548306e+01
      vertex   -6.782641e+01 -3.031184e+01 1.548306e+01
    endloop
  endfacet
  facet normal -7.093529e-01 -7.048531e-01 -7.801336e-04
    outer loop
      vertex   -6.745963e+01 -3.065442e+01 -8.497628e+00
      vertex   -6.782641e+01 -3.031184e+01 1.548306e+01
      vertex   -6.820282e+01 -2.990649e+01 -8.497628e+00
    endloop
  endfacet
  facet normal -7.405312e-01 -6.720219e-01 2.642083e-04
    outer loop
      vertex   -6.820282e+01 -2.990649e+01 -8.497628e+00
      vertex   -6.782641e+01 -3.031184e+01 1.548306e+01
      vertex   -6.831228e+01 -2.977644e+01 1.548306e+01
    endloop
  endfacet
  facet normal -8.020986e-01 -5.971915e-01 -4.225938e-04
    outer loop
      vertex   -6.820282e+01 -2.990649e+01 -8.497628e+00
      vertex   -6.831228e+01 -2.977644e+01 1.548306e+01
      vertex   -6.883249e+01 -2.906076e+01 -8.497628e+00
    endloop
  endfacet
  facet normal -8.024185e-01 -5.967616e-01 -4.028263e-04
    outer loop
      vertex   -6.883249e+01 -2.906076e+01 -8.497628e+00
      vertex   -6.831228e+01 -2.977644e+01 1.548306e+01
      vertex   -6.874373e+01 -2.919630e+01 1.548306e+01
    endloop
  endfacet
  facet normal -8.566875e-01 -5.158357e-01 2.554671e-04
    outer loop
      vertex   -6.883249e+01 -2.906076e+01 -8.497628e+00
      vertex   -6.874373e+01 -2.919630e+01 1.548306e+01
      vertex   -6.911667e+01 -2.857693e+01 1.548306e+01
    endloop
  endfacet
  facet normal -8.786473e-01 -4.774707e-01 -7.788095e-04
    outer loop
      vertex   -6.883249e+01 -2.906076e+01 -8.497628e+00
      vertex   -6.911667e+01 -2.857693e+01 1.548306e+01
      vertex   -6.933594e+01 -2.813432e+01 -8.497628e+00
    endloop
  endfacet
  facet normal -9.028229e-01 -4.300124e-01 3.181684e-04
    outer loop
      vertex   -6.933594e+01 -2.813432e+01 -8.497628e+00
      vertex   -6.911667e+01 -2.857693e+01 1.548306e+01
      vertex   -6.942757e+01 -2.792420e+01 1.548306e+01
    endloop
  endfacet
  facet normal -9.374540e-01 -3.481086e-01 -5.318111e-04
    outer loop
      vertex   -6.933594e+01 -2.813432e+01 -8.497628e+00
      vertex   -6.942757e+01 -2.792420e+01 1.548306e+01
      vertex   -6.970298e+01 -2.714588e+01 -8.497628e+00
    endloop
  endfacet
  facet normal -9.403869e-01 -3.401064e-01 -2.384065e-04
    outer loop
      vertex   -6.970298e+01 -2.714588e+01 -8.497628e+00
      vertex   -6.942757e+01 -2.792420e+01 1.548306e+01
      vertex   -6.967346e+01 -2.724431e+01 1.548306e+01
    endloop
  endfacet
  facet normal -9.690227e-01 -2.469715e-01 1.791286e-04
    outer loop
      vertex   -6.970298e+01 -2.714588e+01 -8.497628e+00
      vertex   -6.967346e+01 -2.724431e+01 1.548306e+01
      vertex   -6.985202e+01 -2.654372e+01 1.548306e+01
    endloop
  endfacet
  facet normal -9.773307e-01 -2.117172e-01 -7.577476e-04
    outer loop
      vertex   -6.970298e+01 -2.714588e+01 -8.497628e+00
      vertex   -6.985202e+01 -2.654372e+01 1.548306e+01
      vertex   -6.992621e+01 -2.611539e+01 -8.497628e+00
    endloop
  endfacet
  facet normal -9.884585e-01 -1.514917e-01 3.523936e-04
    outer loop
      vertex   -6.992621e+01 -2.611539e+01 -8.497628e+00
      vertex   -6.985202e+01 -2.654372e+01 1.548306e+01
      vertex   -6.996154e+01 -2.582907e+01 1.548306e+01
    endloop
  endfacet
  facet normal -9.974725e-01 -7.105064e-02 -6.213062e-04
    outer loop
      vertex   -6.992621e+01 -2.611539e+01 -8.497628e+00
      vertex   -6.996154e+01 -2.582907e+01 1.548306e+01
      vertex   -7.000113e+01 -2.506366e+01 -8.497628e+00
    endloop
  endfacet
  facet normal -9.985097e-01 -5.457371e-02 -9.368608e-05
    outer loop
      vertex   -7.000113e+01 -2.506366e+01 -8.497628e+00
      vertex   -6.996154e+01 -2.582907e+01 1.548306e+01
      vertex   -7.000100e+01 -2.510716e+01 1.548306e+01
    endloop
  endfacet
  facet normal -9.999957e-01 -2.931309e-03 0.000000e+00
    outer loop
      vertex   -7.000113e+01 -2.506366e+01 -8.497628e+00
      vertex   -7.000100e+01 -2.510716e+01 1.548306e+01
      vertex   -7.000113e+01 -2.506366e+01 1.548306e+01
    endloop
  endfacet
  facet normal -1.000000e+00 -0.000000e+00 -0.000000e+00
    outer loop
      vertex   -7.000113e+01 3.509634e+01 1.548306e+01
      vertex   -7.000113e+01 3.509634e+01 -8.497628e+00
      vertex   -7.000113e+01 -2.506366e+01 1.548306e+01
    endloop
  endfacet
  facet normal -1.000000e+00 0.000000e+00 0.000000e+00
    outer loop
      vertex   -7.000113e+01 -2.506366e+01 1.548306e+01
      vertex   -7.000113e+01 3.509634e+01 -8.497628e+00
      vertex   -7.000113e+01 -2.506366e+01 -8.497628e+00
    endloop
  endfacet
  facet normal 0.000000e+00 1.000000e+00 0.000000e+00
    outer loop
      vertex   3.950000e+01 -3.090000e+01 1.548306e+01
      vertex   1.097000e+01 -3.090000e+01 1.672699e+00
      vertex   -3.950000e+01 -3.090000e+01 1.548306e+01
    endloop
  endfacet
  facet normal 0.000000e+00 1.000000e+00 0.000000e+00
    outer loop
      vertex   -3.950000e+01 -3.090000e+01 1.548306e+01
      vertex   1.097000e+01 -3.090000e+01 1.672699e+00
      vertex   2.125000e+00 -3.090000e+01 1.072737e+00
    endloop
  endfacet
  facet normal 0.000000e+00 1.000000e+00 0.000000e+00
    outer loop
      vertex   -3.950000e+01 -3.090000e+01 1.548306e+01
      vertex   2.125000e+00 -3.090000e+01 1.072737e+00
      vertex   -8.125000e+00 -3.090000e+01 1.072737e+00
    endloop
  endfacet
  facet normal 0.000000e+00 1.000000e+00 -0.000000e+00
    outer loop
      vertex   3.950000e+01 -3.090000e+01 -9.986939e+00
      vertex   1.456021e+01 -3.090000e+01 -8.838221e-02
      vertex   3.950000e+01 -3.090000e+01 1.548306e+01
    endloop
  endfacet
  facet normal 0.000000e+00 1.000000e+00 0.000000e+00
    outer loop
      vertex   3.950000e+01 -3.090000e+01 1.548306e+01
      vertex   1.456021e+01 -3.090000e+01 -8.838221e-02
      vertex   1.415565e+01 -3.090000e+01 4.928644e-01
    endloop
  endfacet
  facet normal 0.000000e+00 1.000000e+00 0.000000e+00
    outer loop
      vertex   3.950000e+01 -3.090000e+01 1.548306e+01
      vertex   1.415565e+01 -3.090000e+01 4.928644e-01
      vertex   1.364237e+01 -3.090000e+01 9.807749e-01
    endloop
  endfacet
  facet normal 0.000000e+00 1.000000e+00 0.000000e+00
    outer loop
      vertex   -3.950000e+01 -3.090000e+01 -9.986939e+00
      vertex   2.125000e+00 -3.090000e+01 -7.627264e+00
      vertex   3.950000e+01 -3.090000e+01 -9.986939e+00
    endloop
  endfacet
  facet normal 0.000000e+00 1.000000e+00 0.000000e+00
    outer loop
      vertex   3.950000e+01 -3.090000e+01 -9.986939e+00
      vertex   2.125000e+00 -3.090000e+01 -7.627264e+00
      vertex   2.254409e+00 -3.090000e+01 -7.610228e+00
    endloop
  endfacet
  facet normal 0.000000e+00 1.000000e+00 0.000000e+00
    outer loop
      vertex   3.950000e+01 -3.090000e+01 -9.986939e+00
      vertex   2.254409e+00 -3.090000e+01 -7.610228e+00
      vertex   2.375000e+00 -3.090000e+01 -7.560278e+00
    endloop
  endfacet
  facet normal 0.000000e+00 1.000000e+00 0.000000e+00
    outer loop
      vertex   -3.950000e+01 -3.090000e+01 1.548306e+01
      vertex   -3.746251e+01 -3.090000e+01 -2.065269e+00
      vertex   -3.950000e+01 -3.090000e+01 -9.986939e+00
    endloop
  endfacet
  facet normal 0.000000e+00 1.000000e+00 0.000000e+00
    outer loop
      vertex   -3.950000e+01 -3.090000e+01 -9.986939e+00
      vertex   -3.746251e+01 -3.090000e+01 -2.065269e+00
      vertex   -3.752015e+01 -3.090000e+01 -2.650540e+00
    endloop
  endfacet
  facet normal 0.000000e+00 1.000000e+00 0.000000e+00
    outer loop
      vertex   -3.950000e+01 -3.090000e+01 -9.986939e+00
      vertex   -3.752015e+01 -3.090000e+01 -2.650540e+00
      vertex   -3.752015e+01 -3.090000e+01 -4.150541e+00
    endloop
  endfacet
  facet normal 0.000000e+00 1.000000e+00 0.000000e+00
    outer loop
      vertex   -3.701456e+01 -3.090000e+01 -9.838288e-01
      vertex   -3.729179e+01 -3.090000e+01 -1.502489e+00
      vertex   -3.950000e+01 -3.090000e+01 1.548306e+01
    endloop
  endfacet
  facet normal 0.000000e+00 1.000000e+00 0.000000e+00
    outer loop
      vertex   -3.950000e+01 -3.090000e+01 1.548306e+01
      vertex   -3.729179e+01 -3.090000e+01 -1.502489e+00
      vertex   -3.746251e+01 -3.090000e+01 -2.065269e+00
    endloop
  endfacet
  facet normal 0.000000e+00 1.000000e+00 0.000000e+00
    outer loop
      vertex   -3.752015e+01 -3.090000e+01 -4.150541e+00
      vertex   -3.746251e+01 -3.090000e+01 -4.735811e+00
      vertex   -3.950000e+01 -3.090000e+01 -9.986939e+00
    endloop
  endfacet
  facet normal 0.000000e+00 1.000000e+00 0.000000e+00
    outer loop
      vertex   -3.950000e+01 -3.090000e+01 -9.986939e+00
      vertex   -3.746251e+01 -3.090000e+01 -4.735811e+00
      vertex   -3.729179e+01 -3.090000e+01 -5.298591e+00
    endloop
  endfacet
  facet normal 0.000000e+00 1.000000e+00 0.000000e+00
    outer loop
      vertex   -3.950000e+01 -3.090000e+01 -9.986939e+00
      vertex   -3.729179e+01 -3.090000e+01 -5.298591e+00
      vertex   -3.701456e+01 -3.090000e+01 -5.817251e+00
    endloop
  endfacet
  facet normal 0.000000e+00 1.000000e+00 0.000000e+00
    outer loop
      vertex   -3.701456e+01 -3.090000e+01 -5.817251e+00
      vertex   -3.664147e+01 -3.090000e+01 -6.271862e+00
      vertex   -3.950000e+01 -3.090000e+01 -9.986939e+00
    endloop
  endfacet
  facet normal 0.000000e+00 1.000000e+00 0.000000e+00
    outer loop
      vertex   -3.950000e+01 -3.090000e+01 -9.986939e+00
      vertex   -3.664147e+01 -3.090000e+01 -6.271862e+00
      vertex   -3.618686e+01 -3.090000e+01 -6.644949e+00
    endloop
  endfacet
  facet normal 0.000000e+00 1.000000e+00 0.000000e+00
    outer loop
      vertex   -3.950000e+01 -3.090000e+01 -9.986939e+00
      vertex   -3.618686e+01 -3.090000e+01 -6.644949e+00
      vertex   -3.566820e+01 -3.090000e+01 -6.922179e+00
    endloop
  endfacet
  facet normal 0.000000e+00 1.000000e+00 0.000000e+00
    outer loop
      vertex   -3.566820e+01 -3.090000e+01 -6.922179e+00
      vertex   -3.510542e+01 -3.090000e+01 -7.092897e+00
      vertex   -3.950000e+01 -3.090000e+01 -9.986939e+00
    endloop
  endfacet
  facet normal 0.000000e+00 1.000000e+00 0.000000e+00
    outer loop
      vertex   -3.950000e+01 -3.090000e+01 -9.986939e+00
      vertex   -3.510542e+01 -3.090000e+01 -7.092897e+00
      vertex   -3.452015e+01 -3.090000e+01 -7.150541e+00
    endloop
  endfacet
  facet normal 0.000000e+00 1.000000e+00 0.000000e+00
    outer loop
      vertex   -3.950000e+01 -3.090000e+01 -9.986939e+00
      vertex   -3.452015e+01 -3.090000e+01 -7.150541e+00
      vertex   -2.802015e+01 -3.090000e+01 -7.150541e+00
    endloop
  endfacet
  facet normal 0.000000e+00 1.000000e+00 0.000000e+00
    outer loop
      vertex   -3.950000e+01 -3.090000e+01 -9.986939e+00
      vertex   -2.802015e+01 -3.090000e+01 -7.150541e+00
      vertex   -2.176338e+01 -3.090000e+01 -7.637774e+00
    endloop
  endfacet
  facet normal 0.000000e+00 1.000000e+00 0.000000e+00
    outer loop
      vertex   -2.176338e+01 -3.090000e+01 -7.637774e+00
      vertex   -2.802015e+01 -3.090000e+01 -7.150541e+00
      vertex   -2.743488e+01 -3.090000e+01 -7.092897e+00
    endloop
  endfacet
  facet normal 0.000000e+00 1.000000e+00 0.000000e+00
    outer loop
      vertex   -2.176338e+01 -3.090000e+01 -7.637774e+00
      vertex   -2.743488e+01 -3.090000e+01 -7.092897e+00
      vertex   -2.188397e+01 -3.090000e+01 -7.587825e+00
    endloop
  endfacet
  facet normal 0.000000e+00 1.000000e+00 0.000000e+00
    outer loop
      vertex   -2.188397e+01 -3.090000e+01 -7.587825e+00
      vertex   -2.743488e+01 -3.090000e+01 -7.092897e+00
      vertex   -2.198752e+01 -3.090000e+01 -7.508365e+00
    endloop
  endfacet
  facet normal 0.000000e+00 1.000000e+00 0.000000e+00
    outer loop
      vertex   -2.198752e+01 -3.090000e+01 -7.508365e+00
      vertex   -2.743488e+01 -3.090000e+01 -7.092897e+00
      vertex   -2.687210e+01 -3.090000e+01 -6.922179e+00
    endloop
  endfacet
  facet normal 0.000000e+00 1.000000e+00 0.000000e+00
    outer loop
      vertex   -2.198752e+01 -3.090000e+01 -7.508365e+00
      vertex   -2.687210e+01 -3.090000e+01 -6.922179e+00
      vertex   -2.206698e+01 -3.090000e+01 -7.404812e+00
    endloop
  endfacet
  facet normal 0.000000e+00 1.000000e+00 0.000000e+00
    outer loop
      vertex   -2.206698e+01 -3.090000e+01 -7.404812e+00
      vertex   -2.687210e+01 -3.090000e+01 -6.922179e+00
      vertex   -2.211694e+01 -3.090000e+01 -7.284221e+00
    endloop
  endfacet
  facet normal 0.000000e+00 1.000000e+00 0.000000e+00
    outer loop
      vertex   -2.211694e+01 -3.090000e+01 -7.284221e+00
      vertex   -2.687210e+01 -3.090000e+01 -6.922179e+00
      vertex   -2.213397e+01 -3.090000e+01 -7.154811e+00
    endloop
  endfacet
  facet normal 0.000000e+00 1.000000e+00 0.000000e+00
    outer loop
      vertex   -2.213397e+01 -3.090000e+01 -7.154811e+00
      vertex   -2.687210e+01 -3.090000e+01 -6.922179e+00
      vertex   -2.635344e+01 -3.090000e+01 -6.644949e+00
    endloop
  endfacet
  facet normal 0.000000e+00 1.000000e+00 0.000000e+00
    outer loop
      vertex   -2.213397e+01 -3.090000e+01 -7.154811e+00
      vertex   -2.635344e+01 -3.090000e+01 -6.644949e+00
      vertex   -2.589883e+01 -3.090000e+01 -6.271862e+00
    endloop
  endfacet
  facet normal -0.000000e+00 1.000000e+00 0.000000e+00
    outer loop
      vertex   -2.589883e+01 -3.090000e+01 -6.271862e+00
      vertex   -2.552574e+01 -3.090000e+01 -5.817251e+00
      vertex   -2.213397e+01 -3.090000e+01 -7.154811e+00
    endloop
  endfacet
  facet normal 0.000000e+00 1.000000e+00 0.000000e+00
    outer loop
      vertex   -2.213397e+01 -3.090000e+01 -7.154811e+00
      vertex   -2.552574e+01 -3.090000e+01 -5.817251e+00
      vertex   -2.524851e+01 -3.090000e+01 -5.298591e+00
    endloop
  endfacet
  facet normal 0.000000e+00 1.000000e+00 0.000000e+00
    outer loop
      vertex   -2.213397e+01 -3.090000e+01 -7.154811e+00
      vertex   -2.524851e+01 -3.090000e+01 -5.298591e+00
      vertex   -2.507780e+01 -3.090000e+01 -4.735811e+00
    endloop
  endfacet
  facet normal -0.000000e+00 1.000000e+00 0.000000e+00
    outer loop
      vertex   -2.507780e+01 -3.090000e+01 -4.735811e+00
      vertex   -2.502015e+01 -3.090000e+01 -4.150541e+00
      vertex   -2.213397e+01 -3.090000e+01 -7.154811e+00
    endloop
  endfacet
  facet normal 0.000000e+00 1.000000e+00 0.000000e+00
    outer loop
      vertex   -2.213397e+01 -3.090000e+01 -7.154811e+00
      vertex   -2.502015e+01 -3.090000e+01 -4.150541e+00
      vertex   -2.502015e+01 -3.090000e+01 -2.650540e+00
    endloop
  endfacet
  facet normal 0.000000e+00 1.000000e+00 -0.000000e+00
    outer loop
      vertex   -2.213397e+01 -3.090000e+01 -7.154811e+00
      vertex   -2.502015e+01 -3.090000e+01 -2.650540e+00
      vertex   -2.213397e+01 -3.090000e+01 5.951889e-01
    endloop
  endfacet
  facet normal 0.000000e+00 1.000000e+00 0.000000e+00
    outer loop
      vertex   -2.213397e+01 -3.090000e+01 5.951889e-01
      vertex   -2.502015e+01 -3.090000e+01 -2.650540e+00
      vertex   -2.507780e+01 -3.090000e+01 -2.065269e+00
    endloop
  endfacet
  facet normal 0.000000e+00 1.000000e+00 0.000000e+00
    outer loop
      vertex   -2.213397e+01 -3.090000e+01 5.951889e-01
      vertex   -2.507780e+01 -3.090000e+01 -2.065269e+00
      vertex   -2.524851e+01 -3.090000e+01 -1.502489e+00
    endloop
  endfacet
  facet normal 0.000000e+00 1.000000e+00 -0.000000e+00
    outer loop
      vertex   -2.524851e+01 -3.090000e+01 -1.502489e+00
      vertex   -2.552574e+01 -3.090000e+01 -9.838288e-01
      vertex   -2.213397e+01 -3.090000e+01 5.951889e-01
    endloop
  endfacet
  facet normal 0.000000e+00 1.000000e+00 0.000000e+00
    outer loop
      vertex   -2.213397e+01 -3.090000e+01 5.951889e-01
      vertex   -2.552574e+01 -3.090000e+01 -9.838288e-01
      vertex   -2.589883e+01 -3.090000e+01 -5.292206e-01
    endloop
  endfacet
  facet normal 0.000000e+00 1.000000e+00 0.000000e+00
    outer loop
      vertex   -2.213397e+01 -3.090000e+01 5.951889e-01
      vertex   -2.589883e+01 -3.090000e+01 -5.292206e-01
      vertex   -2.635344e+01 -3.090000e+01 -1.561312e-01
    endloop
  endfacet
  facet normal 0.000000e+00 1.000000e+00 -0.000000e+00
    outer loop
      vertex   -2.635344e+01 -3.090000e+01 -1.561312e-01
      vertex   -2.687210e+01 -3.090000e+01 1.210983e-01
      vertex   -2.213397e+01 -3.090000e+01 5.951889e-01
    endloop
  endfacet
  facet normal 0.000000e+00 1.000000e+00 -0.000000e+00
    outer loop
      vertex   -2.213397e+01 -3.090000e+01 5.951889e-01
      vertex   -2.687210e+01 -3.090000e+01 1.210983e-01
      vertex   -2.211694e+01 -3.090000e+01 7.245989e-01
    endloop
  endfacet
  facet normal 0.000000e+00 1.000000e+00 0.000000e+00
    outer loop
      vertex   -2.211694e+01 -3.090000e+01 7.245989e-01
      vertex   -2.687210e+01 -3.090000e+01 1.210983e-01
      vertex   -2.743488e+01 -3.090000e+01 2.918155e-01
    endloop
  endfacet
  facet normal 0.000000e+00 1.000000e+00 -0.000000e+00
    outer loop
      vertex   -2.211694e+01 -3.090000e+01 7.245989e-01
      vertex   -2.743488e+01 -3.090000e+01 2.918155e-01
      vertex   -2.206698e+01 -3.090000e+01 8.451886e-01
    endloop
  endfacet
  facet normal 0.000000e+00 1.000000e+00 -0.000000e+00
    outer loop
      vertex   -2.206698e+01 -3.090000e+01 8.451886e-01
      vertex   -2.743488e+01 -3.090000e+01 2.918155e-01
      vertex   -2.198752e+01 -3.090000e+01 9.487422e-01
    endloop
  endfacet
  facet normal 0.000000e+00 1.000000e+00 -0.000000e+00
    outer loop
      vertex   -2.198752e+01 -3.090000e+01 9.487422e-01
      vertex   -2.743488e+01 -3.090000e+01 2.918155e-01
      vertex   -2.188397e+01 -3.090000e+01 1.028201e+00
    endloop
  endfacet
  facet normal 0.000000e+00 1.000000e+00 0.000000e+00
    outer loop
      vertex   -2.188397e+01 -3.090000e+01 1.028201e+00
      vertex   -2.743488e+01 -3.090000e+01 2.918155e-01
      vertex   -2.802015e+01 -3.090000e+01 3.494604e-01
    endloop
  endfacet
  facet normal 0.000000e+00 1.000000e+00 -0.000000e+00
    outer loop
      vertex   -2.188397e+01 -3.090000e+01 1.028201e+00
      vertex   -2.802015e+01 -3.090000e+01 3.494604e-01
      vertex   -2.176338e+01 -3.090000e+01 1.078153e+00
    endloop
  endfacet
  facet normal 0.000000e+00 1.000000e+00 0.000000e+00
    outer loop
      vertex   -2.176338e+01 -3.090000e+01 1.078153e+00
      vertex   -2.802015e+01 -3.090000e+01 3.494604e-01
      vertex   -3.950000e+01 -3.090000e+01 1.548306e+01
    endloop
  endfacet
  facet normal 0.000000e+00 1.000000e+00 -0.000000e+00
    outer loop
      vertex   -2.176338e+01 -3.090000e+01 1.078153e+00
      vertex   -3.950000e+01 -3.090000e+01 1.548306e+01
      vertex   -2.163397e+01 -3.090000e+01 1.095188e+00
    endloop
  endfacet
  facet normal 0.000000e+00 1.000000e+00 -0.000000e+00
    outer loop
      vertex   -2.163397e+01 -3.090000e+01 1.095188e+00
      vertex   -3.950000e+01 -3.090000e+01 1.548306e+01
      vertex   -1.138397e+01 -3.090000e+01 1.095188e+00
    endloop
  endfacet
  facet normal -0.000000e+00 1.000000e+00 -0.000000e+00
    outer loop
      vertex   -1.138397e+01 -3.090000e+01 1.095188e+00
      vertex   -3.950000e+01 -3.090000e+01 1.548306e+01
      vertex   -8.125000e+00 -3.090000e+01 1.072737e+00
    endloop
  endfacet
  facet normal 0.000000e+00 1.000000e+00 0.000000e+00
    outer loop
      vertex   -1.138397e+01 -3.090000e+01 1.095188e+00
      vertex   -8.125000e+00 -3.090000e+01 1.072737e+00
      vertex   -1.125456e+01 -3.090000e+01 1.078153e+00
    endloop
  endfacet
  facet normal 0.000000e+00 1.000000e+00 0.000000e+00
    outer loop
      vertex   -1.125456e+01 -3.090000e+01 1.078153e+00
      vertex   -8.125000e+00 -3.090000e+01 1.072737e+00
      vertex   -8.254410e+00 -3.090000e+01 1.055699e+00
    endloop
  endfacet
  facet normal 0.000000e+00 1.000000e+00 0.000000e+00
    outer loop
      vertex   -1.125456e+01 -3.090000e+01 1.078153e+00
      vertex   -8.254410e+00 -3.090000e+01 1.055699e+00
      vertex   -1.113397e+01 -3.090000e+01 1.028201e+00
    endloop
  endfacet
  facet normal -0.000000e+00 1.000000e+00 0.000000e+00
    outer loop
      vertex   -1.113397e+01 -3.090000e+01 1.028201e+00
      vertex   -8.254410e+00 -3.090000e+01 1.055699e+00
      vertex   -8.375000e+00 -3.090000e+01 1.005748e+00
    endloop
  endfacet
  facet normal 0.000000e+00 1.000000e+00 0.000000e+00
    outer loop
      vertex   -1.113397e+01 -3.090000e+01 1.028201e+00
      vertex   -8.375000e+00 -3.090000e+01 1.005748e+00
      vertex   -1.103042e+01 -3.090000e+01 9.487422e-01
    endloop
  endfacet
  facet normal -0.000000e+00 1.000000e+00 0.000000e+00
    outer loop
      vertex   -1.103042e+01 -3.090000e+01 9.487422e-01
      vertex   -8.375000e+00 -3.090000e+01 1.005748e+00
      vertex   -8.478554e+00 -3.090000e+01 9.262891e-01
    endloop
  endfacet
  facet normal 0.000000e+00 1.000000e+00 0.000000e+00
    outer loop
      vertex   -1.103042e+01 -3.090000e+01 9.487422e-01
      vertex   -8.478554e+00 -3.090000e+01 9.262891e-01
      vertex   -1.095096e+01 -3.090000e+01 8.451886e-01
    endloop
  endfacet
  facet normal -0.000000e+00 1.000000e+00 0.000000e+00
    outer loop
      vertex   -1.095096e+01 -3.090000e+01 8.451886e-01
      vertex   -8.478554e+00 -3.090000e+01 9.262891e-01
      vertex   -8.558013e+00 -3.090000e+01 8.227368e-01
    endloop
  endfacet
  facet normal 0.000000e+00 1.000000e+00 0.000000e+00
    outer loop
      vertex   -1.095096e+01 -3.090000e+01 8.451886e-01
      vertex   -8.558013e+00 -3.090000e+01 8.227368e-01
      vertex   -1.090101e+01 -3.090000e+01 7.245989e-01
    endloop
  endfacet
  facet normal -0.000000e+00 1.000000e+00 0.000000e+00
    outer loop
      vertex   -1.090101e+01 -3.090000e+01 7.245989e-01
      vertex   -8.558013e+00 -3.090000e+01 8.227368e-01
      vertex   -8.607963e+00 -3.090000e+01 7.021447e-01
    endloop
  endfacet
  facet normal 0.000000e+00 1.000000e+00 0.000000e+00
    outer loop
      vertex   -1.090101e+01 -3.090000e+01 7.245989e-01
      vertex   -8.607963e+00 -3.090000e+01 7.021447e-01
      vertex   -1.088397e+01 -3.090000e+01 5.951889e-01
    endloop
  endfacet
  facet normal -0.000000e+00 1.000000e+00 0.000000e+00
    outer loop
      vertex   -1.088397e+01 -3.090000e+01 5.951889e-01
      vertex   -8.607963e+00 -3.090000e+01 7.021447e-01
      vertex   -8.625000e+00 -3.090000e+01 5.727358e-01
    endloop
  endfacet
  facet normal 0.000000e+00 1.000000e+00 0.000000e+00
    outer loop
      vertex   -1.088397e+01 -3.090000e+01 5.951889e-01
      vertex   -8.625000e+00 -3.090000e+01 5.727358e-01
      vertex   -8.625000e+00 -3.090000e+01 -7.127265e+00
    endloop
  endfacet
  facet normal 0.000000e+00 1.000000e+00 0.000000e+00
    outer loop
      vertex   -2.802015e+01 -3.090000e+01 3.494604e-01
      vertex   -3.452015e+01 -3.090000e+01 3.494604e-01
      vertex   -3.950000e+01 -3.090000e+01 1.548306e+01
    endloop
  endfacet
  facet normal 0.000000e+00 1.000000e+00 0.000000e+00
    outer loop
      vertex   -3.950000e+01 -3.090000e+01 1.548306e+01
      vertex   -3.452015e+01 -3.090000e+01 3.494604e-01
      vertex   -3.510542e+01 -3.090000e+01 2.918155e-01
    endloop
  endfacet
  facet normal 0.000000e+00 1.000000e+00 0.000000e+00
    outer loop
      vertex   -3.950000e+01 -3.090000e+01 1.548306e+01
      vertex   -3.510542e+01 -3.090000e+01 2.918155e-01
      vertex   -3.566820e+01 -3.090000e+01 1.210983e-01
    endloop
  endfacet
  facet normal 0.000000e+00 1.000000e+00 0.000000e+00
    outer loop
      vertex   -3.566820e+01 -3.090000e+01 1.210983e-01
      vertex   -3.618686e+01 -3.090000e+01 -1.561312e-01
      vertex   -3.950000e+01 -3.090000e+01 1.548306e+01
    endloop
  endfacet
  facet normal 0.000000e+00 1.000000e+00 0.000000e+00
    outer loop
      vertex   -3.950000e+01 -3.090000e+01 1.548306e+01
      vertex   -3.618686e+01 -3.090000e+01 -1.561312e-01
      vertex   -3.664147e+01 -3.090000e+01 -5.292206e-01
    endloop
  endfacet
  facet normal 0.000000e+00 1.000000e+00 0.000000e+00
    outer loop
      vertex   -3.950000e+01 -3.090000e+01 1.548306e+01
      vertex   -3.664147e+01 -3.090000e+01 -5.292206e-01
      vertex   -3.701456e+01 -3.090000e+01 -9.838288e-01
    endloop
  endfacet
  facet normal 0.000000e+00 1.000000e+00 0.000000e+00
    outer loop
      vertex   -1.088397e+01 -3.090000e+01 5.951889e-01
      vertex   -8.625000e+00 -3.090000e+01 -7.127265e+00
      vertex   -1.088397e+01 -3.090000e+01 -7.154811e+00
    endloop
  endfacet
  facet normal -0.000000e+00 1.000000e+00 0.000000e+00
    outer loop
      vertex   -1.088397e+01 -3.090000e+01 -7.154811e+00
      vertex   -8.625000e+00 -3.090000e+01 -7.127265e+00
      vertex   -8.607963e+00 -3.090000e+01 -7.256674e+00
    endloop
  endfacet
  facet normal 0.000000e+00 1.000000e+00 0.000000e+00
    outer loop
      vertex   -1.088397e+01 -3.090000e+01 -7.154811e+00
      vertex   -8.607963e+00 -3.090000e+01 -7.256674e+00
      vertex   -1.090101e+01 -3.090000e+01 -7.284221e+00
    endloop
  endfacet
  facet normal -0.000000e+00 1.000000e+00 0.000000e+00
    outer loop
      vertex   -1.090101e+01 -3.090000e+01 -7.284221e+00
      vertex   -8.607963e+00 -3.090000e+01 -7.256674e+00
      vertex   -8.558013e+00 -3.090000e+01 -7.377265e+00
    endloop
  endfacet
  facet normal 0.000000e+00 1.000000e+00 0.000000e+00
    outer loop
      vertex   -1.090101e+01 -3.090000e+01 -7.284221e+00
      vertex   -8.558013e+00 -3.090000e+01 -7.377265e+00
      vertex   -1.095096e+01 -3.090000e+01 -7.404812e+00
    endloop
  endfacet
  facet normal -0.000000e+00 1.000000e+00 0.000000e+00
    outer loop
      vertex   -1.095096e+01 -3.090000e+01 -7.404812e+00
      vertex   -8.558013e+00 -3.090000e+01 -7.377265e+00
      vertex   -8.478554e+00 -3.090000e+01 -7.480818e+00
    endloop
  endfacet
  facet normal 0.000000e+00 1.000000e+00 0.000000e+00
    outer loop
      vertex   -1.095096e+01 -3.090000e+01 -7.404812e+00
      vertex   -8.478554e+00 -3.090000e+01 -7.480818e+00
      vertex   -1.103042e+01 -3.090000e+01 -7.508365e+00
    endloop
  endfacet
  facet normal -0.000000e+00 1.000000e+00 0.000000e+00
    outer loop
      vertex   -1.103042e+01 -3.090000e+01 -7.508365e+00
      vertex   -8.478554e+00 -3.090000e+01 -7.480818e+00
      vertex   -8.375000e+00 -3.090000e+01 -7.560278e+00
    endloop
  endfacet
  facet normal 0.000000e+00 1.000000e+00 0.000000e+00
    outer loop
      vertex   -1.103042e+01 -3.090000e+01 -7.508365e+00
      vertex   -8.375000e+00 -3.090000e+01 -7.560278e+00
      vertex   -1.113397e+01 -3.090000e+01 -7.587825e+00
    endloop
  endfacet
  facet normal -0.000000e+00 1.000000e+00 0.000000e+00
    outer loop
      vertex   -1.113397e+01 -3.090000e+01 -7.587825e+00
      vertex   -8.375000e+00 -3.090000e+01 -7.560278e+00
      vertex   -8.254410e+00 -3.090000e+01 -7.610228e+00
    endloop
  endfacet
  facet normal 0.000000e+00 1.000000e+00 0.000000e+00
    outer loop
      vertex   -1.113397e+01 -3.090000e+01 -7.587825e+00
      vertex   -8.254410e+00 -3.090000e+01 -7.610228e+00
      vertex   -1.125456e+01 -3.090000e+01 -7.637774e+00
    endloop
  endfacet
  facet normal 0.000000e+00 1.000000e+00 0.000000e+00
    outer loop
      vertex   -1.125456e+01 -3.090000e+01 -7.637774e+00
      vertex   -8.254410e+00 -3.090000e+01 -7.610228e+00
      vertex   -8.125000e+00 -3.090000e+01 -7.627264e+00
    endloop
  endfacet
  facet normal -0.000000e+00 1.000000e+00 0.000000e+00
    outer loop
      vertex   -1.125456e+01 -3.090000e+01 -7.637774e+00
      vertex   -8.125000e+00 -3.090000e+01 -7.627264e+00
      vertex   -1.138397e+01 -3.090000e+01 -7.654812e+00
    endloop
  endfacet
  facet normal -0.000000e+00 1.000000e+00 0.000000e+00
    outer loop
      vertex   -1.138397e+01 -3.090000e+01 -7.654812e+00
      vertex   -8.125000e+00 -3.090000e+01 -7.627264e+00
      vertex   -3.950000e+01 -3.090000e+01 -9.986939e+00
    endloop
  endfacet
  facet normal 0.000000e+00 1.000000e+00 0.000000e+00
    outer loop
      vertex   -1.138397e+01 -3.090000e+01 -7.654812e+00
      vertex   -3.950000e+01 -3.090000e+01 -9.986939e+00
      vertex   -2.163397e+01 -3.090000e+01 -7.654812e+00
    endloop
  endfacet
  facet normal 0.000000e+00 1.000000e+00 0.000000e+00
    outer loop
      vertex   -2.163397e+01 -3.090000e+01 -7.654812e+00
      vertex   -3.950000e+01 -3.090000e+01 -9.986939e+00
      vertex   -2.176338e+01 -3.090000e+01 -7.637774e+00
    endloop
  endfacet
  facet normal -0.000000e+00 1.000000e+00 0.000000e+00
    outer loop
      vertex   -8.125000e+00 -3.090000e+01 -7.627264e+00
      vertex   2.125000e+00 -3.090000e+01 -7.627264e+00
      vertex   -3.950000e+01 -3.090000e+01 -9.986939e+00
    endloop
  endfacet
  facet normal 0.000000e+00 1.000000e+00 0.000000e+00
    outer loop
      vertex   3.950000e+01 -3.090000e+01 -9.986939e+00
      vertex   2.375000e+00 -3.090000e+01 -7.560278e+00
      vertex   1.167727e+01 -3.090000e+01 -5.282447e+00
    endloop
  endfacet
  facet normal 0.000000e+00 1.000000e+00 0.000000e+00
    outer loop
      vertex   1.167727e+01 -3.090000e+01 -5.282447e+00
      vertex   2.375000e+00 -3.090000e+01 -7.560278e+00
      vertex   2.478553e+00 -3.090000e+01 -7.480818e+00
    endloop
  endfacet
  facet normal 0.000000e+00 1.000000e+00 0.000000e+00
    outer loop
      vertex   1.167727e+01 -3.090000e+01 -5.282447e+00
      vertex   2.478553e+00 -3.090000e+01 -7.480818e+00
      vertex   2.558012e+00 -3.090000e+01 -7.377265e+00
    endloop
  endfacet
  facet normal 0.000000e+00 1.000000e+00 0.000000e+00
    outer loop
      vertex   1.167727e+01 -3.090000e+01 -5.282447e+00
      vertex   2.558012e+00 -3.090000e+01 -7.377265e+00
      vertex   1.097000e+01 -3.090000e+01 -5.246579e+00
    endloop
  endfacet
  facet normal 0.000000e+00 1.000000e+00 0.000000e+00
    outer loop
      vertex   1.097000e+01 -3.090000e+01 -5.246579e+00
      vertex   2.558012e+00 -3.090000e+01 -7.377265e+00
      vertex   2.607962e+00 -3.090000e+01 -7.256674e+00
    endloop
  endfacet
  facet normal 0.000000e+00 1.000000e+00 0.000000e+00
    outer loop
      vertex   1.097000e+01 -3.090000e+01 -5.246579e+00
      vertex   2.607962e+00 -3.090000e+01 -7.256674e+00
      vertex   2.625000e+00 -3.090000e+01 -7.127265e+00
    endloop
  endfacet
  facet normal 0.000000e+00 1.000000e+00 0.000000e+00
    outer loop
      vertex   2.625000e+00 -3.090000e+01 5.727358e-01
      vertex   8.071645e+00 -3.090000e+01 -2.491484e+00
      vertex   2.625000e+00 -3.090000e+01 -7.127265e+00
    endloop
  endfacet
  facet normal 0.000000e+00 1.000000e+00 0.000000e+00
    outer loop
      vertex   2.625000e+00 -3.090000e+01 -7.127265e+00
      vertex   8.071645e+00 -3.090000e+01 -2.491484e+00
      vertex   8.283647e+00 -3.090000e+01 -3.167186e+00
    endloop
  endfacet
  facet normal 0.000000e+00 1.000000e+00 0.000000e+00
    outer loop
      vertex   2.625000e+00 -3.090000e+01 -7.127265e+00
      vertex   8.283647e+00 -3.090000e+01 -3.167186e+00
      vertex   8.627328e+00 -3.090000e+01 -3.786378e+00
    endloop
  endfacet
  facet normal 0.000000e+00 1.000000e+00 0.000000e+00
    outer loop
      vertex   2.607962e+00 -3.090000e+01 7.021447e-01
      vertex   8.627328e+00 -3.090000e+01 2.124996e-01
      vertex   2.625000e+00 -3.090000e+01 5.727358e-01
    endloop
  endfacet
  facet normal 0.000000e+00 1.000000e+00 0.000000e+00
    outer loop
      vertex   2.625000e+00 -3.090000e+01 5.727358e-01
      vertex   8.627328e+00 -3.090000e+01 2.124996e-01
      vertex   8.283647e+00 -3.090000e+01 -4.066937e-01
    endloop
  endfacet
  facet normal 0.000000e+00 1.000000e+00 0.000000e+00
    outer loop
      vertex   2.625000e+00 -3.090000e+01 5.727358e-01
      vertex   8.283647e+00 -3.090000e+01 -4.066937e-01
      vertex   8.071645e+00 -3.090000e+01 -1.082395e+00
    endloop
  endfacet
  facet normal 0.000000e+00 1.000000e+00 -0.000000e+00
    outer loop
      vertex   8.627328e+00 -3.090000e+01 2.124996e-01
      vertex   2.607962e+00 -3.090000e+01 7.021447e-01
      vertex   9.088616e+00 -3.090000e+01 7.498355e-01
    endloop
  endfacet
  facet normal 0.000000e+00 1.000000e+00 0.000000e+00
    outer loop
      vertex   9.088616e+00 -3.090000e+01 7.498355e-01
      vertex   2.607962e+00 -3.090000e+01 7.021447e-01
      vertex   2.558012e+00 -3.090000e+01 8.227368e-01
    endloop
  endfacet
  facet normal 0.000000e+00 1.000000e+00 0.000000e+00
    outer loop
      vertex   9.088616e+00 -3.090000e+01 7.498355e-01
      vertex   2.558012e+00 -3.090000e+01 8.227368e-01
      vertex   2.478553e+00 -3.090000e+01 9.262891e-01
    endloop
  endfacet
  facet normal 0.000000e+00 1.000000e+00 -0.000000e+00
    outer loop
      vertex   9.088616e+00 -3.090000e+01 7.498355e-01
      vertex   2.478553e+00 -3.090000e+01 9.262891e-01
      vertex   9.648625e+00 -3.090000e+01 1.183316e+00
    endloop
  endfacet
  facet normal 0.000000e+00 1.000000e+00 0.000000e+00
    outer loop
      vertex   9.648625e+00 -3.090000e+01 1.183316e+00
      vertex   2.478553e+00 -3.090000e+01 9.262891e-01
      vertex   2.375000e+00 -3.090000e+01 1.005748e+00
    endloop
  endfacet
  facet normal 0.000000e+00 1.000000e+00 0.000000e+00
    outer loop
      vertex   9.648625e+00 -3.090000e+01 1.183316e+00
      vertex   2.375000e+00 -3.090000e+01 1.005748e+00
      vertex   2.254409e+00 -3.090000e+01 1.055699e+00
    endloop
  endfacet
  facet normal 0.000000e+00 1.000000e+00 -0.000000e+00
    outer loop
      vertex   9.648625e+00 -3.090000e+01 1.183316e+00
      vertex   2.254409e+00 -3.090000e+01 1.055699e+00
      vertex   1.028443e+01 -3.090000e+01 1.495193e+00
    endloop
  endfacet
  facet normal 0.000000e+00 1.000000e+00 0.000000e+00
    outer loop
      vertex   1.028443e+01 -3.090000e+01 1.495193e+00
      vertex   2.254409e+00 -3.090000e+01 1.055699e+00
      vertex   2.125000e+00 -3.090000e+01 1.072737e+00
    endloop
  endfacet
  facet normal 0.000000e+00 1.000000e+00 -0.000000e+00
    outer loop
      vertex   1.028443e+01 -3.090000e+01 1.495193e+00
      vertex   2.125000e+00 -3.090000e+01 1.072737e+00
      vertex   1.097000e+01 -3.090000e+01 1.672699e+00
    endloop
  endfacet
  facet normal 0.000000e+00 1.000000e+00 0.000000e+00
    outer loop
      vertex   8.071645e+00 -3.090000e+01 -1.082395e+00
      vertex   7.999999e+00 -3.090000e+01 -1.786939e+00
      vertex   2.625000e+00 -3.090000e+01 5.727358e-01
    endloop
  endfacet
  facet normal 0.000000e+00 1.000000e+00 0.000000e+00
    outer loop
      vertex   2.625000e+00 -3.090000e+01 5.727358e-01
      vertex   7.999999e+00 -3.090000e+01 -1.786939e+00
      vertex   8.071645e+00 -3.090000e+01 -2.491484e+00
    endloop
  endfacet
  facet normal 0.000000e+00 1.000000e+00 0.000000e+00
    outer loop
      vertex   8.627328e+00 -3.090000e+01 -3.786378e+00
      vertex   9.088616e+00 -3.090000e+01 -4.323714e+00
      vertex   2.625000e+00 -3.090000e+01 -7.127265e+00
    endloop
  endfacet
  facet normal 0.000000e+00 1.000000e+00 0.000000e+00
    outer loop
      vertex   2.625000e+00 -3.090000e+01 -7.127265e+00
      vertex   9.088616e+00 -3.090000e+01 -4.323714e+00
      vertex   9.648625e+00 -3.090000e+01 -4.757194e+00
    endloop
  endfacet
  facet normal 0.000000e+00 1.000000e+00 0.000000e+00
    outer loop
      vertex   2.625000e+00 -3.090000e+01 -7.127265e+00
      vertex   9.648625e+00 -3.090000e+01 -4.757194e+00
      vertex   1.028443e+01 -3.090000e+01 -5.069072e+00
    endloop
  endfacet
  facet normal 0.000000e+00 1.000000e+00 0.000000e+00
    outer loop
      vertex   1.028443e+01 -3.090000e+01 -5.069072e+00
      vertex   1.097000e+01 -3.090000e+01 -5.246579e+00
      vertex   2.625000e+00 -3.090000e+01 -7.127265e+00
    endloop
  endfacet
  facet normal -0.000000e+00 1.000000e+00 0.000000e+00
    outer loop
      vertex   1.167727e+01 -3.090000e+01 -5.282447e+00
      vertex   1.237728e+01 -3.090000e+01 -5.175209e+00
      vertex   3.950000e+01 -3.090000e+01 -9.986939e+00
    endloop
  endfacet
  facet normal 0.000000e+00 1.000000e+00 0.000000e+00
    outer loop
      vertex   3.950000e+01 -3.090000e+01 -9.986939e+00
      vertex   1.237728e+01 -3.090000e+01 -5.175209e+00
      vertex   1.304138e+01 -3.090000e+01 -4.929256e+00
    endloop
  endfacet
  facet normal 0.000000e+00 1.000000e+00 0.000000e+00
    outer loop
      vertex   3.950000e+01 -3.090000e+01 -9.986939e+00
      vertex   1.304138e+01 -3.090000e+01 -4.929256e+00
      vertex   1.364237e+01 -3.090000e+01 -4.554655e+00
    endloop
  endfacet
  facet normal -0.000000e+00 1.000000e+00 0.000000e+00
    outer loop
      vertex   1.364237e+01 -3.090000e+01 -4.554655e+00
      vertex   1.415565e+01 -3.090000e+01 -4.066744e+00
      vertex   3.950000e+01 -3.090000e+01 -9.986939e+00
    endloop
  endfacet
  facet normal 0.000000e+00 1.000000e+00 0.000000e+00
    outer loop
      vertex   3.950000e+01 -3.090000e+01 -9.986939e+00
      vertex   1.415565e+01 -3.090000e+01 -4.066744e+00
      vertex   1.456021e+01 -3.090000e+01 -3.485496e+00
    endloop
  endfacet
  facet normal 0.000000e+00 1.000000e+00 0.000000e+00
    outer loop
      vertex   3.950000e+01 -3.090000e+01 -9.986939e+00
      vertex   1.456021e+01 -3.090000e+01 -3.485496e+00
      vertex   1.483949e+01 -3.090000e+01 -2.834711e+00
    endloop
  endfacet
  facet normal -0.000000e+00 1.000000e+00 0.000000e+00
    outer loop
      vertex   1.483949e+01 -3.090000e+01 -2.834711e+00
      vertex   1.498204e+01 -3.090000e+01 -2.141029e+00
      vertex   3.950000e+01 -3.090000e+01 -9.986939e+00
    endloop
  endfacet
  facet normal 0.000000e+00 1.000000e+00 0.000000e+00
    outer loop
      vertex   3.950000e+01 -3.090000e+01 -9.986939e+00
      vertex   1.498204e+01 -3.090000e+01 -2.141029e+00
      vertex   1.498204e+01 -3.090000e+01 -1.432851e+00
    endloop
  endfacet
  facet normal 0.000000e+00 1.000000e+00 0.000000e+00
    outer loop
      vertex   3.950000e+01 -3.090000e+01 -9.986939e+00
      vertex   1.498204e+01 -3.090000e+01 -1.432851e+00
      vertex   1.483949e+01 -3.090000e+01 -7.391684e-01
    endloop
  endfacet
  facet normal -0.000000e+00 1.000000e+00 -0.000000e+00
    outer loop
      vertex   1.483949e+01 -3.090000e+01 -7.391684e-01
      vertex   1.456021e+01 -3.090000e+01 -8.838221e-02
      vertex   3.950000e+01 -3.090000e+01 -9.986939e+00
    endloop
  endfacet
  facet normal 0.000000e+00 1.000000e+00 -0.000000e+00
    outer loop
      vertex   1.364237e+01 -3.090000e+01 9.807749e-01
      vertex   1.304138e+01 -3.090000e+01 1.355377e+00
      vertex   3.950000e+01 -3.090000e+01 1.548306e+01
    endloop
  endfacet
  facet normal 0.000000e+00 1.000000e+00 0.000000e+00
    outer loop
      vertex   3.950000e+01 -3.090000e+01 1.548306e+01
      vertex   1.304138e+01 -3.090000e+01 1.355377e+00
      vertex   1.237728e+01 -3.090000e+01 1.601331e+00
    endloop
  endfacet
  facet normal 0.000000e+00 1.000000e+00 0.000000e+00
    outer loop
      vertex   3.950000e+01 -3.090000e+01 1.548306e+01
      vertex   1.237728e+01 -3.090000e+01 1.601331e+00
      vertex   1.167727e+01 -3.090000e+01 1.708568e+00
    endloop
  endfacet
  facet normal 0.000000e+00 1.000000e+00 -0.000000e+00
    outer loop
      vertex   1.167727e+01 -3.090000e+01 1.708568e+00
      vertex   1.097000e+01 -3.090000e+01 1.672699e+00
      vertex   3.950000e+01 -3.090000e+01 1.548306e+01
    endloop
  endfacet
  facet normal -7.845673e-02 9.969175e-01 0.000000e+00
    outer loop
      vertex   4.042296e+01 -3.082736e+01 1.548306e+01
      vertex   4.042296e+01 -3.082736e+01 -9.986939e+00
      vertex   3.950000e+01 -3.090000e+01 1.548306e+01
    endloop
  endfacet
  facet normal -7.845673e-02 9.969175e-01 0.000000e+00
    outer loop
      vertex   3.950000e+01 -3.090000e+01 1.548306e+01
      vertex   4.042296e+01 -3.082736e+01 -9.986939e+00
      vertex   3.950000e+01 -3.090000e+01 -9.986939e+00
    endloop
  endfacet
  facet normal -2.334469e-01 9.723696e-01 0.000000e+00
    outer loop
      vertex   4.132320e+01 -3.061123e+01 1.548306e+01
      vertex   4.132320e+01 -3.061123e+01 -9.986939e+00
      vertex   4.042296e+01 -3.082736e+01 1.548306e+01
    endloop
  endfacet
  facet normal -2.334469e-01 9.723696e-01 0.000000e+00
    outer loop
      vertex   4.042296e+01 -3.082736e+01 1.548306e+01
      vertex   4.132320e+01 -3.061123e+01 -9.986939e+00
      vertex   4.042296e+01 -3.082736e+01 -9.986939e+00
    endloop
  endfacet
  facet normal -3.826825e-01 9.238799e-01 0.000000e+00
    outer loop
      vertex   4.217854e+01 -3.025694e+01 1.548306e+01
      vertex   4.217854e+01 -3.025694e+01 -9.986939e+00
      vertex   4.132320e+01 -3.061123e+01 1.548306e+01
    endloop
  endfacet
  facet normal -3.826825e-01 9.238799e-01 0.000000e+00
    outer loop
      vertex   4.132320e+01 -3.061123e+01 1.548306e+01
      vertex   4.217854e+01 -3.025694e+01 -9.986939e+00
      vertex   4.132320e+01 -3.061123e+01 -9.986939e+00
    endloop
  endfacet
  facet normal -5.224992e-01 8.526398e-01 0.000000e+00
    outer loop
      vertex   4.296793e+01 -2.977320e+01 1.548306e+01
      vertex   4.296793e+01 -2.977320e+01 -9.986939e+00
      vertex   4.217854e+01 -3.025694e+01 1.548306e+01
    endloop
  endfacet
  facet normal -5.224992e-01 8.526398e-01 0.000000e+00
    outer loop
      vertex   4.217854e+01 -3.025694e+01 1.548306e+01
      vertex   4.296793e+01 -2.977320e+01 -9.986939e+00
      vertex   4.217854e+01 -3.025694e+01 -9.986939e+00
    endloop
  endfacet
  facet normal -6.494488e-01 7.604054e-01 0.000000e+00
    outer loop
      vertex   4.367193e+01 -2.917193e+01 1.548306e+01
      vertex   4.367193e+01 -2.917193e+01 -9.986939e+00
      vertex   4.296793e+01 -2.977320e+01 1.548306e+01
    endloop
  endfacet
  facet normal -6.494488e-01 7.604054e-01 0.000000e+00
    outer loop
      vertex   4.296793e+01 -2.977320e+01 1.548306e+01
      vertex   4.367193e+01 -2.917193e+01 -9.986939e+00
      vertex   4.296793e+01 -2.977320e+01 -9.986939e+00
    endloop
  endfacet
  facet normal -7.604050e-01 6.494492e-01 0.000000e+00
    outer loop
      vertex   4.427320e+01 -2.846793e+01 1.548306e+01
      vertex   4.427320e+01 -2.846793e+01 -9.986939e+00
      vertex   4.367193e+01 -2.917193e+01 1.548306e+01
    endloop
  endfacet
  facet normal -7.604050e-01 6.494492e-01 0.000000e+00
    outer loop
      vertex   4.367193e+01 -2.917193e+01 1.548306e+01
      vertex   4.427320e+01 -2.846793e+01 -9.986939e+00
      vertex   4.367193e+01 -2.917193e+01 -9.986939e+00
    endloop
  endfacet
  facet normal -9.127679e-01 4.084785e-01 0.000000e+00
    outer loop
      vertex   4.475694e+01 -2.767854e+01 1.548306e+01
      vertex   4.479883e+01 -2.758494e+01 1.548306e+01
      vertex   4.475694e+01 -2.767854e+01 -9.986939e+00
    endloop
  endfacet
  facet normal -9.127679e-01 4.084785e-01 -2.374323e-18
    outer loop
      vertex   4.475694e+01 -2.767854e+01 -9.986939e+00
      vertex   4.479883e+01 -2.758494e+01 1.548306e+01
      vertex   4.500000e+01 -2.713542e+01 -4.690490e+00
    endloop
  endfacet
  facet normal -9.127679e-01 4.084785e-01 0.000000e+00
    outer loop
      vertex   4.500000e+01 -2.713542e+01 -4.690490e+00
      vertex   4.479883e+01 -2.758494e+01 1.548306e+01
      vertex   4.500000e+01 -2.713542e+01 1.101661e+01
    endloop
  endfacet
  facet normal -9.238769e-01 3.826772e-01 -3.097137e-03
    outer loop
      vertex   4.479883e+01 -2.758494e+01 1.548306e+01
      vertex   4.509206e+01 -2.687701e+01 1.548306e+01
      vertex   4.500000e+01 -2.713542e+01 1.101661e+01
    endloop
  endfacet
  facet normal -9.333667e-01 3.589210e-01 -1.527103e-03
    outer loop
      vertex   4.509601e+01 -2.686673e+01 1.548306e+01
      vertex   4.502523e+01 -2.706921e+01 1.115711e+01
      vertex   4.509206e+01 -2.687701e+01 1.548306e+01
    endloop
  endfacet
  facet normal -9.333667e-01 3.589210e-01 -1.527103e-03
    outer loop
      vertex   4.509206e+01 -2.687701e+01 1.548306e+01
      vertex   4.502523e+01 -2.706921e+01 1.115711e+01
      vertex   4.500000e+01 -2.713542e+01 1.101661e+01
    endloop
  endfacet
  facet normal -9.387853e-01 3.445019e-01 -7.635349e-04
    outer loop
      vertex   4.510129e+01 -2.685236e+01 1.548306e+01
      vertex   4.505638e+01 -2.698404e+01 1.128348e+01
      vertex   4.509601e+01 -2.686673e+01 1.548306e+01
    endloop
  endfacet
  facet normal -9.387853e-01 3.445019e-01 -7.635349e-04
    outer loop
      vertex   4.509601e+01 -2.686673e+01 1.548306e+01
      vertex   4.505638e+01 -2.698404e+01 1.128348e+01
      vertex   4.502523e+01 -2.706921e+01 1.115711e+01
    endloop
  endfacet
  facet normal -9.446132e-01 3.281856e-01 -1.896146e-04
    outer loop
      vertex   4.510745e+01 -2.683462e+01 1.548306e+01
      vertex   4.509082e+01 -2.688484e+01 1.139170e+01
      vertex   4.510129e+01 -2.685236e+01 1.548306e+01
    endloop
  endfacet
  facet normal -9.446132e-01 3.281856e-01 -1.896146e-04
    outer loop
      vertex   4.510129e+01 -2.685236e+01 1.548306e+01
      vertex   4.509082e+01 -2.688484e+01 1.139170e+01
      vertex   4.505638e+01 -2.698404e+01 1.128348e+01
    endloop
  endfacet
  facet normal -9.509334e-01 3.093957e-01 6.674101e-05
    outer loop
      vertex   4.511449e+01 -2.681299e+01 1.548306e+01
      vertex   4.512849e+01 -2.676910e+01 1.148503e+01
      vertex   4.510745e+01 -2.683462e+01 1.548306e+01
    endloop
  endfacet
  facet normal -9.509334e-01 3.093957e-01 6.674101e-05
    outer loop
      vertex   4.510745e+01 -2.683462e+01 1.548306e+01
      vertex   4.512849e+01 -2.676910e+01 1.148503e+01
      vertex   4.509082e+01 -2.688484e+01 1.139170e+01
    endloop
  endfacet
  facet normal -9.573150e-01 2.890467e-01 -1.790057e-04
    outer loop
      vertex   4.511449e+01 -2.681299e+01 1.548306e+01
      vertex   4.512212e+01 -2.678771e+01 1.548306e+01
      vertex   4.512849e+01 -2.676910e+01 1.148503e+01
    endloop
  endfacet
  facet normal -9.573150e-01 2.890467e-01 -1.790057e-04
    outer loop
      vertex   4.512849e+01 -2.676910e+01 1.148503e+01
      vertex   4.512212e+01 -2.678771e+01 1.548306e+01
      vertex   4.516804e+01 -2.663807e+01 1.156194e+01
    endloop
  endfacet
  facet normal -9.640258e-01 2.658064e-01 -1.144512e-03
    outer loop
      vertex   4.512212e+01 -2.678771e+01 1.548306e+01
      vertex   4.512984e+01 -2.675971e+01 1.548306e+01
      vertex   4.516804e+01 -2.663807e+01 1.156194e+01
    endloop
  endfacet
  facet normal -9.640258e-01 2.658064e-01 -1.144512e-03
    outer loop
      vertex   4.516804e+01 -2.663807e+01 1.156194e+01
      vertex   4.512984e+01 -2.675971e+01 1.548306e+01
      vertex   4.520718e+01 -2.649588e+01 1.161814e+01
    endloop
  endfacet
  facet normal -9.704080e-01 2.414534e-01 -2.934671e-03
    outer loop
      vertex   4.512984e+01 -2.675971e+01 1.548306e+01
      vertex   4.513715e+01 -2.673034e+01 1.548306e+01
      vertex   4.520718e+01 -2.649588e+01 1.161814e+01
    endloop
  endfacet
  facet normal -9.704080e-01 2.414534e-01 -2.934671e-03
    outer loop
      vertex   4.520718e+01 -2.649588e+01 1.161814e+01
      vertex   4.513715e+01 -2.673034e+01 1.548306e+01
      vertex   4.524392e+01 -2.634781e+01 1.165184e+01
    endloop
  endfacet
  facet normal -9.723610e-01 2.334519e-01 -3.788025e-03
    outer loop
      vertex   4.513715e+01 -2.673034e+01 1.548306e+01
      vertex   4.531107e+01 -2.600595e+01 1.548306e+01
      vertex   4.524392e+01 -2.634781e+01 1.165184e+01
    endloop
  endfacet
  facet normal -9.762706e-01 2.165429e-01 -2.210712e-03
    outer loop
      vertex   4.531744e+01 -2.597720e+01 1.548306e+01
      vertex   4.527668e+01 -2.620000e+01 1.166306e+01
      vertex   4.531107e+01 -2.600595e+01 1.548306e+01
    endloop
  endfacet
  facet normal -9.762706e-01 2.165429e-01 -2.210712e-03
    outer loop
      vertex   4.531107e+01 -2.600595e+01 1.548306e+01
      vertex   4.527668e+01 -2.620000e+01 1.166306e+01
      vertex   4.524392e+01 -2.634781e+01 1.165184e+01
    endloop
  endfacet
  facet normal -9.854666e-01 1.698684e-01 6.096584e-04
    outer loop
      vertex   4.533084e+01 -2.589950e+01 1.548306e+01
      vertex   4.534509e+01 -2.580312e+01 1.166306e+01
      vertex   4.531744e+01 -2.597720e+01 1.548306e+01
    endloop
  endfacet
  facet normal -9.854666e-01 1.698684e-01 6.096584e-04
    outer loop
      vertex   4.531744e+01 -2.597720e+01 1.548306e+01
      vertex   4.534509e+01 -2.580312e+01 1.166306e+01
      vertex   4.527668e+01 -2.620000e+01 1.166306e+01
    endloop
  endfacet
  facet normal -9.947616e-01 1.022154e-01 -1.131917e-03
    outer loop
      vertex   4.533084e+01 -2.589950e+01 1.548306e+01
      vertex   4.533890e+01 -2.582106e+01 1.548306e+01
      vertex   4.534509e+01 -2.580312e+01 1.166306e+01
    endloop
  endfacet
  facet normal -9.947616e-01 1.022154e-01 -1.131917e-03
    outer loop
      vertex   4.534509e+01 -2.580312e+01 1.166306e+01
      vertex   4.533890e+01 -2.582106e+01 1.548306e+01
      vertex   4.538625e+01 -2.540250e+01 1.166306e+01
    endloop
  endfacet
  facet normal -9.969105e-01 7.845617e-02 -3.761890e-03
    outer loop
      vertex   4.533890e+01 -2.582106e+01 1.548306e+01
      vertex   4.539731e+01 -2.507880e+01 1.548306e+01
      vertex   4.538625e+01 -2.540250e+01 1.166306e+01
    endloop
  endfacet
  facet normal -9.994168e-01 3.414664e-02 0.000000e+00
    outer loop
      vertex   4.540000e+01 -2.500000e+01 1.548306e+01
      vertex   4.540000e+01 -2.500000e+01 1.166306e+01
      vertex   4.539731e+01 -2.507880e+01 1.548306e+01
    endloop
  endfacet
  facet normal -9.994168e-01 3.414664e-02 3.934570e-16
    outer loop
      vertex   4.539731e+01 -2.507880e+01 1.548306e+01
      vertex   4.540000e+01 -2.500000e+01 1.166306e+01
      vertex   4.538625e+01 -2.540250e+01 1.166306e+01
    endloop
  endfacet
  facet normal -9.978564e-01 -6.540261e-02 -2.265912e-03
    outer loop
      vertex   4.698413e+01 2.545281e+01 1.033250e+01
      vertex   4.698160e+01 2.552500e+01 9.363061e+00
      vertex   4.699308e+01 2.531634e+01 1.033252e+01
    endloop
  endfacet
  facet normal -9.978564e-01 -6.540261e-02 -2.265912e-03
    outer loop
      vertex   4.699308e+01 2.531634e+01 1.033252e+01
      vertex   4.698160e+01 2.552500e+01 9.363061e+00
      vertex   4.701887e+01 2.531634e+01 -1.027783e+00
    endloop
  endfacet
  facet normal -9.978564e-01 -6.540261e-02 -2.265912e-03
    outer loop
      vertex   4.701887e+01 2.531634e+01 -1.027783e+00
      vertex   4.698160e+01 2.552500e+01 9.363061e+00
      vertex   4.694101e+01 2.670336e+01 -6.771981e+00
    endloop
  endfacet
  facet normal -9.978564e-01 -6.540261e-02 -2.265912e-03
    outer loop
      vertex   4.701887e+01 2.531634e+01 -1.027783e+00
      vertex   4.694101e+01 2.670336e+01 -6.771981e+00
      vertex   4.701887e+01 2.551534e+01 -6.771804e+00
    endloop
  endfacet
  facet normal -9.978564e-01 -6.540261e-02 -2.265912e-03
    outer loop
      vertex   4.697531e+01 2.558742e+01 1.033248e+01
      vertex   4.690217e+01 2.670336e+01 1.033231e+01
      vertex   4.698160e+01 2.552500e+01 9.363061e+00
    endloop
  endfacet
  facet normal -9.978564e-01 -6.540261e-02 -2.265912e-03
    outer loop
      vertex   4.698160e+01 2.552500e+01 9.363061e+00
      vertex   4.690217e+01 2.670336e+01 1.033231e+01
      vertex   4.694101e+01 2.670336e+01 -6.771981e+00
    endloop
  endfacet
  facet normal 1.000000e+00 -0.000000e+00 0.000000e+00
    outer loop
      vertex   -4.700000e+01 2.500000e+01 1.413060e+00
      vertex   -4.700000e+01 2.500000e+01 -9.986939e+00
      vertex   -4.700000e+01 2.531634e+01 1.413060e+00
    endloop
  endfacet
  facet normal 1.000000e+00 0.000000e+00 0.000000e+00
    outer loop
      vertex   -4.700000e+01 2.531634e+01 1.413060e+00
      vertex   -4.700000e+01 2.500000e+01 -9.986939e+00
      vertex   -4.700000e+01 2.531634e+01 -9.986939e+00
    endloop
  endfacet
  facet normal 0.000000e+00 0.000000e+00 1.000000e+00
    outer loop
      vertex   1.800000e+01 2.450000e+01 -1.158694e+01
      vertex   1.803408e+01 2.424118e+01 -1.158694e+01
      vertex   1.986603e+01 2.400000e+01 -1.158694e+01
    endloop
  endfacet
  facet normal 0.000000e+00 0.000000e+00 1.000000e+00
    outer loop
      vertex   1.986603e+01 2.400000e+01 -1.158694e+01
      vertex   1.803408e+01 2.424118e+01 -1.158694e+01
      vertex   1.813397e+01 2.400000e+01 -1.158694e+01
    endloop
  endfacet
  facet normal 0.000000e+00 0.000000e+00 1.000000e+00
    outer loop
      vertex   1.986603e+01 2.400000e+01 -1.158694e+01
      vertex   1.813397e+01 2.400000e+01 -1.158694e+01
      vertex   1.970711e+01 2.379289e+01 -1.158694e+01
    endloop
  endfacet
  facet normal 0.000000e+00 0.000000e+00 1.000000e+00
    outer loop
      vertex   1.970711e+01 2.379289e+01 -1.158694e+01
      vertex   1.813397e+01 2.400000e+01 -1.158694e+01
      vertex   1.829289e+01 2.379289e+01 -1.158694e+01
    endloop
  endfacet
  facet normal 0.000000e+00 0.000000e+00 1.000000e+00
    outer loop
      vertex   1.970711e+01 2.379289e+01 -1.158694e+01
      vertex   1.829289e+01 2.379289e+01 -1.158694e+01
      vertex   1.950000e+01 2.363397e+01 -1.158694e+01
    endloop
  endfacet
  facet normal 0.000000e+00 0.000000e+00 1.000000e+00
    outer loop
      vertex   1.950000e+01 2.363397e+01 -1.158694e+01
      vertex   1.829289e+01 2.379289e+01 -1.158694e+01
      vertex   1.925882e+01 2.353408e+01 -1.158694e+01
    endloop
  endfacet
  facet normal 0.000000e+00 0.000000e+00 1.000000e+00
    outer loop
      vertex   1.925882e+01 2.353408e+01 -1.158694e+01
      vertex   1.829289e+01 2.379289e+01 -1.158694e+01
      vertex   1.850000e+01 2.363397e+01 -1.158694e+01
    endloop
  endfacet
  facet normal 0.000000e+00 0.000000e+00 1.000000e+00
    outer loop
      vertex   1.925882e+01 2.353408e+01 -1.158694e+01
      vertex   1.850000e+01 2.363397e+01 -1.158694e+01
      vertex   1.874118e+01 2.353408e+01 -1.158694e+01
    endloop
  endfacet
  facet normal -0.000000e+00 0.000000e+00 1.000000e+00
    outer loop
      vertex   1.874118e+01 2.353408e+01 -1.158694e+01
      vertex   1.900000e+01 2.350000e+01 -1.158694e+01
      vertex   1.925882e+01 2.353408e+01 -1.158694e+01
    endloop
  endfacet
  facet normal -0.000000e+00 0.000000e+00 1.000000e+00
    outer loop
      vertex   1.800000e+01 2.450000e+01 -1.158694e+01
      vertex   1.986603e+01 2.400000e+01 -1.158694e+01
      vertex   1.803408e+01 2.475882e+01 -1.158694e+01
    endloop
  endfacet
  facet normal 0.000000e+00 0.000000e+00 1.000000e+00
    outer loop
      vertex   1.803408e+01 2.475882e+01 -1.158694e+01
      vertex   1.986603e+01 2.400000e+01 -1.158694e+01
      vertex   1.996593e+01 2.424118e+01 -1.158694e+01
    endloop
  endfacet
  facet normal -0.000000e+00 0.000000e+00 1.000000e+00
    outer loop
      vertex   1.803408e+01 2.475882e+01 -1.158694e+01
      vertex   1.996593e+01 2.424118e+01 -1.158694e+01
      vertex   1.813397e+01 2.500000e+01 -1.158694e+01
    endloop
  endfacet
  facet normal 0.000000e+00 0.000000e+00 1.000000e+00
    outer loop
      vertex   1.813397e+01 2.500000e+01 -1.158694e+01
      vertex   1.996593e+01 2.424118e+01 -1.158694e+01
      vertex   2.000000e+01 2.450000e+01 -1.158694e+01
    endloop
  endfacet
  facet normal 0.000000e+00 0.000000e+00 1.000000e+00
    outer loop
      vertex   1.813397e+01 2.500000e+01 -1.158694e+01
      vertex   2.000000e+01 2.450000e+01 -1.158694e+01
      vertex   1.996593e+01 2.475882e+01 -1.158694e+01
    endloop
  endfacet
  facet normal 0.000000e+00 0.000000e+00 1.000000e+00
    outer loop
      vertex   1.996593e+01 2.475882e+01 -1.158694e+01
      vertex   1.986603e+01 2.500000e+01 -1.158694e+01
      vertex   1.813397e+01 2.500000e+01 -1.158694e+01
    endloop
  endfacet
  facet normal 0.000000e+00 0.000000e+00 1.000000e+00
    outer loop
      vertex   1.813397e+01 2.500000e+01 -1.158694e+01
      vertex   1.986603e+01 2.500000e+01 -1.158694e+01
      vertex   1.829289e+01 2.520711e+01 -1.158694e+01
    endloop
  endfacet
  facet normal -0.000000e+00 0.000000e+00 1.000000e+00
    outer loop
      vertex   1.829289e+01 2.520711e+01 -1.158694e+01
      vertex   1.986603e+01 2.500000e+01 -1.158694e+01
      vertex   1.970711e+01 2.520711e+01 -1.158694e+01
    endloop
  endfacet
  facet normal 0.000000e+00 0.000000e+00 1.000000e+00
    outer loop
      vertex   1.829289e+01 2.520711e+01 -1.158694e+01
      vertex   1.970711e+01 2.520711e+01 -1.158694e+01
      vertex   1.850000e+01 2.536603e+01 -1.158694e+01
    endloop
  endfacet
  facet normal -0.000000e+00 0.000000e+00 1.000000e+00
    outer loop
      vertex   1.850000e+01 2.536603e+01 -1.158694e+01
      vertex   1.970711e+01 2.520711e+01 -1.158694e+01
      vertex   1.874118e+01 2.546592e+01 -1.158694e+01
    endloop
  endfacet
  facet normal 0.000000e+00 0.000000e+00 1.000000e+00
    outer loop
      vertex   1.874118e+01 2.546592e+01 -1.158694e+01
      vertex   1.970711e+01 2.520711e+01 -1.158694e+01
      vertex   1.950000e+01 2.536603e+01 -1.158694e+01
    endloop
  endfacet
  facet normal -0.000000e+00 0.000000e+00 1.000000e+00
    outer loop
      vertex   1.874118e+01 2.546592e+01 -1.158694e+01
      vertex   1.950000e+01 2.536603e+01 -1.158694e+01
      vertex   1.925882e+01 2.546592e+01 -1.158694e+01
    endloop
  endfacet
  facet normal 0.000000e+00 0.000000e+00 1.000000e+00
    outer loop
      vertex   1.925882e+01 2.546592e+01 -1.158694e+01
      vertex   1.900000e+01 2.550000e+01 -1.158694e+01
      vertex   1.874118e+01 2.546592e+01 -1.158694e+01
    endloop
  endfacet
  facet normal 0.000000e+00 0.000000e+00 1.000000e+00
    outer loop
      vertex   1.800000e+01 -2.450000e+01 -1.158694e+01
      vertex   1.803408e+01 -2.475882e+01 -1.158694e+01
      vertex   1.986603e+01 -2.500000e+01 -1.158694e+01
    endloop
  endfacet
  facet normal 0.000000e+00 0.000000e+00 1.000000e+00
    outer loop
      vertex   1.986603e+01 -2.500000e+01 -1.158694e+01
      vertex   1.803408e+01 -2.475882e+01 -1.158694e+01
      vertex   1.813397e+01 -2.500000e+01 -1.158694e+01
    endloop
  endfacet
  facet normal 0.000000e+00 0.000000e+00 1.000000e+00
    outer loop
      vertex   1.986603e+01 -2.500000e+01 -1.158694e+01
      vertex   1.813397e+01 -2.500000e+01 -1.158694e+01
      vertex   1.970711e+01 -2.520711e+01 -1.158694e+01
    endloop
  endfacet
  facet normal 0.000000e+00 0.000000e+00 1.000000e+00
    outer loop
      vertex   1.970711e+01 -2.520711e+01 -1.158694e+01
      vertex   1.813397e+01 -2.500000e+01 -1.158694e+01
      vertex   1.829289e+01 -2.520711e+01 -1.158694e+01
    endloop
  endfacet
  facet normal 0.000000e+00 0.000000e+00 1.000000e+00
    outer loop
      vertex   1.970711e+01 -2.520711e+01 -1.158694e+01
      vertex   1.829289e+01 -2.520711e+01 -1.158694e+01
      vertex   1.950000e+01 -2.536603e+01 -1.158694e+01
    endloop
  endfacet
  facet normal 0.000000e+00 0.000000e+00 1.000000e+00
    outer loop
      vertex   1.950000e+01 -2.536603e+01 -1.158694e+01
      vertex   1.829289e+01 -2.520711e+01 -1.158694e+01
      vertex   1.925882e+01 -2.546592e+01 -1.158694e+01
    endloop
  endfacet
  facet normal 0.000000e+00 0.000000e+00 1.000000e+00
    outer loop
      vertex   1.925882e+01 -2.546592e+01 -1.158694e+01
      vertex   1.829289e+01 -2.520711e+01 -1.158694e+01
      vertex   1.850000e+01 -2.536603e+01 -1.158694e+01
    endloop
  endfacet
  facet normal 0.000000e+00 0.000000e+00 1.000000e+00
    outer loop
      vertex   1.925882e+01 -2.546592e+01 -1.158694e+01
      vertex   1.850000e+01 -2.536603e+01 -1.158694e+01
      vertex   1.874118e+01 -2.546592e+01 -1.158694e+01
    endloop
  endfacet
  facet normal -0.000000e+00 0.000000e+00 1.000000e+00
    outer loop
      vertex   1.874118e+01 -2.546592e+01 -1.158694e+01
      vertex   1.900000e+01 -2.550000e+01 -1.158694e+01
      vertex   1.925882e+01 -2.546592e+01 -1.158694e+01
    endloop
  endfacet
  facet normal -0.000000e+00 0.000000e+00 1.000000e+00
    outer loop
      vertex   1.800000e+01 -2.450000e+01 -1.158694e+01
      vertex   1.986603e+01 -2.500000e+01 -1.158694e+01
      vertex   1.803408e+01 -2.424118e+01 -1.158694e+01
    endloop
  endfacet
  facet normal 0.000000e+00 0.000000e+00 1.000000e+00
    outer loop
      vertex   1.803408e+01 -2.424118e+01 -1.158694e+01
      vertex   1.986603e+01 -2.500000e+01 -1.158694e+01
      vertex   1.996593e+01 -2.475882e+01 -1.158694e+01
    endloop
  endfacet
  facet normal -0.000000e+00 0.000000e+00 1.000000e+00
    outer loop
      vertex   1.803408e+01 -2.424118e+01 -1.158694e+01
      vertex   1.996593e+01 -2.475882e+01 -1.158694e+01
      vertex   1.813397e+01 -2.400000e+01 -1.158694e+01
    endloop
  endfacet
  facet normal 0.000000e+00 0.000000e+00 1.000000e+00
    outer loop
      vertex   1.813397e+01 -2.400000e+01 -1.158694e+01
      vertex   1.996593e+01 -2.475882e+01 -1.158694e+01
      vertex   2.000000e+01 -2.450000e+01 -1.158694e+01
    endloop
  endfacet
  facet normal 0.000000e+00 0.000000e+00 1.000000e+00
    outer loop
      vertex   1.813397e+01 -2.400000e+01 -1.158694e+01
      vertex   2.000000e+01 -2.450000e+01 -1.158694e+01
      vertex   1.996593e+01 -2.424118e+01 -1.158694e+01
    endloop
  endfacet
  facet normal 0.000000e+00 0.000000e+00 1.000000e+00
    outer loop
      vertex   1.996593e+01 -2.424118e+01 -1.158694e+01
      vertex   1.986603e+01 -2.400000e+01 -1.158694e+01
      vertex   1.813397e+01 -2.400000e+01 -1.158694e+01
    endloop
  endfacet
  facet normal 0.000000e+00 0.000000e+00 1.000000e+00
    outer loop
      vertex   1.813397e+01 -2.400000e+01 -1.158694e+01
      vertex   1.986603e+01 -2.400000e+01 -1.158694e+01
      vertex   1.829289e+01 -2.379289e+01 -1.158694e+01
    endloop
  endfacet
  facet normal -0.000000e+00 0.000000e+00 1.000000e+00
    outer loop
      vertex   1.829289e+01 -2.379289e+01 -1.158694e+01
      vertex   1.986603e+01 -2.400000e+01 -1.158694e+01
      vertex   1.970711e+01 -2.379289e+01 -1.158694e+01
    endloop
  endfacet
  facet normal 0.000000e+00 0.000000e+00 1.000000e+00
    outer loop
      vertex   1.829289e+01 -2.379289e+01 -1.158694e+01
      vertex   1.970711e+01 -2.379289e+01 -1.158694e+01
      vertex   1.850000e+01 -2.363397e+01 -1.158694e+01
    endloop
  endfacet
  facet normal -0.000000e+00 0.000000e+00 1.000000e+00
    outer loop
      vertex   1.850000e+01 -2.363397e+01 -1.158694e+01
      vertex   1.970711e+01 -2.379289e+01 -1.158694e+01
      vertex   1.874118e+01 -2.353408e+01 -1.158694e+01
    endloop
  endfacet
  facet normal 0.000000e+00 0.000000e+00 1.000000e+00
    outer loop
      vertex   1.874118e+01 -2.353408e+01 -1.158694e+01
      vertex   1.970711e+01 -2.379289e+01 -1.158694e+01
      vertex   1.950000e+01 -2.363397e+01 -1.158694e+01
    endloop
  endfacet
  facet normal -0.000000e+00 0.000000e+00 1.000000e+00
    outer loop
      vertex   1.874118e+01 -2.353408e+01 -1.158694e+01
      vertex   1.950000e+01 -2.363397e+01 -1.158694e+01
      vertex   1.925882e+01 -2.353408e+01 -1.158694e+01
    endloop
  endfacet
  facet normal 0.000000e+00 0.000000e+00 1.000000e+00
    outer loop
      vertex   1.925882e+01 -2.353408e+01 -1.158694e+01
      vertex   1.900000e+01 -2.350000e+01 -1.158694e+01
      vertex   1.874118e+01 -2.353408e+01 -1.158694e+01
    endloop
  endfacet
  facet normal 0.000000e+00 0.000000e+00 1.000000e+00
    outer loop
      vertex   3.978487e+01 -3.248133e+01 -1.158694e+01
      vertex   3.978768e+01 -3.248126e+01 -1.158694e+01
      vertex   3.979330e+01 -3.248078e+01 -1.158694e+01
    endloop
  endfacet
  facet normal 0.000000e+00 0.000000e+00 1.000000e+00
    outer loop
      vertex   3.979330e+01 -3.248078e+01 -1.158694e+01
      vertex   3.978768e+01 -3.248126e+01 -1.158694e+01
      vertex   3.979049e+01 -3.248119e+01 -1.158694e+01
    endloop
  endfacet
  facet normal 0.000000e+00 0.000000e+00 1.000000e+00
    outer loop
      vertex   3.979330e+01 -3.248078e+01 -1.158694e+01
      vertex   3.979049e+01 -3.248119e+01 -1.158694e+01
      vertex   3.979330e+01 -3.248111e+01 -1.158694e+01
    endloop
  endfacet
  facet normal -0.000000e+00 0.000000e+00 1.000000e+00
    outer loop
      vertex   -3.970711e+01 -2.379289e+01 -1.158694e+01
      vertex   -3.974670e+01 -2.384449e+01 -1.158694e+01
      vertex   -3.950000e+01 -2.363397e+01 -1.158694e+01
    endloop
  endfacet
  facet normal 0.000000e+00 0.000000e+00 1.000000e+00
    outer loop
      vertex   -3.950000e+01 -2.363397e+01 -1.158694e+01
      vertex   -3.974670e+01 -2.384449e+01 -1.158694e+01
      vertex   -3.974670e+01 -2.515551e+01 -1.158694e+01
    endloop
  endfacet
  facet normal -0.000000e+00 0.000000e+00 1.000000e+00
    outer loop
      vertex   -3.950000e+01 -2.363397e+01 -1.158694e+01
      vertex   -3.974670e+01 -2.515551e+01 -1.158694e+01
      vertex   -3.925882e+01 -2.353408e+01 -1.158694e+01
    endloop
  endfacet
  facet normal -0.000000e+00 0.000000e+00 1.000000e+00
    outer loop
      vertex   -3.925882e+01 -2.353408e+01 -1.158694e+01
      vertex   -3.974670e+01 -2.515551e+01 -1.158694e+01
      vertex   -3.900000e+01 -2.350000e+01 -1.158694e+01
    endloop
  endfacet
  facet normal 0.000000e+00 0.000000e+00 1.000000e+00
    outer loop
      vertex   -3.900000e+01 -2.350000e+01 -1.158694e+01
      vertex   -3.974670e+01 -2.515551e+01 -1.158694e+01
      vertex   -3.874118e+01 -2.353408e+01 -1.158694e+01
    endloop
  endfacet
  facet normal 0.000000e+00 0.000000e+00 1.000000e+00
    outer loop
      vertex   -3.874118e+01 -2.353408e+01 -1.158694e+01
      vertex   -3.974670e+01 -2.515551e+01 -1.158694e+01
      vertex   -3.850000e+01 -2.363397e+01 -1.158694e+01
    endloop
  endfacet
  facet normal 0.000000e+00 0.000000e+00 1.000000e+00
    outer loop
      vertex   -3.850000e+01 -2.363397e+01 -1.158694e+01
      vertex   -3.974670e+01 -2.515551e+01 -1.158694e+01
      vertex   -3.829289e+01 -2.379289e+01 -1.158694e+01
    endloop
  endfacet
  facet normal 0.000000e+00 0.000000e+00 1.000000e+00
    outer loop
      vertex   -3.829289e+01 -2.379289e+01 -1.158694e+01
      vertex   -3.974670e+01 -2.515551e+01 -1.158694e+01
      vertex   -3.813398e+01 -2.400000e+01 -1.158694e+01
    endloop
  endfacet
  facet normal 0.000000e+00 0.000000e+00 1.000000e+00
    outer loop
      vertex   -3.813398e+01 -2.400000e+01 -1.158694e+01
      vertex   -3.974670e+01 -2.515551e+01 -1.158694e+01
      vertex   -3.803407e+01 -2.424118e+01 -1.158694e+01
    endloop
  endfacet
  facet normal 0.000000e+00 0.000000e+00 1.000000e+00
    outer loop
      vertex   -3.803407e+01 -2.424118e+01 -1.158694e+01
      vertex   -3.974670e+01 -2.515551e+01 -1.158694e+01
      vertex   -3.800000e+01 -2.450000e+01 -1.158694e+01
    endloop
  endfacet
  facet normal 0.000000e+00 0.000000e+00 1.000000e+00
    outer loop
      vertex   -3.800000e+01 -2.450000e+01 -1.158694e+01
      vertex   -3.974670e+01 -2.515551e+01 -1.158694e+01
      vertex   -3.803407e+01 -2.475882e+01 -1.158694e+01
    endloop
  endfacet
  facet normal 0.000000e+00 0.000000e+00 1.000000e+00
    outer loop
      vertex   -3.803407e+01 -2.475882e+01 -1.158694e+01
      vertex   -3.974670e+01 -2.515551e+01 -1.158694e+01
      vertex   -3.813398e+01 -2.500000e+01 -1.158694e+01
    endloop
  endfacet
  facet normal 0.000000e+00 0.000000e+00 1.000000e+00
    outer loop
      vertex   -3.813398e+01 -2.500000e+01 -1.158694e+01
      vertex   -3.974670e+01 -2.515551e+01 -1.158694e+01
      vertex   -3.829289e+01 -2.520711e+01 -1.158694e+01
    endloop
  endfacet
  facet normal 0.000000e+00 0.000000e+00 1.000000e+00
    outer loop
      vertex   -3.829289e+01 -2.520711e+01 -1.158694e+01
      vertex   -3.974670e+01 -2.515551e+01 -1.158694e+01
      vertex   -3.850000e+01 -2.536603e+01 -1.158694e+01
    endloop
  endfacet
  facet normal 0.000000e+00 0.000000e+00 1.000000e+00
    outer loop
      vertex   -3.850000e+01 -2.536603e+01 -1.158694e+01
      vertex   -3.974670e+01 -2.515551e+01 -1.158694e+01
      vertex   -3.874118e+01 -2.546592e+01 -1.158694e+01
    endloop
  endfacet
  facet normal 0.000000e+00 0.000000e+00 1.000000e+00
    outer loop
      vertex   -3.874118e+01 -2.546592e+01 -1.158694e+01
      vertex   -3.974670e+01 -2.515551e+01 -1.158694e+01
      vertex   -3.900000e+01 -2.550000e+01 -1.158694e+01
    endloop
  endfacet
  facet normal 0.000000e+00 0.000000e+00 1.000000e+00
    outer loop
      vertex   -3.900000e+01 -2.550000e+01 -1.158694e+01
      vertex   -3.974670e+01 -2.515551e+01 -1.158694e+01
      vertex   -3.925882e+01 -2.546592e+01 -1.158694e+01
    endloop
  endfacet
  facet normal 0.000000e+00 0.000000e+00 1.000000e+00
    outer loop
      vertex   -3.925882e+01 -2.546592e+01 -1.158694e+01
      vertex   -3.974670e+01 -2.515551e+01 -1.158694e+01
      vertex   -3.950000e+01 -2.536603e+01 -1.158694e+01
    endloop
  endfacet
  facet normal 0.000000e+00 0.000000e+00 1.000000e+00
    outer loop
      vertex   -3.950000e+01 -2.536603e+01 -1.158694e+01
      vertex   -3.974670e+01 -2.515551e+01 -1.158694e+01
      vertex   -3.970711e+01 -2.520711e+01 -1.158694e+01
    endloop
  endfacet
  facet normal -0.000000e+00 0.000000e+00 1.000000e+00
    outer loop
      vertex   -4.700000e+01 2.531634e+01 -9.986939e+00
      vertex   -4.700000e+01 2.500000e+01 -9.986939e+00
      vertex   -4.697927e+01 2.531634e+01 -9.986939e+00
    endloop
  endfacet
  facet normal -0.000000e+00 0.000000e+00 1.000000e+00
    outer loop
      vertex   4.698350e+01 2.531634e+01 -9.986939e+00
      vertex   4.699514e+01 2.513884e+01 -9.986939e+00
      vertex   4.701887e+01 2.531634e+01 -9.986939e+00
    endloop
  endfacet
  facet normal 0.000000e+00 0.000000e+00 1.000000e+00
    outer loop
      vertex   4.701887e+01 2.531634e+01 -9.986939e+00
      vertex   4.699514e+01 2.513884e+01 -9.986939e+00
      vertex   4.699784e+01 2.509260e+01 -9.986939e+00
    endloop
  endfacet
  facet normal 0.000000e+00 0.000000e+00 1.000000e+00
    outer loop
      vertex   4.701887e+01 2.531634e+01 -9.986939e+00
      vertex   4.699784e+01 2.509260e+01 -9.986939e+00
      vertex   4.699946e+01 2.504632e+01 -9.986939e+00
    endloop
  endfacet
  facet normal -0.000000e+00 0.000000e+00 1.000000e+00
    outer loop
      vertex   4.699946e+01 2.504632e+01 -9.986939e+00
      vertex   4.700000e+01 2.500000e+01 -9.986939e+00
      vertex   4.701887e+01 2.531634e+01 -9.986939e+00
    endloop
  endfacet
  facet normal 0.000000e+00 0.000000e+00 1.000000e+00
    outer loop
      vertex   4.701887e+01 2.531634e+01 -9.986939e+00
      vertex   4.700000e+01 2.500000e+01 -9.986939e+00
      vertex   4.701887e+01 -2.506366e+01 -9.986939e+00
    endloop
  endfacet
  facet normal 0.000000e+00 0.000000e+00 1.000000e+00
    outer loop
      vertex   4.701887e+01 -2.506366e+01 -9.986939e+00
      vertex   4.700000e+01 2.500000e+01 -9.986939e+00
      vertex   4.700000e+01 -2.500000e+01 -9.986939e+00
    endloop
  endfacet
  facet normal 0.000000e+00 0.000000e+00 1.000000e+00
    outer loop
      vertex   4.701887e+01 -2.506366e+01 -9.986939e+00
      vertex   4.700000e+01 -2.500000e+01 -9.986939e+00
      vertex   4.699725e+01 -2.510279e+01 -9.986939e+00
    endloop
  endfacet
  facet normal 0.000000e+00 0.000000e+00 1.000000e+00
    outer loop
      vertex   4.701887e+01 -2.506366e+01 -9.986939e+00
      vertex   4.699725e+01 -2.510279e+01 -9.986939e+00
      vertex   4.701877e+01 -2.510291e+01 -9.986939e+00
    endloop
  endfacet
  facet normal 0.000000e+00 0.000000e+00 1.000000e+00
    outer loop
      vertex   4.701877e+01 -2.510291e+01 -9.986939e+00
      vertex   4.699725e+01 -2.510279e+01 -9.986939e+00
      vertex   4.694951e+01 -2.583113e+01 -9.986939e+00
    endloop
  endfacet
  facet normal 0.000000e+00 0.000000e+00 1.000000e+00
    outer loop
      vertex   4.701877e+01 -2.510291e+01 -9.986939e+00
      vertex   4.694951e+01 -2.583113e+01 -9.986939e+00
      vertex   4.693217e+01 -2.619465e+01 -9.986939e+00
    endloop
  endfacet
  facet normal 0.000000e+00 0.000000e+00 1.000000e+00
    outer loop
      vertex   4.693217e+01 -2.619465e+01 -9.986939e+00
      vertex   4.694951e+01 -2.583113e+01 -9.986939e+00
      vertex   4.694126e+01 -2.593363e+01 -9.986939e+00
    endloop
  endfacet
  facet normal 0.000000e+00 -0.000000e+00 1.000000e+00
    outer loop
      vertex   4.693217e+01 -2.619465e+01 -9.986939e+00
      vertex   4.694126e+01 -2.593363e+01 -9.986939e+00
      vertex   4.692753e+01 -2.603554e+01 -9.986939e+00
    endloop
  endfacet
  facet normal 0.000000e+00 0.000000e+00 1.000000e+00
    outer loop
      vertex   4.692753e+01 -2.603554e+01 -9.986939e+00
      vertex   4.691895e+01 -2.608431e+01 -9.986939e+00
      vertex   4.693217e+01 -2.619465e+01 -9.986939e+00
    endloop
  endfacet
  facet normal 0.000000e+00 0.000000e+00 1.000000e+00
    outer loop
      vertex   4.693217e+01 -2.619465e+01 -9.986939e+00
      vertex   4.691895e+01 -2.608431e+01 -9.986939e+00
      vertex   4.677640e+01 -2.680092e+01 -9.986939e+00
    endloop
  endfacet
  facet normal 0.000000e+00 0.000000e+00 1.000000e+00
    outer loop
      vertex   4.693217e+01 -2.619465e+01 -9.986939e+00
      vertex   4.677640e+01 -2.680092e+01 -9.986939e+00
      vertex   4.676644e+01 -2.685011e+01 -9.986939e+00
    endloop
  endfacet
  facet normal 0.000000e+00 0.000000e+00 1.000000e+00
    outer loop
      vertex   4.693217e+01 -2.619465e+01 -9.986939e+00
      vertex   4.676644e+01 -2.685011e+01 -9.986939e+00
      vertex   4.668582e+01 -2.726176e+01 -9.986939e+00
    endloop
  endfacet
  facet normal 0.000000e+00 0.000000e+00 1.000000e+00
    outer loop
      vertex   4.668582e+01 -2.726176e+01 -9.986939e+00
      vertex   4.676644e+01 -2.685011e+01 -9.986939e+00
      vertex   4.675620e+01 -2.689487e+01 -9.986939e+00
    endloop
  endfacet
  facet normal 0.000000e+00 0.000000e+00 1.000000e+00
    outer loop
      vertex   4.668582e+01 -2.726176e+01 -9.986939e+00
      vertex   4.675620e+01 -2.689487e+01 -9.986939e+00
      vertex   4.674681e+01 -2.693221e+01 -9.986939e+00
    endloop
  endfacet
  facet normal 0.000000e+00 0.000000e+00 1.000000e+00
    outer loop
      vertex   4.674681e+01 -2.693221e+01 -9.986939e+00
      vertex   4.673878e+01 -2.696176e+01 -9.986939e+00
      vertex   4.668582e+01 -2.726176e+01 -9.986939e+00
    endloop
  endfacet
  facet normal 0.000000e+00 0.000000e+00 1.000000e+00
    outer loop
      vertex   4.668582e+01 -2.726176e+01 -9.986939e+00
      vertex   4.673878e+01 -2.696176e+01 -9.986939e+00
      vertex   4.673254e+01 -2.698341e+01 -9.986939e+00
    endloop
  endfacet
  facet normal 0.000000e+00 0.000000e+00 1.000000e+00
    outer loop
      vertex   4.668582e+01 -2.726176e+01 -9.986939e+00
      vertex   4.673254e+01 -2.698341e+01 -9.986939e+00
      vertex   4.672892e+01 -2.699546e+01 -9.986939e+00
    endloop
  endfacet
  facet normal 0.000000e+00 0.000000e+00 1.000000e+00
    outer loop
      vertex   4.672892e+01 -2.699546e+01 -9.986939e+00
      vertex   4.648509e+01 -2.771377e+01 -9.986939e+00
      vertex   4.668582e+01 -2.726176e+01 -9.986939e+00
    endloop
  endfacet
  facet normal 0.000000e+00 0.000000e+00 1.000000e+00
    outer loop
      vertex   4.668582e+01 -2.726176e+01 -9.986939e+00
      vertex   4.648509e+01 -2.771377e+01 -9.986939e+00
      vertex   4.648228e+01 -2.772224e+01 -9.986939e+00
    endloop
  endfacet
  facet normal 0.000000e+00 0.000000e+00 1.000000e+00
    outer loop
      vertex   4.668582e+01 -2.726176e+01 -9.986939e+00
      vertex   4.648228e+01 -2.772224e+01 -9.986939e+00
      vertex   4.642910e+01 -2.787013e+01 -9.986939e+00
    endloop
  endfacet
  facet normal 0.000000e+00 0.000000e+00 1.000000e+00
    outer loop
      vertex   4.668582e+01 -2.726176e+01 -9.986939e+00
      vertex   4.642910e+01 -2.787013e+01 -9.986939e+00
      vertex   4.628507e+01 -2.828098e+01 -9.986939e+00
    endloop
  endfacet
  facet normal 0.000000e+00 -0.000000e+00 1.000000e+00
    outer loop
      vertex   4.628507e+01 -2.828098e+01 -9.986939e+00
      vertex   4.642910e+01 -2.787013e+01 -9.986939e+00
      vertex   4.599519e+01 -2.875000e+01 -9.986939e+00
    endloop
  endfacet
  facet normal 0.000000e+00 0.000000e+00 1.000000e+00
    outer loop
      vertex   4.628507e+01 -2.828098e+01 -9.986939e+00
      vertex   4.599519e+01 -2.875000e+01 -9.986939e+00
      vertex   4.573867e+01 -2.923011e+01 -9.986939e+00
    endloop
  endfacet
  facet normal 0.000000e+00 -0.000000e+00 1.000000e+00
    outer loop
      vertex   4.573867e+01 -2.923011e+01 -9.986939e+00
      vertex   4.599519e+01 -2.875000e+01 -9.986939e+00
      vertex   4.545015e+01 -2.956571e+01 -9.986939e+00
    endloop
  endfacet
  facet normal 0.000000e+00 0.000000e+00 1.000000e+00
    outer loop
      vertex   4.573867e+01 -2.923011e+01 -9.986939e+00
      vertex   4.545015e+01 -2.956571e+01 -9.986939e+00
      vertex   4.505851e+01 -3.008848e+01 -9.986939e+00
    endloop
  endfacet
  facet normal 0.000000e+00 -0.000000e+00 1.000000e+00
    outer loop
      vertex   4.505851e+01 -3.008848e+01 -9.986939e+00
      vertex   4.545015e+01 -2.956571e+01 -9.986939e+00
      vertex   4.480330e+01 -3.030330e+01 -9.986939e+00
    endloop
  endfacet
  facet normal 0.000000e+00 0.000000e+00 1.000000e+00
    outer loop
      vertex   4.505851e+01 -3.008848e+01 -9.986939e+00
      vertex   4.480330e+01 -3.030330e+01 -9.986939e+00
      vertex   4.425941e+01 -3.083738e+01 -9.986939e+00
    endloop
  endfacet
  facet normal 0.000000e+00 -0.000000e+00 1.000000e+00
    outer loop
      vertex   4.425941e+01 -3.083738e+01 -9.986939e+00
      vertex   4.480330e+01 -3.030330e+01 -9.986939e+00
      vertex   4.406571e+01 -3.095015e+01 -9.986939e+00
    endloop
  endfacet
  facet normal 0.000000e+00 0.000000e+00 1.000000e+00
    outer loop
      vertex   4.425941e+01 -3.083738e+01 -9.986939e+00
      vertex   4.406571e+01 -3.095015e+01 -9.986939e+00
      vertex   4.335878e+01 -3.146049e+01 -9.986939e+00
    endloop
  endfacet
  facet normal 0.000000e+00 -0.000000e+00 1.000000e+00
    outer loop
      vertex   4.335878e+01 -3.146049e+01 -9.986939e+00
      vertex   4.406571e+01 -3.095015e+01 -9.986939e+00
      vertex   4.325000e+01 -3.149519e+01 -9.986939e+00
    endloop
  endfacet
  facet normal 0.000000e+00 0.000000e+00 1.000000e+00
    outer loop
      vertex   4.335878e+01 -3.146049e+01 -9.986939e+00
      vertex   4.325000e+01 -3.149519e+01 -9.986939e+00
      vertex   4.237624e+01 -3.194426e+01 -9.986939e+00
    endloop
  endfacet
  facet normal 0.000000e+00 -0.000000e+00 1.000000e+00
    outer loop
      vertex   4.237624e+01 -3.194426e+01 -9.986939e+00
      vertex   4.325000e+01 -3.149519e+01 -9.986939e+00
      vertex   4.237012e+01 -3.192910e+01 -9.986939e+00
    endloop
  endfacet
  facet normal 0.000000e+00 0.000000e+00 1.000000e+00
    outer loop
      vertex   4.237624e+01 -3.194426e+01 -9.986939e+00
      vertex   4.237012e+01 -3.192910e+01 -9.986939e+00
      vertex   4.144280e+01 -3.225089e+01 -9.986939e+00
    endloop
  endfacet
  facet normal 0.000000e+00 -0.000000e+00 1.000000e+00
    outer loop
      vertex   4.144280e+01 -3.225089e+01 -9.986939e+00
      vertex   4.237012e+01 -3.192910e+01 -9.986939e+00
      vertex   4.144114e+01 -3.224444e+01 -9.986939e+00
    endloop
  endfacet
  facet normal 0.000000e+00 0.000000e+00 1.000000e+00
    outer loop
      vertex   4.144280e+01 -3.225089e+01 -9.986939e+00
      vertex   4.144114e+01 -3.224444e+01 -9.986939e+00
      vertex   4.053943e+01 -3.242381e+01 -9.986939e+00
    endloop
  endfacet
  facet normal 0.000000e+00 0.000000e+00 1.000000e+00
    outer loop
      vertex   -4.700000e+01 -8.000000e+00 -9.986939e+00
      vertex   -4.690802e+01 -8.000000e+00 -9.986939e+00
      vertex   -4.700000e+01 8.000000e+00 -9.986939e+00
    endloop
  endfacet
  facet normal -0.000000e+00 0.000000e+00 1.000000e+00
    outer loop
      vertex   -4.700000e+01 8.000000e+00 -9.986939e+00
      vertex   -4.690802e+01 -8.000000e+00 -9.986939e+00
      vertex   -4.690802e+01 8.000000e+00 -9.986939e+00
    endloop
  endfacet
  facet normal 0.000000e+00 0.000000e+00 1.000000e+00
    outer loop
      vertex   3.979330e+01 -3.248111e+01 -9.986939e+00
      vertex   3.999008e+01 -3.247334e+01 -9.986939e+00
      vertex   3.979330e+01 -3.248078e+01 -9.986939e+00
    endloop
  endfacet
  facet normal 0.000000e+00 0.000000e+00 1.000000e+00
    outer loop
      vertex   3.979330e+01 -3.248078e+01 -9.986939e+00
      vertex   3.999008e+01 -3.247334e+01 -9.986939e+00
      vertex   4.018658e+01 -3.246035e+01 -9.986939e+00
    endloop
  endfacet
  facet normal 0.000000e+00 0.000000e+00 1.000000e+00
    outer loop
      vertex   3.979330e+01 -3.248078e+01 -9.986939e+00
      vertex   4.018658e+01 -3.246035e+01 -9.986939e+00
      vertex   4.038266e+01 -3.244215e+01 -9.986939e+00
    endloop
  endfacet
  facet normal 0.000000e+00 -0.000000e+00 1.000000e+00
    outer loop
      vertex   -3.986603e+01 2.400000e+01 -9.986939e+00
      vertex   -3.986603e+01 2.500000e+01 -9.986939e+00
      vertex   -3.996593e+01 2.424118e+01 -9.986939e+00
    endloop
  endfacet
  facet normal 0.000000e+00 0.000000e+00 1.000000e+00
    outer loop
      vertex   -3.996593e+01 2.424118e+01 -9.986939e+00
      vertex   -3.986603e+01 2.500000e+01 -9.986939e+00
      vertex   -3.996593e+01 2.475882e+01 -9.986939e+00
    endloop
  endfacet
  facet normal 0.000000e+00 -0.000000e+00 1.000000e+00
    outer loop
      vertex   -3.996593e+01 2.424118e+01 -9.986939e+00
      vertex   -3.996593e+01 2.475882e+01 -9.986939e+00
      vertex   -4.000000e+01 2.450000e+01 -9.986939e+00
    endloop
  endfacet
  facet normal -0.000000e+00 0.000000e+00 1.000000e+00
    outer loop
      vertex   -3.986603e+01 2.400000e+01 -9.986939e+00
      vertex   -3.974670e+01 2.384449e+01 -9.986939e+00
      vertex   -3.986603e+01 2.500000e+01 -9.986939e+00
    endloop
  endfacet
  facet normal -0.000000e+00 0.000000e+00 1.000000e+00
    outer loop
      vertex   -3.986603e+01 2.500000e+01 -9.986939e+00
      vertex   -3.974670e+01 2.384449e+01 -9.986939e+00
      vertex   -3.974670e+01 2.515551e+01 -9.986939e+00
    endloop
  endfacet
  facet normal 0.000000e+00 -0.000000e+00 1.000000e+00
    outer loop
      vertex   -3.986603e+01 -2.500000e+01 -9.986939e+00
      vertex   -3.986603e+01 -2.400000e+01 -9.986939e+00
      vertex   -3.996593e+01 -2.475882e+01 -9.986939e+00
    endloop
  endfacet
  facet normal 0.000000e+00 0.000000e+00 1.000000e+00
    outer loop
      vertex   -3.996593e+01 -2.475882e+01 -9.986939e+00
      vertex   -3.986603e+01 -2.400000e+01 -9.986939e+00
      vertex   -3.996593e+01 -2.424118e+01 -9.986939e+00
    endloop
  endfacet
  facet normal 0.000000e+00 -0.000000e+00 1.000000e+00
    outer loop
      vertex   -3.996593e+01 -2.475882e+01 -9.986939e+00
      vertex   -3.996593e+01 -2.424118e+01 -9.986939e+00
      vertex   -4.000000e+01 -2.450000e+01 -9.986939e+00
    endloop
  endfacet
  facet normal -0.000000e+00 0.000000e+00 1.000000e+00
    outer loop
      vertex   -3.986603e+01 -2.500000e+01 -9.986939e+00
      vertex   -3.974670e+01 -2.515551e+01 -9.986939e+00
      vertex   -3.986603e+01 -2.400000e+01 -9.986939e+00
    endloop
  endfacet
  facet normal -0.000000e+00 0.000000e+00 1.000000e+00
    outer loop
      vertex   -3.986603e+01 -2.400000e+01 -9.986939e+00
      vertex   -3.974670e+01 -2.515551e+01 -9.986939e+00
      vertex   -3.974670e+01 -2.384449e+01 -9.986939e+00
    endloop
  endfacet
  facet normal 1.000000e+00 0.000000e+00 0.000000e+00
    outer loop
      vertex   -3.974670e+01 -2.384449e+01 -9.986939e+00
      vertex   -3.974670e+01 -2.515551e+01 -9.986939e+00
      vertex   -3.974670e+01 -2.384449e+01 -1.158694e+01
    endloop
  endfacet
  facet normal 1.000000e+00 0.000000e+00 0.000000e+00
    outer loop
      vertex   -3.974670e+01 -2.384449e+01 -1.158694e+01
      vertex   -3.974670e+01 -2.515551e+01 -9.986939e+00
      vertex   -3.974670e+01 -2.515551e+01 -1.158694e+01
    endloop
  endfacet
  facet normal 1.000000e+00 0.000000e+00 0.000000e+00
    outer loop
      vertex   -3.974670e+01 2.515551e+01 -9.986939e+00
      vertex   -3.974670e+01 2.384449e+01 -9.986939e+00
      vertex   -3.974670e+01 2.515551e+01 -1.158694e+01
    endloop
  endfacet
  facet normal 1.000000e+00 0.000000e+00 0.000000e+00
    outer loop
      vertex   -3.974670e+01 2.515551e+01 -1.158694e+01
      vertex   -3.974670e+01 2.384449e+01 -9.986939e+00
      vertex   -3.974670e+01 2.384449e+01 -1.158694e+01
    endloop
  endfacet
  facet normal 1.000000e+00 0.000000e+00 0.000000e+00
    outer loop
      vertex   -4.700000e+01 -8.000000e+00 -9.986939e+00
      vertex   -4.700000e+01 8.000000e+00 -5.586939e+00
      vertex   -4.700000e+01 -8.000000e+00 -5.586939e+00
    endloop
  endfacet
  facet normal 1.000000e+00 0.000000e+00 0.000000e+00
    outer loop
      vertex   -4.700000e+01 -8.000000e+00 -5.586939e+00
      vertex   -4.700000e+01 8.000000e+00 -5.586939e+00
      vertex   -4.700000e+01 -7.000000e+00 -4.586940e+00
    endloop
  endfacet
  facet normal 1.000000e+00 0.000000e+00 0.000000e+00
    outer loop
      vertex   -4.700000e+01 -8.000000e+00 -5.586939e+00
      vertex   -4.700000e+01 -7.000000e+00 -4.586940e+00
      vertex   -4.700000e+01 -7.965925e+00 -5.328120e+00
    endloop
  endfacet
  facet normal 1.000000e+00 0.000000e+00 0.000000e+00
    outer loop
      vertex   -4.700000e+01 -7.965925e+00 -5.328120e+00
      vertex   -4.700000e+01 -7.000000e+00 -4.586940e+00
      vertex   -4.700000e+01 -7.866025e+00 -5.086939e+00
    endloop
  endfacet
  facet normal 1.000000e+00 0.000000e+00 0.000000e+00
    outer loop
      vertex   -4.700000e+01 -7.866025e+00 -5.086939e+00
      vertex   -4.700000e+01 -7.000000e+00 -4.586940e+00
      vertex   -4.700000e+01 -7.707106e+00 -4.879833e+00
    endloop
  endfacet
  facet normal 1.000000e+00 0.000000e+00 0.000000e+00
    outer loop
      vertex   -4.700000e+01 -7.707106e+00 -4.879833e+00
      vertex   -4.700000e+01 -7.000000e+00 -4.586940e+00
      vertex   -4.700000e+01 -7.500000e+00 -4.720914e+00
    endloop
  endfacet
  facet normal 1.000000e+00 0.000000e+00 0.000000e+00
    outer loop
      vertex   -4.700000e+01 -7.500000e+00 -4.720914e+00
      vertex   -4.700000e+01 -7.000000e+00 -4.586940e+00
      vertex   -4.700000e+01 -7.258819e+00 -4.621014e+00
    endloop
  endfacet
  facet normal 1.000000e+00 0.000000e+00 0.000000e+00
    outer loop
      vertex   -4.700000e+01 -8.000000e+00 -9.986939e+00
      vertex   -4.700000e+01 8.000000e+00 -9.986939e+00
      vertex   -4.700000e+01 8.000000e+00 -5.586939e+00
    endloop
  endfacet
  facet normal 1.000000e+00 -0.000000e+00 0.000000e+00
    outer loop
      vertex   -4.700000e+01 -7.000000e+00 -4.586940e+00
      vertex   -4.700000e+01 8.000000e+00 -5.586939e+00
      vertex   -4.700000e+01 7.000000e+00 -4.586940e+00
    endloop
  endfacet
  facet normal 1.000000e+00 0.000000e+00 0.000000e+00
    outer loop
      vertex   -4.700000e+01 7.000000e+00 -4.586940e+00
      vertex   -4.700000e+01 8.000000e+00 -5.586939e+00
      vertex   -4.700000e+01 7.965925e+00 -5.328120e+00
    endloop
  endfacet
  facet normal 1.000000e+00 0.000000e+00 0.000000e+00
    outer loop
      vertex   -4.700000e+01 7.000000e+00 -4.586940e+00
      vertex   -4.700000e+01 7.965925e+00 -5.328120e+00
      vertex   -4.700000e+01 7.866025e+00 -5.086939e+00
    endloop
  endfacet
  facet normal 1.000000e+00 0.000000e+00 0.000000e+00
    outer loop
      vertex   -4.700000e+01 7.866025e+00 -5.086939e+00
      vertex   -4.700000e+01 7.707106e+00 -4.879833e+00
      vertex   -4.700000e+01 7.000000e+00 -4.586940e+00
    endloop
  endfacet
  facet normal 1.000000e+00 0.000000e+00 0.000000e+00
    outer loop
      vertex   -4.700000e+01 7.000000e+00 -4.586940e+00
      vertex   -4.700000e+01 7.707106e+00 -4.879833e+00
      vertex   -4.700000e+01 7.500000e+00 -4.720914e+00
    endloop
  endfacet
  facet normal 1.000000e+00 0.000000e+00 0.000000e+00
    outer loop
      vertex   -4.700000e+01 7.000000e+00 -4.586940e+00
      vertex   -4.700000e+01 7.500000e+00 -4.720914e+00
      vertex   -4.700000e+01 7.258819e+00 -4.621014e+00
    endloop
  endfacet
  facet normal 9.242641e-02 -9.957195e-01 0.000000e+00
    outer loop
      vertex   4.038266e+01 -3.244215e+01 -9.986939e+00
      vertex   4.018658e+01 -3.246035e+01 -9.986939e+00
      vertex   4.038266e+01 -3.244215e+01 -1.158694e+01
    endloop
  endfacet
  facet normal 6.596948e-02 -9.978163e-01 -3.266207e-03
    outer loop
      vertex   4.038266e+01 -3.244215e+01 -1.158694e+01
      vertex   4.018658e+01 -3.246035e+01 -9.986939e+00
      vertex   3.979330e+01 -3.248111e+01 -1.158694e+01
    endloop
  endfacet
  facet normal 6.514358e-02 -9.853241e-01 -1.577743e-01
    outer loop
      vertex   4.038266e+01 -3.244215e+01 -1.158694e+01
      vertex   3.979330e+01 -3.248111e+01 -1.158694e+01
      vertex   3.959887e+01 -3.248366e+01 -1.165131e+01
    endloop
  endfacet
  facet normal 2.599449e-02 -9.989018e-01 -3.898092e-02
    outer loop
      vertex   3.959887e+01 -3.248366e+01 -1.165131e+01
      vertex   3.979330e+01 -3.248111e+01 -1.158694e+01
      vertex   3.979049e+01 -3.248119e+01 -1.158694e+01
    endloop
  endfacet
  facet normal 2.561705e-02 -9.989548e-01 -3.785525e-02
    outer loop
      vertex   3.959887e+01 -3.248366e+01 -1.165131e+01
      vertex   3.979049e+01 -3.248119e+01 -1.158694e+01
      vertex   3.978768e+01 -3.248126e+01 -1.158694e+01
    endloop
  endfacet
  facet normal 6.596948e-02 -9.978163e-01 -3.266207e-03
    outer loop
      vertex   4.018658e+01 -3.246035e+01 -9.986939e+00
      vertex   3.999008e+01 -3.247334e+01 -9.986939e+00
      vertex   3.979330e+01 -3.248111e+01 -1.158694e+01
    endloop
  endfacet
  facet normal 3.946679e-02 -9.992209e-01 0.000000e+00
    outer loop
      vertex   3.979330e+01 -3.248111e+01 -1.158694e+01
      vertex   3.999008e+01 -3.247334e+01 -9.986939e+00
      vertex   3.979330e+01 -3.248111e+01 -9.986939e+00
    endloop
  endfacet
  facet normal 2.523952e-02 -9.990059e-01 -3.674595e-02
    outer loop
      vertex   3.978768e+01 -3.248126e+01 -1.158694e+01
      vertex   3.978487e+01 -3.248133e+01 -1.158694e+01
      vertex   3.959887e+01 -3.248366e+01 -1.165131e+01
    endloop
  endfacet
  facet normal 2.088388e-02 -9.994904e-01 -2.414215e-02
    outer loop
      vertex   3.959887e+01 -3.248366e+01 -1.165131e+01
      vertex   3.978487e+01 -3.248133e+01 -1.158694e+01
      vertex   3.972288e+01 -3.248262e+01 -1.158694e+01
    endloop
  endfacet
  facet normal 1.253416e-02 -9.998890e-01 -8.049656e-03
    outer loop
      vertex   3.959887e+01 -3.248366e+01 -1.165131e+01
      vertex   3.972288e+01 -3.248262e+01 -1.158694e+01
      vertex   3.966088e+01 -3.248340e+01 -1.158694e+01
    endloop
  endfacet
  facet normal 4.178286e-03 -9.999913e-01 0.000000e+00
    outer loop
      vertex   3.966088e+01 -3.248340e+01 -1.158694e+01
      vertex   3.959887e+01 -3.248366e+01 -1.158694e+01
      vertex   3.959887e+01 -3.248366e+01 -1.165131e+01
    endloop
  endfacet
  facet normal 6.959331e-02 -9.730416e-01 -2.198790e-01
    outer loop
      vertex   3.959887e+01 -3.248366e+01 -1.165131e+01
      vertex   4.065485e+01 -3.240814e+01 -1.165131e+01
      vertex   4.038266e+01 -3.244215e+01 -1.158694e+01
    endloop
  endfacet
  facet normal 1.119402e-01 -9.924034e-01 -5.103704e-02
    outer loop
      vertex   4.038266e+01 -3.244215e+01 -1.158694e+01
      vertex   4.065485e+01 -3.240814e+01 -1.165131e+01
      vertex   4.047841e+01 -3.243135e+01 -1.158694e+01
    endloop
  endfacet
  facet normal 1.226200e-01 -9.922165e-01 -2.169554e-02
    outer loop
      vertex   4.047841e+01 -3.243135e+01 -1.158694e+01
      vertex   4.065485e+01 -3.240814e+01 -1.165131e+01
      vertex   4.053943e+01 -3.242381e+01 -1.158694e+01
    endloop
  endfacet
  facet normal 1.345412e-01 -9.909080e-01 0.000000e+00
    outer loop
      vertex   4.053943e+01 -3.242381e+01 -1.158694e+01
      vertex   4.065485e+01 -3.240814e+01 -1.165131e+01
      vertex   4.053943e+01 -3.242381e+01 -9.986939e+00
    endloop
  endfacet
  facet normal 1.879935e-01 -9.821630e-01 3.789234e-03
    outer loop
      vertex   4.053943e+01 -3.242381e+01 -9.986939e+00
      vertex   4.065485e+01 -3.240814e+01 -1.165131e+01
      vertex   4.144280e+01 -3.225089e+01 -9.986939e+00
    endloop
  endfacet
  facet normal 2.125579e-01 -9.771131e-01 -8.317228e-03
    outer loop
      vertex   4.144280e+01 -3.225089e+01 -9.986939e+00
      vertex   4.065485e+01 -3.240814e+01 -1.165131e+01
      vertex   4.168933e+01 -3.218310e+01 -1.165131e+01
    endloop
  endfacet
  facet normal 3.120841e-01 -9.500247e-01 7.528140e-03
    outer loop
      vertex   4.144280e+01 -3.225089e+01 -9.986939e+00
      vertex   4.168933e+01 -3.218310e+01 -1.165131e+01
      vertex   4.237624e+01 -3.194426e+01 -9.986939e+00
    endloop
  endfacet
  facet normal 3.494475e-01 -9.369050e-01 -9.775115e-03
    outer loop
      vertex   4.237624e+01 -3.194426e+01 -9.986939e+00
      vertex   4.168933e+01 -3.218310e+01 -1.165131e+01
      vertex   4.268125e+01 -3.181313e+01 -1.165131e+01
    endloop
  endfacet
  facet normal 4.416986e-01 -8.971047e-01 1.026636e-02
    outer loop
      vertex   4.237624e+01 -3.194426e+01 -9.986939e+00
      vertex   4.268125e+01 -3.181313e+01 -1.165131e+01
      vertex   4.335878e+01 -3.146049e+01 -9.986939e+00
    endloop
  endfacet
  facet normal 4.792290e-01 -8.776424e-01 -9.135014e-03
    outer loop
      vertex   4.335878e+01 -3.146049e+01 -9.986939e+00
      vertex   4.268125e+01 -3.181313e+01 -1.165131e+01
      vertex   4.361043e+01 -3.130576e+01 -1.165131e+01
    endloop
  endfacet
  facet normal 5.689408e-01 -8.223227e-01 9.572072e-03
    outer loop
      vertex   4.335878e+01 -3.146049e+01 -9.986939e+00
      vertex   4.361043e+01 -3.130576e+01 -1.165131e+01
      vertex   4.425941e+01 -3.083738e+01 -9.986939e+00
    endloop
  endfacet
  facet normal 5.992566e-01 -8.005131e-01 -8.386512e-03
    outer loop
      vertex   4.425941e+01 -3.083738e+01 -9.986939e+00
      vertex   4.361043e+01 -3.130576e+01 -1.165131e+01
      vertex   4.445794e+01 -3.067132e+01 -1.165131e+01
    endloop
  endfacet
  facet normal 6.837906e-01 -7.296256e-01 8.769390e-03
    outer loop
      vertex   4.425941e+01 -3.083738e+01 -9.986939e+00
      vertex   4.445794e+01 -3.067132e+01 -1.165131e+01
      vertex   4.505851e+01 -3.008848e+01 -9.986939e+00
    endloop
  endfacet
  facet normal 7.070867e-01 -7.070867e-01 -7.529620e-03
    outer loop
      vertex   4.505851e+01 -3.008848e+01 -9.986939e+00
      vertex   4.445794e+01 -3.067132e+01 -1.165131e+01
      vertex   4.520654e+01 -2.992273e+01 -1.165131e+01
    endloop
  endfacet
  facet normal 7.837457e-01 -6.210321e-01 7.858328e-03
    outer loop
      vertex   4.505851e+01 -3.008848e+01 -9.986939e+00
      vertex   4.520654e+01 -2.992273e+01 -1.165131e+01
      vertex   4.573867e+01 -2.923011e+01 -9.986939e+00
    endloop
  endfacet
  facet normal 8.005240e-01 -5.992648e-01 -6.564356e-03
    outer loop
      vertex   4.573867e+01 -2.923011e+01 -9.986939e+00
      vertex   4.520654e+01 -2.992273e+01 -1.165131e+01
      vertex   4.584097e+01 -2.907522e+01 -1.165131e+01
    endloop
  endfacet
  facet normal 8.666282e-01 -4.989076e-01 6.838901e-03
    outer loop
      vertex   4.573867e+01 -2.923011e+01 -9.986939e+00
      vertex   4.584097e+01 -2.907522e+01 -1.165131e+01
      vertex   4.628507e+01 -2.828098e+01 -9.986939e+00
    endloop
  endfacet
  facet normal 8.776658e-01 -4.792418e-01 -5.490739e-03
    outer loop
      vertex   4.628507e+01 -2.828098e+01 -9.986939e+00
      vertex   4.584097e+01 -2.907522e+01 -1.165131e+01
      vertex   4.634834e+01 -2.814604e+01 -1.165131e+01
    endloop
  endfacet
  facet normal 9.306318e-01 -3.659123e-01 5.711132e-03
    outer loop
      vertex   4.628507e+01 -2.828098e+01 -9.986939e+00
      vertex   4.634834e+01 -2.814604e+01 -1.165131e+01
      vertex   4.668582e+01 -2.726176e+01 -9.986939e+00
    endloop
  endfacet
  facet normal 9.369410e-01 -3.494609e-01 -4.308792e-03
    outer loop
      vertex   4.668582e+01 -2.726176e+01 -9.986939e+00
      vertex   4.634834e+01 -2.814604e+01 -1.165131e+01
      vertex   4.671831e+01 -2.715412e+01 -1.165131e+01
    endloop
  endfacet
  facet normal 9.743615e-01 -2.249435e-01 4.475044e-03
    outer loop
      vertex   4.668582e+01 -2.726176e+01 -9.986939e+00
      vertex   4.671831e+01 -2.715412e+01 -1.165131e+01
      vertex   4.693217e+01 -2.619465e+01 -9.986939e+00
    endloop
  endfacet
  facet normal 9.771424e-01 -2.125643e-01 -3.018544e-03
    outer loop
      vertex   4.693217e+01 -2.619465e+01 -9.986939e+00
      vertex   4.671831e+01 -2.715412e+01 -1.165131e+01
      vertex   4.694335e+01 -2.611964e+01 -1.165131e+01
    endloop
  endfacet
  facet normal 9.968640e-01 -7.907236e-02 3.130669e-03
    outer loop
      vertex   4.693217e+01 -2.619465e+01 -9.986939e+00
      vertex   4.694335e+01 -2.611964e+01 -1.165131e+01
      vertex   4.701877e+01 -2.510291e+01 -9.986939e+00
    endloop
  endfacet
  facet normal 9.974508e-01 -7.133909e-02 -1.620028e-03
    outer loop
      vertex   4.701877e+01 -2.510291e+01 -9.986939e+00
      vertex   4.694335e+01 -2.611964e+01 -1.165131e+01
      vertex   4.701887e+01 -2.506366e+01 -1.165131e+01
    endloop
  endfacet
  facet normal 9.999965e-01 -2.644694e-03 0.000000e+00
    outer loop
      vertex   4.701877e+01 -2.510291e+01 -9.986939e+00
      vertex   4.701887e+01 -2.506366e+01 -1.165131e+01
      vertex   4.701887e+01 -2.506366e+01 -9.986939e+00
    endloop
  endfacet
  facet normal -1.000000e+00 0.000000e+00 0.000000e+00
    outer loop
      vertex   3.979330e+01 -3.248111e+01 -9.986939e+00
      vertex   3.979330e+01 -3.248078e+01 -9.986939e+00
      vertex   3.979330e+01 -3.248111e+01 -1.158694e+01
    endloop
  endfacet
  facet normal -1.000000e+00 0.000000e+00 0.000000e+00
    outer loop
      vertex   3.979330e+01 -3.248111e+01 -1.158694e+01
      vertex   3.979330e+01 -3.248078e+01 -9.986939e+00
      vertex   3.979330e+01 -3.248078e+01 -1.158694e+01
    endloop
  endfacet
  facet normal -0.000000e+00 0.000000e+00 1.000000e+00
    outer loop
      vertex   -3.970711e+01 2.520711e+01 -1.158694e+01
      vertex   -3.974670e+01 2.515551e+01 -1.158694e+01
      vertex   -3.950000e+01 2.536603e+01 -1.158694e+01
    endloop
  endfacet
  facet normal 0.000000e+00 0.000000e+00 1.000000e+00
    outer loop
      vertex   -3.950000e+01 2.536603e+01 -1.158694e+01
      vertex   -3.974670e+01 2.515551e+01 -1.158694e+01
      vertex   -3.974670e+01 2.384449e+01 -1.158694e+01
    endloop
  endfacet
  facet normal -0.000000e+00 0.000000e+00 1.000000e+00
    outer loop
      vertex   -3.950000e+01 2.536603e+01 -1.158694e+01
      vertex   -3.974670e+01 2.384449e+01 -1.158694e+01
      vertex   -3.925882e+01 2.546592e+01 -1.158694e+01
    endloop
  endfacet
  facet normal -0.000000e+00 0.000000e+00 1.000000e+00
    outer loop
      vertex   -3.925882e+01 2.546592e+01 -1.158694e+01
      vertex   -3.974670e+01 2.384449e+01 -1.158694e+01
      vertex   -3.900000e+01 2.550000e+01 -1.158694e+01
    endloop
  endfacet
  facet normal 0.000000e+00 0.000000e+00 1.000000e+00
    outer loop
      vertex   -3.900000e+01 2.550000e+01 -1.158694e+01
      vertex   -3.974670e+01 2.384449e+01 -1.158694e+01
      vertex   -3.874118e+01 2.546592e+01 -1.158694e+01
    endloop
  endfacet
  facet normal 0.000000e+00 0.000000e+00 1.000000e+00
    outer loop
      vertex   -3.874118e+01 2.546592e+01 -1.158694e+01
      vertex   -3.974670e+01 2.384449e+01 -1.158694e+01
      vertex   -3.850000e+01 2.536603e+01 -1.158694e+01
    endloop
  endfacet
  facet normal 0.000000e+00 0.000000e+00 1.000000e+00
    outer loop
      vertex   -3.850000e+01 2.536603e+01 -1.158694e+01
      vertex   -3.974670e+01 2.384449e+01 -1.158694e+01
      vertex   -3.829289e+01 2.520711e+01 -1.158694e+01
    endloop
  endfacet
  facet normal 0.000000e+00 0.000000e+00 1.000000e+00
    outer loop
      vertex   -3.829289e+01 2.520711e+01 -1.158694e+01
      vertex   -3.974670e+01 2.384449e+01 -1.158694e+01
      vertex   -3.813398e+01 2.500000e+01 -1.158694e+01
    endloop
  endfacet
  facet normal 0.000000e+00 0.000000e+00 1.000000e+00
    outer loop
      vertex   -3.813398e+01 2.500000e+01 -1.158694e+01
      vertex   -3.974670e+01 2.384449e+01 -1.158694e+01
      vertex   -3.803407e+01 2.475882e+01 -1.158694e+01
    endloop
  endfacet
  facet normal 0.000000e+00 0.000000e+00 1.000000e+00
    outer loop
      vertex   -3.803407e+01 2.475882e+01 -1.158694e+01
      vertex   -3.974670e+01 2.384449e+01 -1.158694e+01
      vertex   -3.800000e+01 2.450000e+01 -1.158694e+01
    endloop
  endfacet
  facet normal 0.000000e+00 0.000000e+00 1.000000e+00
    outer loop
      vertex   -3.800000e+01 2.450000e+01 -1.158694e+01
      vertex   -3.974670e+01 2.384449e+01 -1.158694e+01
      vertex   -3.803407e+01 2.424118e+01 -1.158694e+01
    endloop
  endfacet
  facet normal 0.000000e+00 0.000000e+00 1.000000e+00
    outer loop
      vertex   -3.803407e+01 2.424118e+01 -1.158694e+01
      vertex   -3.974670e+01 2.384449e+01 -1.158694e+01
      vertex   -3.813398e+01 2.400000e+01 -1.158694e+01
    endloop
  endfacet
  facet normal 0.000000e+00 0.000000e+00 1.000000e+00
    outer loop
      vertex   -3.813398e+01 2.400000e+01 -1.158694e+01
      vertex   -3.974670e+01 2.384449e+01 -1.158694e+01
      vertex   -3.829289e+01 2.379289e+01 -1.158694e+01
    endloop
  endfacet
  facet normal 0.000000e+00 0.000000e+00 1.000000e+00
    outer loop
      vertex   -3.829289e+01 2.379289e+01 -1.158694e+01
      vertex   -3.974670e+01 2.384449e+01 -1.158694e+01
      vertex   -3.850000e+01 2.363397e+01 -1.158694e+01
    endloop
  endfacet
  facet normal 0.000000e+00 0.000000e+00 1.000000e+00
    outer loop
      vertex   -3.850000e+01 2.363397e+01 -1.158694e+01
      vertex   -3.974670e+01 2.384449e+01 -1.158694e+01
      vertex   -3.874118e+01 2.353408e+01 -1.158694e+01
    endloop
  endfacet
  facet normal 0.000000e+00 0.000000e+00 1.000000e+00
    outer loop
      vertex   -3.874118e+01 2.353408e+01 -1.158694e+01
      vertex   -3.974670e+01 2.384449e+01 -1.158694e+01
      vertex   -3.900000e+01 2.350000e+01 -1.158694e+01
    endloop
  endfacet
  facet normal 0.000000e+00 0.000000e+00 1.000000e+00
    outer loop
      vertex   -3.900000e+01 2.350000e+01 -1.158694e+01
      vertex   -3.974670e+01 2.384449e+01 -1.158694e+01
      vertex   -3.925882e+01 2.353408e+01 -1.158694e+01
    endloop
  endfacet
  facet normal 0.000000e+00 0.000000e+00 1.000000e+00
    outer loop
      vertex   -3.925882e+01 2.353408e+01 -1.158694e+01
      vertex   -3.974670e+01 2.384449e+01 -1.158694e+01
      vertex   -3.950000e+01 2.363397e+01 -1.158694e+01
    endloop
  endfacet
  facet normal 0.000000e+00 0.000000e+00 1.000000e+00
    outer loop
      vertex   -3.950000e+01 2.363397e+01 -1.158694e+01
      vertex   -3.974670e+01 2.384449e+01 -1.158694e+01
      vertex   -3.970711e+01 2.379289e+01 -1.158694e+01
    endloop
  endfacet
  facet normal 6.540244e-02 -9.978590e-01 1.485145e-04
    outer loop
      vertex   4.680309e+01 2.669432e+01 -6.772294e+00
      vertex   4.694101e+01 2.670336e+01 -6.771981e+00
      vertex   4.680249e+01 2.669683e+01 1.033209e+01
    endloop
  endfacet
  facet normal 6.540244e-02 -9.978590e-01 1.485145e-04
    outer loop
      vertex   4.680249e+01 2.669683e+01 1.033209e+01
      vertex   4.694101e+01 2.670336e+01 -6.771981e+00
      vertex   4.690217e+01 2.670336e+01 1.033231e+01
    endloop
  endfacet
  facet normal -2.270773e-03 4.551001e-14 9.999974e-01
    outer loop
      vertex   4.680309e+01 2.669432e+01 -6.772294e+00
      vertex   4.681197e+01 2.665695e+01 -6.772274e+00
      vertex   4.694101e+01 2.670336e+01 -6.771981e+00
    endloop
  endfacet
  facet normal -2.270773e-03 -1.337180e-14 9.999974e-01
    outer loop
      vertex   4.694101e+01 2.670336e+01 -6.771981e+00
      vertex   4.681197e+01 2.665695e+01 -6.772274e+00
      vertex   4.681665e+01 2.663556e+01 -6.772263e+00
    endloop
  endfacet
  facet normal -2.270773e-03 -9.925028e-15 9.999974e-01
    outer loop
      vertex   4.694101e+01 2.670336e+01 -6.771981e+00
      vertex   4.681665e+01 2.663556e+01 -6.772263e+00
      vertex   4.682704e+01 2.658529e+01 -6.772240e+00
    endloop
  endfacet
  facet normal -2.270773e-03 2.398429e-15 9.999974e-01
    outer loop
      vertex   4.682704e+01 2.658529e+01 -6.772240e+00
      vertex   4.688020e+01 2.631805e+01 -6.772119e+00
      vertex   4.694101e+01 2.670336e+01 -6.771981e+00
    endloop
  endfacet
  facet normal -2.270773e-03 -3.046378e-15 9.999974e-01
    outer loop
      vertex   4.694101e+01 2.670336e+01 -6.771981e+00
      vertex   4.688020e+01 2.631805e+01 -6.772119e+00
      vertex   4.689201e+01 2.625713e+01 -6.772092e+00
    endloop
  endfacet
  facet normal -2.270773e-03 -1.478540e-15 9.999974e-01
    outer loop
      vertex   4.694101e+01 2.670336e+01 -6.771981e+00
      vertex   4.689201e+01 2.625713e+01 -6.772092e+00
      vertex   4.690727e+01 2.617069e+01 -6.772057e+00
    endloop
  endfacet
  facet normal -2.270773e-03 1.667032e-15 9.999974e-01
    outer loop
      vertex   4.690727e+01 2.617069e+01 -6.772057e+00
      vertex   4.692471e+01 2.605905e+01 -6.772018e+00
      vertex   4.694101e+01 2.670336e+01 -6.771981e+00
    endloop
  endfacet
  facet normal -2.270773e-03 5.253087e-16 9.999974e-01
    outer loop
      vertex   4.694101e+01 2.670336e+01 -6.771981e+00
      vertex   4.692471e+01 2.605905e+01 -6.772018e+00
      vertex   4.694295e+01 2.592291e+01 -6.771976e+00
    endloop
  endfacet
  facet normal -2.270773e-03 5.115950e-16 9.999974e-01
    outer loop
      vertex   4.694101e+01 2.670336e+01 -6.771981e+00
      vertex   4.694295e+01 2.592291e+01 -6.771976e+00
      vertex   4.701887e+01 2.551534e+01 -6.771804e+00
    endloop
  endfacet
  facet normal -2.270773e-03 -8.623265e-15 9.999974e-01
    outer loop
      vertex   4.701887e+01 2.551534e+01 -6.771804e+00
      vertex   4.694295e+01 2.592291e+01 -6.771976e+00
      vertex   4.695941e+01 2.577143e+01 -6.771939e+00
    endloop
  endfacet
  facet normal -2.270773e-03 -5.155683e-15 9.999974e-01
    outer loop
      vertex   4.701887e+01 2.551534e+01 -6.771804e+00
      vertex   4.695941e+01 2.577143e+01 -6.771939e+00
      vertex   4.697226e+01 2.561766e+01 -6.771910e+00
    endloop
  endfacet
  facet normal -2.270773e-03 8.472682e-15 9.999974e-01
    outer loop
      vertex   4.697226e+01 2.561766e+01 -6.771910e+00
      vertex   4.698536e+01 2.541784e+01 -6.771880e+00
      vertex   4.701887e+01 2.551534e+01 -6.771804e+00
    endloop
  endfacet
  facet normal -2.270773e-03 1.338926e-14 9.999974e-01
    outer loop
      vertex   4.701887e+01 2.551534e+01 -6.771804e+00
      vertex   4.698536e+01 2.541784e+01 -6.771880e+00
      vertex   4.701887e+01 2.531634e+01 -6.771804e+00
    endloop
  endfacet
  facet normal -2.270773e-03 -4.095194e-15 9.999974e-01
    outer loop
      vertex   4.701887e+01 2.531634e+01 -6.771804e+00
      vertex   4.698536e+01 2.541784e+01 -6.771880e+00
      vertex   4.699129e+01 2.531634e+01 -6.771867e+00
    endloop
  endfacet
  facet normal 2.270773e-03 3.230339e-13 -9.999974e-01
    outer loop
      vertex   4.699211e+01 2.531634e+01 1.033252e+01
      vertex   4.698413e+01 2.545281e+01 1.033250e+01
      vertex   4.699308e+01 2.531634e+01 1.033252e+01
    endloop
  endfacet
  facet normal 2.270773e-03 2.578829e-14 -9.999974e-01
    outer loop
      vertex   4.680249e+01 2.669683e+01 1.033209e+01
      vertex   4.690217e+01 2.670336e+01 1.033231e+01
      vertex   4.681914e+01 2.662679e+01 1.033212e+01
    endloop
  endfacet
  facet normal 2.270773e-03 -7.044114e-14 -9.999974e-01
    outer loop
      vertex   4.681914e+01 2.662679e+01 1.033212e+01
      vertex   4.690217e+01 2.670336e+01 1.033231e+01
      vertex   4.682403e+01 2.660432e+01 1.033214e+01
    endloop
  endfacet
  facet normal 2.270773e-03 -2.206984e-15 -9.999974e-01
    outer loop
      vertex   4.682403e+01 2.660432e+01 1.033214e+01
      vertex   4.690217e+01 2.670336e+01 1.033231e+01
      vertex   4.683515e+01 2.655034e+01 1.033216e+01
    endloop
  endfacet
  facet normal 2.270773e-03 1.069206e-14 -9.999974e-01
    outer loop
      vertex   4.683515e+01 2.655034e+01 1.033216e+01
      vertex   4.690217e+01 2.670336e+01 1.033231e+01
      vertex   4.687473e+01 2.635135e+01 1.033225e+01
    endloop
  endfacet
  facet normal 2.270773e-03 -2.351795e-16 -9.999974e-01
    outer loop
      vertex   4.687473e+01 2.635135e+01 1.033225e+01
      vertex   4.690217e+01 2.670336e+01 1.033231e+01
      vertex   4.688788e+01 2.628340e+01 1.033228e+01
    endloop
  endfacet
  facet normal 2.270773e-03 1.604232e-15 -9.999974e-01
    outer loop
      vertex   4.688788e+01 2.628340e+01 1.033228e+01
      vertex   4.690217e+01 2.670336e+01 1.033231e+01
      vertex   4.690467e+01 2.618812e+01 1.033232e+01
    endloop
  endfacet
  facet normal 2.270773e-03 1.146107e-15 -9.999974e-01
    outer loop
      vertex   4.690467e+01 2.618812e+01 1.033232e+01
      vertex   4.690217e+01 2.670336e+01 1.033231e+01
      vertex   4.692372e+01 2.606614e+01 1.033236e+01
    endloop
  endfacet
  facet normal 2.270773e-03 1.498194e-17 -9.999974e-01
    outer loop
      vertex   4.692372e+01 2.606614e+01 1.033236e+01
      vertex   4.690217e+01 2.670336e+01 1.033231e+01
      vertex   4.694354e+01 2.591814e+01 1.033241e+01
    endloop
  endfacet
  facet normal 2.270773e-03 3.348998e-15 -9.999974e-01
    outer loop
      vertex   4.694354e+01 2.591814e+01 1.033241e+01
      vertex   4.690217e+01 2.670336e+01 1.033231e+01
      vertex   4.696140e+01 2.575398e+01 1.033245e+01
    endloop
  endfacet
  facet normal 2.270773e-03 3.532758e-14 -9.999974e-01
    outer loop
      vertex   4.696140e+01 2.575398e+01 1.033245e+01
      vertex   4.690217e+01 2.670336e+01 1.033231e+01
      vertex   4.697531e+01 2.558742e+01 1.033248e+01
    endloop
  endfacet
  facet normal 1.000000e+00 -0.000000e+00 -0.000000e+00
    outer loop
      vertex   4.701887e+01 2.551534e+01 -6.771804e+00
      vertex   4.701887e+01 3.509634e+01 -1.165131e+01
      vertex   4.701887e+01 2.531634e+01 -1.027783e+00
    endloop
  endfacet
  facet normal 1.000000e+00 -0.000000e+00 0.000000e+00
    outer loop
      vertex   4.701887e+01 2.531634e+01 -1.027783e+00
      vertex   4.701887e+01 3.509634e+01 -1.165131e+01
      vertex   4.701887e+01 3.509634e+01 1.641306e+01
    endloop
  endfacet
  facet normal 1.000000e+00 0.000000e+00 -0.000000e+00
    outer loop
      vertex   4.701887e+01 2.531634e+01 -1.027783e+00
      vertex   4.701887e+01 3.509634e+01 1.641306e+01
      vertex   4.701887e+01 2.531634e+01 1.641306e+01
    endloop
  endfacet
  facet normal 1.000000e+00 0.000000e+00 0.000000e+00
    outer loop
      vertex   4.701887e+01 2.531634e+01 -6.771804e+00
      vertex   4.701887e+01 2.531634e+01 -9.986939e+00
      vertex   4.701887e+01 2.551534e+01 -6.771804e+00
    endloop
  endfacet
  facet normal 1.000000e+00 0.000000e+00 0.000000e+00
    outer loop
      vertex   4.701887e+01 2.551534e+01 -6.771804e+00
      vertex   4.701887e+01 2.531634e+01 -9.986939e+00
      vertex   4.701887e+01 3.509634e+01 -1.165131e+01
    endloop
  endfacet
  facet normal 1.000000e+00 -0.000000e+00 0.000000e+00
    outer loop
      vertex   4.701887e+01 -2.506366e+01 -9.986939e+00
      vertex   4.701887e+01 -2.506366e+01 -1.165131e+01
      vertex   4.701887e+01 2.531634e+01 -9.986939e+00
    endloop
  endfacet
  facet normal 1.000000e+00 0.000000e+00 0.000000e+00
    outer loop
      vertex   4.701887e+01 2.531634e+01 -9.986939e+00
      vertex   4.701887e+01 -2.506366e+01 -1.165131e+01
      vertex   4.701887e+01 3.509634e+01 -1.165131e+01
    endloop
  endfacet
  facet normal 0.000000e+00 -1.000000e+00 -0.000000e+00
    outer loop
      vertex   4.699129e+01 2.531634e+01 -6.771867e+00
      vertex   4.698892e+01 2.531634e+01 -7.941502e+00
      vertex   4.701887e+01 2.531634e+01 -6.771804e+00
    endloop
  endfacet
  facet normal 0.000000e+00 -1.000000e+00 -0.000000e+00
    outer loop
      vertex   4.701887e+01 2.531634e+01 -6.771804e+00
      vertex   4.698892e+01 2.531634e+01 -7.941502e+00
      vertex   4.701887e+01 2.531634e+01 -9.986939e+00
    endloop
  endfacet
  facet normal 0.000000e+00 -1.000000e+00 0.000000e+00
    outer loop
      vertex   4.701887e+01 2.531634e+01 -9.986939e+00
      vertex   4.698892e+01 2.531634e+01 -7.941502e+00
      vertex   4.698350e+01 2.531634e+01 -9.986939e+00
    endloop
  endfacet
  facet normal 0.000000e+00 1.000000e+00 0.000000e+00
    outer loop
      vertex   3.959887e+01 4.251634e+01 1.641306e+01
      vertex   3.959887e+01 4.251634e+01 -1.165131e+01
      vertex   -6.258113e+01 4.251634e+01 1.641306e+01
    endloop
  endfacet
  facet normal 0.000000e+00 1.000000e+00 0.000000e+00
    outer loop
      vertex   -6.258113e+01 4.251634e+01 1.641306e+01
      vertex   3.959887e+01 4.251634e+01 -1.165131e+01
      vertex   -6.258113e+01 4.251634e+01 -1.165131e+01
    endloop
  endfacet
  facet normal 0.000000e+00 -1.000000e+00 0.000000e+00
    outer loop
      vertex   -4.700000e+01 2.531634e+01 1.413060e+00
      vertex   -4.700000e+01 2.531634e+01 -9.986939e+00
      vertex   -4.697927e+01 2.531634e+01 1.413060e+00
    endloop
  endfacet
  facet normal 0.000000e+00 -1.000000e+00 -0.000000e+00
    outer loop
      vertex   -4.697927e+01 2.531634e+01 1.413060e+00
      vertex   -4.700000e+01 2.531634e+01 -9.986939e+00
      vertex   -4.697927e+01 2.531634e+01 -9.986939e+00
    endloop
  endfacet
  facet normal -6.540262e-02 -9.978590e-01 -0.000000e+00
    outer loop
      vertex   -3.974930e+01 -3.248366e+01 1.548306e+01
      vertex   -3.974930e+01 -3.248366e+01 -1.158694e+01
      vertex   -3.954246e+01 -3.249722e+01 1.548306e+01
    endloop
  endfacet
  facet normal -6.540262e-02 -9.978590e-01 1.768270e-17
    outer loop
      vertex   -3.954246e+01 -3.249722e+01 1.548306e+01
      vertex   -3.974930e+01 -3.248366e+01 -1.158694e+01
      vertex   -3.950000e+01 -3.250000e+01 -1.158694e+01
    endloop
  endfacet
  facet normal -6.540262e-02 -9.978590e-01 0.000000e+00
    outer loop
      vertex   -3.954246e+01 -3.249722e+01 1.548306e+01
      vertex   -3.950000e+01 -3.250000e+01 -1.158694e+01
      vertex   -3.950000e+01 -3.250000e+01 1.641306e+01
    endloop
  endfacet
  facet normal -6.540262e-02 -9.978590e-01 -4.996718e-16
    outer loop
      vertex   -3.950000e+01 -3.250000e+01 1.641306e+01
      vertex   -3.954246e+01 -3.249722e+01 1.641306e+01
      vertex   -3.954246e+01 -3.249722e+01 1.548306e+01
    endloop
  endfacet
  facet normal 0.000000e+00 0.000000e+00 -1.000000e+00
    outer loop
      vertex   4.038266e+01 -3.244215e+01 -1.158694e+01
      vertex   4.047841e+01 -3.243135e+01 -1.158694e+01
      vertex   4.047895e+01 -3.243584e+01 -1.158694e+01
    endloop
  endfacet
  facet normal 0.000000e+00 0.000000e+00 -1.000000e+00
    outer loop
      vertex   4.047895e+01 -3.243584e+01 -1.158694e+01
      vertex   4.047841e+01 -3.243135e+01 -1.158694e+01
      vertex   4.053943e+01 -3.242381e+01 -1.158694e+01
    endloop
  endfacet
  facet normal 9.650127e-01 -2.622033e-01 3.397887e-05
    outer loop
      vertex   4.674681e+01 -2.693221e+01 -9.986939e+00
      vertex   4.675413e+01 -2.690462e+01 -5.046524e+00
      vertex   4.673878e+01 -2.696176e+01 -9.986939e+00
    endloop
  endfacet
  facet normal 9.650127e-01 -2.622033e-01 3.397887e-05
    outer loop
      vertex   4.673878e+01 -2.696176e+01 -9.986939e+00
      vertex   4.675413e+01 -2.690462e+01 -5.046524e+00
      vertex   4.672079e+01 -2.702732e+01 -4.898195e+00
    endloop
  endfacet
  facet normal 9.697942e-01 -2.439247e-01 -7.518700e-05
    outer loop
      vertex   4.674681e+01 -2.693221e+01 -9.986939e+00
      vertex   4.675620e+01 -2.689487e+01 -9.986939e+00
      vertex   4.675413e+01 -2.690462e+01 -5.046524e+00
    endloop
  endfacet
  facet normal 9.697942e-01 -2.439247e-01 -7.518700e-05
    outer loop
      vertex   4.675413e+01 -2.690462e+01 -5.046524e+00
      vertex   4.675620e+01 -2.689487e+01 -9.986939e+00
      vertex   4.679163e+01 -2.675550e+01 -5.168151e+00
    endloop
  endfacet
  facet normal 9.490257e-01 -3.151894e-01 -2.411518e-03
    outer loop
      vertex   4.648228e+01 -2.772224e+01 -9.986939e+00
      vertex   4.648509e+01 -2.771377e+01 -9.986939e+00
      vertex   4.667008e+01 -2.720000e+01 -4.336939e+00
    endloop
  endfacet
  facet normal 9.490257e-01 -3.151894e-01 -2.411518e-03
    outer loop
      vertex   4.667008e+01 -2.720000e+01 -4.336939e+00
      vertex   4.648509e+01 -2.771377e+01 -9.986939e+00
      vertex   4.667601e+01 -2.718065e+01 -4.531298e+00
    endloop
  endfacet
  facet normal 9.748277e-01 -2.229585e-01 -7.185967e-04
    outer loop
      vertex   4.675620e+01 -2.689487e+01 -9.986939e+00
      vertex   4.676644e+01 -2.685011e+01 -9.986939e+00
      vertex   4.679163e+01 -2.675550e+01 -5.168151e+00
    endloop
  endfacet
  facet normal 9.748277e-01 -2.229585e-01 -7.185967e-04
    outer loop
      vertex   4.679163e+01 -2.675550e+01 -5.168151e+00
      vertex   4.676644e+01 -2.685011e+01 -9.986939e+00
      vertex   4.683142e+01 -2.658123e+01 -5.261417e+00
    endloop
  endfacet
  facet normal 9.848839e-01 -1.732129e-01 -1.010742e-03
    outer loop
      vertex   4.692753e+01 -2.603554e+01 -9.986939e+00
      vertex   4.690338e+01 -2.620000e+01 -5.336940e+00
      vertex   4.691895e+01 -2.608431e+01 -9.986939e+00
    endloop
  endfacet
  facet normal 9.848839e-01 -1.732129e-01 -1.010742e-03
    outer loop
      vertex   4.691895e+01 -2.608431e+01 -9.986939e+00
      vertex   4.690338e+01 -2.620000e+01 -5.336940e+00
      vertex   4.686967e+01 -2.639174e+01 -5.318115e+00
    endloop
  endfacet
  facet normal 9.800932e-01 -1.985259e-01 -2.181163e-03
    outer loop
      vertex   4.676644e+01 -2.685011e+01 -9.986939e+00
      vertex   4.677640e+01 -2.680092e+01 -9.986939e+00
      vertex   4.683142e+01 -2.658123e+01 -5.261417e+00
    endloop
  endfacet
  facet normal 9.800932e-01 -1.985259e-01 -2.181163e-03
    outer loop
      vertex   4.683142e+01 -2.658123e+01 -5.261417e+00
      vertex   4.677640e+01 -2.680092e+01 -9.986939e+00
      vertex   4.686967e+01 -2.639174e+01 -5.318115e+00
    endloop
  endfacet
  facet normal 9.910468e-01 -1.335142e-01 4.253589e-04
    outer loop
      vertex   4.694126e+01 -2.593363e+01 -9.986939e+00
      vertex   4.695701e+01 -2.580192e+01 -5.336940e+00
      vertex   4.692753e+01 -2.603554e+01 -9.986939e+00
    endloop
  endfacet
  facet normal 9.910468e-01 -1.335142e-01 4.253589e-04
    outer loop
      vertex   4.692753e+01 -2.603554e+01 -9.986939e+00
      vertex   4.695701e+01 -2.580192e+01 -5.336940e+00
      vertex   4.690338e+01 -2.620000e+01 -5.336940e+00
    endloop
  endfacet
  facet normal 9.967733e-01 -8.026087e-02 -1.102411e-03
    outer loop
      vertex   4.694126e+01 -2.593363e+01 -9.986939e+00
      vertex   4.694951e+01 -2.583113e+01 -9.986939e+00
      vertex   4.695701e+01 -2.580192e+01 -5.336940e+00
    endloop
  endfacet
  facet normal 9.967733e-01 -8.026087e-02 -1.102411e-03
    outer loop
      vertex   4.695701e+01 -2.580192e+01 -5.336940e+00
      vertex   4.694951e+01 -2.583113e+01 -9.986939e+00
      vertex   4.698925e+01 -2.540154e+01 -5.336940e+00
    endloop
  endfacet
  facet normal 9.978559e-01 -6.540257e-02 -2.484352e-03
    outer loop
      vertex   4.694951e+01 -2.583113e+01 -9.986939e+00
      vertex   4.699725e+01 -2.510279e+01 -9.986939e+00
      vertex   4.698925e+01 -2.540154e+01 -5.336940e+00
    endloop
  endfacet
  facet normal 9.911454e-01 1.327807e-01 8.265627e-05
    outer loop
      vertex   4.694295e+01 2.592291e+01 -6.771976e+00
      vertex   4.692471e+01 2.605905e+01 -6.772018e+00
      vertex   4.694488e+01 2.590765e+01 -5.460834e+00
    endloop
  endfacet
  facet normal 9.911454e-01 1.327807e-01 8.265627e-05
    outer loop
      vertex   4.694488e+01 2.590765e+01 -5.460834e+00
      vertex   4.692471e+01 2.605905e+01 -6.772018e+00
      vertex   4.692146e+01 2.608243e+01 -5.366850e+00
    endloop
  endfacet
  facet normal 9.880170e-01 1.543448e-01 -2.833202e-04
    outer loop
      vertex   4.692471e+01 2.605905e+01 -6.772018e+00
      vertex   4.690727e+01 2.617069e+01 -6.772057e+00
      vertex   4.692146e+01 2.608243e+01 -5.366850e+00
    endloop
  endfacet
  facet normal 9.880170e-01 1.543448e-01 -2.833202e-04
    outer loop
      vertex   4.692146e+01 2.608243e+01 -5.366850e+00
      vertex   4.690727e+01 2.617069e+01 -6.772057e+00
      vertex   4.689820e+01 2.623152e+01 -5.244636e+00
    endloop
  endfacet
  facet normal 9.965291e-01 8.323772e-02 1.108900e-03
    outer loop
      vertex   4.696140e+01 2.575398e+01 1.033245e+01
      vertex   4.697531e+01 2.558742e+01 1.033248e+01
      vertex   4.696555e+01 2.571741e+01 9.344104e+00
    endloop
  endfacet
  facet normal 9.965291e-01 8.323772e-02 1.108900e-03
    outer loop
      vertex   4.696555e+01 2.571741e+01 9.344104e+00
      vertex   4.697531e+01 2.558742e+01 1.033248e+01
      vertex   4.698160e+01 2.552500e+01 9.363061e+00
    endloop
  endfacet
  facet normal 9.982944e-01 5.834524e-02 -2.026693e-03
    outer loop
      vertex   4.699514e+01 2.513884e+01 -9.986939e+00
      vertex   4.698892e+01 2.531634e+01 -7.941502e+00
      vertex   4.699784e+01 2.509260e+01 -9.986939e+00
    endloop
  endfacet
  facet normal 9.982944e-01 5.834524e-02 -2.026693e-03
    outer loop
      vertex   4.699784e+01 2.509260e+01 -9.986939e+00
      vertex   4.698892e+01 2.531634e+01 -7.941502e+00
      vertex   4.699129e+01 2.531634e+01 -6.771867e+00
    endloop
  endfacet
  facet normal 9.982944e-01 5.834524e-02 -2.026693e-03
    outer loop
      vertex   4.699784e+01 2.509260e+01 -9.986939e+00
      vertex   4.699129e+01 2.531634e+01 -6.771867e+00
      vertex   4.699182e+01 2.535016e+01 -5.536939e+00
    endloop
  endfacet
  facet normal 9.982944e-01 5.834524e-02 -2.026693e-03
    outer loop
      vertex   4.699182e+01 2.535016e+01 -5.536939e+00
      vertex   4.699129e+01 2.531634e+01 -6.771867e+00
      vertex   4.698536e+01 2.541784e+01 -6.771880e+00
    endloop
  endfacet
  facet normal 9.982944e-01 5.834524e-02 -2.026693e-03
    outer loop
      vertex   4.699182e+01 2.535016e+01 -5.536939e+00
      vertex   4.698536e+01 2.541784e+01 -6.771880e+00
      vertex   4.698160e+01 2.552500e+01 -5.536939e+00
    endloop
  endfacet
  facet normal 9.999318e-01 1.167982e-02 -0.000000e+00
    outer loop
      vertex   4.700000e+01 2.500000e+01 -9.986939e+00
      vertex   4.699946e+01 2.504632e+01 -9.986939e+00
      vertex   4.700000e+01 2.500000e+01 -5.536939e+00
    endloop
  endfacet
  facet normal 9.999318e-01 1.167982e-02 -5.775510e-16
    outer loop
      vertex   4.700000e+01 2.500000e+01 -5.536939e+00
      vertex   4.699946e+01 2.504632e+01 -9.986939e+00
      vertex   4.699796e+01 2.517513e+01 -5.536939e+00
    endloop
  endfacet
  facet normal 9.978555e-01 6.540255e-02 -2.640440e-03
    outer loop
      vertex   4.698536e+01 2.541784e+01 -6.771880e+00
      vertex   4.697226e+01 2.561766e+01 -6.771910e+00
      vertex   4.698160e+01 2.552500e+01 -5.536939e+00
    endloop
  endfacet
  facet normal 9.847853e-01 1.737724e-01 -1.076162e-03
    outer loop
      vertex   4.690727e+01 2.617069e+01 -6.772057e+00
      vertex   4.689201e+01 2.625713e+01 -6.772092e+00
      vertex   4.689820e+01 2.623152e+01 -5.244636e+00
    endloop
  endfacet
  facet normal 9.847853e-01 1.737724e-01 -1.076162e-03
    outer loop
      vertex   4.689820e+01 2.623152e+01 -5.244636e+00
      vertex   4.689201e+01 2.625713e+01 -6.772092e+00
      vertex   4.687675e+01 2.635399e+01 -5.095732e+00
    endloop
  endfacet
  facet normal 9.817098e-01 1.903723e-01 -2.063241e-03
    outer loop
      vertex   4.689201e+01 2.625713e+01 -6.772092e+00
      vertex   4.688020e+01 2.631805e+01 -6.772119e+00
      vertex   4.687675e+01 2.635399e+01 -5.095732e+00
    endloop
  endfacet
  facet normal 9.817098e-01 1.903723e-01 -2.063241e-03
    outer loop
      vertex   4.687675e+01 2.635399e+01 -5.095732e+00
      vertex   4.688020e+01 2.631805e+01 -6.772119e+00
      vertex   4.685881e+01 2.644844e+01 -4.920692e+00
    endloop
  endfacet
  facet normal 9.768863e-01 2.137568e-01 -1.084675e-03
    outer loop
      vertex   4.681197e+01 2.665695e+01 -6.772274e+00
      vertex   4.684332e+01 2.652500e+01 -4.536939e+00
      vertex   4.681665e+01 2.663556e+01 -6.772263e+00
    endloop
  endfacet
  facet normal 9.768863e-01 2.137568e-01 -1.084675e-03
    outer loop
      vertex   4.681665e+01 2.663556e+01 -6.772263e+00
      vertex   4.684332e+01 2.652500e+01 -4.536939e+00
      vertex   4.684728e+01 2.650593e+01 -4.729889e+00
    endloop
  endfacet
  facet normal 9.807806e-01 1.950990e-01 -2.406870e-03
    outer loop
      vertex   4.688020e+01 2.631805e+01 -6.772119e+00
      vertex   4.682704e+01 2.658529e+01 -6.772240e+00
      vertex   4.685881e+01 2.644844e+01 -4.920692e+00
    endloop
  endfacet
  facet normal 9.770695e-01 2.129184e-01 9.955263e-04
    outer loop
      vertex   4.681914e+01 2.662679e+01 1.033212e+01
      vertex   4.682403e+01 2.660432e+01 1.033214e+01
      vertex   4.684332e+01 2.652500e+01 8.363062e+00
    endloop
  endfacet
  facet normal 9.770695e-01 2.129184e-01 9.955263e-04
    outer loop
      vertex   4.684332e+01 2.652500e+01 8.363062e+00
      vertex   4.682403e+01 2.660432e+01 1.033214e+01
      vertex   4.684728e+01 2.650594e+01 8.555995e+00
    endloop
  endfacet
  facet normal 9.794337e-01 2.017594e-01 1.644577e-03
    outer loop
      vertex   4.682403e+01 2.660432e+01 1.033214e+01
      vertex   4.683515e+01 2.655034e+01 1.033216e+01
      vertex   4.684728e+01 2.650594e+01 8.555995e+00
    endloop
  endfacet
  facet normal 9.794337e-01 2.017594e-01 1.644577e-03
    outer loop
      vertex   4.684728e+01 2.650594e+01 8.555995e+00
      vertex   4.683515e+01 2.655034e+01 1.033216e+01
      vertex   4.685880e+01 2.644845e+01 8.746770e+00
    endloop
  endfacet
  facet normal -1.000000e+00 0.000000e+00 0.000000e+00
    outer loop
      vertex   -4.690802e+01 -8.000000e+00 -9.986939e+00
      vertex   -4.690802e+01 -8.000000e+00 -9.976940e+00
      vertex   -4.690802e+01 8.000000e+00 -9.986939e+00
    endloop
  endfacet
  facet normal -1.000000e+00 0.000000e+00 0.000000e+00
    outer loop
      vertex   -4.690802e+01 8.000000e+00 -9.986939e+00
      vertex   -4.690802e+01 -8.000000e+00 -9.976940e+00
      vertex   -4.690802e+01 8.000000e+00 -9.976940e+00
    endloop
  endfacet
  facet normal 0.000000e+00 -1.000000e+00 0.000000e+00
    outer loop
      vertex   -4.540000e+01 -2.000000e+01 -9.976940e+00
      vertex   -4.540000e+01 -2.000000e+01 -9.986939e+00
      vertex   4.540000e+01 -2.000000e+01 -9.976940e+00
    endloop
  endfacet
  facet normal 0.000000e+00 -1.000000e+00 -0.000000e+00
    outer loop
      vertex   4.540000e+01 -2.000000e+01 -9.976940e+00
      vertex   -4.540000e+01 -2.000000e+01 -9.986939e+00
      vertex   4.540000e+01 -2.000000e+01 -9.986939e+00
    endloop
  endfacet
  facet normal 1.193367e-15 0.000000e+00 1.000000e+00
    outer loop
      vertex   -4.540000e+01 2.000000e+01 -9.976940e+00
      vertex   -4.540000e+01 8.000000e+00 -9.976940e+00
      vertex   4.540000e+01 2.000000e+01 -9.976940e+00
    endloop
  endfacet
  facet normal 1.193367e-15 0.000000e+00 1.000000e+00
    outer loop
      vertex   4.540000e+01 2.000000e+01 -9.976940e+00
      vertex   -4.540000e+01 8.000000e+00 -9.976940e+00
      vertex   -4.540000e+01 -8.000000e+00 -9.976940e+00
    endloop
  endfacet
  facet normal 1.193367e-15 0.000000e+00 1.000000e+00
    outer loop
      vertex   4.540000e+01 2.000000e+01 -9.976940e+00
      vertex   -4.540000e+01 -8.000000e+00 -9.976940e+00
      vertex   4.540000e+01 -2.000000e+01 -9.976940e+00
    endloop
  endfacet
  facet normal 1.193367e-15 0.000000e+00 1.000000e+00
    outer loop
      vertex   4.540000e+01 -2.000000e+01 -9.976940e+00
      vertex   -4.540000e+01 -8.000000e+00 -9.976940e+00
      vertex   -4.540000e+01 -2.000000e+01 -9.976940e+00
    endloop
  endfacet
  facet normal 1.177941e-15 0.000000e+00 1.000000e+00
    outer loop
      vertex   -4.690802e+01 8.000000e+00 -9.976940e+00
      vertex   -4.690802e+01 -8.000000e+00 -9.976940e+00
      vertex   -4.540000e+01 8.000000e+00 -9.976940e+00
    endloop
  endfacet
  facet normal 1.177941e-15 0.000000e+00 1.000000e+00
    outer loop
      vertex   -4.540000e+01 8.000000e+00 -9.976940e+00
      vertex   -4.690802e+01 -8.000000e+00 -9.976940e+00
      vertex   -4.540000e+01 -8.000000e+00 -9.976940e+00
    endloop
  endfacet
  facet normal 0.000000e+00 1.000000e+00 0.000000e+00
    outer loop
      vertex   -4.540000e+01 2.000000e+01 -9.986939e+00
      vertex   -4.540000e+01 2.000000e+01 -9.976940e+00
      vertex   4.540000e+01 2.000000e+01 -9.986939e+00
    endloop
  endfacet
  facet normal 0.000000e+00 1.000000e+00 -0.000000e+00
    outer loop
      vertex   4.540000e+01 2.000000e+01 -9.986939e+00
      vertex   -4.540000e+01 2.000000e+01 -9.976940e+00
      vertex   4.540000e+01 2.000000e+01 -9.976940e+00
    endloop
  endfacet
  facet normal 0.000000e+00 0.000000e+00 1.000000e+00
    outer loop
      vertex   4.540000e+01 2.000000e+01 -9.986939e+00
      vertex   1.900000e+01 2.050000e+01 -9.986939e+00
      vertex   -4.540000e+01 2.000000e+01 -9.986939e+00
    endloop
  endfacet
  facet normal 0.000000e+00 0.000000e+00 1.000000e+00
    outer loop
      vertex   -4.540000e+01 2.000000e+01 -9.986939e+00
      vertex   1.900000e+01 2.050000e+01 -9.986939e+00
      vertex   -3.881980e+01 2.050406e+01 -9.986939e+00
    endloop
  endfacet
  facet normal 0.000000e+00 0.000000e+00 1.000000e+00
    outer loop
      vertex   -4.540000e+01 2.000000e+01 -9.986939e+00
      vertex   -3.881980e+01 2.050406e+01 -9.986939e+00
      vertex   -3.955825e+01 2.053915e+01 -9.986939e+00
    endloop
  endfacet
  facet normal 0.000000e+00 0.000000e+00 1.000000e+00
    outer loop
      vertex   4.540000e+01 2.500000e+01 -9.986939e+00
      vertex   2.261733e+01 2.279269e+01 -9.986939e+00
      vertex   4.540000e+01 2.000000e+01 -9.986939e+00
    endloop
  endfacet
  facet normal 0.000000e+00 0.000000e+00 1.000000e+00
    outer loop
      vertex   4.540000e+01 2.000000e+01 -9.986939e+00
      vertex   2.261733e+01 2.279269e+01 -9.986939e+00
      vertex   2.223380e+01 2.214573e+01 -9.986939e+00
    endloop
  endfacet
  facet normal 0.000000e+00 0.000000e+00 1.000000e+00
    outer loop
      vertex   4.540000e+01 2.000000e+01 -9.986939e+00
      vertex   2.223380e+01 2.214573e+01 -9.986939e+00
      vertex   2.173593e+01 2.158201e+01 -9.986939e+00
    endloop
  endfacet
  facet normal 0.000000e+00 0.000000e+00 1.000000e+00
    outer loop
      vertex   4.532737e+01 2.592296e+01 -9.986939e+00
      vertex   2.280661e+01 2.572871e+01 -9.986939e+00
      vertex   4.540000e+01 2.500000e+01 -9.986939e+00
    endloop
  endfacet
  facet normal 0.000000e+00 0.000000e+00 1.000000e+00
    outer loop
      vertex   4.540000e+01 2.500000e+01 -9.986939e+00
      vertex   2.280661e+01 2.572871e+01 -9.986939e+00
      vertex   2.296932e+01 2.499443e+01 -9.986939e+00
    endloop
  endfacet
  facet normal 0.000000e+00 0.000000e+00 1.000000e+00
    outer loop
      vertex   4.540000e+01 2.500000e+01 -9.986939e+00
      vertex   2.296932e+01 2.499443e+01 -9.986939e+00
      vertex   2.299171e+01 2.424267e+01 -9.986939e+00
    endloop
  endfacet
  facet normal 0.000000e+00 -0.000000e+00 1.000000e+00
    outer loop
      vertex   2.280661e+01 2.572871e+01 -9.986939e+00
      vertex   4.532737e+01 2.592296e+01 -9.986939e+00
      vertex   2.250932e+01 2.641956e+01 -9.986939e+00
    endloop
  endfacet
  facet normal -0.000000e+00 0.000000e+00 1.000000e+00
    outer loop
      vertex   2.250932e+01 2.641956e+01 -9.986939e+00
      vertex   4.532737e+01 2.592296e+01 -9.986939e+00
      vertex   4.511123e+01 2.682320e+01 -9.986939e+00
    endloop
  endfacet
  facet normal 0.000000e+00 -0.000000e+00 1.000000e+00
    outer loop
      vertex   2.250932e+01 2.641956e+01 -9.986939e+00
      vertex   4.511123e+01 2.682320e+01 -9.986939e+00
      vertex   2.208796e+01 2.704254e+01 -9.986939e+00
    endloop
  endfacet
  facet normal -0.000000e+00 0.000000e+00 1.000000e+00
    outer loop
      vertex   2.208796e+01 2.704254e+01 -9.986939e+00
      vertex   4.511123e+01 2.682320e+01 -9.986939e+00
      vertex   4.475694e+01 2.767854e+01 -9.986939e+00
    endloop
  endfacet
  facet normal 0.000000e+00 -0.000000e+00 1.000000e+00
    outer loop
      vertex   2.208796e+01 2.704254e+01 -9.986939e+00
      vertex   4.475694e+01 2.767854e+01 -9.986939e+00
      vertex   2.155743e+01 2.757564e+01 -9.986939e+00
    endloop
  endfacet
  facet normal 0.000000e+00 0.000000e+00 1.000000e+00
    outer loop
      vertex   2.155743e+01 2.757564e+01 -9.986939e+00
      vertex   4.475694e+01 2.767854e+01 -9.986939e+00
      vertex   4.427320e+01 2.846793e+01 -9.986939e+00
    endloop
  endfacet
  facet normal 0.000000e+00 -0.000000e+00 1.000000e+00
    outer loop
      vertex   2.155743e+01 2.757564e+01 -9.986939e+00
      vertex   4.427320e+01 2.846793e+01 -9.986939e+00
      vertex   2.093649e+01 2.800000e+01 -9.986939e+00
    endloop
  endfacet
  facet normal 0.000000e+00 0.000000e+00 1.000000e+00
    outer loop
      vertex   2.093649e+01 2.800000e+01 -9.986939e+00
      vertex   4.427320e+01 2.846793e+01 -9.986939e+00
      vertex   4.367193e+01 2.917193e+01 -9.986939e+00
    endloop
  endfacet
  facet normal 0.000000e+00 0.000000e+00 1.000000e+00
    outer loop
      vertex   2.093649e+01 2.800000e+01 -9.986939e+00
      vertex   4.367193e+01 2.917193e+01 -9.986939e+00
      vertex   4.296793e+01 2.977320e+01 -9.986939e+00
    endloop
  endfacet
  facet normal 0.000000e+00 0.000000e+00 1.000000e+00
    outer loop
      vertex   4.296793e+01 2.977320e+01 -9.986939e+00
      vertex   4.217854e+01 3.025694e+01 -9.986939e+00
      vertex   2.093649e+01 2.800000e+01 -9.986939e+00
    endloop
  endfacet
  facet normal 0.000000e+00 0.000000e+00 1.000000e+00
    outer loop
      vertex   2.093649e+01 2.800000e+01 -9.986939e+00
      vertex   4.217854e+01 3.025694e+01 -9.986939e+00
      vertex   3.950000e+01 3.090000e+01 -9.986939e+00
    endloop
  endfacet
  facet normal 0.000000e+00 -0.000000e+00 1.000000e+00
    outer loop
      vertex   2.093649e+01 2.800000e+01 -9.986939e+00
      vertex   3.950000e+01 3.090000e+01 -9.986939e+00
      vertex   1.706351e+01 2.800000e+01 -9.986939e+00
    endloop
  endfacet
  facet normal 0.000000e+00 -0.000000e+00 1.000000e+00
    outer loop
      vertex   1.706351e+01 2.800000e+01 -9.986939e+00
      vertex   3.950000e+01 3.090000e+01 -9.986939e+00
      vertex   -3.950000e+01 3.090000e+01 -9.986939e+00
    endloop
  endfacet
  facet normal 0.000000e+00 0.000000e+00 1.000000e+00
    outer loop
      vertex   1.706351e+01 2.800000e+01 -9.986939e+00
      vertex   -3.950000e+01 3.090000e+01 -9.986939e+00
      vertex   -3.706351e+01 2.800000e+01 -9.986939e+00
    endloop
  endfacet
  facet normal 0.000000e+00 0.000000e+00 1.000000e+00
    outer loop
      vertex   -3.706351e+01 2.800000e+01 -9.986939e+00
      vertex   -3.950000e+01 3.090000e+01 -9.986939e+00
      vertex   -4.217854e+01 3.025694e+01 -9.986939e+00
    endloop
  endfacet
  facet normal 0.000000e+00 0.000000e+00 1.000000e+00
    outer loop
      vertex   -3.706351e+01 2.800000e+01 -9.986939e+00
      vertex   -4.217854e+01 3.025694e+01 -9.986939e+00
      vertex   -4.296793e+01 2.977320e+01 -9.986939e+00
    endloop
  endfacet
  facet normal 0.000000e+00 0.000000e+00 1.000000e+00
    outer loop
      vertex   4.217854e+01 3.025694e+01 -9.986939e+00
      vertex   4.132320e+01 3.061123e+01 -9.986939e+00
      vertex   3.950000e+01 3.090000e+01 -9.986939e+00
    endloop
  endfacet
  facet normal 0.000000e+00 0.000000e+00 1.000000e+00
    outer loop
      vertex   3.950000e+01 3.090000e+01 -9.986939e+00
      vertex   4.132320e+01 3.061123e+01 -9.986939e+00
      vertex   4.042296e+01 3.082736e+01 -9.986939e+00
    endloop
  endfacet
  facet normal -0.000000e+00 0.000000e+00 1.000000e+00
    outer loop
      vertex   -4.042296e+01 3.082736e+01 -9.986939e+00
      vertex   -4.132320e+01 3.061123e+01 -9.986939e+00
      vertex   -3.950000e+01 3.090000e+01 -9.986939e+00
    endloop
  endfacet
  facet normal 0.000000e+00 0.000000e+00 1.000000e+00
    outer loop
      vertex   -3.950000e+01 3.090000e+01 -9.986939e+00
      vertex   -4.132320e+01 3.061123e+01 -9.986939e+00
      vertex   -4.217854e+01 3.025694e+01 -9.986939e+00
    endloop
  endfacet
  facet normal 0.000000e+00 0.000000e+00 1.000000e+00
    outer loop
      vertex   -4.296793e+01 2.977320e+01 -9.986939e+00
      vertex   -4.367193e+01 2.917193e+01 -9.986939e+00
      vertex   -3.706351e+01 2.800000e+01 -9.986939e+00
    endloop
  endfacet
  facet normal 0.000000e+00 0.000000e+00 1.000000e+00
    outer loop
      vertex   -3.706351e+01 2.800000e+01 -9.986939e+00
      vertex   -4.367193e+01 2.917193e+01 -9.986939e+00
      vertex   -3.950000e+01 2.800000e+01 -9.986939e+00
    endloop
  endfacet
  facet normal 0.000000e+00 0.000000e+00 1.000000e+00
    outer loop
      vertex   -3.950000e+01 2.800000e+01 -9.986939e+00
      vertex   -4.367193e+01 2.917193e+01 -9.986939e+00
      vertex   -4.427320e+01 2.846793e+01 -9.986939e+00
    endloop
  endfacet
  facet normal 0.000000e+00 0.000000e+00 1.000000e+00
    outer loop
      vertex   -3.950000e+01 2.800000e+01 -9.986939e+00
      vertex   -4.427320e+01 2.846793e+01 -9.986939e+00
      vertex   -4.008527e+01 2.794236e+01 -9.986939e+00
    endloop
  endfacet
  facet normal 0.000000e+00 0.000000e+00 1.000000e+00
    outer loop
      vertex   -4.008527e+01 2.794236e+01 -9.986939e+00
      vertex   -4.427320e+01 2.846793e+01 -9.986939e+00
      vertex   -4.475694e+01 2.767854e+01 -9.986939e+00
    endloop
  endfacet
  facet normal 0.000000e+00 0.000000e+00 1.000000e+00
    outer loop
      vertex   -4.008527e+01 2.794236e+01 -9.986939e+00
      vertex   -4.475694e+01 2.767854e+01 -9.986939e+00
      vertex   -4.064805e+01 2.777164e+01 -9.986939e+00
    endloop
  endfacet
  facet normal 0.000000e+00 0.000000e+00 1.000000e+00
    outer loop
      vertex   -4.064805e+01 2.777164e+01 -9.986939e+00
      vertex   -4.475694e+01 2.767854e+01 -9.986939e+00
      vertex   -4.116671e+01 2.749441e+01 -9.986939e+00
    endloop
  endfacet
  facet normal 0.000000e+00 0.000000e+00 1.000000e+00
    outer loop
      vertex   -4.116671e+01 2.749441e+01 -9.986939e+00
      vertex   -4.475694e+01 2.767854e+01 -9.986939e+00
      vertex   -4.162132e+01 2.712132e+01 -9.986939e+00
    endloop
  endfacet
  facet normal 0.000000e+00 0.000000e+00 1.000000e+00
    outer loop
      vertex   -4.162132e+01 2.712132e+01 -9.986939e+00
      vertex   -4.475694e+01 2.767854e+01 -9.986939e+00
      vertex   -4.511123e+01 2.682320e+01 -9.986939e+00
    endloop
  endfacet
  facet normal 0.000000e+00 0.000000e+00 1.000000e+00
    outer loop
      vertex   -4.162132e+01 2.712132e+01 -9.986939e+00
      vertex   -4.511123e+01 2.682320e+01 -9.986939e+00
      vertex   -4.199441e+01 2.666671e+01 -9.986939e+00
    endloop
  endfacet
  facet normal 0.000000e+00 0.000000e+00 1.000000e+00
    outer loop
      vertex   -4.199441e+01 2.666671e+01 -9.986939e+00
      vertex   -4.511123e+01 2.682320e+01 -9.986939e+00
      vertex   -4.227164e+01 2.614805e+01 -9.986939e+00
    endloop
  endfacet
  facet normal 0.000000e+00 0.000000e+00 1.000000e+00
    outer loop
      vertex   -4.227164e+01 2.614805e+01 -9.986939e+00
      vertex   -4.511123e+01 2.682320e+01 -9.986939e+00
      vertex   -4.532737e+01 2.592296e+01 -9.986939e+00
    endloop
  endfacet
  facet normal 0.000000e+00 0.000000e+00 1.000000e+00
    outer loop
      vertex   -4.227164e+01 2.614805e+01 -9.986939e+00
      vertex   -4.532737e+01 2.592296e+01 -9.986939e+00
      vertex   -4.244236e+01 2.558527e+01 -9.986939e+00
    endloop
  endfacet
  facet normal 0.000000e+00 0.000000e+00 1.000000e+00
    outer loop
      vertex   -4.244236e+01 2.558527e+01 -9.986939e+00
      vertex   -4.532737e+01 2.592296e+01 -9.986939e+00
      vertex   -4.540000e+01 2.500000e+01 -9.986939e+00
    endloop
  endfacet
  facet normal 0.000000e+00 0.000000e+00 1.000000e+00
    outer loop
      vertex   -4.244236e+01 2.558527e+01 -9.986939e+00
      vertex   -4.540000e+01 2.500000e+01 -9.986939e+00
      vertex   -4.250000e+01 2.500000e+01 -9.986939e+00
    endloop
  endfacet
  facet normal 0.000000e+00 0.000000e+00 1.000000e+00
    outer loop
      vertex   -4.250000e+01 2.500000e+01 -9.986939e+00
      vertex   -4.540000e+01 2.500000e+01 -9.986939e+00
      vertex   -4.250000e+01 2.256351e+01 -9.986939e+00
    endloop
  endfacet
  facet normal 0.000000e+00 0.000000e+00 1.000000e+00
    outer loop
      vertex   -4.250000e+01 2.256351e+01 -9.986939e+00
      vertex   -4.540000e+01 2.500000e+01 -9.986939e+00
      vertex   -4.540000e+01 2.000000e+01 -9.986939e+00
    endloop
  endfacet
  facet normal 0.000000e+00 0.000000e+00 1.000000e+00
    outer loop
      vertex   -4.250000e+01 2.256351e+01 -9.986939e+00
      vertex   -4.540000e+01 2.000000e+01 -9.986939e+00
      vertex   -4.208385e+01 2.195248e+01 -9.986939e+00
    endloop
  endfacet
  facet normal 0.000000e+00 0.000000e+00 1.000000e+00
    outer loop
      vertex   -4.208385e+01 2.195248e+01 -9.986939e+00
      vertex   -4.540000e+01 2.000000e+01 -9.986939e+00
      vertex   -4.156237e+01 2.142848e+01 -9.986939e+00
    endloop
  endfacet
  facet normal 0.000000e+00 0.000000e+00 1.000000e+00
    outer loop
      vertex   -4.156237e+01 2.142848e+01 -9.986939e+00
      vertex   -4.540000e+01 2.000000e+01 -9.986939e+00
      vertex   -4.095336e+01 2.100939e+01 -9.986939e+00
    endloop
  endfacet
  facet normal 0.000000e+00 0.000000e+00 1.000000e+00
    outer loop
      vertex   -4.095336e+01 2.100939e+01 -9.986939e+00
      vertex   -4.540000e+01 2.000000e+01 -9.986939e+00
      vertex   -4.027762e+01 2.070953e+01 -9.986939e+00
    endloop
  endfacet
  facet normal 0.000000e+00 0.000000e+00 1.000000e+00
    outer loop
      vertex   -4.027762e+01 2.070953e+01 -9.986939e+00
      vertex   -4.540000e+01 2.000000e+01 -9.986939e+00
      vertex   -3.955825e+01 2.053915e+01 -9.986939e+00
    endloop
  endfacet
  facet normal 0.000000e+00 0.000000e+00 1.000000e+00
    outer loop
      vertex   1.644257e+01 2.757564e+01 -9.986939e+00
      vertex   -3.592848e+01 2.706237e+01 -9.986939e+00
      vertex   1.591204e+01 2.704254e+01 -9.986939e+00
    endloop
  endfacet
  facet normal 0.000000e+00 0.000000e+00 1.000000e+00
    outer loop
      vertex   1.591204e+01 2.704254e+01 -9.986939e+00
      vertex   -3.592848e+01 2.706237e+01 -9.986939e+00
      vertex   -3.550938e+01 2.645336e+01 -9.986939e+00
    endloop
  endfacet
  facet normal 0.000000e+00 0.000000e+00 1.000000e+00
    outer loop
      vertex   1.591204e+01 2.704254e+01 -9.986939e+00
      vertex   -3.550938e+01 2.645336e+01 -9.986939e+00
      vertex   1.549069e+01 2.641956e+01 -9.986939e+00
    endloop
  endfacet
  facet normal 0.000000e+00 0.000000e+00 1.000000e+00
    outer loop
      vertex   1.549069e+01 2.641956e+01 -9.986939e+00
      vertex   -3.550938e+01 2.645336e+01 -9.986939e+00
      vertex   -3.520953e+01 2.577762e+01 -9.986939e+00
    endloop
  endfacet
  facet normal 0.000000e+00 0.000000e+00 1.000000e+00
    outer loop
      vertex   1.549069e+01 2.641956e+01 -9.986939e+00
      vertex   -3.520953e+01 2.577762e+01 -9.986939e+00
      vertex   1.519339e+01 2.572871e+01 -9.986939e+00
    endloop
  endfacet
  facet normal 0.000000e+00 0.000000e+00 1.000000e+00
    outer loop
      vertex   1.519339e+01 2.572871e+01 -9.986939e+00
      vertex   -3.520953e+01 2.577762e+01 -9.986939e+00
      vertex   -3.503915e+01 2.505825e+01 -9.986939e+00
    endloop
  endfacet
  facet normal 0.000000e+00 0.000000e+00 1.000000e+00
    outer loop
      vertex   1.519339e+01 2.572871e+01 -9.986939e+00
      vertex   -3.503915e+01 2.505825e+01 -9.986939e+00
      vertex   1.503067e+01 2.499443e+01 -9.986939e+00
    endloop
  endfacet
  facet normal 0.000000e+00 0.000000e+00 1.000000e+00
    outer loop
      vertex   1.503067e+01 2.499443e+01 -9.986939e+00
      vertex   -3.503915e+01 2.505825e+01 -9.986939e+00
      vertex   -3.500406e+01 2.431980e+01 -9.986939e+00
    endloop
  endfacet
  facet normal 0.000000e+00 0.000000e+00 1.000000e+00
    outer loop
      vertex   1.503067e+01 2.499443e+01 -9.986939e+00
      vertex   -3.500406e+01 2.431980e+01 -9.986939e+00
      vertex   1.500829e+01 2.424267e+01 -9.986939e+00
    endloop
  endfacet
  facet normal 0.000000e+00 0.000000e+00 1.000000e+00
    outer loop
      vertex   1.500829e+01 2.424267e+01 -9.986939e+00
      vertex   -3.500406e+01 2.431980e+01 -9.986939e+00
      vertex   -3.510547e+01 2.358751e+01 -9.986939e+00
    endloop
  endfacet
  facet normal 0.000000e+00 0.000000e+00 1.000000e+00
    outer loop
      vertex   1.500829e+01 2.424267e+01 -9.986939e+00
      vertex   -3.510547e+01 2.358751e+01 -9.986939e+00
      vertex   1.512702e+01 2.350000e+01 -9.986939e+00
    endloop
  endfacet
  facet normal 0.000000e+00 0.000000e+00 1.000000e+00
    outer loop
      vertex   1.512702e+01 2.350000e+01 -9.986939e+00
      vertex   -3.510547e+01 2.358751e+01 -9.986939e+00
      vertex   -3.533991e+01 2.288639e+01 -9.986939e+00
    endloop
  endfacet
  facet normal 0.000000e+00 0.000000e+00 1.000000e+00
    outer loop
      vertex   1.512702e+01 2.350000e+01 -9.986939e+00
      vertex   -3.533991e+01 2.288639e+01 -9.986939e+00
      vertex   1.538267e+01 2.279269e+01 -9.986939e+00
    endloop
  endfacet
  facet normal 0.000000e+00 0.000000e+00 1.000000e+00
    outer loop
      vertex   1.538267e+01 2.279269e+01 -9.986939e+00
      vertex   -3.533991e+01 2.288639e+01 -9.986939e+00
      vertex   -3.569937e+01 2.224039e+01 -9.986939e+00
    endloop
  endfacet
  facet normal 0.000000e+00 0.000000e+00 1.000000e+00
    outer loop
      vertex   1.538267e+01 2.279269e+01 -9.986939e+00
      vertex   -3.569937e+01 2.224039e+01 -9.986939e+00
      vertex   1.576621e+01 2.214573e+01 -9.986939e+00
    endloop
  endfacet
  facet normal 0.000000e+00 0.000000e+00 1.000000e+00
    outer loop
      vertex   1.576621e+01 2.214573e+01 -9.986939e+00
      vertex   -3.569937e+01 2.224039e+01 -9.986939e+00
      vertex   -3.617157e+01 2.167157e+01 -9.986939e+00
    endloop
  endfacet
  facet normal 0.000000e+00 0.000000e+00 1.000000e+00
    outer loop
      vertex   1.576621e+01 2.214573e+01 -9.986939e+00
      vertex   -3.617157e+01 2.167157e+01 -9.986939e+00
      vertex   1.626407e+01 2.158201e+01 -9.986939e+00
    endloop
  endfacet
  facet normal 0.000000e+00 0.000000e+00 1.000000e+00
    outer loop
      vertex   1.626407e+01 2.158201e+01 -9.986939e+00
      vertex   -3.617157e+01 2.167157e+01 -9.986939e+00
      vertex   -3.674039e+01 2.119937e+01 -9.986939e+00
    endloop
  endfacet
  facet normal 0.000000e+00 0.000000e+00 1.000000e+00
    outer loop
      vertex   1.626407e+01 2.158201e+01 -9.986939e+00
      vertex   -3.674039e+01 2.119937e+01 -9.986939e+00
      vertex   1.685865e+01 2.112145e+01 -9.986939e+00
    endloop
  endfacet
  facet normal 0.000000e+00 0.000000e+00 1.000000e+00
    outer loop
      vertex   1.685865e+01 2.112145e+01 -9.986939e+00
      vertex   -3.674039e+01 2.119937e+01 -9.986939e+00
      vertex   -3.738640e+01 2.083991e+01 -9.986939e+00
    endloop
  endfacet
  facet normal 0.000000e+00 0.000000e+00 1.000000e+00
    outer loop
      vertex   1.685865e+01 2.112145e+01 -9.986939e+00
      vertex   -3.738640e+01 2.083991e+01 -9.986939e+00
      vertex   1.752894e+01 2.078032e+01 -9.986939e+00
    endloop
  endfacet
  facet normal 0.000000e+00 0.000000e+00 1.000000e+00
    outer loop
      vertex   1.752894e+01 2.078032e+01 -9.986939e+00
      vertex   -3.738640e+01 2.083991e+01 -9.986939e+00
      vertex   -3.808751e+01 2.060547e+01 -9.986939e+00
    endloop
  endfacet
  facet normal 0.000000e+00 0.000000e+00 1.000000e+00
    outer loop
      vertex   1.752894e+01 2.078032e+01 -9.986939e+00
      vertex   -3.808751e+01 2.060547e+01 -9.986939e+00
      vertex   1.825123e+01 2.057070e+01 -9.986939e+00
    endloop
  endfacet
  facet normal 0.000000e+00 0.000000e+00 1.000000e+00
    outer loop
      vertex   1.825123e+01 2.057070e+01 -9.986939e+00
      vertex   -3.808751e+01 2.060547e+01 -9.986939e+00
      vertex   -3.881980e+01 2.050406e+01 -9.986939e+00
    endloop
  endfacet
  facet normal 0.000000e+00 0.000000e+00 1.000000e+00
    outer loop
      vertex   1.825123e+01 2.057070e+01 -9.986939e+00
      vertex   -3.881980e+01 2.050406e+01 -9.986939e+00
      vertex   1.900000e+01 2.050000e+01 -9.986939e+00
    endloop
  endfacet
  facet normal 0.000000e+00 -0.000000e+00 1.000000e+00
    outer loop
      vertex   -3.592848e+01 2.706237e+01 -9.986939e+00
      vertex   1.644257e+01 2.757564e+01 -9.986939e+00
      vertex   -3.645248e+01 2.758385e+01 -9.986939e+00
    endloop
  endfacet
  facet normal -0.000000e+00 0.000000e+00 1.000000e+00
    outer loop
      vertex   -3.645248e+01 2.758385e+01 -9.986939e+00
      vertex   1.644257e+01 2.757564e+01 -9.986939e+00
      vertex   1.706351e+01 2.800000e+01 -9.986939e+00
    endloop
  endfacet
  facet normal 0.000000e+00 -0.000000e+00 1.000000e+00
    outer loop
      vertex   -3.645248e+01 2.758385e+01 -9.986939e+00
      vertex   1.706351e+01 2.800000e+01 -9.986939e+00
      vertex   -3.706351e+01 2.800000e+01 -9.986939e+00
    endloop
  endfacet
  facet normal -0.000000e+00 0.000000e+00 1.000000e+00
    outer loop
      vertex   2.299171e+01 2.424267e+01 -9.986939e+00
      vertex   2.287298e+01 2.350000e+01 -9.986939e+00
      vertex   4.540000e+01 2.500000e+01 -9.986939e+00
    endloop
  endfacet
  facet normal 0.000000e+00 0.000000e+00 1.000000e+00
    outer loop
      vertex   4.540000e+01 2.500000e+01 -9.986939e+00
      vertex   2.287298e+01 2.350000e+01 -9.986939e+00
      vertex   2.261733e+01 2.279269e+01 -9.986939e+00
    endloop
  endfacet
  facet normal 0.000000e+00 0.000000e+00 1.000000e+00
    outer loop
      vertex   2.173593e+01 2.158201e+01 -9.986939e+00
      vertex   2.114135e+01 2.112145e+01 -9.986939e+00
      vertex   4.540000e+01 2.000000e+01 -9.986939e+00
    endloop
  endfacet
  facet normal 0.000000e+00 0.000000e+00 1.000000e+00
    outer loop
      vertex   4.540000e+01 2.000000e+01 -9.986939e+00
      vertex   2.114135e+01 2.112145e+01 -9.986939e+00
      vertex   2.047106e+01 2.078032e+01 -9.986939e+00
    endloop
  endfacet
  facet normal 0.000000e+00 0.000000e+00 1.000000e+00
    outer loop
      vertex   4.540000e+01 2.000000e+01 -9.986939e+00
      vertex   2.047106e+01 2.078032e+01 -9.986939e+00
      vertex   1.974877e+01 2.057070e+01 -9.986939e+00
    endloop
  endfacet
  facet normal 0.000000e+00 0.000000e+00 1.000000e+00
    outer loop
      vertex   1.974877e+01 2.057070e+01 -9.986939e+00
      vertex   1.900000e+01 2.050000e+01 -9.986939e+00
      vertex   4.540000e+01 2.000000e+01 -9.986939e+00
    endloop
  endfacet
  facet normal 0.000000e+00 1.000000e+00 -0.000000e+00
    outer loop
      vertex   -4.540000e+01 -8.000000e+00 -9.976940e+00
      vertex   -4.690802e+01 -8.000000e+00 -9.976940e+00
      vertex   -4.540000e+01 -8.000000e+00 -5.586939e+00
    endloop
  endfacet
  facet normal 0.000000e+00 1.000000e+00 0.000000e+00
    outer loop
      vertex   -4.540000e+01 -8.000000e+00 -5.586939e+00
      vertex   -4.690802e+01 -8.000000e+00 -9.976940e+00
      vertex   -4.700000e+01 -8.000000e+00 -5.586939e+00
    endloop
  endfacet
  facet normal 0.000000e+00 1.000000e+00 0.000000e+00
    outer loop
      vertex   -4.700000e+01 -8.000000e+00 -5.586939e+00
      vertex   -4.690802e+01 -8.000000e+00 -9.976940e+00
      vertex   -4.700000e+01 -8.000000e+00 -9.986939e+00
    endloop
  endfacet
  facet normal 0.000000e+00 1.000000e+00 0.000000e+00
    outer loop
      vertex   -4.700000e+01 -8.000000e+00 -9.986939e+00
      vertex   -4.690802e+01 -8.000000e+00 -9.976940e+00
      vertex   -4.690802e+01 -8.000000e+00 -9.986939e+00
    endloop
  endfacet
  facet normal 9.993857e-01 3.504085e-02 -6.764201e-04
    outer loop
      vertex   4.699946e+01 2.504632e+01 -9.986939e+00
      vertex   4.699784e+01 2.509260e+01 -9.986939e+00
      vertex   4.699796e+01 2.517513e+01 -5.536939e+00
    endloop
  endfacet
  facet normal 9.993857e-01 3.504085e-02 -6.764201e-04
    outer loop
      vertex   4.699796e+01 2.517513e+01 -5.536939e+00
      vertex   4.699784e+01 2.509260e+01 -9.986939e+00
      vertex   4.699182e+01 2.535016e+01 -5.536939e+00
    endloop
  endfacet
  facet normal 9.941374e-01 1.081244e-01 1.780886e-04
    outer loop
      vertex   4.694354e+01 2.591814e+01 1.033241e+01
      vertex   4.696140e+01 2.575398e+01 1.033245e+01
      vertex   4.694487e+01 2.590769e+01 9.286938e+00
    endloop
  endfacet
  facet normal 9.941374e-01 1.081244e-01 1.780886e-04
    outer loop
      vertex   4.694487e+01 2.590769e+01 9.286938e+00
      vertex   4.696140e+01 2.575398e+01 1.033245e+01
      vertex   4.696555e+01 2.571741e+01 9.344104e+00
    endloop
  endfacet
  facet normal 9.911487e-01 1.327562e-01 -7.199792e-05
    outer loop
      vertex   4.694354e+01 2.591814e+01 1.033241e+01
      vertex   4.694487e+01 2.590769e+01 9.286938e+00
      vertex   4.692372e+01 2.606614e+01 1.033236e+01
    endloop
  endfacet
  facet normal 9.911487e-01 1.327562e-01 -7.199792e-05
    outer loop
      vertex   4.692372e+01 2.606614e+01 1.033236e+01
      vertex   4.694487e+01 2.590769e+01 9.286938e+00
      vertex   4.692145e+01 2.608247e+01 9.192940e+00
    endloop
  endfacet
  facet normal 9.880253e-01 1.542917e-01 2.430159e-04
    outer loop
      vertex   4.692372e+01 2.606614e+01 1.033236e+01
      vertex   4.692145e+01 2.608247e+01 9.192940e+00
      vertex   4.690467e+01 2.618812e+01 1.033232e+01
    endloop
  endfacet
  facet normal 9.880253e-01 1.542917e-01 2.430159e-04
    outer loop
      vertex   4.690467e+01 2.618812e+01 1.033232e+01
      vertex   4.692145e+01 2.608247e+01 9.192940e+00
      vertex   4.689820e+01 2.623152e+01 9.070752e+00
    endloop
  endfacet
  facet normal 9.848163e-01 1.735972e-01 9.235742e-04
    outer loop
      vertex   4.690467e+01 2.618812e+01 1.033232e+01
      vertex   4.689820e+01 2.623152e+01 9.070752e+00
      vertex   4.688788e+01 2.628340e+01 1.033228e+01
    endloop
  endfacet
  facet normal 9.848163e-01 1.735972e-01 9.235742e-04
    outer loop
      vertex   4.688788e+01 2.628340e+01 1.033228e+01
      vertex   4.689820e+01 2.623152e+01 9.070752e+00
      vertex   4.687675e+01 2.635402e+01 8.921805e+00
    endloop
  endfacet
  facet normal 9.818094e-01 1.898608e-01 1.761577e-03
    outer loop
      vertex   4.688788e+01 2.628340e+01 1.033228e+01
      vertex   4.687675e+01 2.635402e+01 8.921805e+00
      vertex   4.687473e+01 2.635135e+01 1.033225e+01
    endloop
  endfacet
  facet normal 9.818094e-01 1.898608e-01 1.761577e-03
    outer loop
      vertex   4.687473e+01 2.635135e+01 1.033225e+01
      vertex   4.687675e+01 2.635402e+01 8.921805e+00
      vertex   4.685880e+01 2.644845e+01 8.746770e+00
    endloop
  endfacet
  facet normal 9.807813e-01 1.950991e-01 2.092718e-03
    outer loop
      vertex   4.683515e+01 2.655034e+01 1.033216e+01
      vertex   4.687473e+01 2.635135e+01 1.033225e+01
      vertex   4.685880e+01 2.644845e+01 8.746770e+00
    endloop
  endfacet
  facet normal 9.729092e-01 2.311875e-01 -2.438395e-16
    outer loop
      vertex   4.680309e+01 2.669432e+01 -6.772294e+00
      vertex   4.680249e+01 2.669683e+01 1.033209e+01
      vertex   4.681197e+01 2.665695e+01 -6.772274e+00
    endloop
  endfacet
  facet normal 9.729092e-01 2.311875e-01 -1.196588e-16
    outer loop
      vertex   4.681197e+01 2.665695e+01 -6.772274e+00
      vertex   4.680249e+01 2.669683e+01 1.033209e+01
      vertex   4.681914e+01 2.662679e+01 1.033212e+01
    endloop
  endfacet
  facet normal 9.729092e-01 2.311875e-01 -2.973878e-16
    outer loop
      vertex   4.681197e+01 2.665695e+01 -6.772274e+00
      vertex   4.681914e+01 2.662679e+01 1.033212e+01
      vertex   4.684332e+01 2.652500e+01 8.363062e+00
    endloop
  endfacet
  facet normal 9.729092e-01 2.311875e-01 0.000000e+00
    outer loop
      vertex   4.684332e+01 2.652500e+01 8.363062e+00
      vertex   4.684332e+01 2.652500e+01 -4.536939e+00
      vertex   4.681197e+01 2.665695e+01 -6.772274e+00
    endloop
  endfacet
  facet normal 9.792981e-01 2.024149e-01 -1.840709e-03
    outer loop
      vertex   4.681665e+01 2.663556e+01 -6.772263e+00
      vertex   4.684728e+01 2.650593e+01 -4.729889e+00
      vertex   4.682704e+01 2.658529e+01 -6.772240e+00
    endloop
  endfacet
  facet normal 9.792981e-01 2.024149e-01 -1.840709e-03
    outer loop
      vertex   4.682704e+01 2.658529e+01 -6.772240e+00
      vertex   4.684728e+01 2.650593e+01 -4.729889e+00
      vertex   4.685881e+01 2.644844e+01 -4.920692e+00
    endloop
  endfacet
  facet normal 9.941429e-01 1.080731e-01 -2.093278e-04
    outer loop
      vertex   4.694295e+01 2.592291e+01 -6.771976e+00
      vertex   4.694488e+01 2.590765e+01 -5.460834e+00
      vertex   4.695941e+01 2.577143e+01 -6.771939e+00
    endloop
  endfacet
  facet normal 9.941429e-01 1.080731e-01 -2.093278e-04
    outer loop
      vertex   4.695941e+01 2.577143e+01 -6.771939e+00
      vertex   4.694488e+01 2.590765e+01 -5.460834e+00
      vertex   4.696555e+01 2.571739e+01 -5.517984e+00
    endloop
  endfacet
  facet normal 9.965267e-01 8.326363e-02 -1.290227e-03
    outer loop
      vertex   4.695941e+01 2.577143e+01 -6.771939e+00
      vertex   4.696555e+01 2.571739e+01 -5.517984e+00
      vertex   4.697226e+01 2.561766e+01 -6.771910e+00
    endloop
  endfacet
  facet normal 9.965267e-01 8.326363e-02 -1.290227e-03
    outer loop
      vertex   4.697226e+01 2.561766e+01 -6.771910e+00
      vertex   4.696555e+01 2.571739e+01 -5.517984e+00
      vertex   4.698160e+01 2.552500e+01 -5.536939e+00
    endloop
  endfacet
  facet normal 9.978555e-01 6.540255e-02 -2.640440e-03
    outer loop
      vertex   4.698350e+01 2.531634e+01 -9.986939e+00
      vertex   4.698892e+01 2.531634e+01 -7.941502e+00
      vertex   4.699514e+01 2.513884e+01 -9.986939e+00
    endloop
  endfacet
  facet normal 0.000000e+00 -1.000000e+00 0.000000e+00
    outer loop
      vertex   2.607962e+00 -3.250000e+01 -7.256674e+00
      vertex   1.097000e+01 -3.250000e+01 -5.246579e+00
      vertex   2.625000e+00 -3.250000e+01 -7.127265e+00
    endloop
  endfacet
  facet normal 0.000000e+00 -1.000000e+00 0.000000e+00
    outer loop
      vertex   2.625000e+00 -3.250000e+01 -7.127265e+00
      vertex   1.097000e+01 -3.250000e+01 -5.246579e+00
      vertex   1.028443e+01 -3.250000e+01 -5.069072e+00
    endloop
  endfacet
  facet normal 0.000000e+00 -1.000000e+00 0.000000e+00
    outer loop
      vertex   2.625000e+00 -3.250000e+01 -7.127265e+00
      vertex   1.028443e+01 -3.250000e+01 -5.069072e+00
      vertex   9.648625e+00 -3.250000e+01 -4.757194e+00
    endloop
  endfacet
  facet normal 0.000000e+00 -1.000000e+00 -0.000000e+00
    outer loop
      vertex   2.607962e+00 -3.250000e+01 -7.256674e+00
      vertex   2.558012e+00 -3.250000e+01 -7.377265e+00
      vertex   1.097000e+01 -3.250000e+01 -5.246579e+00
    endloop
  endfacet
  facet normal 0.000000e+00 -1.000000e+00 -0.000000e+00
    outer loop
      vertex   1.097000e+01 -3.250000e+01 -5.246579e+00
      vertex   2.558012e+00 -3.250000e+01 -7.377265e+00
      vertex   1.167727e+01 -3.250000e+01 -5.282447e+00
    endloop
  endfacet
  facet normal 0.000000e+00 -1.000000e+00 0.000000e+00
    outer loop
      vertex   1.167727e+01 -3.250000e+01 -5.282447e+00
      vertex   2.558012e+00 -3.250000e+01 -7.377265e+00
      vertex   2.478553e+00 -3.250000e+01 -7.480818e+00
    endloop
  endfacet
  facet normal 0.000000e+00 -1.000000e+00 0.000000e+00
    outer loop
      vertex   1.167727e+01 -3.250000e+01 -5.282447e+00
      vertex   2.478553e+00 -3.250000e+01 -7.480818e+00
      vertex   2.375000e+00 -3.250000e+01 -7.560278e+00
    endloop
  endfacet
  facet normal 0.000000e+00 -1.000000e+00 -0.000000e+00
    outer loop
      vertex   1.167727e+01 -3.250000e+01 -5.282447e+00
      vertex   2.375000e+00 -3.250000e+01 -7.560278e+00
      vertex   3.950000e+01 -3.250000e+01 -1.158694e+01
    endloop
  endfacet
  facet normal 0.000000e+00 -1.000000e+00 0.000000e+00
    outer loop
      vertex   3.950000e+01 -3.250000e+01 -1.158694e+01
      vertex   2.375000e+00 -3.250000e+01 -7.560278e+00
      vertex   2.254409e+00 -3.250000e+01 -7.610228e+00
    endloop
  endfacet
  facet normal 0.000000e+00 -1.000000e+00 0.000000e+00
    outer loop
      vertex   3.950000e+01 -3.250000e+01 -1.158694e+01
      vertex   2.254409e+00 -3.250000e+01 -7.610228e+00
      vertex   2.125000e+00 -3.250000e+01 -7.627264e+00
    endloop
  endfacet
  facet normal 0.000000e+00 -1.000000e+00 0.000000e+00
    outer loop
      vertex   3.950000e+01 -3.250000e+01 -1.158694e+01
      vertex   2.125000e+00 -3.250000e+01 -7.627264e+00
      vertex   -3.950000e+01 -3.250000e+01 -1.158694e+01
    endloop
  endfacet
  facet normal 0.000000e+00 -1.000000e+00 0.000000e+00
    outer loop
      vertex   -3.950000e+01 -3.250000e+01 -1.158694e+01
      vertex   2.125000e+00 -3.250000e+01 -7.627264e+00
      vertex   -8.125000e+00 -3.250000e+01 -7.627264e+00
    endloop
  endfacet
  facet normal 0.000000e+00 -1.000000e+00 0.000000e+00
    outer loop
      vertex   -3.950000e+01 -3.250000e+01 -1.158694e+01
      vertex   -8.125000e+00 -3.250000e+01 -7.627264e+00
      vertex   -1.138397e+01 -3.250000e+01 -7.654812e+00
    endloop
  endfacet
  facet normal 0.000000e+00 -1.000000e+00 0.000000e+00
    outer loop
      vertex   -1.138397e+01 -3.250000e+01 -7.654812e+00
      vertex   -8.125000e+00 -3.250000e+01 -7.627264e+00
      vertex   -1.125456e+01 -3.250000e+01 -7.637774e+00
    endloop
  endfacet
  facet normal 0.000000e+00 -1.000000e+00 0.000000e+00
    outer loop
      vertex   -1.125456e+01 -3.250000e+01 -7.637774e+00
      vertex   -8.125000e+00 -3.250000e+01 -7.627264e+00
      vertex   -8.254410e+00 -3.250000e+01 -7.610228e+00
    endloop
  endfacet
  facet normal 0.000000e+00 -1.000000e+00 0.000000e+00
    outer loop
      vertex   -1.125456e+01 -3.250000e+01 -7.637774e+00
      vertex   -8.254410e+00 -3.250000e+01 -7.610228e+00
      vertex   -1.113397e+01 -3.250000e+01 -7.587825e+00
    endloop
  endfacet
  facet normal 0.000000e+00 -1.000000e+00 0.000000e+00
    outer loop
      vertex   -1.113397e+01 -3.250000e+01 -7.587825e+00
      vertex   -8.254410e+00 -3.250000e+01 -7.610228e+00
      vertex   -8.375000e+00 -3.250000e+01 -7.560278e+00
    endloop
  endfacet
  facet normal 0.000000e+00 -1.000000e+00 0.000000e+00
    outer loop
      vertex   -1.113397e+01 -3.250000e+01 -7.587825e+00
      vertex   -8.375000e+00 -3.250000e+01 -7.560278e+00
      vertex   -1.103042e+01 -3.250000e+01 -7.508365e+00
    endloop
  endfacet
  facet normal 0.000000e+00 -1.000000e+00 0.000000e+00
    outer loop
      vertex   -1.103042e+01 -3.250000e+01 -7.508365e+00
      vertex   -8.375000e+00 -3.250000e+01 -7.560278e+00
      vertex   -8.478554e+00 -3.250000e+01 -7.480818e+00
    endloop
  endfacet
  facet normal 0.000000e+00 -1.000000e+00 0.000000e+00
    outer loop
      vertex   -1.103042e+01 -3.250000e+01 -7.508365e+00
      vertex   -8.478554e+00 -3.250000e+01 -7.480818e+00
      vertex   -1.095096e+01 -3.250000e+01 -7.404812e+00
    endloop
  endfacet
  facet normal 0.000000e+00 -1.000000e+00 0.000000e+00
    outer loop
      vertex   -1.095096e+01 -3.250000e+01 -7.404812e+00
      vertex   -8.478554e+00 -3.250000e+01 -7.480818e+00
      vertex   -8.558013e+00 -3.250000e+01 -7.377265e+00
    endloop
  endfacet
  facet normal 0.000000e+00 -1.000000e+00 0.000000e+00
    outer loop
      vertex   -1.095096e+01 -3.250000e+01 -7.404812e+00
      vertex   -8.558013e+00 -3.250000e+01 -7.377265e+00
      vertex   -1.090101e+01 -3.250000e+01 -7.284221e+00
    endloop
  endfacet
  facet normal 0.000000e+00 -1.000000e+00 0.000000e+00
    outer loop
      vertex   -1.090101e+01 -3.250000e+01 -7.284221e+00
      vertex   -8.558013e+00 -3.250000e+01 -7.377265e+00
      vertex   -8.607963e+00 -3.250000e+01 -7.256674e+00
    endloop
  endfacet
  facet normal 0.000000e+00 -1.000000e+00 0.000000e+00
    outer loop
      vertex   -1.090101e+01 -3.250000e+01 -7.284221e+00
      vertex   -8.607963e+00 -3.250000e+01 -7.256674e+00
      vertex   -1.088397e+01 -3.250000e+01 -7.154811e+00
    endloop
  endfacet
  facet normal 0.000000e+00 -1.000000e+00 0.000000e+00
    outer loop
      vertex   -1.088397e+01 -3.250000e+01 -7.154811e+00
      vertex   -8.607963e+00 -3.250000e+01 -7.256674e+00
      vertex   -8.625000e+00 -3.250000e+01 -7.127265e+00
    endloop
  endfacet
  facet normal 0.000000e+00 -1.000000e+00 0.000000e+00
    outer loop
      vertex   -1.088397e+01 -3.250000e+01 -7.154811e+00
      vertex   -8.625000e+00 -3.250000e+01 -7.127265e+00
      vertex   -1.088397e+01 -3.250000e+01 5.951889e-01
    endloop
  endfacet
  facet normal 0.000000e+00 -1.000000e+00 0.000000e+00
    outer loop
      vertex   -1.088397e+01 -3.250000e+01 5.951889e-01
      vertex   -8.625000e+00 -3.250000e+01 -7.127265e+00
      vertex   -8.625000e+00 -3.250000e+01 5.727358e-01
    endloop
  endfacet
  facet normal 0.000000e+00 -1.000000e+00 0.000000e+00
    outer loop
      vertex   -1.088397e+01 -3.250000e+01 5.951889e-01
      vertex   -8.625000e+00 -3.250000e+01 5.727358e-01
      vertex   -8.607963e+00 -3.250000e+01 7.021447e-01
    endloop
  endfacet
  facet normal 0.000000e+00 -1.000000e+00 0.000000e+00
    outer loop
      vertex   -1.088397e+01 -3.250000e+01 5.951889e-01
      vertex   -8.607963e+00 -3.250000e+01 7.021447e-01
      vertex   -1.090101e+01 -3.250000e+01 7.245989e-01
    endloop
  endfacet
  facet normal 0.000000e+00 -1.000000e+00 0.000000e+00
    outer loop
      vertex   -1.090101e+01 -3.250000e+01 7.245989e-01
      vertex   -8.607963e+00 -3.250000e+01 7.021447e-01
      vertex   -8.558013e+00 -3.250000e+01 8.227368e-01
    endloop
  endfacet
  facet normal 0.000000e+00 -1.000000e+00 0.000000e+00
    outer loop
      vertex   -1.090101e+01 -3.250000e+01 7.245989e-01
      vertex   -8.558013e+00 -3.250000e+01 8.227368e-01
      vertex   -1.095096e+01 -3.250000e+01 8.451886e-01
    endloop
  endfacet
  facet normal 0.000000e+00 -1.000000e+00 0.000000e+00
    outer loop
      vertex   -1.095096e+01 -3.250000e+01 8.451886e-01
      vertex   -8.558013e+00 -3.250000e+01 8.227368e-01
      vertex   -8.478554e+00 -3.250000e+01 9.262891e-01
    endloop
  endfacet
  facet normal 0.000000e+00 -1.000000e+00 0.000000e+00
    outer loop
      vertex   -1.095096e+01 -3.250000e+01 8.451886e-01
      vertex   -8.478554e+00 -3.250000e+01 9.262891e-01
      vertex   -1.103042e+01 -3.250000e+01 9.487422e-01
    endloop
  endfacet
  facet normal 0.000000e+00 -1.000000e+00 0.000000e+00
    outer loop
      vertex   -1.103042e+01 -3.250000e+01 9.487422e-01
      vertex   -8.478554e+00 -3.250000e+01 9.262891e-01
      vertex   -8.375000e+00 -3.250000e+01 1.005748e+00
    endloop
  endfacet
  facet normal 0.000000e+00 -1.000000e+00 0.000000e+00
    outer loop
      vertex   -1.103042e+01 -3.250000e+01 9.487422e-01
      vertex   -8.375000e+00 -3.250000e+01 1.005748e+00
      vertex   -1.113397e+01 -3.250000e+01 1.028201e+00
    endloop
  endfacet
  facet normal 0.000000e+00 -1.000000e+00 0.000000e+00
    outer loop
      vertex   -1.113397e+01 -3.250000e+01 1.028201e+00
      vertex   -8.375000e+00 -3.250000e+01 1.005748e+00
      vertex   -8.254410e+00 -3.250000e+01 1.055699e+00
    endloop
  endfacet
  facet normal 0.000000e+00 -1.000000e+00 0.000000e+00
    outer loop
      vertex   -1.113397e+01 -3.250000e+01 1.028201e+00
      vertex   -8.254410e+00 -3.250000e+01 1.055699e+00
      vertex   -1.125456e+01 -3.250000e+01 1.078153e+00
    endloop
  endfacet
  facet normal 0.000000e+00 -1.000000e+00 0.000000e+00
    outer loop
      vertex   -1.125456e+01 -3.250000e+01 1.078153e+00
      vertex   -8.254410e+00 -3.250000e+01 1.055699e+00
      vertex   -8.125000e+00 -3.250000e+01 1.072737e+00
    endloop
  endfacet
  facet normal 0.000000e+00 -1.000000e+00 0.000000e+00
    outer loop
      vertex   -1.125456e+01 -3.250000e+01 1.078153e+00
      vertex   -8.125000e+00 -3.250000e+01 1.072737e+00
      vertex   -1.138397e+01 -3.250000e+01 1.095188e+00
    endloop
  endfacet
  facet normal 0.000000e+00 -1.000000e+00 0.000000e+00
    outer loop
      vertex   -1.138397e+01 -3.250000e+01 1.095188e+00
      vertex   -8.125000e+00 -3.250000e+01 1.072737e+00
      vertex   -3.950000e+01 -3.250000e+01 1.641306e+01
    endloop
  endfacet
  facet normal 0.000000e+00 -1.000000e+00 0.000000e+00
    outer loop
      vertex   -1.138397e+01 -3.250000e+01 1.095188e+00
      vertex   -3.950000e+01 -3.250000e+01 1.641306e+01
      vertex   -2.163397e+01 -3.250000e+01 1.095188e+00
    endloop
  endfacet
  facet normal -0.000000e+00 -1.000000e+00 0.000000e+00
    outer loop
      vertex   -2.163397e+01 -3.250000e+01 1.095188e+00
      vertex   -3.950000e+01 -3.250000e+01 1.641306e+01
      vertex   -2.176338e+01 -3.250000e+01 1.078153e+00
    endloop
  endfacet
  facet normal -0.000000e+00 -1.000000e+00 0.000000e+00
    outer loop
      vertex   -2.176338e+01 -3.250000e+01 1.078153e+00
      vertex   -3.950000e+01 -3.250000e+01 1.641306e+01
      vertex   -2.802015e+01 -3.250000e+01 3.494604e-01
    endloop
  endfacet
  facet normal 0.000000e+00 -1.000000e+00 0.000000e+00
    outer loop
      vertex   -2.176338e+01 -3.250000e+01 1.078153e+00
      vertex   -2.802015e+01 -3.250000e+01 3.494604e-01
      vertex   -2.188397e+01 -3.250000e+01 1.028201e+00
    endloop
  endfacet
  facet normal 0.000000e+00 -1.000000e+00 0.000000e+00
    outer loop
      vertex   -2.188397e+01 -3.250000e+01 1.028201e+00
      vertex   -2.802015e+01 -3.250000e+01 3.494604e-01
      vertex   -2.743488e+01 -3.250000e+01 2.918155e-01
    endloop
  endfacet
  facet normal 0.000000e+00 -1.000000e+00 0.000000e+00
    outer loop
      vertex   -2.188397e+01 -3.250000e+01 1.028201e+00
      vertex   -2.743488e+01 -3.250000e+01 2.918155e-01
      vertex   -2.198752e+01 -3.250000e+01 9.487422e-01
    endloop
  endfacet
  facet normal 0.000000e+00 -1.000000e+00 0.000000e+00
    outer loop
      vertex   -2.198752e+01 -3.250000e+01 9.487422e-01
      vertex   -2.743488e+01 -3.250000e+01 2.918155e-01
      vertex   -2.206698e+01 -3.250000e+01 8.451886e-01
    endloop
  endfacet
  facet normal 0.000000e+00 -1.000000e+00 0.000000e+00
    outer loop
      vertex   -2.206698e+01 -3.250000e+01 8.451886e-01
      vertex   -2.743488e+01 -3.250000e+01 2.918155e-01
      vertex   -2.687210e+01 -3.250000e+01 1.210983e-01
    endloop
  endfacet
  facet normal 0.000000e+00 -1.000000e+00 0.000000e+00
    outer loop
      vertex   -2.206698e+01 -3.250000e+01 8.451886e-01
      vertex   -2.687210e+01 -3.250000e+01 1.210983e-01
      vertex   -2.211694e+01 -3.250000e+01 7.245989e-01
    endloop
  endfacet
  facet normal 0.000000e+00 -1.000000e+00 0.000000e+00
    outer loop
      vertex   -2.211694e+01 -3.250000e+01 7.245989e-01
      vertex   -2.687210e+01 -3.250000e+01 1.210983e-01
      vertex   -2.213397e+01 -3.250000e+01 5.951889e-01
    endloop
  endfacet
  facet normal 0.000000e+00 -1.000000e+00 0.000000e+00
    outer loop
      vertex   -2.213397e+01 -3.250000e+01 5.951889e-01
      vertex   -2.687210e+01 -3.250000e+01 1.210983e-01
      vertex   -2.635344e+01 -3.250000e+01 -1.561312e-01
    endloop
  endfacet
  facet normal 0.000000e+00 -1.000000e+00 0.000000e+00
    outer loop
      vertex   -2.213397e+01 -3.250000e+01 5.951889e-01
      vertex   -2.635344e+01 -3.250000e+01 -1.561312e-01
      vertex   -2.589883e+01 -3.250000e+01 -5.292206e-01
    endloop
  endfacet
  facet normal 0.000000e+00 -1.000000e+00 0.000000e+00
    outer loop
      vertex   -8.125000e+00 -3.250000e+01 1.072737e+00
      vertex   2.125000e+00 -3.250000e+01 1.072737e+00
      vertex   -3.950000e+01 -3.250000e+01 1.641306e+01
    endloop
  endfacet
  facet normal 0.000000e+00 -1.000000e+00 0.000000e+00
    outer loop
      vertex   -3.950000e+01 -3.250000e+01 1.641306e+01
      vertex   2.125000e+00 -3.250000e+01 1.072737e+00
      vertex   1.097000e+01 -3.250000e+01 1.672699e+00
    endloop
  endfacet
  facet normal 0.000000e+00 -1.000000e+00 0.000000e+00
    outer loop
      vertex   -3.950000e+01 -3.250000e+01 1.641306e+01
      vertex   1.097000e+01 -3.250000e+01 1.672699e+00
      vertex   3.950000e+01 -3.250000e+01 1.641306e+01
    endloop
  endfacet
  facet normal 0.000000e+00 -1.000000e+00 0.000000e+00
    outer loop
      vertex   3.950000e+01 -3.250000e+01 1.641306e+01
      vertex   1.097000e+01 -3.250000e+01 1.672699e+00
      vertex   1.167727e+01 -3.250000e+01 1.708568e+00
    endloop
  endfacet
  facet normal 0.000000e+00 -1.000000e+00 0.000000e+00
    outer loop
      vertex   3.950000e+01 -3.250000e+01 1.641306e+01
      vertex   1.167727e+01 -3.250000e+01 1.708568e+00
      vertex   1.237728e+01 -3.250000e+01 1.601331e+00
    endloop
  endfacet
  facet normal 0.000000e+00 -1.000000e+00 0.000000e+00
    outer loop
      vertex   1.097000e+01 -3.250000e+01 1.672699e+00
      vertex   2.125000e+00 -3.250000e+01 1.072737e+00
      vertex   1.028443e+01 -3.250000e+01 1.495193e+00
    endloop
  endfacet
  facet normal 0.000000e+00 -1.000000e+00 0.000000e+00
    outer loop
      vertex   1.028443e+01 -3.250000e+01 1.495193e+00
      vertex   2.125000e+00 -3.250000e+01 1.072737e+00
      vertex   2.254409e+00 -3.250000e+01 1.055699e+00
    endloop
  endfacet
  facet normal 0.000000e+00 -1.000000e+00 0.000000e+00
    outer loop
      vertex   1.028443e+01 -3.250000e+01 1.495193e+00
      vertex   2.254409e+00 -3.250000e+01 1.055699e+00
      vertex   9.648625e+00 -3.250000e+01 1.183316e+00
    endloop
  endfacet
  facet normal 0.000000e+00 -1.000000e+00 0.000000e+00
    outer loop
      vertex   9.648625e+00 -3.250000e+01 1.183316e+00
      vertex   2.254409e+00 -3.250000e+01 1.055699e+00
      vertex   2.375000e+00 -3.250000e+01 1.005748e+00
    endloop
  endfacet
  facet normal 0.000000e+00 -1.000000e+00 0.000000e+00
    outer loop
      vertex   9.648625e+00 -3.250000e+01 1.183316e+00
      vertex   2.375000e+00 -3.250000e+01 1.005748e+00
      vertex   2.478553e+00 -3.250000e+01 9.262891e-01
    endloop
  endfacet
  facet normal 0.000000e+00 -1.000000e+00 0.000000e+00
    outer loop
      vertex   9.648625e+00 -3.250000e+01 1.183316e+00
      vertex   2.478553e+00 -3.250000e+01 9.262891e-01
      vertex   9.088616e+00 -3.250000e+01 7.498355e-01
    endloop
  endfacet
  facet normal 0.000000e+00 -1.000000e+00 0.000000e+00
    outer loop
      vertex   9.088616e+00 -3.250000e+01 7.498355e-01
      vertex   2.478553e+00 -3.250000e+01 9.262891e-01
      vertex   2.558012e+00 -3.250000e+01 8.227368e-01
    endloop
  endfacet
  facet normal -0.000000e+00 -1.000000e+00 0.000000e+00
    outer loop
      vertex   9.088616e+00 -3.250000e+01 7.498355e-01
      vertex   2.558012e+00 -3.250000e+01 8.227368e-01
      vertex   2.607962e+00 -3.250000e+01 7.021447e-01
    endloop
  endfacet
  facet normal 0.000000e+00 -1.000000e+00 0.000000e+00
    outer loop
      vertex   9.088616e+00 -3.250000e+01 7.498355e-01
      vertex   2.607962e+00 -3.250000e+01 7.021447e-01
      vertex   8.627328e+00 -3.250000e+01 2.124996e-01
    endloop
  endfacet
  facet normal 0.000000e+00 -1.000000e+00 0.000000e+00
    outer loop
      vertex   8.627328e+00 -3.250000e+01 2.124996e-01
      vertex   2.607962e+00 -3.250000e+01 7.021447e-01
      vertex   2.625000e+00 -3.250000e+01 5.727358e-01
    endloop
  endfacet
  facet normal -0.000000e+00 -1.000000e+00 0.000000e+00
    outer loop
      vertex   8.627328e+00 -3.250000e+01 2.124996e-01
      vertex   2.625000e+00 -3.250000e+01 5.727358e-01
      vertex   8.283647e+00 -3.250000e+01 -4.066937e-01
    endloop
  endfacet
  facet normal -0.000000e+00 -1.000000e+00 0.000000e+00
    outer loop
      vertex   8.283647e+00 -3.250000e+01 -4.066937e-01
      vertex   2.625000e+00 -3.250000e+01 5.727358e-01
      vertex   8.071645e+00 -3.250000e+01 -1.082395e+00
    endloop
  endfacet
  facet normal -0.000000e+00 -1.000000e+00 0.000000e+00
    outer loop
      vertex   8.071645e+00 -3.250000e+01 -1.082395e+00
      vertex   2.625000e+00 -3.250000e+01 5.727358e-01
      vertex   7.999999e+00 -3.250000e+01 -1.786939e+00
    endloop
  endfacet
  facet normal -0.000000e+00 -1.000000e+00 -0.000000e+00
    outer loop
      vertex   7.999999e+00 -3.250000e+01 -1.786939e+00
      vertex   2.625000e+00 -3.250000e+01 5.727358e-01
      vertex   8.071645e+00 -3.250000e+01 -2.491484e+00
    endloop
  endfacet
  facet normal -0.000000e+00 -1.000000e+00 0.000000e+00
    outer loop
      vertex   8.071645e+00 -3.250000e+01 -2.491484e+00
      vertex   2.625000e+00 -3.250000e+01 5.727358e-01
      vertex   2.625000e+00 -3.250000e+01 -7.127265e+00
    endloop
  endfacet
  facet normal 0.000000e+00 -1.000000e+00 -0.000000e+00
    outer loop
      vertex   8.071645e+00 -3.250000e+01 -2.491484e+00
      vertex   2.625000e+00 -3.250000e+01 -7.127265e+00
      vertex   8.283647e+00 -3.250000e+01 -3.167186e+00
    endloop
  endfacet
  facet normal 0.000000e+00 -1.000000e+00 -0.000000e+00
    outer loop
      vertex   8.283647e+00 -3.250000e+01 -3.167186e+00
      vertex   2.625000e+00 -3.250000e+01 -7.127265e+00
      vertex   8.627328e+00 -3.250000e+01 -3.786378e+00
    endloop
  endfacet
  facet normal 0.000000e+00 -1.000000e+00 -0.000000e+00
    outer loop
      vertex   8.627328e+00 -3.250000e+01 -3.786378e+00
      vertex   2.625000e+00 -3.250000e+01 -7.127265e+00
      vertex   9.088616e+00 -3.250000e+01 -4.323714e+00
    endloop
  endfacet
  facet normal 0.000000e+00 -1.000000e+00 -0.000000e+00
    outer loop
      vertex   9.088616e+00 -3.250000e+01 -4.323714e+00
      vertex   2.625000e+00 -3.250000e+01 -7.127265e+00
      vertex   9.648625e+00 -3.250000e+01 -4.757194e+00
    endloop
  endfacet
  facet normal 0.000000e+00 -1.000000e+00 -0.000000e+00
    outer loop
      vertex   3.950000e+01 -3.250000e+01 1.641306e+01
      vertex   1.456021e+01 -3.250000e+01 -8.838221e-02
      vertex   3.950000e+01 -3.250000e+01 -1.158694e+01
    endloop
  endfacet
  facet normal 0.000000e+00 -1.000000e+00 0.000000e+00
    outer loop
      vertex   3.950000e+01 -3.250000e+01 -1.158694e+01
      vertex   1.456021e+01 -3.250000e+01 -8.838221e-02
      vertex   1.483949e+01 -3.250000e+01 -7.391684e-01
    endloop
  endfacet
  facet normal 0.000000e+00 -1.000000e+00 0.000000e+00
    outer loop
      vertex   3.950000e+01 -3.250000e+01 -1.158694e+01
      vertex   1.483949e+01 -3.250000e+01 -7.391684e-01
      vertex   1.498204e+01 -3.250000e+01 -1.432851e+00
    endloop
  endfacet
  facet normal 0.000000e+00 -1.000000e+00 0.000000e+00
    outer loop
      vertex   -3.950000e+01 -3.250000e+01 -1.158694e+01
      vertex   -3.746251e+01 -3.250000e+01 -2.065269e+00
      vertex   -3.950000e+01 -3.250000e+01 1.641306e+01
    endloop
  endfacet
  facet normal 0.000000e+00 -1.000000e+00 0.000000e+00
    outer loop
      vertex   -3.950000e+01 -3.250000e+01 1.641306e+01
      vertex   -3.746251e+01 -3.250000e+01 -2.065269e+00
      vertex   -3.729179e+01 -3.250000e+01 -1.502489e+00
    endloop
  endfacet
  facet normal 0.000000e+00 -1.000000e+00 0.000000e+00
    outer loop
      vertex   -3.950000e+01 -3.250000e+01 1.641306e+01
      vertex   -3.729179e+01 -3.250000e+01 -1.502489e+00
      vertex   -3.701456e+01 -3.250000e+01 -9.838288e-01
    endloop
  endfacet
  facet normal -0.000000e+00 -1.000000e+00 0.000000e+00
    outer loop
      vertex   -1.138397e+01 -3.250000e+01 -7.654812e+00
      vertex   -2.163397e+01 -3.250000e+01 -7.654812e+00
      vertex   -3.950000e+01 -3.250000e+01 -1.158694e+01
    endloop
  endfacet
  facet normal 0.000000e+00 -1.000000e+00 0.000000e+00
    outer loop
      vertex   -3.950000e+01 -3.250000e+01 -1.158694e+01
      vertex   -2.163397e+01 -3.250000e+01 -7.654812e+00
      vertex   -2.176338e+01 -3.250000e+01 -7.637774e+00
    endloop
  endfacet
  facet normal 0.000000e+00 -1.000000e+00 0.000000e+00
    outer loop
      vertex   -3.950000e+01 -3.250000e+01 -1.158694e+01
      vertex   -2.176338e+01 -3.250000e+01 -7.637774e+00
      vertex   -2.802015e+01 -3.250000e+01 -7.150541e+00
    endloop
  endfacet
  facet normal 0.000000e+00 -1.000000e+00 0.000000e+00
    outer loop
      vertex   -2.802015e+01 -3.250000e+01 -7.150541e+00
      vertex   -2.176338e+01 -3.250000e+01 -7.637774e+00
      vertex   -2.743488e+01 -3.250000e+01 -7.092897e+00
    endloop
  endfacet
  facet normal 0.000000e+00 -1.000000e+00 0.000000e+00
    outer loop
      vertex   -2.743488e+01 -3.250000e+01 -7.092897e+00
      vertex   -2.176338e+01 -3.250000e+01 -7.637774e+00
      vertex   -2.188397e+01 -3.250000e+01 -7.587825e+00
    endloop
  endfacet
  facet normal 0.000000e+00 -1.000000e+00 0.000000e+00
    outer loop
      vertex   -2.743488e+01 -3.250000e+01 -7.092897e+00
      vertex   -2.188397e+01 -3.250000e+01 -7.587825e+00
      vertex   -2.198752e+01 -3.250000e+01 -7.508365e+00
    endloop
  endfacet
  facet normal 0.000000e+00 -1.000000e+00 0.000000e+00
    outer loop
      vertex   -2.743488e+01 -3.250000e+01 -7.092897e+00
      vertex   -2.198752e+01 -3.250000e+01 -7.508365e+00
      vertex   -2.687210e+01 -3.250000e+01 -6.922179e+00
    endloop
  endfacet
  facet normal 0.000000e+00 -1.000000e+00 0.000000e+00
    outer loop
      vertex   -2.687210e+01 -3.250000e+01 -6.922179e+00
      vertex   -2.198752e+01 -3.250000e+01 -7.508365e+00
      vertex   -2.206698e+01 -3.250000e+01 -7.404812e+00
    endloop
  endfacet
  facet normal 0.000000e+00 -1.000000e+00 0.000000e+00
    outer loop
      vertex   -2.687210e+01 -3.250000e+01 -6.922179e+00
      vertex   -2.206698e+01 -3.250000e+01 -7.404812e+00
      vertex   -2.211694e+01 -3.250000e+01 -7.284221e+00
    endloop
  endfacet
  facet normal 0.000000e+00 -1.000000e+00 0.000000e+00
    outer loop
      vertex   -2.211694e+01 -3.250000e+01 -7.284221e+00
      vertex   -2.213397e+01 -3.250000e+01 -7.154811e+00
      vertex   -2.687210e+01 -3.250000e+01 -6.922179e+00
    endloop
  endfacet
  facet normal 0.000000e+00 -1.000000e+00 0.000000e+00
    outer loop
      vertex   -2.687210e+01 -3.250000e+01 -6.922179e+00
      vertex   -2.213397e+01 -3.250000e+01 -7.154811e+00
      vertex   -2.635344e+01 -3.250000e+01 -6.644949e+00
    endloop
  endfacet
  facet normal 0.000000e+00 -1.000000e+00 0.000000e+00
    outer loop
      vertex   -2.635344e+01 -3.250000e+01 -6.644949e+00
      vertex   -2.213397e+01 -3.250000e+01 -7.154811e+00
      vertex   -2.589883e+01 -3.250000e+01 -6.271862e+00
    endloop
  endfacet
  facet normal 0.000000e+00 -1.000000e+00 0.000000e+00
    outer loop
      vertex   -2.589883e+01 -3.250000e+01 -6.271862e+00
      vertex   -2.213397e+01 -3.250000e+01 -7.154811e+00
      vertex   -2.552574e+01 -3.250000e+01 -5.817251e+00
    endloop
  endfacet
  facet normal 0.000000e+00 -1.000000e+00 0.000000e+00
    outer loop
      vertex   -2.552574e+01 -3.250000e+01 -5.817251e+00
      vertex   -2.213397e+01 -3.250000e+01 -7.154811e+00
      vertex   -2.524851e+01 -3.250000e+01 -5.298591e+00
    endloop
  endfacet
  facet normal 0.000000e+00 -1.000000e+00 0.000000e+00
    outer loop
      vertex   -2.524851e+01 -3.250000e+01 -5.298591e+00
      vertex   -2.213397e+01 -3.250000e+01 -7.154811e+00
      vertex   -2.507780e+01 -3.250000e+01 -4.735811e+00
    endloop
  endfacet
  facet normal 0.000000e+00 -1.000000e+00 0.000000e+00
    outer loop
      vertex   -2.507780e+01 -3.250000e+01 -4.735811e+00
      vertex   -2.213397e+01 -3.250000e+01 -7.154811e+00
      vertex   -2.502015e+01 -3.250000e+01 -4.150541e+00
    endloop
  endfacet
  facet normal 0.000000e+00 -1.000000e+00 0.000000e+00
    outer loop
      vertex   -2.502015e+01 -3.250000e+01 -4.150541e+00
      vertex   -2.213397e+01 -3.250000e+01 -7.154811e+00
      vertex   -2.502015e+01 -3.250000e+01 -2.650540e+00
    endloop
  endfacet
  facet normal 0.000000e+00 -1.000000e+00 0.000000e+00
    outer loop
      vertex   -2.502015e+01 -3.250000e+01 -2.650540e+00
      vertex   -2.213397e+01 -3.250000e+01 -7.154811e+00
      vertex   -2.213397e+01 -3.250000e+01 5.951889e-01
    endloop
  endfacet
  facet normal 0.000000e+00 -1.000000e+00 0.000000e+00
    outer loop
      vertex   -2.502015e+01 -3.250000e+01 -2.650540e+00
      vertex   -2.213397e+01 -3.250000e+01 5.951889e-01
      vertex   -2.507780e+01 -3.250000e+01 -2.065269e+00
    endloop
  endfacet
  facet normal 0.000000e+00 -1.000000e+00 0.000000e+00
    outer loop
      vertex   -2.507780e+01 -3.250000e+01 -2.065269e+00
      vertex   -2.213397e+01 -3.250000e+01 5.951889e-01
      vertex   -2.524851e+01 -3.250000e+01 -1.502489e+00
    endloop
  endfacet
  facet normal 0.000000e+00 -1.000000e+00 0.000000e+00
    outer loop
      vertex   -2.524851e+01 -3.250000e+01 -1.502489e+00
      vertex   -2.213397e+01 -3.250000e+01 5.951889e-01
      vertex   -2.552574e+01 -3.250000e+01 -9.838288e-01
    endloop
  endfacet
  facet normal 0.000000e+00 -1.000000e+00 0.000000e+00
    outer loop
      vertex   -2.552574e+01 -3.250000e+01 -9.838288e-01
      vertex   -2.213397e+01 -3.250000e+01 5.951889e-01
      vertex   -2.589883e+01 -3.250000e+01 -5.292206e-01
    endloop
  endfacet
  facet normal 0.000000e+00 -1.000000e+00 0.000000e+00
    outer loop
      vertex   1.237728e+01 -3.250000e+01 1.601331e+00
      vertex   1.304138e+01 -3.250000e+01 1.355377e+00
      vertex   3.950000e+01 -3.250000e+01 1.641306e+01
    endloop
  endfacet
  facet normal 0.000000e+00 -1.000000e+00 0.000000e+00
    outer loop
      vertex   3.950000e+01 -3.250000e+01 1.641306e+01
      vertex   1.304138e+01 -3.250000e+01 1.355377e+00
      vertex   1.364237e+01 -3.250000e+01 9.807749e-01
    endloop
  endfacet
  facet normal 0.000000e+00 -1.000000e+00 0.000000e+00
    outer loop
      vertex   3.950000e+01 -3.250000e+01 1.641306e+01
      vertex   1.364237e+01 -3.250000e+01 9.807749e-01
      vertex   1.415565e+01 -3.250000e+01 4.928644e-01
    endloop
  endfacet
  facet normal 0.000000e+00 -1.000000e+00 0.000000e+00
    outer loop
      vertex   1.415565e+01 -3.250000e+01 4.928644e-01
      vertex   1.456021e+01 -3.250000e+01 -8.838221e-02
      vertex   3.950000e+01 -3.250000e+01 1.641306e+01
    endloop
  endfacet
  facet normal 0.000000e+00 -1.000000e+00 0.000000e+00
    outer loop
      vertex   1.498204e+01 -3.250000e+01 -1.432851e+00
      vertex   1.498204e+01 -3.250000e+01 -2.141029e+00
      vertex   3.950000e+01 -3.250000e+01 -1.158694e+01
    endloop
  endfacet
  facet normal 0.000000e+00 -1.000000e+00 0.000000e+00
    outer loop
      vertex   3.950000e+01 -3.250000e+01 -1.158694e+01
      vertex   1.498204e+01 -3.250000e+01 -2.141029e+00
      vertex   1.483949e+01 -3.250000e+01 -2.834711e+00
    endloop
  endfacet
  facet normal 0.000000e+00 -1.000000e+00 0.000000e+00
    outer loop
      vertex   3.950000e+01 -3.250000e+01 -1.158694e+01
      vertex   1.483949e+01 -3.250000e+01 -2.834711e+00
      vertex   1.456021e+01 -3.250000e+01 -3.485496e+00
    endloop
  endfacet
  facet normal 0.000000e+00 -1.000000e+00 -0.000000e+00
    outer loop
      vertex   1.456021e+01 -3.250000e+01 -3.485496e+00
      vertex   1.415565e+01 -3.250000e+01 -4.066744e+00
      vertex   3.950000e+01 -3.250000e+01 -1.158694e+01
    endloop
  endfacet
  facet normal 0.000000e+00 -1.000000e+00 0.000000e+00
    outer loop
      vertex   3.950000e+01 -3.250000e+01 -1.158694e+01
      vertex   1.415565e+01 -3.250000e+01 -4.066744e+00
      vertex   1.364237e+01 -3.250000e+01 -4.554655e+00
    endloop
  endfacet
  facet normal 0.000000e+00 -1.000000e+00 0.000000e+00
    outer loop
      vertex   3.950000e+01 -3.250000e+01 -1.158694e+01
      vertex   1.364237e+01 -3.250000e+01 -4.554655e+00
      vertex   1.304138e+01 -3.250000e+01 -4.929256e+00
    endloop
  endfacet
  facet normal 0.000000e+00 -1.000000e+00 -0.000000e+00
    outer loop
      vertex   1.304138e+01 -3.250000e+01 -4.929256e+00
      vertex   1.237728e+01 -3.250000e+01 -5.175209e+00
      vertex   3.950000e+01 -3.250000e+01 -1.158694e+01
    endloop
  endfacet
  facet normal 0.000000e+00 -1.000000e+00 0.000000e+00
    outer loop
      vertex   3.950000e+01 -3.250000e+01 -1.158694e+01
      vertex   1.237728e+01 -3.250000e+01 -5.175209e+00
      vertex   1.167727e+01 -3.250000e+01 -5.282447e+00
    endloop
  endfacet
  facet normal -0.000000e+00 -1.000000e+00 0.000000e+00
    outer loop
      vertex   -2.802015e+01 -3.250000e+01 -7.150541e+00
      vertex   -3.452015e+01 -3.250000e+01 -7.150541e+00
      vertex   -3.950000e+01 -3.250000e+01 -1.158694e+01
    endloop
  endfacet
  facet normal 0.000000e+00 -1.000000e+00 0.000000e+00
    outer loop
      vertex   -3.950000e+01 -3.250000e+01 -1.158694e+01
      vertex   -3.452015e+01 -3.250000e+01 -7.150541e+00
      vertex   -3.510542e+01 -3.250000e+01 -7.092897e+00
    endloop
  endfacet
  facet normal 0.000000e+00 -1.000000e+00 0.000000e+00
    outer loop
      vertex   -3.950000e+01 -3.250000e+01 -1.158694e+01
      vertex   -3.510542e+01 -3.250000e+01 -7.092897e+00
      vertex   -3.566820e+01 -3.250000e+01 -6.922179e+00
    endloop
  endfacet
  facet normal -0.000000e+00 -1.000000e+00 0.000000e+00
    outer loop
      vertex   -3.566820e+01 -3.250000e+01 -6.922179e+00
      vertex   -3.618686e+01 -3.250000e+01 -6.644949e+00
      vertex   -3.950000e+01 -3.250000e+01 -1.158694e+01
    endloop
  endfacet
  facet normal 0.000000e+00 -1.000000e+00 0.000000e+00
    outer loop
      vertex   -3.950000e+01 -3.250000e+01 -1.158694e+01
      vertex   -3.618686e+01 -3.250000e+01 -6.644949e+00
      vertex   -3.664147e+01 -3.250000e+01 -6.271862e+00
    endloop
  endfacet
  facet normal 0.000000e+00 -1.000000e+00 0.000000e+00
    outer loop
      vertex   -3.950000e+01 -3.250000e+01 -1.158694e+01
      vertex   -3.664147e+01 -3.250000e+01 -6.271862e+00
      vertex   -3.701456e+01 -3.250000e+01 -5.817251e+00
    endloop
  endfacet
  facet normal -0.000000e+00 -1.000000e+00 0.000000e+00
    outer loop
      vertex   -3.701456e+01 -3.250000e+01 -5.817251e+00
      vertex   -3.729179e+01 -3.250000e+01 -5.298591e+00
      vertex   -3.950000e+01 -3.250000e+01 -1.158694e+01
    endloop
  endfacet
  facet normal 0.000000e+00 -1.000000e+00 0.000000e+00
    outer loop
      vertex   -3.950000e+01 -3.250000e+01 -1.158694e+01
      vertex   -3.729179e+01 -3.250000e+01 -5.298591e+00
      vertex   -3.746251e+01 -3.250000e+01 -4.735811e+00
    endloop
  endfacet
  facet normal 0.000000e+00 -1.000000e+00 0.000000e+00
    outer loop
      vertex   -3.950000e+01 -3.250000e+01 -1.158694e+01
      vertex   -3.746251e+01 -3.250000e+01 -4.735811e+00
      vertex   -3.752015e+01 -3.250000e+01 -4.150541e+00
    endloop
  endfacet
  facet normal -0.000000e+00 -1.000000e+00 0.000000e+00
    outer loop
      vertex   -3.752015e+01 -3.250000e+01 -4.150541e+00
      vertex   -3.752015e+01 -3.250000e+01 -2.650540e+00
      vertex   -3.950000e+01 -3.250000e+01 -1.158694e+01
    endloop
  endfacet
  facet normal 0.000000e+00 -1.000000e+00 0.000000e+00
    outer loop
      vertex   -3.950000e+01 -3.250000e+01 -1.158694e+01
      vertex   -3.752015e+01 -3.250000e+01 -2.650540e+00
      vertex   -3.746251e+01 -3.250000e+01 -2.065269e+00
    endloop
  endfacet
  facet normal 0.000000e+00 -1.000000e+00 0.000000e+00
    outer loop
      vertex   -3.701456e+01 -3.250000e+01 -9.838288e-01
      vertex   -3.664147e+01 -3.250000e+01 -5.292206e-01
      vertex   -3.950000e+01 -3.250000e+01 1.641306e+01
    endloop
  endfacet
  facet normal 0.000000e+00 -1.000000e+00 0.000000e+00
    outer loop
      vertex   -3.950000e+01 -3.250000e+01 1.641306e+01
      vertex   -3.664147e+01 -3.250000e+01 -5.292206e-01
      vertex   -3.618686e+01 -3.250000e+01 -1.561312e-01
    endloop
  endfacet
  facet normal 0.000000e+00 -1.000000e+00 0.000000e+00
    outer loop
      vertex   -3.950000e+01 -3.250000e+01 1.641306e+01
      vertex   -3.618686e+01 -3.250000e+01 -1.561312e-01
      vertex   -3.566820e+01 -3.250000e+01 1.210983e-01
    endloop
  endfacet
  facet normal 0.000000e+00 -1.000000e+00 0.000000e+00
    outer loop
      vertex   -3.566820e+01 -3.250000e+01 1.210983e-01
      vertex   -3.510542e+01 -3.250000e+01 2.918155e-01
      vertex   -3.950000e+01 -3.250000e+01 1.641306e+01
    endloop
  endfacet
  facet normal 0.000000e+00 -1.000000e+00 0.000000e+00
    outer loop
      vertex   -3.950000e+01 -3.250000e+01 1.641306e+01
      vertex   -3.510542e+01 -3.250000e+01 2.918155e-01
      vertex   -3.452015e+01 -3.250000e+01 3.494604e-01
    endloop
  endfacet
  facet normal 0.000000e+00 -1.000000e+00 0.000000e+00
    outer loop
      vertex   -3.950000e+01 -3.250000e+01 1.641306e+01
      vertex   -3.452015e+01 -3.250000e+01 3.494604e-01
      vertex   -2.802015e+01 -3.250000e+01 3.494604e-01
    endloop
  endfacet
  facet normal 7.518428e-01 -6.593424e-01 0.000000e+00
    outer loop
      vertex   4.480330e+01 -3.030330e+01 1.548306e+01
      vertex   4.480330e+01 -3.030330e+01 -9.986939e+00
      vertex   4.545015e+01 -2.956571e+01 1.548306e+01
    endloop
  endfacet
  facet normal 7.518428e-01 -6.593424e-01 0.000000e+00
    outer loop
      vertex   4.545015e+01 -2.956571e+01 1.548306e+01
      vertex   4.480330e+01 -3.030330e+01 -9.986939e+00
      vertex   4.545015e+01 -2.956571e+01 -9.986939e+00
    endloop
  endfacet
  facet normal 8.314681e-01 -5.555725e-01 0.000000e+00
    outer loop
      vertex   4.545015e+01 -2.956571e+01 1.548306e+01
      vertex   4.545015e+01 -2.956571e+01 -9.986939e+00
      vertex   4.599519e+01 -2.875000e+01 1.548306e+01
    endloop
  endfacet
  facet normal 8.314681e-01 -5.555725e-01 0.000000e+00
    outer loop
      vertex   4.599519e+01 -2.875000e+01 1.548306e+01
      vertex   4.545015e+01 -2.956571e+01 -9.986939e+00
      vertex   4.599519e+01 -2.875000e+01 -9.986939e+00
    endloop
  endfacet
  facet normal 8.968740e-01 -4.422861e-01 0.000000e+00
    outer loop
      vertex   4.599519e+01 -2.875000e+01 1.548306e+01
      vertex   4.599519e+01 -2.875000e+01 -9.986939e+00
      vertex   4.642910e+01 -2.787013e+01 1.548306e+01
    endloop
  endfacet
  facet normal 8.968740e-01 -4.422861e-01 0.000000e+00
    outer loop
      vertex   4.642910e+01 -2.787013e+01 1.548306e+01
      vertex   4.599519e+01 -2.875000e+01 -9.986939e+00
      vertex   4.642910e+01 -2.787013e+01 -9.986939e+00
    endloop
  endfacet
  facet normal 9.996413e-01 -2.678104e-02 0.000000e+00
    outer loop
      vertex   4.700000e+01 -2.500000e+01 -9.986939e+00
      vertex   4.700000e+01 -2.500000e+01 -5.336940e+00
      vertex   4.699725e+01 -2.510279e+01 -9.986939e+00
    endloop
  endfacet
  facet normal 9.996413e-01 -2.678104e-02 0.000000e+00
    outer loop
      vertex   4.699725e+01 -2.510279e+01 -9.986939e+00
      vertex   4.700000e+01 -2.500000e+01 -5.336940e+00
      vertex   4.698925e+01 -2.540154e+01 -5.336940e+00
    endloop
  endfacet
  facet normal 9.807804e-01 -1.950989e-01 -2.495235e-03
    outer loop
      vertex   4.677640e+01 -2.680092e+01 -9.986939e+00
      vertex   4.691895e+01 -2.608431e+01 -9.986939e+00
      vertex   4.686967e+01 -2.639174e+01 -5.318115e+00
    endloop
  endfacet
  facet normal 9.609235e-01 -2.768139e-01 -1.687263e-04
    outer loop
      vertex   4.673878e+01 -2.696176e+01 -9.986939e+00
      vertex   4.672079e+01 -2.702732e+01 -4.898195e+00
      vertex   4.673254e+01 -2.698341e+01 -9.986939e+00
    endloop
  endfacet
  facet normal 9.609235e-01 -2.768139e-01 -1.687263e-04
    outer loop
      vertex   4.673254e+01 -2.698341e+01 -9.986939e+00
      vertex   4.672079e+01 -2.702732e+01 -4.898195e+00
      vertex   4.669341e+01 -2.712248e+01 -4.722996e+00
    endloop
  endfacet
  facet normal 9.576467e-01 -2.879456e-01 -4.871641e-04
    outer loop
      vertex   4.673254e+01 -2.698341e+01 -9.986939e+00
      vertex   4.669341e+01 -2.712248e+01 -4.722996e+00
      vertex   4.672892e+01 -2.699546e+01 -9.986939e+00
    endloop
  endfacet
  facet normal 9.576467e-01 -2.879456e-01 -4.871641e-04
    outer loop
      vertex   4.672892e+01 -2.699546e+01 -9.986939e+00
      vertex   4.669341e+01 -2.712248e+01 -4.722996e+00
      vertex   4.667601e+01 -2.718065e+01 -4.531298e+00
    endloop
  endfacet
  facet normal 9.469302e-01 -3.214347e-01 -1.727902e-03
    outer loop
      vertex   4.648509e+01 -2.771377e+01 -9.986939e+00
      vertex   4.672892e+01 -2.699546e+01 -9.986939e+00
      vertex   4.667601e+01 -2.718065e+01 -4.531298e+00
    endloop
  endfacet
  facet normal 9.410043e-01 -3.383947e-01 0.000000e+00
    outer loop
      vertex   4.642910e+01 -2.787013e+01 1.548306e+01
      vertex   4.642910e+01 -2.787013e+01 -9.986939e+00
      vertex   4.646807e+01 -2.776174e+01 1.548306e+01
    endloop
  endfacet
  facet normal 9.410043e-01 -3.383947e-01 -2.192290e-16
    outer loop
      vertex   4.646807e+01 -2.776174e+01 1.548306e+01
      vertex   4.642910e+01 -2.787013e+01 -9.986939e+00
      vertex   4.648228e+01 -2.772224e+01 -9.986939e+00
    endloop
  endfacet
  facet normal 9.410043e-01 -3.383947e-01 -2.130316e-16
    outer loop
      vertex   4.646807e+01 -2.776174e+01 1.548306e+01
      vertex   4.648228e+01 -2.772224e+01 -9.986939e+00
      vertex   4.667008e+01 -2.720000e+01 -4.336939e+00
    endloop
  endfacet
  facet normal 9.410043e-01 -3.383947e-01 0.000000e+00
    outer loop
      vertex   4.667008e+01 -2.720000e+01 -4.336939e+00
      vertex   4.667008e+01 -2.720000e+01 1.066306e+01
      vertex   4.646807e+01 -2.776174e+01 1.548306e+01
    endloop
  endfacet
  facet normal 9.481514e-01 -3.178077e-01 2.698829e-03
    outer loop
      vertex   4.646807e+01 -2.776174e+01 1.548306e+01
      vertex   4.667008e+01 -2.720000e+01 1.066306e+01
      vertex   4.647043e+01 -2.775471e+01 1.548306e+01
    endloop
  endfacet
  facet normal 9.481514e-01 -3.178077e-01 2.698829e-03
    outer loop
      vertex   4.647043e+01 -2.775471e+01 1.548306e+01
      vertex   4.667008e+01 -2.720000e+01 1.066306e+01
      vertex   4.667601e+01 -2.718065e+01 1.085742e+01
    endloop
  endfacet
  facet normal 9.469293e-01 -3.214344e-01 2.194427e-03
    outer loop
      vertex   4.673298e+01 -2.698124e+01 1.548306e+01
      vertex   4.647043e+01 -2.775471e+01 1.548306e+01
      vertex   4.667601e+01 -2.718065e+01 1.085742e+01
    endloop
  endfacet
  facet normal 9.575072e-01 -2.884087e-01 6.403820e-04
    outer loop
      vertex   4.673559e+01 -2.697258e+01 1.548306e+01
      vertex   4.673298e+01 -2.698124e+01 1.548306e+01
      vertex   4.669341e+01 -2.712248e+01 1.104912e+01
    endloop
  endfacet
  facet normal 9.575072e-01 -2.884087e-01 6.403820e-04
    outer loop
      vertex   4.669341e+01 -2.712248e+01 1.104912e+01
      vertex   4.673298e+01 -2.698124e+01 1.548306e+01
      vertex   4.667601e+01 -2.718065e+01 1.085742e+01
    endloop
  endfacet
  facet normal 9.608989e-01 -2.768995e-01 2.190361e-04
    outer loop
      vertex   4.674020e+01 -2.695659e+01 1.548306e+01
      vertex   4.673559e+01 -2.697258e+01 1.548306e+01
      vertex   4.672079e+01 -2.702732e+01 1.122432e+01
    endloop
  endfacet
  facet normal 9.608989e-01 -2.768995e-01 2.190361e-04
    outer loop
      vertex   4.672079e+01 -2.702732e+01 1.122432e+01
      vertex   4.673559e+01 -2.697258e+01 1.548306e+01
      vertex   4.669341e+01 -2.712248e+01 1.104912e+01
    endloop
  endfacet
  facet normal 9.650157e-01 -2.621920e-01 -4.400314e-05
    outer loop
      vertex   4.674623e+01 -2.693441e+01 1.548306e+01
      vertex   4.674020e+01 -2.695659e+01 1.548306e+01
      vertex   4.675413e+01 -2.690462e+01 1.137265e+01
    endloop
  endfacet
  facet normal 9.650157e-01 -2.621920e-01 -4.400314e-05
    outer loop
      vertex   4.675413e+01 -2.690462e+01 1.137265e+01
      vertex   4.674020e+01 -2.695659e+01 1.548306e+01
      vertex   4.672079e+01 -2.702732e+01 1.122432e+01
    endloop
  endfacet
  facet normal 9.697899e-01 -2.439418e-01 9.743036e-05
    outer loop
      vertex   4.674623e+01 -2.693441e+01 1.548306e+01
      vertex   4.675413e+01 -2.690462e+01 1.137265e+01
      vertex   4.675336e+01 -2.690604e+01 1.548306e+01
    endloop
  endfacet
  facet normal 9.697899e-01 -2.439418e-01 9.743036e-05
    outer loop
      vertex   4.675336e+01 -2.690604e+01 1.548306e+01
      vertex   4.675413e+01 -2.690462e+01 1.137265e+01
      vertex   4.679163e+01 -2.675550e+01 1.149427e+01
    endloop
  endfacet
  facet normal 9.748025e-01 -2.230677e-01 9.333721e-04
    outer loop
      vertex   4.675336e+01 -2.690604e+01 1.548306e+01
      vertex   4.679163e+01 -2.675550e+01 1.149427e+01
      vertex   4.676120e+01 -2.687178e+01 1.548306e+01
    endloop
  endfacet
  facet normal 9.748025e-01 -2.230677e-01 9.333721e-04
    outer loop
      vertex   4.676120e+01 -2.687178e+01 1.548306e+01
      vertex   4.679163e+01 -2.675550e+01 1.149427e+01
      vertex   4.683142e+01 -2.658123e+01 1.158754e+01
    endloop
  endfacet
  facet normal 9.800529e-01 -1.987162e-01 2.844257e-03
    outer loop
      vertex   4.676120e+01 -2.687178e+01 1.548306e+01
      vertex   4.683142e+01 -2.658123e+01 1.158754e+01
      vertex   4.676886e+01 -2.683400e+01 1.548306e+01
    endloop
  endfacet
  facet normal 9.800529e-01 -1.987162e-01 2.844257e-03
    outer loop
      vertex   4.676886e+01 -2.683400e+01 1.548306e+01
      vertex   4.683142e+01 -2.658123e+01 1.158754e+01
      vertex   4.686967e+01 -2.639174e+01 1.164424e+01
    endloop
  endfacet
  facet normal 9.807782e-01 -1.950985e-01 3.280086e-03
    outer loop
      vertex   4.692294e+01 -2.605945e+01 1.548306e+01
      vertex   4.676886e+01 -2.683400e+01 1.548306e+01
      vertex   4.686967e+01 -2.639174e+01 1.164424e+01
    endloop
  endfacet
  facet normal 9.978536e-01 -6.540243e-02 3.268877e-03
    outer loop
      vertex   4.699790e+01 -2.507862e+01 1.548306e+01
      vertex   4.694630e+01 -2.586590e+01 1.548306e+01
      vertex   4.698925e+01 -2.540154e+01 1.166306e+01
    endloop
  endfacet
  facet normal 9.996413e-01 -2.678104e-02 0.000000e+00
    outer loop
      vertex   4.700000e+01 -2.500000e+01 1.548306e+01
      vertex   4.699790e+01 -2.507862e+01 1.548306e+01
      vertex   4.700000e+01 -2.500000e+01 1.166306e+01
    endloop
  endfacet
  facet normal 9.996413e-01 -2.678104e-02 -9.637837e-16
    outer loop
      vertex   4.700000e+01 -2.500000e+01 1.166306e+01
      vertex   4.699790e+01 -2.507862e+01 1.548306e+01
      vertex   4.698925e+01 -2.540154e+01 1.166306e+01
    endloop
  endfacet
  facet normal 9.967728e-01 -8.026083e-02 1.450540e-03
    outer loop
      vertex   4.693998e+01 -2.594429e+01 1.548306e+01
      vertex   4.695701e+01 -2.580192e+01 1.166306e+01
      vertex   4.694630e+01 -2.586590e+01 1.548306e+01
    endloop
  endfacet
  facet normal 9.967728e-01 -8.026083e-02 1.450540e-03
    outer loop
      vertex   4.694630e+01 -2.586590e+01 1.548306e+01
      vertex   4.695701e+01 -2.580192e+01 1.166306e+01
      vertex   4.698925e+01 -2.540154e+01 1.166306e+01
    endloop
  endfacet
  facet normal 9.910467e-01 -1.335142e-01 -5.596828e-04
    outer loop
      vertex   4.693998e+01 -2.594429e+01 1.548306e+01
      vertex   4.692948e+01 -2.602223e+01 1.548306e+01
      vertex   4.695701e+01 -2.580192e+01 1.166306e+01
    endloop
  endfacet
  facet normal 9.910467e-01 -1.335142e-01 -5.596828e-04
    outer loop
      vertex   4.695701e+01 -2.580192e+01 1.166306e+01
      vertex   4.692948e+01 -2.602223e+01 1.548306e+01
      vertex   4.690338e+01 -2.620000e+01 1.166306e+01
    endloop
  endfacet
  facet normal 9.848781e-01 -1.732434e-01 1.331381e-03
    outer loop
      vertex   4.692948e+01 -2.602223e+01 1.548306e+01
      vertex   4.692294e+01 -2.605945e+01 1.548306e+01
      vertex   4.690338e+01 -2.620000e+01 1.166306e+01
    endloop
  endfacet
  facet normal 9.848781e-01 -1.732434e-01 1.331381e-03
    outer loop
      vertex   4.690338e+01 -2.620000e+01 1.166306e+01
      vertex   4.692294e+01 -2.605945e+01 1.548306e+01
      vertex   4.686967e+01 -2.639174e+01 1.164424e+01
    endloop
  endfacet
  facet normal 7.845673e-02 -9.969175e-01 0.000000e+00
    outer loop
      vertex   -4.042296e+01 3.082736e+01 1.413060e+00
      vertex   -4.042296e+01 3.082736e+01 -9.986939e+00
      vertex   -3.950000e+01 3.090000e+01 1.413060e+00
    endloop
  endfacet
  facet normal 7.845673e-02 -9.969175e-01 0.000000e+00
    outer loop
      vertex   -3.950000e+01 3.090000e+01 1.413060e+00
      vertex   -4.042296e+01 3.082736e+01 -9.986939e+00
      vertex   -3.950000e+01 3.090000e+01 -9.986939e+00
    endloop
  endfacet
  facet normal 2.334469e-01 -9.723696e-01 0.000000e+00
    outer loop
      vertex   -4.132320e+01 3.061123e+01 1.413060e+00
      vertex   -4.132320e+01 3.061123e+01 -9.986939e+00
      vertex   -4.042296e+01 3.082736e+01 1.413060e+00
    endloop
  endfacet
  facet normal 2.334469e-01 -9.723696e-01 0.000000e+00
    outer loop
      vertex   -4.042296e+01 3.082736e+01 1.413060e+00
      vertex   -4.132320e+01 3.061123e+01 -9.986939e+00
      vertex   -4.042296e+01 3.082736e+01 -9.986939e+00
    endloop
  endfacet
  facet normal 3.826825e-01 -9.238799e-01 0.000000e+00
    outer loop
      vertex   -4.217854e+01 3.025694e+01 1.413060e+00
      vertex   -4.217854e+01 3.025694e+01 -9.986939e+00
      vertex   -4.132320e+01 3.061123e+01 1.413060e+00
    endloop
  endfacet
  facet normal 3.826825e-01 -9.238799e-01 0.000000e+00
    outer loop
      vertex   -4.132320e+01 3.061123e+01 1.413060e+00
      vertex   -4.217854e+01 3.025694e+01 -9.986939e+00
      vertex   -4.132320e+01 3.061123e+01 -9.986939e+00
    endloop
  endfacet
  facet normal 5.224992e-01 -8.526398e-01 0.000000e+00
    outer loop
      vertex   -4.296793e+01 2.977320e+01 1.413060e+00
      vertex   -4.296793e+01 2.977320e+01 -9.986939e+00
      vertex   -4.217854e+01 3.025694e+01 1.413060e+00
    endloop
  endfacet
  facet normal 5.224992e-01 -8.526398e-01 0.000000e+00
    outer loop
      vertex   -4.217854e+01 3.025694e+01 1.413060e+00
      vertex   -4.296793e+01 2.977320e+01 -9.986939e+00
      vertex   -4.217854e+01 3.025694e+01 -9.986939e+00
    endloop
  endfacet
  facet normal 6.494488e-01 -7.604054e-01 0.000000e+00
    outer loop
      vertex   -4.367193e+01 2.917193e+01 1.413060e+00
      vertex   -4.367193e+01 2.917193e+01 -9.986939e+00
      vertex   -4.296793e+01 2.977320e+01 1.413060e+00
    endloop
  endfacet
  facet normal 6.494488e-01 -7.604054e-01 0.000000e+00
    outer loop
      vertex   -4.296793e+01 2.977320e+01 1.413060e+00
      vertex   -4.367193e+01 2.917193e+01 -9.986939e+00
      vertex   -4.296793e+01 2.977320e+01 -9.986939e+00
    endloop
  endfacet
  facet normal 7.604050e-01 -6.494492e-01 0.000000e+00
    outer loop
      vertex   -4.427320e+01 2.846793e+01 1.413060e+00
      vertex   -4.427320e+01 2.846793e+01 -9.986939e+00
      vertex   -4.367193e+01 2.917193e+01 1.413060e+00
    endloop
  endfacet
  facet normal 7.604050e-01 -6.494492e-01 0.000000e+00
    outer loop
      vertex   -4.367193e+01 2.917193e+01 1.413060e+00
      vertex   -4.427320e+01 2.846793e+01 -9.986939e+00
      vertex   -4.367193e+01 2.917193e+01 -9.986939e+00
    endloop
  endfacet
  facet normal 8.526386e-01 -5.225011e-01 0.000000e+00
    outer loop
      vertex   -4.475694e+01 2.767854e+01 1.413060e+00
      vertex   -4.475694e+01 2.767854e+01 -9.986939e+00
      vertex   -4.427320e+01 2.846793e+01 1.413060e+00
    endloop
  endfacet
  facet normal 8.526386e-01 -5.225011e-01 0.000000e+00
    outer loop
      vertex   -4.427320e+01 2.846793e+01 1.413060e+00
      vertex   -4.475694e+01 2.767854e+01 -9.986939e+00
      vertex   -4.427320e+01 2.846793e+01 -9.986939e+00
    endloop
  endfacet
  facet normal 9.238814e-01 -3.826790e-01 0.000000e+00
    outer loop
      vertex   -4.511123e+01 2.682320e+01 1.413060e+00
      vertex   -4.511123e+01 2.682320e+01 -9.986939e+00
      vertex   -4.475694e+01 2.767854e+01 1.413060e+00
    endloop
  endfacet
  facet normal 9.238814e-01 -3.826790e-01 0.000000e+00
    outer loop
      vertex   -4.475694e+01 2.767854e+01 1.413060e+00
      vertex   -4.511123e+01 2.682320e+01 -9.986939e+00
      vertex   -4.475694e+01 2.767854e+01 -9.986939e+00
    endloop
  endfacet
  facet normal 9.723679e-01 -2.334536e-01 0.000000e+00
    outer loop
      vertex   -4.532737e+01 2.592296e+01 1.413060e+00
      vertex   -4.532737e+01 2.592296e+01 -9.986939e+00
      vertex   -4.511123e+01 2.682320e+01 1.413060e+00
    endloop
  endfacet
  facet normal 9.723679e-01 -2.334536e-01 0.000000e+00
    outer loop
      vertex   -4.511123e+01 2.682320e+01 1.413060e+00
      vertex   -4.532737e+01 2.592296e+01 -9.986939e+00
      vertex   -4.511123e+01 2.682320e+01 -9.986939e+00
    endloop
  endfacet
  facet normal 9.969175e-01 -7.845673e-02 0.000000e+00
    outer loop
      vertex   -4.540000e+01 2.500000e+01 1.413060e+00
      vertex   -4.540000e+01 2.500000e+01 -9.986939e+00
      vertex   -4.532737e+01 2.592296e+01 1.413060e+00
    endloop
  endfacet
  facet normal 9.969175e-01 -7.845673e-02 0.000000e+00
    outer loop
      vertex   -4.532737e+01 2.592296e+01 1.413060e+00
      vertex   -4.540000e+01 2.500000e+01 -9.986939e+00
      vertex   -4.532737e+01 2.592296e+01 -9.986939e+00
    endloop
  endfacet
  facet normal 0.000000e+00 -1.000000e+00 0.000000e+00
    outer loop
      vertex   -3.950000e+01 3.090000e+01 1.413060e+00
      vertex   -3.950000e+01 3.090000e+01 -9.986939e+00
      vertex   3.950000e+01 3.090000e+01 1.413060e+00
    endloop
  endfacet
  facet normal 0.000000e+00 -1.000000e+00 -0.000000e+00
    outer loop
      vertex   3.950000e+01 3.090000e+01 1.413060e+00
      vertex   -3.950000e+01 3.090000e+01 -9.986939e+00
      vertex   3.950000e+01 3.090000e+01 -9.986939e+00
    endloop
  endfacet
  facet normal 1.000000e+00 -0.000000e+00 0.000000e+00
    outer loop
      vertex   -4.540000e+01 -2.500000e+01 1.413060e+00
      vertex   -4.540000e+01 7.000000e+00 -4.586940e+00
      vertex   -4.540000e+01 2.500000e+01 1.413060e+00
    endloop
  endfacet
  facet normal 1.000000e+00 0.000000e+00 0.000000e+00
    outer loop
      vertex   -4.540000e+01 2.500000e+01 1.413060e+00
      vertex   -4.540000e+01 7.000000e+00 -4.586940e+00
      vertex   -4.540000e+01 7.258819e+00 -4.621014e+00
    endloop
  endfacet
  facet normal 1.000000e+00 0.000000e+00 0.000000e+00
    outer loop
      vertex   -4.540000e+01 2.500000e+01 1.413060e+00
      vertex   -4.540000e+01 7.258819e+00 -4.621014e+00
      vertex   -4.540000e+01 7.500000e+00 -4.720914e+00
    endloop
  endfacet
  facet normal 1.000000e+00 0.000000e+00 0.000000e+00
    outer loop
      vertex   -4.540000e+01 -2.500000e+01 -9.986939e+00
      vertex   -4.540000e+01 -7.866025e+00 -5.086939e+00
      vertex   -4.540000e+01 -2.500000e+01 1.413060e+00
    endloop
  endfacet
  facet normal 1.000000e+00 0.000000e+00 0.000000e+00
    outer loop
      vertex   -4.540000e+01 -2.500000e+01 1.413060e+00
      vertex   -4.540000e+01 -7.866025e+00 -5.086939e+00
      vertex   -4.540000e+01 -7.707106e+00 -4.879833e+00
    endloop
  endfacet
  facet normal 1.000000e+00 0.000000e+00 0.000000e+00
    outer loop
      vertex   -4.540000e+01 -2.500000e+01 1.413060e+00
      vertex   -4.540000e+01 -7.707106e+00 -4.879833e+00
      vertex   -4.540000e+01 -7.500000e+00 -4.720914e+00
    endloop
  endfacet
  facet normal 1.000000e+00 0.000000e+00 -0.000000e+00
    outer loop
      vertex   -4.540000e+01 -2.000000e+01 -9.986939e+00
      vertex   -4.540000e+01 -2.000000e+01 -9.976940e+00
      vertex   -4.540000e+01 -2.500000e+01 -9.986939e+00
    endloop
  endfacet
  facet normal 1.000000e+00 0.000000e+00 0.000000e+00
    outer loop
      vertex   -4.540000e+01 -2.500000e+01 -9.986939e+00
      vertex   -4.540000e+01 -2.000000e+01 -9.976940e+00
      vertex   -4.540000e+01 -8.000000e+00 -5.586939e+00
    endloop
  endfacet
  facet normal 1.000000e+00 0.000000e+00 0.000000e+00
    outer loop
      vertex   -4.540000e+01 -2.500000e+01 -9.986939e+00
      vertex   -4.540000e+01 -8.000000e+00 -5.586939e+00
      vertex   -4.540000e+01 -7.965925e+00 -5.328120e+00
    endloop
  endfacet
  facet normal 1.000000e+00 0.000000e+00 0.000000e+00
    outer loop
      vertex   -4.540000e+01 -2.000000e+01 -9.976940e+00
      vertex   -4.540000e+01 -8.000000e+00 -9.976940e+00
      vertex   -4.540000e+01 -8.000000e+00 -5.586939e+00
    endloop
  endfacet
  facet normal 1.000000e+00 0.000000e+00 -0.000000e+00
    outer loop
      vertex   -4.540000e+01 -7.965925e+00 -5.328120e+00
      vertex   -4.540000e+01 -7.866025e+00 -5.086939e+00
      vertex   -4.540000e+01 -2.500000e+01 -9.986939e+00
    endloop
  endfacet
  facet normal 1.000000e+00 0.000000e+00 -0.000000e+00
    outer loop
      vertex   -4.540000e+01 -7.500000e+00 -4.720914e+00
      vertex   -4.540000e+01 -7.258819e+00 -4.621014e+00
      vertex   -4.540000e+01 -2.500000e+01 1.413060e+00
    endloop
  endfacet
  facet normal 1.000000e+00 0.000000e+00 0.000000e+00
    outer loop
      vertex   -4.540000e+01 -2.500000e+01 1.413060e+00
      vertex   -4.540000e+01 -7.258819e+00 -4.621014e+00
      vertex   -4.540000e+01 -7.000000e+00 -4.586940e+00
    endloop
  endfacet
  facet normal 1.000000e+00 0.000000e+00 0.000000e+00
    outer loop
      vertex   -4.540000e+01 -2.500000e+01 1.413060e+00
      vertex   -4.540000e+01 -7.000000e+00 -4.586940e+00
      vertex   -4.540000e+01 7.000000e+00 -4.586940e+00
    endloop
  endfacet
  facet normal 1.000000e+00 -0.000000e+00 0.000000e+00
    outer loop
      vertex   -4.540000e+01 7.500000e+00 -4.720914e+00
      vertex   -4.540000e+01 7.707106e+00 -4.879833e+00
      vertex   -4.540000e+01 2.500000e+01 1.413060e+00
    endloop
  endfacet
  facet normal 1.000000e+00 0.000000e+00 0.000000e+00
    outer loop
      vertex   -4.540000e+01 2.500000e+01 1.413060e+00
      vertex   -4.540000e+01 7.707106e+00 -4.879833e+00
      vertex   -4.540000e+01 7.866025e+00 -5.086939e+00
    endloop
  endfacet
  facet normal 1.000000e+00 0.000000e+00 0.000000e+00
    outer loop
      vertex   -4.540000e+01 2.500000e+01 1.413060e+00
      vertex   -4.540000e+01 7.866025e+00 -5.086939e+00
      vertex   -4.540000e+01 2.500000e+01 -9.986939e+00
    endloop
  endfacet
  facet normal 1.000000e+00 0.000000e+00 0.000000e+00
    outer loop
      vertex   -4.540000e+01 2.500000e+01 -9.986939e+00
      vertex   -4.540000e+01 7.866025e+00 -5.086939e+00
      vertex   -4.540000e+01 7.965925e+00 -5.328120e+00
    endloop
  endfacet
  facet normal 1.000000e+00 0.000000e+00 0.000000e+00
    outer loop
      vertex   -4.540000e+01 2.500000e+01 -9.986939e+00
      vertex   -4.540000e+01 7.965925e+00 -5.328120e+00
      vertex   -4.540000e+01 8.000000e+00 -5.586939e+00
    endloop
  endfacet
  facet normal 1.000000e+00 0.000000e+00 0.000000e+00
    outer loop
      vertex   -4.540000e+01 8.000000e+00 -9.976940e+00
      vertex   -4.540000e+01 2.000000e+01 -9.976940e+00
      vertex   -4.540000e+01 8.000000e+00 -5.586939e+00
    endloop
  endfacet
  facet normal 1.000000e+00 0.000000e+00 0.000000e+00
    outer loop
      vertex   -4.540000e+01 8.000000e+00 -5.586939e+00
      vertex   -4.540000e+01 2.000000e+01 -9.976940e+00
      vertex   -4.540000e+01 2.500000e+01 -9.986939e+00
    endloop
  endfacet
  facet normal 1.000000e+00 0.000000e+00 0.000000e+00
    outer loop
      vertex   -4.540000e+01 2.000000e+01 -9.976940e+00
      vertex   -4.540000e+01 2.000000e+01 -9.986939e+00
      vertex   -4.540000e+01 2.500000e+01 -9.986939e+00
    endloop
  endfacet
  facet normal 9.969175e-01 7.845673e-02 -2.445038e-17
    outer loop
      vertex   -4.532737e+01 -2.592296e+01 1.413060e+00
      vertex   -4.532737e+01 -2.592296e+01 -9.986939e+00
      vertex   -4.540000e+01 -2.500000e+01 1.413060e+00
    endloop
  endfacet
  facet normal 9.969175e-01 7.845673e-02 -2.445038e-17
    outer loop
      vertex   -4.540000e+01 -2.500000e+01 1.413060e+00
      vertex   -4.532737e+01 -2.592296e+01 -9.986939e+00
      vertex   -4.540000e+01 -2.500000e+01 -9.986939e+00
    endloop
  endfacet
  facet normal 9.723679e-01 2.334536e-01 -7.275384e-17
    outer loop
      vertex   -4.511123e+01 -2.682320e+01 1.413060e+00
      vertex   -4.511123e+01 -2.682320e+01 -9.986939e+00
      vertex   -4.532737e+01 -2.592296e+01 1.413060e+00
    endloop
  endfacet
  facet normal 9.723679e-01 2.334536e-01 -7.275384e-17
    outer loop
      vertex   -4.532737e+01 -2.592296e+01 1.413060e+00
      vertex   -4.511123e+01 -2.682320e+01 -9.986939e+00
      vertex   -4.532737e+01 -2.592296e+01 -9.986939e+00
    endloop
  endfacet
  facet normal 7.845673e-02 9.969175e-01 0.000000e+00
    outer loop
      vertex   -3.950000e+01 -3.090000e+01 1.548306e+01
      vertex   -3.950000e+01 -3.090000e+01 -9.986939e+00
      vertex   -4.042296e+01 -3.082736e+01 1.548306e+01
    endloop
  endfacet
  facet normal 7.845673e-02 9.969175e-01 0.000000e+00
    outer loop
      vertex   -4.042296e+01 -3.082736e+01 1.548306e+01
      vertex   -3.950000e+01 -3.090000e+01 -9.986939e+00
      vertex   -4.042296e+01 -3.082736e+01 -9.986939e+00
    endloop
  endfacet
  facet normal -8.526386e-01 5.225011e-01 0.000000e+00
    outer loop
      vertex   4.475694e+01 -2.767854e+01 1.548306e+01
      vertex   4.475694e+01 -2.767854e+01 -9.986939e+00
      vertex   4.427320e+01 -2.846793e+01 1.548306e+01
    endloop
  endfacet
  facet normal -8.526386e-01 5.225011e-01 0.000000e+00
    outer loop
      vertex   4.427320e+01 -2.846793e+01 1.548306e+01
      vertex   4.475694e+01 -2.767854e+01 -9.986939e+00
      vertex   4.427320e+01 -2.846793e+01 -9.986939e+00
    endloop
  endfacet
  facet normal -9.238768e-01 3.826771e-01 3.155612e-03
    outer loop
      vertex   4.500000e+01 -2.713542e+01 -4.690490e+00
      vertex   4.511123e+01 -2.682320e+01 -9.986939e+00
      vertex   4.475694e+01 -2.767854e+01 -9.986939e+00
    endloop
  endfacet
  facet normal -9.333432e-01 3.589819e-01 1.560017e-03
    outer loop
      vertex   4.502523e+01 -2.706921e+01 -4.830988e+00
      vertex   4.511123e+01 -2.682320e+01 -9.986939e+00
      vertex   4.500000e+01 -2.713542e+01 -4.690490e+00
    endloop
  endfacet
  facet normal -9.387777e-01 3.445227e-01 7.794654e-04
    outer loop
      vertex   4.505638e+01 -2.698404e+01 -4.957362e+00
      vertex   4.511123e+01 -2.682320e+01 -9.986939e+00
      vertex   4.502523e+01 -2.706921e+01 -4.830988e+00
    endloop
  endfacet
  facet normal -9.446119e-01 3.281894e-01 1.935205e-04
    outer loop
      vertex   4.509082e+01 -2.688484e+01 -5.065582e+00
      vertex   4.511123e+01 -2.682320e+01 -9.986939e+00
      vertex   4.505638e+01 -2.698404e+01 -4.957362e+00
    endloop
  endfacet
  facet normal -9.509337e-01 3.093947e-01 -6.811101e-05
    outer loop
      vertex   4.512849e+01 -2.676910e+01 -5.158906e+00
      vertex   4.511123e+01 -2.682320e+01 -9.986939e+00
      vertex   4.509082e+01 -2.688484e+01 -5.065582e+00
    endloop
  endfacet
  facet normal -9.573144e-01 2.890486e-01 1.826890e-04
    outer loop
      vertex   4.516804e+01 -2.663807e+01 -5.235820e+00
      vertex   4.511123e+01 -2.682320e+01 -9.986939e+00
      vertex   4.512849e+01 -2.676910e+01 -5.158906e+00
    endloop
  endfacet
  facet normal -9.640233e-01 2.658151e-01 1.168234e-03
    outer loop
      vertex   4.520718e+01 -2.649588e+01 -5.292020e+00
      vertex   4.511123e+01 -2.682320e+01 -9.986939e+00
      vertex   4.516804e+01 -2.663807e+01 -5.235820e+00
    endloop
  endfacet
  facet normal -9.704045e-01 2.414666e-01 2.996187e-03
    outer loop
      vertex   4.524392e+01 -2.634781e+01 -5.325720e+00
      vertex   4.511123e+01 -2.682320e+01 -9.986939e+00
      vertex   4.520718e+01 -2.649588e+01 -5.292020e+00
    endloop
  endfacet
  facet normal -9.723607e-01 2.334519e-01 3.869291e-03
    outer loop
      vertex   4.532737e+01 -2.592296e+01 -9.986939e+00
      vertex   4.511123e+01 -2.682320e+01 -9.986939e+00
      vertex   4.524392e+01 -2.634781e+01 -5.325720e+00
    endloop
  endfacet
  facet normal -9.969102e-01 7.845615e-02 3.842789e-03
    outer loop
      vertex   4.538625e+01 -2.540250e+01 -5.336940e+00
      vertex   4.540000e+01 -2.500000e+01 -9.986939e+00
      vertex   4.532737e+01 -2.592296e+01 -9.986939e+00
    endloop
  endfacet
  facet normal -9.994168e-01 3.414664e-02 0.000000e+00
    outer loop
      vertex   4.540000e+01 -2.500000e+01 -5.336940e+00
      vertex   4.540000e+01 -2.500000e+01 -9.986939e+00
      vertex   4.538625e+01 -2.540250e+01 -5.336940e+00
    endloop
  endfacet
  facet normal -9.947616e-01 1.022154e-01 1.156259e-03
    outer loop
      vertex   4.532737e+01 -2.592296e+01 -9.986939e+00
      vertex   4.534509e+01 -2.580312e+01 -5.336940e+00
      vertex   4.538625e+01 -2.540250e+01 -5.336940e+00
    endloop
  endfacet
  facet normal -9.854666e-01 1.698684e-01 -6.227692e-04
    outer loop
      vertex   4.532737e+01 -2.592296e+01 -9.986939e+00
      vertex   4.527668e+01 -2.620000e+01 -5.336940e+00
      vertex   4.534509e+01 -2.580312e+01 -5.336940e+00
    endloop
  endfacet
  facet normal -9.762697e-01 2.165463e-01 2.258467e-03
    outer loop
      vertex   4.524392e+01 -2.634781e+01 -5.325720e+00
      vertex   4.527668e+01 -2.620000e+01 -5.336940e+00
      vertex   4.532737e+01 -2.592296e+01 -9.986939e+00
    endloop
  endfacet
  facet normal -1.000000e+00 -0.000000e+00 0.000000e+00
    outer loop
      vertex   4.540000e+01 2.500000e+01 1.548306e+01
      vertex   4.540000e+01 5.200000e+00 1.491306e+01
      vertex   4.540000e+01 -2.500000e+01 1.548306e+01
    endloop
  endfacet
  facet normal -1.000000e+00 0.000000e+00 0.000000e+00
    outer loop
      vertex   4.540000e+01 -2.500000e+01 1.548306e+01
      vertex   4.540000e+01 5.200000e+00 1.491306e+01
      vertex   4.540000e+01 -5.200000e+00 1.491306e+01
    endloop
  endfacet
  facet normal -1.000000e+00 0.000000e+00 0.000000e+00
    outer loop
      vertex   4.540000e+01 -2.500000e+01 1.548306e+01
      vertex   4.540000e+01 -5.200000e+00 1.491306e+01
      vertex   4.540000e+01 -1.200000e+01 1.166306e+01
    endloop
  endfacet
  facet normal -1.000000e+00 0.000000e+00 0.000000e+00
    outer loop
      vertex   4.540000e+01 -1.200000e+01 1.166306e+01
      vertex   4.540000e+01 -5.200000e+00 1.491306e+01
      vertex   4.540000e+01 -1.174118e+01 1.162899e+01
    endloop
  endfacet
  facet normal -1.000000e+00 0.000000e+00 0.000000e+00
    outer loop
      vertex   4.540000e+01 -1.174118e+01 1.162899e+01
      vertex   4.540000e+01 -5.200000e+00 1.491306e+01
      vertex   4.540000e+01 -8.458819e+00 1.162899e+01
    endloop
  endfacet
  facet normal -1.000000e+00 0.000000e+00 0.000000e+00
    outer loop
      vertex   4.540000e+01 -1.174118e+01 1.162899e+01
      vertex   4.540000e+01 -8.458819e+00 1.162899e+01
      vertex   4.540000e+01 -1.150000e+01 1.152909e+01
    endloop
  endfacet
  facet normal -1.000000e+00 0.000000e+00 0.000000e+00
    outer loop
      vertex   4.540000e+01 -1.150000e+01 1.152909e+01
      vertex   4.540000e+01 -8.458819e+00 1.162899e+01
      vertex   4.540000e+01 -8.700000e+00 1.152909e+01
    endloop
  endfacet
  facet normal -1.000000e+00 0.000000e+00 0.000000e+00
    outer loop
      vertex   4.540000e+01 -1.150000e+01 1.152909e+01
      vertex   4.540000e+01 -8.700000e+00 1.152909e+01
      vertex   4.540000e+01 -8.907107e+00 1.137017e+01
    endloop
  endfacet
  facet normal -1.000000e+00 0.000000e+00 0.000000e+00
    outer loop
      vertex   4.540000e+01 2.500000e+01 9.363061e+00
      vertex   4.540000e+01 1.002500e+01 9.363061e+00
      vertex   4.540000e+01 2.500000e+01 1.548306e+01
    endloop
  endfacet
  facet normal -1.000000e+00 0.000000e+00 0.000000e+00
    outer loop
      vertex   4.540000e+01 2.500000e+01 1.548306e+01
      vertex   4.540000e+01 1.002500e+01 9.363061e+00
      vertex   4.540000e+01 6.707107e+00 1.137017e+01
    endloop
  endfacet
  facet normal -1.000000e+00 0.000000e+00 0.000000e+00
    outer loop
      vertex   4.540000e+01 2.500000e+01 1.548306e+01
      vertex   4.540000e+01 6.707107e+00 1.137017e+01
      vertex   4.540000e+01 5.200000e+00 1.491306e+01
    endloop
  endfacet
  facet normal -1.000000e+00 0.000000e+00 0.000000e+00
    outer loop
      vertex   4.540000e+01 5.200000e+00 1.491306e+01
      vertex   4.540000e+01 6.707107e+00 1.137017e+01
      vertex   4.540000e+01 6.500000e+00 1.152909e+01
    endloop
  endfacet
  facet normal -1.000000e+00 0.000000e+00 0.000000e+00
    outer loop
      vertex   4.540000e+01 5.200000e+00 1.491306e+01
      vertex   4.540000e+01 6.500000e+00 1.152909e+01
      vertex   4.540000e+01 5.200000e+00 1.271306e+01
    endloop
  endfacet
  facet normal -1.000000e+00 0.000000e+00 0.000000e+00
    outer loop
      vertex   4.540000e+01 5.200000e+00 1.271306e+01
      vertex   4.540000e+01 6.500000e+00 1.152909e+01
      vertex   4.540000e+01 6.258819e+00 1.162899e+01
    endloop
  endfacet
  facet normal -1.000000e+00 0.000000e+00 0.000000e+00
    outer loop
      vertex   4.540000e+01 5.200000e+00 1.271306e+01
      vertex   4.540000e+01 6.258819e+00 1.162899e+01
      vertex   4.540000e+01 6.000000e+00 1.166306e+01
    endloop
  endfacet
  facet normal -1.000000e+00 0.000000e+00 0.000000e+00
    outer loop
      vertex   4.540000e+01 9.766181e+00 9.328986e+00
      vertex   4.540000e+01 7.000000e+00 1.066306e+01
      vertex   4.540000e+01 1.002500e+01 9.363061e+00
    endloop
  endfacet
  facet normal -1.000000e+00 0.000000e+00 0.000000e+00
    outer loop
      vertex   4.540000e+01 1.002500e+01 9.363061e+00
      vertex   4.540000e+01 7.000000e+00 1.066306e+01
      vertex   4.540000e+01 6.965925e+00 1.092188e+01
    endloop
  endfacet
  facet normal -1.000000e+00 0.000000e+00 0.000000e+00
    outer loop
      vertex   4.540000e+01 1.002500e+01 9.363061e+00
      vertex   4.540000e+01 6.965925e+00 1.092188e+01
      vertex   4.540000e+01 6.866025e+00 1.116306e+01
    endloop
  endfacet
  facet normal -1.000000e+00 -0.000000e+00 0.000000e+00
    outer loop
      vertex   4.540000e+01 9.766181e+00 9.328986e+00
      vertex   4.540000e+01 9.525000e+00 9.229086e+00
      vertex   4.540000e+01 7.000000e+00 1.066306e+01
    endloop
  endfacet
  facet normal -1.000000e+00 0.000000e+00 0.000000e+00
    outer loop
      vertex   4.540000e+01 7.000000e+00 1.066306e+01
      vertex   4.540000e+01 9.525000e+00 9.229086e+00
      vertex   4.540000e+01 9.317894e+00 9.070168e+00
    endloop
  endfacet
  facet normal -1.000000e+00 0.000000e+00 0.000000e+00
    outer loop
      vertex   4.540000e+01 7.000000e+00 1.066306e+01
      vertex   4.540000e+01 9.317894e+00 9.070168e+00
      vertex   4.540000e+01 9.158975e+00 8.863061e+00
    endloop
  endfacet
  facet normal -1.000000e+00 -0.000000e+00 0.000000e+00
    outer loop
      vertex   4.540000e+01 9.158975e+00 8.863061e+00
      vertex   4.540000e+01 9.059075e+00 8.621879e+00
      vertex   4.540000e+01 7.000000e+00 1.066306e+01
    endloop
  endfacet
  facet normal -1.000000e+00 0.000000e+00 0.000000e+00
    outer loop
      vertex   4.540000e+01 7.000000e+00 1.066306e+01
      vertex   4.540000e+01 9.059075e+00 8.621879e+00
      vertex   4.540000e+01 9.025001e+00 8.363062e+00
    endloop
  endfacet
  facet normal -1.000000e+00 0.000000e+00 0.000000e+00
    outer loop
      vertex   4.540000e+01 7.000000e+00 1.066306e+01
      vertex   4.540000e+01 9.025001e+00 8.363062e+00
      vertex   4.540000e+01 7.000000e+00 -4.336939e+00
    endloop
  endfacet
  facet normal -1.000000e+00 0.000000e+00 0.000000e+00
    outer loop
      vertex   4.540000e+01 7.000000e+00 -4.336939e+00
      vertex   4.540000e+01 9.025001e+00 8.363062e+00
      vertex   4.540000e+01 9.025001e+00 -4.536939e+00
    endloop
  endfacet
  facet normal -1.000000e+00 0.000000e+00 -0.000000e+00
    outer loop
      vertex   4.540000e+01 7.000000e+00 -4.336939e+00
      vertex   4.540000e+01 9.025001e+00 -4.536939e+00
      vertex   4.540000e+01 6.965925e+00 -4.595759e+00
    endloop
  endfacet
  facet normal -1.000000e+00 0.000000e+00 0.000000e+00
    outer loop
      vertex   4.540000e+01 6.965925e+00 -4.595759e+00
      vertex   4.540000e+01 9.025001e+00 -4.536939e+00
      vertex   4.540000e+01 9.059075e+00 -4.795759e+00
    endloop
  endfacet
  facet normal -1.000000e+00 0.000000e+00 -0.000000e+00
    outer loop
      vertex   4.540000e+01 6.965925e+00 -4.595759e+00
      vertex   4.540000e+01 9.059075e+00 -4.795759e+00
      vertex   4.540000e+01 6.866025e+00 -4.836939e+00
    endloop
  endfacet
  facet normal -1.000000e+00 0.000000e+00 0.000000e+00
    outer loop
      vertex   4.540000e+01 6.866025e+00 -4.836939e+00
      vertex   4.540000e+01 9.059075e+00 -4.795759e+00
      vertex   4.540000e+01 9.158975e+00 -5.036939e+00
    endloop
  endfacet
  facet normal -1.000000e+00 0.000000e+00 -0.000000e+00
    outer loop
      vertex   4.540000e+01 6.866025e+00 -4.836939e+00
      vertex   4.540000e+01 9.158975e+00 -5.036939e+00
      vertex   4.540000e+01 6.707107e+00 -5.044046e+00
    endloop
  endfacet
  facet normal -1.000000e+00 0.000000e+00 0.000000e+00
    outer loop
      vertex   4.540000e+01 6.707107e+00 -5.044046e+00
      vertex   4.540000e+01 9.158975e+00 -5.036939e+00
      vertex   4.540000e+01 9.317894e+00 -5.244046e+00
    endloop
  endfacet
  facet normal -1.000000e+00 0.000000e+00 -0.000000e+00
    outer loop
      vertex   4.540000e+01 6.707107e+00 -5.044046e+00
      vertex   4.540000e+01 9.317894e+00 -5.244046e+00
      vertex   4.540000e+01 6.500000e+00 -5.202964e+00
    endloop
  endfacet
  facet normal -1.000000e+00 0.000000e+00 0.000000e+00
    outer loop
      vertex   4.540000e+01 6.500000e+00 -5.202964e+00
      vertex   4.540000e+01 9.317894e+00 -5.244046e+00
      vertex   4.540000e+01 9.525000e+00 -5.402965e+00
    endloop
  endfacet
  facet normal -1.000000e+00 0.000000e+00 -0.000000e+00
    outer loop
      vertex   4.540000e+01 6.500000e+00 -5.202964e+00
      vertex   4.540000e+01 9.525000e+00 -5.402965e+00
      vertex   4.540000e+01 6.258819e+00 -5.302865e+00
    endloop
  endfacet
  facet normal -1.000000e+00 0.000000e+00 0.000000e+00
    outer loop
      vertex   4.540000e+01 6.258819e+00 -5.302865e+00
      vertex   4.540000e+01 9.525000e+00 -5.402965e+00
      vertex   4.540000e+01 9.766181e+00 -5.502865e+00
    endloop
  endfacet
  facet normal -1.000000e+00 0.000000e+00 -0.000000e+00
    outer loop
      vertex   4.540000e+01 6.258819e+00 -5.302865e+00
      vertex   4.540000e+01 9.766181e+00 -5.502865e+00
      vertex   4.540000e+01 6.000000e+00 -5.336940e+00
    endloop
  endfacet
  facet normal -1.000000e+00 0.000000e+00 0.000000e+00
    outer loop
      vertex   4.540000e+01 6.000000e+00 -5.336940e+00
      vertex   4.540000e+01 9.766181e+00 -5.502865e+00
      vertex   4.540000e+01 1.002500e+01 -5.536939e+00
    endloop
  endfacet
  facet normal -1.000000e+00 0.000000e+00 0.000000e+00
    outer loop
      vertex   4.540000e+01 6.000000e+00 -5.336940e+00
      vertex   4.540000e+01 1.002500e+01 -5.536939e+00
      vertex   4.540000e+01 2.000000e+01 -9.976940e+00
    endloop
  endfacet
  facet normal -1.000000e+00 0.000000e+00 0.000000e+00
    outer loop
      vertex   4.540000e+01 2.000000e+01 -9.976940e+00
      vertex   4.540000e+01 1.002500e+01 -5.536939e+00
      vertex   4.540000e+01 2.500000e+01 -5.536939e+00
    endloop
  endfacet
  facet normal -1.000000e+00 0.000000e+00 0.000000e+00
    outer loop
      vertex   4.540000e+01 2.000000e+01 -9.976940e+00
      vertex   4.540000e+01 2.500000e+01 -5.536939e+00
      vertex   4.540000e+01 2.500000e+01 -9.986939e+00
    endloop
  endfacet
  facet normal -1.000000e+00 0.000000e+00 0.000000e+00
    outer loop
      vertex   4.540000e+01 2.500000e+01 -9.986939e+00
      vertex   4.540000e+01 2.000000e+01 -9.986939e+00
      vertex   4.540000e+01 2.000000e+01 -9.976940e+00
    endloop
  endfacet
  facet normal -1.000000e+00 0.000000e+00 0.000000e+00
    outer loop
      vertex   4.540000e+01 2.000000e+01 -9.976940e+00
      vertex   4.540000e+01 -2.000000e+01 -9.976940e+00
      vertex   4.540000e+01 6.000000e+00 -5.336940e+00
    endloop
  endfacet
  facet normal -1.000000e+00 -0.000000e+00 0.000000e+00
    outer loop
      vertex   4.540000e+01 6.000000e+00 -5.336940e+00
      vertex   4.540000e+01 -2.000000e+01 -9.976940e+00
      vertex   4.540000e+01 -8.200000e+00 -5.336940e+00
    endloop
  endfacet
  facet normal -1.000000e+00 -0.000000e+00 0.000000e+00
    outer loop
      vertex   4.540000e+01 -8.200000e+00 -5.336940e+00
      vertex   4.540000e+01 -2.000000e+01 -9.976940e+00
      vertex   4.540000e+01 -1.200000e+01 -5.336940e+00
    endloop
  endfacet
  facet normal -1.000000e+00 0.000000e+00 0.000000e+00
    outer loop
      vertex   4.540000e+01 -8.200000e+00 -5.336940e+00
      vertex   4.540000e+01 -1.200000e+01 -5.336940e+00
      vertex   4.540000e+01 -8.458819e+00 -5.302865e+00
    endloop
  endfacet
  facet normal -1.000000e+00 -0.000000e+00 0.000000e+00
    outer loop
      vertex   4.540000e+01 -8.458819e+00 -5.302865e+00
      vertex   4.540000e+01 -1.200000e+01 -5.336940e+00
      vertex   4.540000e+01 -1.174118e+01 -5.302865e+00
    endloop
  endfacet
  facet normal -1.000000e+00 0.000000e+00 0.000000e+00
    outer loop
      vertex   4.540000e+01 -8.458819e+00 -5.302865e+00
      vertex   4.540000e+01 -1.174118e+01 -5.302865e+00
      vertex   4.540000e+01 -1.150000e+01 -5.202964e+00
    endloop
  endfacet
  facet normal -1.000000e+00 0.000000e+00 0.000000e+00
    outer loop
      vertex   4.540000e+01 -2.000000e+01 -9.986939e+00
      vertex   4.540000e+01 -2.500000e+01 -9.986939e+00
      vertex   4.540000e+01 -2.000000e+01 -9.976940e+00
    endloop
  endfacet
  facet normal -1.000000e+00 -0.000000e+00 0.000000e+00
    outer loop
      vertex   4.540000e+01 -2.000000e+01 -9.976940e+00
      vertex   4.540000e+01 -2.500000e+01 -9.986939e+00
      vertex   4.540000e+01 -2.500000e+01 -5.336940e+00
    endloop
  endfacet
  facet normal -1.000000e+00 0.000000e+00 0.000000e+00
    outer loop
      vertex   4.540000e+01 -2.000000e+01 -9.976940e+00
      vertex   4.540000e+01 -2.500000e+01 -5.336940e+00
      vertex   4.540000e+01 -1.200000e+01 -5.336940e+00
    endloop
  endfacet
  facet normal -1.000000e+00 0.000000e+00 -0.000000e+00
    outer loop
      vertex   4.540000e+01 -1.129289e+01 -5.044046e+00
      vertex   4.540000e+01 -8.907107e+00 -5.044046e+00
      vertex   4.540000e+01 -1.150000e+01 -5.202964e+00
    endloop
  endfacet
  facet normal -1.000000e+00 0.000000e+00 0.000000e+00
    outer loop
      vertex   4.540000e+01 -1.150000e+01 -5.202964e+00
      vertex   4.540000e+01 -8.907107e+00 -5.044046e+00
      vertex   4.540000e+01 -8.700000e+00 -5.202964e+00
    endloop
  endfacet
  facet normal -1.000000e+00 0.000000e+00 0.000000e+00
    outer loop
      vertex   4.540000e+01 -1.150000e+01 -5.202964e+00
      vertex   4.540000e+01 -8.700000e+00 -5.202964e+00
      vertex   4.540000e+01 -8.458819e+00 -5.302865e+00
    endloop
  endfacet
  facet normal -1.000000e+00 0.000000e+00 0.000000e+00
    outer loop
      vertex   4.540000e+01 -8.907107e+00 -5.044046e+00
      vertex   4.540000e+01 -1.129289e+01 -5.044046e+00
      vertex   4.540000e+01 -9.066026e+00 -4.836939e+00
    endloop
  endfacet
  facet normal -1.000000e+00 -0.000000e+00 0.000000e+00
    outer loop
      vertex   4.540000e+01 -9.066026e+00 -4.836939e+00
      vertex   4.540000e+01 -1.129289e+01 -5.044046e+00
      vertex   4.540000e+01 -1.113397e+01 -4.836939e+00
    endloop
  endfacet
  facet normal -1.000000e+00 0.000000e+00 0.000000e+00
    outer loop
      vertex   4.540000e+01 -9.066026e+00 -4.836939e+00
      vertex   4.540000e+01 -1.113397e+01 -4.836939e+00
      vertex   4.540000e+01 -9.165926e+00 -4.595759e+00
    endloop
  endfacet
  facet normal -1.000000e+00 -0.000000e+00 0.000000e+00
    outer loop
      vertex   4.540000e+01 -9.165926e+00 -4.595759e+00
      vertex   4.540000e+01 -1.113397e+01 -4.836939e+00
      vertex   4.540000e+01 -1.103408e+01 -4.595759e+00
    endloop
  endfacet
  facet normal -1.000000e+00 0.000000e+00 0.000000e+00
    outer loop
      vertex   4.540000e+01 -9.165926e+00 -4.595759e+00
      vertex   4.540000e+01 -1.103408e+01 -4.595759e+00
      vertex   4.540000e+01 -1.100000e+01 -4.336939e+00
    endloop
  endfacet
  facet normal -1.000000e+00 0.000000e+00 0.000000e+00
    outer loop
      vertex   4.540000e+01 -9.165926e+00 -4.595759e+00
      vertex   4.540000e+01 -1.100000e+01 -4.336939e+00
      vertex   4.540000e+01 -9.200000e+00 -4.336939e+00
    endloop
  endfacet
  facet normal -1.000000e+00 0.000000e+00 0.000000e+00
    outer loop
      vertex   4.540000e+01 -9.200000e+00 -4.336939e+00
      vertex   4.540000e+01 -1.100000e+01 -4.336939e+00
      vertex   4.540000e+01 -1.100000e+01 1.066306e+01
    endloop
  endfacet
  facet normal -1.000000e+00 0.000000e+00 0.000000e+00
    outer loop
      vertex   4.540000e+01 -9.200000e+00 -4.336939e+00
      vertex   4.540000e+01 -1.100000e+01 1.066306e+01
      vertex   4.540000e+01 -9.200000e+00 1.066306e+01
    endloop
  endfacet
  facet normal -1.000000e+00 0.000000e+00 0.000000e+00
    outer loop
      vertex   4.540000e+01 -9.200000e+00 1.066306e+01
      vertex   4.540000e+01 -1.100000e+01 1.066306e+01
      vertex   4.540000e+01 -9.165926e+00 1.092188e+01
    endloop
  endfacet
  facet normal -1.000000e+00 -0.000000e+00 0.000000e+00
    outer loop
      vertex   4.540000e+01 -9.165926e+00 1.092188e+01
      vertex   4.540000e+01 -1.100000e+01 1.066306e+01
      vertex   4.540000e+01 -1.103408e+01 1.092188e+01
    endloop
  endfacet
  facet normal -1.000000e+00 0.000000e+00 0.000000e+00
    outer loop
      vertex   4.540000e+01 -9.165926e+00 1.092188e+01
      vertex   4.540000e+01 -1.103408e+01 1.092188e+01
      vertex   4.540000e+01 -1.113397e+01 1.116306e+01
    endloop
  endfacet
  facet normal -1.000000e+00 0.000000e+00 0.000000e+00
    outer loop
      vertex   4.540000e+01 -9.165926e+00 1.092188e+01
      vertex   4.540000e+01 -1.113397e+01 1.116306e+01
      vertex   4.540000e+01 -9.066026e+00 1.116306e+01
    endloop
  endfacet
  facet normal -1.000000e+00 0.000000e+00 0.000000e+00
    outer loop
      vertex   4.540000e+01 -9.066026e+00 1.116306e+01
      vertex   4.540000e+01 -1.113397e+01 1.116306e+01
      vertex   4.540000e+01 -1.129289e+01 1.137017e+01
    endloop
  endfacet
  facet normal -1.000000e+00 0.000000e+00 0.000000e+00
    outer loop
      vertex   4.540000e+01 -9.066026e+00 1.116306e+01
      vertex   4.540000e+01 -1.129289e+01 1.137017e+01
      vertex   4.540000e+01 -8.907107e+00 1.137017e+01
    endloop
  endfacet
  facet normal -1.000000e+00 0.000000e+00 0.000000e+00
    outer loop
      vertex   4.540000e+01 -8.907107e+00 1.137017e+01
      vertex   4.540000e+01 -1.129289e+01 1.137017e+01
      vertex   4.540000e+01 -1.150000e+01 1.152909e+01
    endloop
  endfacet
  facet normal -1.000000e+00 0.000000e+00 0.000000e+00
    outer loop
      vertex   4.540000e+01 -1.200000e+01 1.166306e+01
      vertex   4.540000e+01 -2.500000e+01 1.166306e+01
      vertex   4.540000e+01 -2.500000e+01 1.548306e+01
    endloop
  endfacet
  facet normal -1.000000e+00 0.000000e+00 0.000000e+00
    outer loop
      vertex   4.540000e+01 6.866025e+00 1.116306e+01
      vertex   4.540000e+01 6.707107e+00 1.137017e+01
      vertex   4.540000e+01 1.002500e+01 9.363061e+00
    endloop
  endfacet
  facet normal -1.000000e+00 -0.000000e+00 -0.000000e+00
    outer loop
      vertex   4.540000e+01 5.200000e+00 1.271306e+01
      vertex   4.540000e+01 6.000000e+00 1.166306e+01
      vertex   4.540000e+01 -5.200000e+00 1.271306e+01
    endloop
  endfacet
  facet normal -1.000000e+00 0.000000e+00 -0.000000e+00
    outer loop
      vertex   4.540000e+01 -5.200000e+00 1.271306e+01
      vertex   4.540000e+01 6.000000e+00 1.166306e+01
      vertex   4.540000e+01 -8.200000e+00 1.166306e+01
    endloop
  endfacet
  facet normal -1.000000e+00 -0.000000e+00 0.000000e+00
    outer loop
      vertex   4.540000e+01 -5.200000e+00 1.271306e+01
      vertex   4.540000e+01 -8.200000e+00 1.166306e+01
      vertex   4.540000e+01 -5.200000e+00 1.491306e+01
    endloop
  endfacet
  facet normal -1.000000e+00 0.000000e+00 0.000000e+00
    outer loop
      vertex   4.540000e+01 -5.200000e+00 1.491306e+01
      vertex   4.540000e+01 -8.200000e+00 1.166306e+01
      vertex   4.540000e+01 -8.458819e+00 1.162899e+01
    endloop
  endfacet
  facet normal -9.998892e-01 -1.488534e-02 -0.000000e+00
    outer loop
      vertex   4.540000e+01 2.500000e+01 1.548306e+01
      vertex   4.539966e+01 2.502311e+01 1.548306e+01
      vertex   4.540000e+01 2.500000e+01 9.363061e+00
    endloop
  endfacet
  facet normal -9.998892e-01 -1.488534e-02 -3.649786e-17
    outer loop
      vertex   4.540000e+01 2.500000e+01 9.363061e+00
      vertex   4.539966e+01 2.502311e+01 1.548306e+01
      vertex   4.539740e+01 2.517521e+01 9.363061e+00
    endloop
  endfacet
  facet normal -7.604050e-01 -6.494492e-01 -0.000000e+00
    outer loop
      vertex   4.367193e+01 2.917193e+01 1.413060e+00
      vertex   4.367193e+01 2.917193e+01 -9.986939e+00
      vertex   4.427320e+01 2.846793e+01 1.413060e+00
    endloop
  endfacet
  facet normal -7.604050e-01 -6.494492e-01 -0.000000e+00
    outer loop
      vertex   4.427320e+01 2.846793e+01 1.413060e+00
      vertex   4.367193e+01 2.917193e+01 -9.986939e+00
      vertex   4.427320e+01 2.846793e+01 -9.986939e+00
    endloop
  endfacet
  facet normal -6.494488e-01 -7.604054e-01 -0.000000e+00
    outer loop
      vertex   4.296793e+01 2.977320e+01 1.413060e+00
      vertex   4.296793e+01 2.977320e+01 -9.986939e+00
      vertex   4.367193e+01 2.917193e+01 1.413060e+00
    endloop
  endfacet
  facet normal -6.494488e-01 -7.604054e-01 -0.000000e+00
    outer loop
      vertex   4.367193e+01 2.917193e+01 1.413060e+00
      vertex   4.296793e+01 2.977320e+01 -9.986939e+00
      vertex   4.367193e+01 2.917193e+01 -9.986939e+00
    endloop
  endfacet
  facet normal -5.224992e-01 -8.526398e-01 -0.000000e+00
    outer loop
      vertex   4.217854e+01 3.025694e+01 1.413060e+00
      vertex   4.217854e+01 3.025694e+01 -9.986939e+00
      vertex   4.296793e+01 2.977320e+01 1.413060e+00
    endloop
  endfacet
  facet normal -5.224992e-01 -8.526398e-01 -0.000000e+00
    outer loop
      vertex   4.296793e+01 2.977320e+01 1.413060e+00
      vertex   4.217854e+01 3.025694e+01 -9.986939e+00
      vertex   4.296793e+01 2.977320e+01 -9.986939e+00
    endloop
  endfacet
  facet normal -3.826825e-01 -9.238799e-01 -0.000000e+00
    outer loop
      vertex   4.132320e+01 3.061123e+01 1.413060e+00
      vertex   4.132320e+01 3.061123e+01 -9.986939e+00
      vertex   4.217854e+01 3.025694e+01 1.413060e+00
    endloop
  endfacet
  facet normal -3.826825e-01 -9.238799e-01 -0.000000e+00
    outer loop
      vertex   4.217854e+01 3.025694e+01 1.413060e+00
      vertex   4.132320e+01 3.061123e+01 -9.986939e+00
      vertex   4.217854e+01 3.025694e+01 -9.986939e+00
    endloop
  endfacet
  facet normal -2.334469e-01 -9.723696e-01 -0.000000e+00
    outer loop
      vertex   4.042296e+01 3.082736e+01 1.413060e+00
      vertex   4.042296e+01 3.082736e+01 -9.986939e+00
      vertex   4.132320e+01 3.061123e+01 1.413060e+00
    endloop
  endfacet
  facet normal -2.334469e-01 -9.723696e-01 -0.000000e+00
    outer loop
      vertex   4.132320e+01 3.061123e+01 1.413060e+00
      vertex   4.042296e+01 3.082736e+01 -9.986939e+00
      vertex   4.132320e+01 3.061123e+01 -9.986939e+00
    endloop
  endfacet
  facet normal -7.845673e-02 -9.969175e-01 -0.000000e+00
    outer loop
      vertex   3.950000e+01 3.090000e+01 1.413060e+00
      vertex   3.950000e+01 3.090000e+01 -9.986939e+00
      vertex   4.042296e+01 3.082736e+01 1.413060e+00
    endloop
  endfacet
  facet normal -7.845673e-02 -9.969175e-01 -0.000000e+00
    outer loop
      vertex   4.042296e+01 3.082736e+01 1.413060e+00
      vertex   3.950000e+01 3.090000e+01 -9.986939e+00
      vertex   4.042296e+01 3.082736e+01 -9.986939e+00
    endloop
  endfacet
  facet normal -9.634976e-01 -2.677154e-01 9.571879e-04
    outer loop
      vertex   4.520463e+01 2.650584e+01 -4.730342e+00
      vertex   4.519950e+01 2.652500e+01 -4.536939e+00
      vertex   4.511123e+01 2.682320e+01 -9.986939e+00
    endloop
  endfacet
  facet normal -9.668750e-01 -2.552440e-01 1.770141e-03
    outer loop
      vertex   4.511123e+01 2.682320e+01 -9.986939e+00
      vertex   4.521951e+01 2.644816e+01 -4.921356e+00
      vertex   4.520463e+01 2.650584e+01 -4.730342e+00
    endloop
  endfacet
  facet normal -9.702278e-01 -2.421780e-01 2.809175e-03
    outer loop
      vertex   4.511123e+01 2.682320e+01 -9.986939e+00
      vertex   4.524261e+01 2.635358e+01 -5.096342e+00
      vertex   4.521951e+01 2.644816e+01 -4.921356e+00
    endloop
  endfacet
  facet normal -9.723613e-01 -2.334520e-01 3.704413e-03
    outer loop
      vertex   4.532737e+01 2.592296e+01 -9.986939e+00
      vertex   4.524261e+01 2.635358e+01 -5.096342e+00
      vertex   4.511123e+01 2.682320e+01 -9.986939e+00
    endloop
  endfacet
  facet normal -9.749807e-01 -2.222735e-01 2.674762e-03
    outer loop
      vertex   4.532737e+01 2.592296e+01 -9.986939e+00
      vertex   4.527011e+01 2.623116e+01 -5.244987e+00
      vertex   4.524261e+01 2.635358e+01 -5.096342e+00
    endloop
  endfacet
  facet normal -9.804757e-01 -1.966378e-01 9.422359e-04
    outer loop
      vertex   4.532737e+01 2.592296e+01 -9.986939e+00
      vertex   4.529987e+01 2.608222e+01 -5.366995e+00
      vertex   4.527011e+01 2.623116e+01 -5.244987e+00
    endloop
  endfacet
  facet normal -9.856543e-01 -1.687768e-01 -4.898461e-05
    outer loop
      vertex   4.532977e+01 2.590764e+01 -5.460836e+00
      vertex   4.529987e+01 2.608222e+01 -5.366995e+00
      vertex   4.532737e+01 2.592296e+01 -9.986939e+00
    endloop
  endfacet
  facet normal -9.905180e-01 -1.373829e-01 5.986055e-05
    outer loop
      vertex   4.532737e+01 2.592296e+01 -9.986939e+00
      vertex   4.535614e+01 2.571750e+01 -5.517964e+00
      vertex   4.532977e+01 2.590764e+01 -5.460836e+00
    endloop
  endfacet
  facet normal -9.943814e-01 -1.058459e-01 1.534669e-03
    outer loop
      vertex   4.532737e+01 2.592296e+01 -9.986939e+00
      vertex   4.537660e+01 2.552500e+01 -5.536939e+00
      vertex   4.535614e+01 2.571750e+01 -5.517964e+00
    endloop
  endfacet
  facet normal -9.969095e-01 -7.845609e-02 4.012104e-03
    outer loop
      vertex   4.540000e+01 2.500000e+01 -9.986939e+00
      vertex   4.537660e+01 2.552500e+01 -5.536939e+00
      vertex   4.532737e+01 2.592296e+01 -9.986939e+00
    endloop
  endfacet
  facet normal -9.972386e-01 -7.418197e-02 3.506122e-03
    outer loop
      vertex   4.540000e+01 2.500000e+01 -9.986939e+00
      vertex   4.538960e+01 2.535026e+01 -5.536939e+00
      vertex   4.537660e+01 2.552500e+01 -5.536939e+00
    endloop
  endfacet
  facet normal -9.990078e-01 -4.452008e-02 1.167304e-03
    outer loop
      vertex   4.540000e+01 2.500000e+01 -9.986939e+00
      vertex   4.539740e+01 2.517521e+01 -5.536939e+00
      vertex   4.538960e+01 2.535026e+01 -5.536939e+00
    endloop
  endfacet
  facet normal -9.998892e-01 -1.488534e-02 -0.000000e+00
    outer loop
      vertex   4.540000e+01 2.500000e+01 -5.536939e+00
      vertex   4.539740e+01 2.517521e+01 -5.536939e+00
      vertex   4.540000e+01 2.500000e+01 -9.986939e+00
    endloop
  endfacet
  facet normal 0.000000e+00 1.305283e-01 -9.914446e-01
    outer loop
      vertex   4.700000e+01 9.766181e+00 9.328986e+00
      vertex   4.540000e+01 9.766181e+00 9.328986e+00
      vertex   4.700000e+01 1.002500e+01 9.363061e+00
    endloop
  endfacet
  facet normal 0.000000e+00 1.305283e-01 -9.914446e-01
    outer loop
      vertex   4.700000e+01 1.002500e+01 9.363061e+00
      vertex   4.540000e+01 9.766181e+00 9.328986e+00
      vertex   4.540000e+01 1.002500e+01 9.363061e+00
    endloop
  endfacet
  facet normal 0.000000e+00 3.826817e-01 -9.238803e-01
    outer loop
      vertex   4.700000e+01 9.525000e+00 9.229086e+00
      vertex   4.540000e+01 9.525000e+00 9.229086e+00
      vertex   4.700000e+01 9.766181e+00 9.328986e+00
    endloop
  endfacet
  facet normal 0.000000e+00 3.826817e-01 -9.238803e-01
    outer loop
      vertex   4.700000e+01 9.766181e+00 9.328986e+00
      vertex   4.540000e+01 9.525000e+00 9.229086e+00
      vertex   4.540000e+01 9.766181e+00 9.328986e+00
    endloop
  endfacet
  facet normal 0.000000e+00 6.087603e-01 -7.933542e-01
    outer loop
      vertex   4.700000e+01 9.317894e+00 9.070168e+00
      vertex   4.540000e+01 9.317894e+00 9.070168e+00
      vertex   4.700000e+01 9.525000e+00 9.229086e+00
    endloop
  endfacet
  facet normal 0.000000e+00 6.087603e-01 -7.933542e-01
    outer loop
      vertex   4.700000e+01 9.525000e+00 9.229086e+00
      vertex   4.540000e+01 9.317894e+00 9.070168e+00
      vertex   4.540000e+01 9.525000e+00 9.229086e+00
    endloop
  endfacet
  facet normal 0.000000e+00 7.933529e-01 -6.087620e-01
    outer loop
      vertex   4.700000e+01 9.158975e+00 8.863061e+00
      vertex   4.540000e+01 9.158975e+00 8.863061e+00
      vertex   4.700000e+01 9.317894e+00 9.070168e+00
    endloop
  endfacet
  facet normal 0.000000e+00 7.933529e-01 -6.087620e-01
    outer loop
      vertex   4.700000e+01 9.317894e+00 9.070168e+00
      vertex   4.540000e+01 9.158975e+00 8.863061e+00
      vertex   4.540000e+01 9.317894e+00 9.070168e+00
    endloop
  endfacet
  facet normal 0.000000e+00 9.238801e-01 -3.826820e-01
    outer loop
      vertex   4.540000e+01 9.059075e+00 8.621879e+00
      vertex   4.540000e+01 9.158975e+00 8.863061e+00
      vertex   4.700000e+01 9.059075e+00 8.621879e+00
    endloop
  endfacet
  facet normal 0.000000e+00 9.238801e-01 -3.826820e-01
    outer loop
      vertex   4.700000e+01 9.059075e+00 8.621879e+00
      vertex   4.540000e+01 9.158975e+00 8.863061e+00
      vertex   4.700000e+01 9.158975e+00 8.863061e+00
    endloop
  endfacet
  facet normal 0.000000e+00 9.914451e-01 -1.305247e-01
    outer loop
      vertex   4.540000e+01 9.025001e+00 8.363062e+00
      vertex   4.540000e+01 9.059075e+00 8.621879e+00
      vertex   4.700000e+01 9.025001e+00 8.363062e+00
    endloop
  endfacet
  facet normal 0.000000e+00 9.914451e-01 -1.305247e-01
    outer loop
      vertex   4.700000e+01 9.025001e+00 8.363062e+00
      vertex   4.540000e+01 9.059075e+00 8.621879e+00
      vertex   4.700000e+01 9.059075e+00 8.621879e+00
    endloop
  endfacet
  facet normal 0.000000e+00 0.000000e+00 1.000000e+00
    outer loop
      vertex   4.540000e+01 1.002500e+01 -5.536939e+00
      vertex   4.700000e+01 1.002500e+01 -5.536939e+00
      vertex   4.540000e+01 2.500000e+01 -5.536939e+00
    endloop
  endfacet
  facet normal -0.000000e+00 0.000000e+00 1.000000e+00
    outer loop
      vertex   4.540000e+01 2.500000e+01 -5.536939e+00
      vertex   4.700000e+01 1.002500e+01 -5.536939e+00
      vertex   4.700000e+01 2.500000e+01 -5.536939e+00
    endloop
  endfacet
  facet normal 0.000000e+00 0.000000e+00 1.000000e+00
    outer loop
      vertex   4.540000e+01 2.500000e+01 -5.536939e+00
      vertex   4.700000e+01 2.500000e+01 -5.536939e+00
      vertex   4.698160e+01 2.552500e+01 -5.536939e+00
    endloop
  endfacet
  facet normal 0.000000e+00 0.000000e+00 1.000000e+00
    outer loop
      vertex   4.698160e+01 2.552500e+01 -5.536939e+00
      vertex   4.700000e+01 2.500000e+01 -5.536939e+00
      vertex   4.699182e+01 2.535016e+01 -5.536939e+00
    endloop
  endfacet
  facet normal 0.000000e+00 0.000000e+00 1.000000e+00
    outer loop
      vertex   4.699182e+01 2.535016e+01 -5.536939e+00
      vertex   4.700000e+01 2.500000e+01 -5.536939e+00
      vertex   4.699796e+01 2.517513e+01 -5.536939e+00
    endloop
  endfacet
  facet normal -0.000000e+00 0.000000e+00 1.000000e+00
    outer loop
      vertex   4.537660e+01 2.552500e+01 -5.536939e+00
      vertex   4.538960e+01 2.535026e+01 -5.536939e+00
      vertex   4.698160e+01 2.552500e+01 -5.536939e+00
    endloop
  endfacet
  facet normal 0.000000e+00 0.000000e+00 1.000000e+00
    outer loop
      vertex   4.698160e+01 2.552500e+01 -5.536939e+00
      vertex   4.538960e+01 2.535026e+01 -5.536939e+00
      vertex   4.539740e+01 2.517521e+01 -5.536939e+00
    endloop
  endfacet
  facet normal 0.000000e+00 0.000000e+00 1.000000e+00
    outer loop
      vertex   4.698160e+01 2.552500e+01 -5.536939e+00
      vertex   4.539740e+01 2.517521e+01 -5.536939e+00
      vertex   4.540000e+01 2.500000e+01 -5.536939e+00
    endloop
  endfacet
  facet normal -0.000000e+00 9.914452e-01 1.305238e-01
    outer loop
      vertex   4.540000e+01 9.059075e+00 -4.795759e+00
      vertex   4.540000e+01 9.025001e+00 -4.536939e+00
      vertex   4.700000e+01 9.059075e+00 -4.795759e+00
    endloop
  endfacet
  facet normal 0.000000e+00 9.914452e-01 1.305238e-01
    outer loop
      vertex   4.700000e+01 9.059075e+00 -4.795759e+00
      vertex   4.540000e+01 9.025001e+00 -4.536939e+00
      vertex   4.700000e+01 9.025001e+00 -4.536939e+00
    endloop
  endfacet
  facet normal -0.000000e+00 9.238794e-01 3.826836e-01
    outer loop
      vertex   4.540000e+01 9.158975e+00 -5.036939e+00
      vertex   4.540000e+01 9.059075e+00 -4.795759e+00
      vertex   4.700000e+01 9.158975e+00 -5.036939e+00
    endloop
  endfacet
  facet normal 0.000000e+00 9.238794e-01 3.826836e-01
    outer loop
      vertex   4.700000e+01 9.158975e+00 -5.036939e+00
      vertex   4.540000e+01 9.059075e+00 -4.795759e+00
      vertex   4.700000e+01 9.059075e+00 -4.795759e+00
    endloop
  endfacet
  facet normal 0.000000e+00 7.933529e-01 6.087620e-01
    outer loop
      vertex   4.700000e+01 9.317894e+00 -5.244046e+00
      vertex   4.540000e+01 9.317894e+00 -5.244046e+00
      vertex   4.700000e+01 9.158975e+00 -5.036939e+00
    endloop
  endfacet
  facet normal 0.000000e+00 7.933529e-01 6.087620e-01
    outer loop
      vertex   4.700000e+01 9.158975e+00 -5.036939e+00
      vertex   4.540000e+01 9.317894e+00 -5.244046e+00
      vertex   4.540000e+01 9.158975e+00 -5.036939e+00
    endloop
  endfacet
  facet normal 0.000000e+00 6.087631e-01 7.933520e-01
    outer loop
      vertex   4.700000e+01 9.525000e+00 -5.402965e+00
      vertex   4.540000e+01 9.525000e+00 -5.402965e+00
      vertex   4.700000e+01 9.317894e+00 -5.244046e+00
    endloop
  endfacet
  facet normal 0.000000e+00 6.087631e-01 7.933520e-01
    outer loop
      vertex   4.700000e+01 9.317894e+00 -5.244046e+00
      vertex   4.540000e+01 9.525000e+00 -5.402965e+00
      vertex   4.540000e+01 9.317894e+00 -5.244046e+00
    endloop
  endfacet
  facet normal 0.000000e+00 3.826817e-01 9.238803e-01
    outer loop
      vertex   4.700000e+01 9.766181e+00 -5.502865e+00
      vertex   4.540000e+01 9.766181e+00 -5.502865e+00
      vertex   4.700000e+01 9.525000e+00 -5.402965e+00
    endloop
  endfacet
  facet normal 0.000000e+00 3.826817e-01 9.238803e-01
    outer loop
      vertex   4.700000e+01 9.525000e+00 -5.402965e+00
      vertex   4.540000e+01 9.766181e+00 -5.502865e+00
      vertex   4.540000e+01 9.525000e+00 -5.402965e+00
    endloop
  endfacet
  facet normal 0.000000e+00 1.305260e-01 9.914449e-01
    outer loop
      vertex   4.700000e+01 1.002500e+01 -5.536939e+00
      vertex   4.540000e+01 1.002500e+01 -5.536939e+00
      vertex   4.700000e+01 9.766181e+00 -5.502865e+00
    endloop
  endfacet
  facet normal 0.000000e+00 1.305260e-01 9.914449e-01
    outer loop
      vertex   4.700000e+01 9.766181e+00 -5.502865e+00
      vertex   4.540000e+01 1.002500e+01 -5.536939e+00
      vertex   4.540000e+01 9.766181e+00 -5.502865e+00
    endloop
  endfacet
  facet normal 0.000000e+00 1.000000e+00 0.000000e+00
    outer loop
      vertex   4.540000e+01 9.025001e+00 -4.536939e+00
      vertex   4.540000e+01 9.025001e+00 8.363062e+00
      vertex   4.700000e+01 9.025001e+00 -4.536939e+00
    endloop
  endfacet
  facet normal 0.000000e+00 1.000000e+00 -0.000000e+00
    outer loop
      vertex   4.700000e+01 9.025001e+00 -4.536939e+00
      vertex   4.540000e+01 9.025001e+00 8.363062e+00
      vertex   4.700000e+01 9.025001e+00 8.363062e+00
    endloop
  endfacet
  facet normal 0.000000e+00 0.000000e+00 -1.000000e+00
    outer loop
      vertex   4.539740e+01 2.517521e+01 9.363061e+00
      vertex   4.698160e+01 2.552500e+01 9.363061e+00
      vertex   4.540000e+01 2.500000e+01 9.363061e+00
    endloop
  endfacet
  facet normal 0.000000e+00 0.000000e+00 -1.000000e+00
    outer loop
      vertex   4.540000e+01 2.500000e+01 9.363061e+00
      vertex   4.698160e+01 2.552500e+01 9.363061e+00
      vertex   4.700000e+01 2.500000e+01 9.363061e+00
    endloop
  endfacet
  facet normal 0.000000e+00 0.000000e+00 -1.000000e+00
    outer loop
      vertex   4.540000e+01 2.500000e+01 9.363061e+00
      vertex   4.700000e+01 2.500000e+01 9.363061e+00
      vertex   4.540000e+01 1.002500e+01 9.363061e+00
    endloop
  endfacet
  facet normal 0.000000e+00 0.000000e+00 -1.000000e+00
    outer loop
      vertex   4.540000e+01 1.002500e+01 9.363061e+00
      vertex   4.700000e+01 2.500000e+01 9.363061e+00
      vertex   4.700000e+01 1.002500e+01 9.363061e+00
    endloop
  endfacet
  facet normal 0.000000e+00 0.000000e+00 -1.000000e+00
    outer loop
      vertex   4.539740e+01 2.517521e+01 9.363061e+00
      vertex   4.538960e+01 2.535026e+01 9.363061e+00
      vertex   4.698160e+01 2.552500e+01 9.363061e+00
    endloop
  endfacet
  facet normal -0.000000e+00 0.000000e+00 -1.000000e+00
    outer loop
      vertex   4.698160e+01 2.552500e+01 9.363061e+00
      vertex   4.538960e+01 2.535026e+01 9.363061e+00
      vertex   4.537660e+01 2.552500e+01 9.363061e+00
    endloop
  endfacet
  facet normal 0.000000e+00 0.000000e+00 -1.000000e+00
    outer loop
      vertex   4.698160e+01 2.552500e+01 9.363061e+00
      vertex   4.699182e+01 2.535016e+01 9.363061e+00
      vertex   4.700000e+01 2.500000e+01 9.363061e+00
    endloop
  endfacet
  facet normal 0.000000e+00 0.000000e+00 -1.000000e+00
    outer loop
      vertex   4.700000e+01 2.500000e+01 9.363061e+00
      vertex   4.699182e+01 2.535016e+01 9.363061e+00
      vertex   4.699796e+01 2.517513e+01 9.363061e+00
    endloop
  endfacet
  facet normal -0.000000e+00 -9.951302e-01 -9.856964e-02
    outer loop
      vertex   4.684332e+01 2.652500e+01 8.363062e+00
      vertex   4.520463e+01 2.650584e+01 8.556464e+00
      vertex   4.519950e+01 2.652500e+01 8.363062e+00
    endloop
  endfacet
  facet normal 2.821493e-05 -9.951536e-01 -9.833290e-02
    outer loop
      vertex   4.684728e+01 2.650594e+01 8.555995e+00
      vertex   4.520463e+01 2.650584e+01 8.556464e+00
      vertex   4.684332e+01 2.652500e+01 8.363062e+00
    endloop
  endfacet
  facet normal -2.828838e-05 -9.574839e-01 -2.884867e-01
    outer loop
      vertex   4.685880e+01 2.644845e+01 8.746770e+00
      vertex   4.520463e+01 2.650584e+01 8.556464e+00
      vertex   4.684728e+01 2.650594e+01 8.555995e+00
    endloop
  endfacet
  facet normal 4.638260e-05 -9.573044e-01 -2.890817e-01
    outer loop
      vertex   4.685880e+01 2.644845e+01 8.746770e+00
      vertex   4.521951e+01 2.644816e+01 8.747478e+00
      vertex   4.520463e+01 2.650584e+01 8.556464e+00
    endloop
  endfacet
  facet normal -4.766724e-05 -8.800783e-01 -4.748286e-01
    outer loop
      vertex   4.687675e+01 2.635402e+01 8.921805e+00
      vertex   4.521951e+01 2.644816e+01 8.747478e+00
      vertex   4.685880e+01 2.644845e+01 8.746770e+00
    endloop
  endfacet
  facet normal 4.596217e-05 -8.797061e-01 -4.755177e-01
    outer loop
      vertex   4.687675e+01 2.635402e+01 8.921805e+00
      vertex   4.524261e+01 2.635358e+01 8.922463e+00
      vertex   4.521951e+01 2.644816e+01 8.747478e+00
    endloop
  endfacet
  facet normal -4.730678e-05 -7.723602e-01 -6.351848e-01
    outer loop
      vertex   4.689820e+01 2.623152e+01 9.070752e+00
      vertex   4.524261e+01 2.635358e+01 8.922463e+00
      vertex   4.687675e+01 2.635402e+01 8.921805e+00
    endloop
  endfacet
  facet normal 3.085472e-05 -7.719321e-01 -6.357050e-01
    outer loop
      vertex   4.689820e+01 2.623152e+01 9.070752e+00
      vertex   4.527011e+01 2.623116e+01 9.071108e+00
      vertex   4.524261e+01 2.635358e+01 8.922463e+00
    endloop
  endfacet
  facet normal -2.948239e-05 -6.339779e-01 -7.733512e-01
    outer loop
      vertex   4.692145e+01 2.608247e+01 9.192940e+00
      vertex   4.527011e+01 2.623116e+01 9.071108e+00
      vertex   4.689820e+01 2.623152e+01 9.070752e+00
    endloop
  endfacet
  facet normal 1.552257e-05 -6.336789e-01 -7.735962e-01
    outer loop
      vertex   4.692145e+01 2.608247e+01 9.192940e+00
      vertex   4.529987e+01 2.608222e+01 9.193116e+00
      vertex   4.527011e+01 2.623116e+01 9.071108e+00
    endloop
  endfacet
  facet normal -2.130680e-05 -4.736542e-01 -8.807109e-01
    outer loop
      vertex   4.694487e+01 2.590769e+01 9.286938e+00
      vertex   4.529987e+01 2.608222e+01 9.193116e+00
      vertex   4.692145e+01 2.608247e+01 9.192940e+00
    endloop
  endfacet
  facet normal 3.576760e-06 -4.734723e-01 -8.808087e-01
    outer loop
      vertex   4.694487e+01 2.590769e+01 9.286938e+00
      vertex   4.532977e+01 2.590764e+01 9.286958e+00
      vertex   4.529987e+01 2.608222e+01 9.193116e+00
    endloop
  endfacet
  facet normal -2.814949e-06 -2.877382e-01 -9.577091e-01
    outer loop
      vertex   4.694487e+01 2.590769e+01 9.286938e+00
      vertex   4.535614e+01 2.571750e+01 9.344085e+00
      vertex   4.532977e+01 2.590764e+01 9.286958e+00
    endloop
  endfacet
  facet normal -4.846765e-06 -2.877227e-01 -9.577138e-01
    outer loop
      vertex   4.696555e+01 2.571741e+01 9.344104e+00
      vertex   4.535614e+01 2.571750e+01 9.344085e+00
      vertex   4.694487e+01 2.590769e+01 9.286938e+00
    endloop
  endfacet
  facet normal 6.271692e-06 -9.809954e-02 -9.951766e-01
    outer loop
      vertex   4.696555e+01 2.571741e+01 9.344104e+00
      vertex   4.537660e+01 2.552500e+01 9.363061e+00
      vertex   4.535614e+01 2.571750e+01 9.344085e+00
    endloop
  endfacet
  facet normal -0.000000e+00 -9.804824e-02 -9.951817e-01
    outer loop
      vertex   4.698160e+01 2.552500e+01 9.363061e+00
      vertex   4.537660e+01 2.552500e+01 9.363061e+00
      vertex   4.696555e+01 2.571741e+01 9.344104e+00
    endloop
  endfacet
  facet normal 0.000000e+00 -9.804871e-02 9.951816e-01
    outer loop
      vertex   4.696555e+01 2.571739e+01 -5.517984e+00
      vertex   4.537660e+01 2.552500e+01 -5.536939e+00
      vertex   4.698160e+01 2.552500e+01 -5.536939e+00
    endloop
  endfacet
  facet normal 5.846431e-06 -9.809653e-02 9.951769e-01
    outer loop
      vertex   4.696555e+01 2.571739e+01 -5.517984e+00
      vertex   4.535614e+01 2.571750e+01 -5.517964e+00
      vertex   4.537660e+01 2.552500e+01 -5.536939e+00
    endloop
  endfacet
  facet normal -7.544493e-06 -2.876844e-01 9.577253e-01
    outer loop
      vertex   4.694488e+01 2.590765e+01 -5.460834e+00
      vertex   4.535614e+01 2.571750e+01 -5.517964e+00
      vertex   4.696555e+01 2.571739e+01 -5.517984e+00
    endloop
  endfacet
  facet normal 1.426468e-07 -2.877434e-01 9.577076e-01
    outer loop
      vertex   4.694488e+01 2.590765e+01 -5.460834e+00
      vertex   4.532977e+01 2.590764e+01 -5.460836e+00
      vertex   4.535614e+01 2.571750e+01 -5.517964e+00
    endloop
  endfacet
  facet normal 7.481882e-07 -4.736060e-01 8.807368e-01
    outer loop
      vertex   4.692146e+01 2.608243e+01 -5.366850e+00
      vertex   4.532977e+01 2.590764e+01 -5.460836e+00
      vertex   4.694488e+01 2.590765e+01 -5.460834e+00
    endloop
  endfacet
  facet normal -1.810937e-05 -4.734728e-01 8.808084e-01
    outer loop
      vertex   4.692146e+01 2.608243e+01 -5.366850e+00
      vertex   4.529987e+01 2.608222e+01 -5.366995e+00
      vertex   4.532977e+01 2.590764e+01 -5.460836e+00
    endloop
  endfacet
  facet normal 1.195908e-05 -6.336774e-01 7.735974e-01
    outer loop
      vertex   4.692146e+01 2.608243e+01 -5.366850e+00
      vertex   4.527011e+01 2.623116e+01 -5.244987e+00
      vertex   4.529987e+01 2.608222e+01 -5.366995e+00
    endloop
  endfacet
  facet normal -3.001108e-05 -6.339562e-01 7.733689e-01
    outer loop
      vertex   4.689820e+01 2.623152e+01 -5.244636e+00
      vertex   4.527011e+01 2.623116e+01 -5.244987e+00
      vertex   4.692146e+01 2.608243e+01 -5.366850e+00
    endloop
  endfacet
  facet normal 2.932538e-05 -7.719322e-01 6.357048e-01
    outer loop
      vertex   4.689820e+01 2.623152e+01 -5.244636e+00
      vertex   4.524261e+01 2.635358e+01 -5.096342e+00
      vertex   4.527011e+01 2.623116e+01 -5.244987e+00
    endloop
  endfacet
  facet normal -4.344209e-05 -7.723308e-01 6.352205e-01
    outer loop
      vertex   4.687675e+01 2.635399e+01 -5.095732e+00
      vertex   4.524261e+01 2.635358e+01 -5.096342e+00
      vertex   4.689820e+01 2.623152e+01 -5.244636e+00
    endloop
  endfacet
  facet normal 4.347676e-05 -8.800504e-01 4.748803e-01
    outer loop
      vertex   4.685881e+01 2.644844e+01 -4.920692e+00
      vertex   4.524261e+01 2.635358e+01 -5.096342e+00
      vertex   4.687675e+01 2.635399e+01 -5.095732e+00
    endloop
  endfacet
  facet normal -4.436006e-05 -8.797125e-01 4.755060e-01
    outer loop
      vertex   4.685881e+01 2.644844e+01 -4.920692e+00
      vertex   4.521951e+01 2.644816e+01 -4.921356e+00
      vertex   4.524261e+01 2.635358e+01 -5.096342e+00
    endloop
  endfacet
  facet normal 4.456595e-05 -9.574741e-01 2.885194e-01
    outer loop
      vertex   4.684728e+01 2.650593e+01 -4.729889e+00
      vertex   4.521951e+01 2.644816e+01 -4.921356e+00
      vertex   4.685881e+01 2.644844e+01 -4.920692e+00
    endloop
  endfacet
  facet normal -2.691951e-05 -9.573060e-01 2.890764e-01
    outer loop
      vertex   4.684728e+01 2.650593e+01 -4.729889e+00
      vertex   4.520463e+01 2.650584e+01 -4.730342e+00
      vertex   4.521951e+01 2.644816e+01 -4.921356e+00
    endloop
  endfacet
  facet normal 2.770290e-05 -9.951301e-01 9.857007e-02
    outer loop
      vertex   4.684728e+01 2.650593e+01 -4.729889e+00
      vertex   4.519950e+01 2.652500e+01 -4.536939e+00
      vertex   4.520463e+01 2.650584e+01 -4.730342e+00
    endloop
  endfacet
  facet normal 0.000000e+00 -9.951533e-01 9.833578e-02
    outer loop
      vertex   4.684332e+01 2.652500e+01 -4.536939e+00
      vertex   4.519950e+01 2.652500e+01 -4.536939e+00
      vertex   4.684728e+01 2.650593e+01 -4.729889e+00
    endloop
  endfacet
  facet normal 0.000000e+00 -1.000000e+00 0.000000e+00
    outer loop
      vertex   4.519950e+01 2.652500e+01 8.363062e+00
      vertex   4.519950e+01 2.652500e+01 -4.536939e+00
      vertex   4.684332e+01 2.652500e+01 8.363062e+00
    endloop
  endfacet
  facet normal 0.000000e+00 -1.000000e+00 -0.000000e+00
    outer loop
      vertex   4.684332e+01 2.652500e+01 8.363062e+00
      vertex   4.519950e+01 2.652500e+01 -4.536939e+00
      vertex   4.684332e+01 2.652500e+01 -4.536939e+00
    endloop
  endfacet
  facet normal 0.000000e+00 1.305283e-01 -9.914446e-01
    outer loop
      vertex   4.700000e+01 -8.458819e+00 1.162899e+01
      vertex   4.540000e+01 -8.458819e+00 1.162899e+01
      vertex   4.700000e+01 -8.200000e+00 1.166306e+01
    endloop
  endfacet
  facet normal 0.000000e+00 1.305283e-01 -9.914446e-01
    outer loop
      vertex   4.700000e+01 -8.200000e+00 1.166306e+01
      vertex   4.540000e+01 -8.458819e+00 1.162899e+01
      vertex   4.540000e+01 -8.200000e+00 1.166306e+01
    endloop
  endfacet
  facet normal 0.000000e+00 3.826817e-01 -9.238803e-01
    outer loop
      vertex   4.700000e+01 -8.700000e+00 1.152909e+01
      vertex   4.540000e+01 -8.700000e+00 1.152909e+01
      vertex   4.700000e+01 -8.458819e+00 1.162899e+01
    endloop
  endfacet
  facet normal 0.000000e+00 3.826817e-01 -9.238803e-01
    outer loop
      vertex   4.700000e+01 -8.458819e+00 1.162899e+01
      vertex   4.540000e+01 -8.700000e+00 1.152909e+01
      vertex   4.540000e+01 -8.458819e+00 1.162899e+01
    endloop
  endfacet
  facet normal 0.000000e+00 6.087603e-01 -7.933542e-01
    outer loop
      vertex   4.700000e+01 -8.907107e+00 1.137017e+01
      vertex   4.540000e+01 -8.907107e+00 1.137017e+01
      vertex   4.700000e+01 -8.700000e+00 1.152909e+01
    endloop
  endfacet
  facet normal 0.000000e+00 6.087603e-01 -7.933542e-01
    outer loop
      vertex   4.700000e+01 -8.700000e+00 1.152909e+01
      vertex   4.540000e+01 -8.907107e+00 1.137017e+01
      vertex   4.540000e+01 -8.700000e+00 1.152909e+01
    endloop
  endfacet
  facet normal 0.000000e+00 7.933529e-01 -6.087620e-01
    outer loop
      vertex   4.700000e+01 -9.066026e+00 1.116306e+01
      vertex   4.540000e+01 -9.066026e+00 1.116306e+01
      vertex   4.700000e+01 -8.907107e+00 1.137017e+01
    endloop
  endfacet
  facet normal 0.000000e+00 7.933529e-01 -6.087620e-01
    outer loop
      vertex   4.700000e+01 -8.907107e+00 1.137017e+01
      vertex   4.540000e+01 -9.066026e+00 1.116306e+01
      vertex   4.540000e+01 -8.907107e+00 1.137017e+01
    endloop
  endfacet
  facet normal 0.000000e+00 9.238801e-01 -3.826820e-01
    outer loop
      vertex   4.540000e+01 -9.165926e+00 1.092188e+01
      vertex   4.540000e+01 -9.066026e+00 1.116306e+01
      vertex   4.700000e+01 -9.165926e+00 1.092188e+01
    endloop
  endfacet
  facet normal 0.000000e+00 9.238801e-01 -3.826820e-01
    outer loop
      vertex   4.700000e+01 -9.165926e+00 1.092188e+01
      vertex   4.540000e+01 -9.066026e+00 1.116306e+01
      vertex   4.700000e+01 -9.066026e+00 1.116306e+01
    endloop
  endfacet
  facet normal 0.000000e+00 9.914448e-01 -1.305269e-01
    outer loop
      vertex   4.540000e+01 -9.200000e+00 1.066306e+01
      vertex   4.540000e+01 -9.165926e+00 1.092188e+01
      vertex   4.700000e+01 -9.200000e+00 1.066306e+01
    endloop
  endfacet
  facet normal 0.000000e+00 9.914448e-01 -1.305269e-01
    outer loop
      vertex   4.700000e+01 -9.200000e+00 1.066306e+01
      vertex   4.540000e+01 -9.165926e+00 1.092188e+01
      vertex   4.700000e+01 -9.165926e+00 1.092188e+01
    endloop
  endfacet
  facet normal 0.000000e+00 0.000000e+00 -1.000000e+00
    outer loop
      vertex   4.540000e+01 6.000000e+00 1.166306e+01
      vertex   4.700000e+01 6.000000e+00 1.166306e+01
      vertex   4.540000e+01 -8.200000e+00 1.166306e+01
    endloop
  endfacet
  facet normal 0.000000e+00 0.000000e+00 -1.000000e+00
    outer loop
      vertex   4.540000e+01 -8.200000e+00 1.166306e+01
      vertex   4.700000e+01 6.000000e+00 1.166306e+01
      vertex   4.700000e+01 -8.200000e+00 1.166306e+01
    endloop
  endfacet
  facet normal 0.000000e+00 -9.914445e-01 -1.305292e-01
    outer loop
      vertex   4.540000e+01 6.965925e+00 1.092188e+01
      vertex   4.540000e+01 7.000000e+00 1.066306e+01
      vertex   4.700000e+01 6.965925e+00 1.092188e+01
    endloop
  endfacet
  facet normal 0.000000e+00 -9.914445e-01 -1.305292e-01
    outer loop
      vertex   4.700000e+01 6.965925e+00 1.092188e+01
      vertex   4.540000e+01 7.000000e+00 1.066306e+01
      vertex   4.700000e+01 7.000000e+00 1.066306e+01
    endloop
  endfacet
  facet normal 0.000000e+00 -9.238809e-01 -3.826801e-01
    outer loop
      vertex   4.540000e+01 6.866025e+00 1.116306e+01
      vertex   4.540000e+01 6.965925e+00 1.092188e+01
      vertex   4.700000e+01 6.866025e+00 1.116306e+01
    endloop
  endfacet
  facet normal 0.000000e+00 -9.238809e-01 -3.826801e-01
    outer loop
      vertex   4.700000e+01 6.866025e+00 1.116306e+01
      vertex   4.540000e+01 6.965925e+00 1.092188e+01
      vertex   4.700000e+01 6.965925e+00 1.092188e+01
    endloop
  endfacet
  facet normal -0.000000e+00 -7.933551e-01 -6.087592e-01
    outer loop
      vertex   4.700000e+01 6.707107e+00 1.137017e+01
      vertex   4.540000e+01 6.707107e+00 1.137017e+01
      vertex   4.700000e+01 6.866025e+00 1.116306e+01
    endloop
  endfacet
  facet normal -0.000000e+00 -7.933551e-01 -6.087592e-01
    outer loop
      vertex   4.700000e+01 6.866025e+00 1.116306e+01
      vertex   4.540000e+01 6.707107e+00 1.137017e+01
      vertex   4.540000e+01 6.866025e+00 1.116306e+01
    endloop
  endfacet
  facet normal -0.000000e+00 -6.087592e-01 -7.933551e-01
    outer loop
      vertex   4.700000e+01 6.500000e+00 1.152909e+01
      vertex   4.540000e+01 6.500000e+00 1.152909e+01
      vertex   4.700000e+01 6.707107e+00 1.137017e+01
    endloop
  endfacet
  facet normal -0.000000e+00 -6.087592e-01 -7.933551e-01
    outer loop
      vertex   4.700000e+01 6.707107e+00 1.137017e+01
      vertex   4.540000e+01 6.500000e+00 1.152909e+01
      vertex   4.540000e+01 6.707107e+00 1.137017e+01
    endloop
  endfacet
  facet normal -0.000000e+00 -3.826809e-01 -9.238806e-01
    outer loop
      vertex   4.700000e+01 6.258819e+00 1.162899e+01
      vertex   4.540000e+01 6.258819e+00 1.162899e+01
      vertex   4.700000e+01 6.500000e+00 1.152909e+01
    endloop
  endfacet
  facet normal -0.000000e+00 -3.826809e-01 -9.238806e-01
    outer loop
      vertex   4.700000e+01 6.500000e+00 1.152909e+01
      vertex   4.540000e+01 6.258819e+00 1.162899e+01
      vertex   4.540000e+01 6.500000e+00 1.152909e+01
    endloop
  endfacet
  facet normal -0.000000e+00 -1.305286e-01 -9.914445e-01
    outer loop
      vertex   4.700000e+01 6.000000e+00 1.166306e+01
      vertex   4.540000e+01 6.000000e+00 1.166306e+01
      vertex   4.700000e+01 6.258819e+00 1.162899e+01
    endloop
  endfacet
  facet normal -0.000000e+00 -1.305286e-01 -9.914445e-01
    outer loop
      vertex   4.700000e+01 6.258819e+00 1.162899e+01
      vertex   4.540000e+01 6.000000e+00 1.166306e+01
      vertex   4.540000e+01 6.258819e+00 1.162899e+01
    endloop
  endfacet
  facet normal 0.000000e+00 -1.000000e+00 0.000000e+00
    outer loop
      vertex   4.540000e+01 7.000000e+00 1.066306e+01
      vertex   4.540000e+01 7.000000e+00 -4.336939e+00
      vertex   4.700000e+01 7.000000e+00 1.066306e+01
    endloop
  endfacet
  facet normal 0.000000e+00 -1.000000e+00 -0.000000e+00
    outer loop
      vertex   4.700000e+01 7.000000e+00 1.066306e+01
      vertex   4.540000e+01 7.000000e+00 -4.336939e+00
      vertex   4.700000e+01 7.000000e+00 -4.336939e+00
    endloop
  endfacet
  facet normal 0.000000e+00 -1.305263e-01 9.914448e-01
    outer loop
      vertex   4.700000e+01 6.258819e+00 -5.302865e+00
      vertex   4.540000e+01 6.258819e+00 -5.302865e+00
      vertex   4.700000e+01 6.000000e+00 -5.336940e+00
    endloop
  endfacet
  facet normal 0.000000e+00 -1.305263e-01 9.914448e-01
    outer loop
      vertex   4.700000e+01 6.000000e+00 -5.336940e+00
      vertex   4.540000e+01 6.258819e+00 -5.302865e+00
      vertex   4.540000e+01 6.000000e+00 -5.336940e+00
    endloop
  endfacet
  facet normal 0.000000e+00 -3.826848e-01 9.238790e-01
    outer loop
      vertex   4.700000e+01 6.500000e+00 -5.202964e+00
      vertex   4.540000e+01 6.500000e+00 -5.202964e+00
      vertex   4.700000e+01 6.258819e+00 -5.302865e+00
    endloop
  endfacet
  facet normal 0.000000e+00 -3.826848e-01 9.238790e-01
    outer loop
      vertex   4.700000e+01 6.258819e+00 -5.302865e+00
      vertex   4.540000e+01 6.500000e+00 -5.202964e+00
      vertex   4.540000e+01 6.258819e+00 -5.302865e+00
    endloop
  endfacet
  facet normal 0.000000e+00 -6.087592e-01 7.933551e-01
    outer loop
      vertex   4.700000e+01 6.707107e+00 -5.044046e+00
      vertex   4.540000e+01 6.707107e+00 -5.044046e+00
      vertex   4.700000e+01 6.500000e+00 -5.202964e+00
    endloop
  endfacet
  facet normal 0.000000e+00 -6.087592e-01 7.933551e-01
    outer loop
      vertex   4.700000e+01 6.500000e+00 -5.202964e+00
      vertex   4.540000e+01 6.707107e+00 -5.044046e+00
      vertex   4.540000e+01 6.500000e+00 -5.202964e+00
    endloop
  endfacet
  facet normal 0.000000e+00 -7.933551e-01 6.087592e-01
    outer loop
      vertex   4.700000e+01 6.866025e+00 -4.836939e+00
      vertex   4.540000e+01 6.866025e+00 -4.836939e+00
      vertex   4.700000e+01 6.707107e+00 -5.044046e+00
    endloop
  endfacet
  facet normal 0.000000e+00 -7.933551e-01 6.087592e-01
    outer loop
      vertex   4.700000e+01 6.707107e+00 -5.044046e+00
      vertex   4.540000e+01 6.866025e+00 -4.836939e+00
      vertex   4.540000e+01 6.707107e+00 -5.044046e+00
    endloop
  endfacet
  facet normal 0.000000e+00 -9.238803e-01 3.826817e-01
    outer loop
      vertex   4.540000e+01 6.965925e+00 -4.595759e+00
      vertex   4.540000e+01 6.866025e+00 -4.836939e+00
      vertex   4.700000e+01 6.965925e+00 -4.595759e+00
    endloop
  endfacet
  facet normal 0.000000e+00 -9.238803e-01 3.826817e-01
    outer loop
      vertex   4.700000e+01 6.965925e+00 -4.595759e+00
      vertex   4.540000e+01 6.866025e+00 -4.836939e+00
      vertex   4.700000e+01 6.866025e+00 -4.836939e+00
    endloop
  endfacet
  facet normal 0.000000e+00 -9.914446e-01 1.305283e-01
    outer loop
      vertex   4.540000e+01 7.000000e+00 -4.336939e+00
      vertex   4.540000e+01 6.965925e+00 -4.595759e+00
      vertex   4.700000e+01 7.000000e+00 -4.336939e+00
    endloop
  endfacet
  facet normal 0.000000e+00 -9.914446e-01 1.305283e-01
    outer loop
      vertex   4.700000e+01 7.000000e+00 -4.336939e+00
      vertex   4.540000e+01 6.965925e+00 -4.595759e+00
      vertex   4.700000e+01 6.965925e+00 -4.595759e+00
    endloop
  endfacet
  facet normal 0.000000e+00 0.000000e+00 1.000000e+00
    outer loop
      vertex   4.540000e+01 -8.200000e+00 -5.336940e+00
      vertex   4.700000e+01 -8.200000e+00 -5.336940e+00
      vertex   4.540000e+01 6.000000e+00 -5.336940e+00
    endloop
  endfacet
  facet normal -0.000000e+00 0.000000e+00 1.000000e+00
    outer loop
      vertex   4.540000e+01 6.000000e+00 -5.336940e+00
      vertex   4.700000e+01 -8.200000e+00 -5.336940e+00
      vertex   4.700000e+01 6.000000e+00 -5.336940e+00
    endloop
  endfacet
  facet normal -0.000000e+00 9.914449e-01 1.305260e-01
    outer loop
      vertex   4.540000e+01 -9.165926e+00 -4.595759e+00
      vertex   4.540000e+01 -9.200000e+00 -4.336939e+00
      vertex   4.700000e+01 -9.165926e+00 -4.595759e+00
    endloop
  endfacet
  facet normal 0.000000e+00 9.914449e-01 1.305260e-01
    outer loop
      vertex   4.700000e+01 -9.165926e+00 -4.595759e+00
      vertex   4.540000e+01 -9.200000e+00 -4.336939e+00
      vertex   4.700000e+01 -9.200000e+00 -4.336939e+00
    endloop
  endfacet
  facet normal -0.000000e+00 9.238794e-01 3.826836e-01
    outer loop
      vertex   4.540000e+01 -9.066026e+00 -4.836939e+00
      vertex   4.540000e+01 -9.165926e+00 -4.595759e+00
      vertex   4.700000e+01 -9.066026e+00 -4.836939e+00
    endloop
  endfacet
  facet normal 0.000000e+00 9.238794e-01 3.826836e-01
    outer loop
      vertex   4.700000e+01 -9.066026e+00 -4.836939e+00
      vertex   4.540000e+01 -9.165926e+00 -4.595759e+00
      vertex   4.700000e+01 -9.165926e+00 -4.595759e+00
    endloop
  endfacet
  facet normal 0.000000e+00 7.933529e-01 6.087620e-01
    outer loop
      vertex   4.700000e+01 -8.907107e+00 -5.044046e+00
      vertex   4.540000e+01 -8.907107e+00 -5.044046e+00
      vertex   4.700000e+01 -9.066026e+00 -4.836939e+00
    endloop
  endfacet
  facet normal 0.000000e+00 7.933529e-01 6.087620e-01
    outer loop
      vertex   4.700000e+01 -9.066026e+00 -4.836939e+00
      vertex   4.540000e+01 -8.907107e+00 -5.044046e+00
      vertex   4.540000e+01 -9.066026e+00 -4.836939e+00
    endloop
  endfacet
  facet normal 0.000000e+00 6.087603e-01 7.933542e-01
    outer loop
      vertex   4.700000e+01 -8.700000e+00 -5.202964e+00
      vertex   4.540000e+01 -8.700000e+00 -5.202964e+00
      vertex   4.700000e+01 -8.907107e+00 -5.044046e+00
    endloop
  endfacet
  facet normal 0.000000e+00 6.087603e-01 7.933542e-01
    outer loop
      vertex   4.700000e+01 -8.907107e+00 -5.044046e+00
      vertex   4.540000e+01 -8.700000e+00 -5.202964e+00
      vertex   4.540000e+01 -8.907107e+00 -5.044046e+00
    endloop
  endfacet
  facet normal 0.000000e+00 3.826856e-01 9.238786e-01
    outer loop
      vertex   4.700000e+01 -8.458819e+00 -5.302865e+00
      vertex   4.540000e+01 -8.458819e+00 -5.302865e+00
      vertex   4.700000e+01 -8.700000e+00 -5.202964e+00
    endloop
  endfacet
  facet normal 0.000000e+00 3.826856e-01 9.238786e-01
    outer loop
      vertex   4.700000e+01 -8.700000e+00 -5.202964e+00
      vertex   4.540000e+01 -8.458819e+00 -5.302865e+00
      vertex   4.540000e+01 -8.700000e+00 -5.202964e+00
    endloop
  endfacet
  facet normal 0.000000e+00 1.305260e-01 9.914449e-01
    outer loop
      vertex   4.700000e+01 -8.200000e+00 -5.336940e+00
      vertex   4.540000e+01 -8.200000e+00 -5.336940e+00
      vertex   4.700000e+01 -8.458819e+00 -5.302865e+00
    endloop
  endfacet
  facet normal 0.000000e+00 1.305260e-01 9.914449e-01
    outer loop
      vertex   4.700000e+01 -8.458819e+00 -5.302865e+00
      vertex   4.540000e+01 -8.200000e+00 -5.336940e+00
      vertex   4.540000e+01 -8.458819e+00 -5.302865e+00
    endloop
  endfacet
  facet normal 0.000000e+00 1.000000e+00 0.000000e+00
    outer loop
      vertex   4.540000e+01 -9.200000e+00 -4.336939e+00
      vertex   4.540000e+01 -9.200000e+00 1.066306e+01
      vertex   4.700000e+01 -9.200000e+00 -4.336939e+00
    endloop
  endfacet
  facet normal 0.000000e+00 1.000000e+00 -0.000000e+00
    outer loop
      vertex   4.700000e+01 -9.200000e+00 -4.336939e+00
      vertex   4.540000e+01 -9.200000e+00 1.066306e+01
      vertex   4.700000e+01 -9.200000e+00 1.066306e+01
    endloop
  endfacet
  facet normal 1.000000e+00 0.000000e+00 -0.000000e+00
    outer loop
      vertex   4.500000e+01 -2.713542e+01 -4.690490e+00
      vertex   4.500000e+01 -2.713542e+01 1.101661e+01
      vertex   4.500000e+01 -2.717112e+01 -4.575525e+00
    endloop
  endfacet
  facet normal 1.000000e+00 0.000000e+00 0.000000e+00
    outer loop
      vertex   4.500000e+01 -2.717112e+01 -4.575525e+00
      vertex   4.500000e+01 -2.713542e+01 1.101661e+01
      vertex   4.500000e+01 -2.717112e+01 1.090165e+01
    endloop
  endfacet
  facet normal 1.000000e+00 0.000000e+00 -0.000000e+00
    outer loop
      vertex   4.500000e+01 -2.717112e+01 -4.575525e+00
      vertex   4.500000e+01 -2.717112e+01 1.090165e+01
      vertex   4.500000e+01 -2.719275e+01 1.078322e+01
    endloop
  endfacet
  facet normal 1.000000e+00 -0.000000e+00 0.000000e+00
    outer loop
      vertex   4.500000e+01 -2.720000e+01 1.066306e+01
      vertex   4.500000e+01 -2.720000e+01 -4.336939e+00
      vertex   4.500000e+01 -2.719275e+01 1.078322e+01
    endloop
  endfacet
  facet normal 1.000000e+00 0.000000e+00 0.000000e+00
    outer loop
      vertex   4.500000e+01 -2.719275e+01 1.078322e+01
      vertex   4.500000e+01 -2.720000e+01 -4.336939e+00
      vertex   4.500000e+01 -2.719275e+01 -4.457103e+00
    endloop
  endfacet
  facet normal 1.000000e+00 0.000000e+00 0.000000e+00
    outer loop
      vertex   4.500000e+01 -2.719275e+01 1.078322e+01
      vertex   4.500000e+01 -2.719275e+01 -4.457103e+00
      vertex   4.500000e+01 -2.717112e+01 -4.575525e+00
    endloop
  endfacet
  facet normal 0.000000e+00 -0.000000e+00 1.000000e+00
    outer loop
      vertex   4.695701e+01 -2.580192e+01 -5.336940e+00
      vertex   4.700000e+01 -2.500000e+01 -5.336940e+00
      vertex   4.690338e+01 -2.620000e+01 -5.336940e+00
    endloop
  endfacet
  facet normal 0.000000e+00 -0.000000e+00 1.000000e+00
    outer loop
      vertex   4.690338e+01 -2.620000e+01 -5.336940e+00
      vertex   4.700000e+01 -2.500000e+01 -5.336940e+00
      vertex   4.540000e+01 -2.500000e+01 -5.336940e+00
    endloop
  endfacet
  facet normal 0.000000e+00 0.000000e+00 1.000000e+00
    outer loop
      vertex   4.690338e+01 -2.620000e+01 -5.336940e+00
      vertex   4.540000e+01 -2.500000e+01 -5.336940e+00
      vertex   4.538625e+01 -2.540250e+01 -5.336940e+00
    endloop
  endfacet
  facet normal 0.000000e+00 0.000000e+00 1.000000e+00
    outer loop
      vertex   4.695701e+01 -2.580192e+01 -5.336940e+00
      vertex   4.698925e+01 -2.540154e+01 -5.336940e+00
      vertex   4.700000e+01 -2.500000e+01 -5.336940e+00
    endloop
  endfacet
  facet normal 0.000000e+00 0.000000e+00 1.000000e+00
    outer loop
      vertex   4.700000e+01 -1.200000e+01 -5.336940e+00
      vertex   4.540000e+01 -1.200000e+01 -5.336940e+00
      vertex   4.700000e+01 -2.500000e+01 -5.336940e+00
    endloop
  endfacet
  facet normal 0.000000e+00 0.000000e+00 1.000000e+00
    outer loop
      vertex   4.700000e+01 -2.500000e+01 -5.336940e+00
      vertex   4.540000e+01 -1.200000e+01 -5.336940e+00
      vertex   4.540000e+01 -2.500000e+01 -5.336940e+00
    endloop
  endfacet
  facet normal 0.000000e+00 0.000000e+00 1.000000e+00
    outer loop
      vertex   4.538625e+01 -2.540250e+01 -5.336940e+00
      vertex   4.534509e+01 -2.580312e+01 -5.336940e+00
      vertex   4.690338e+01 -2.620000e+01 -5.336940e+00
    endloop
  endfacet
  facet normal 0.000000e+00 0.000000e+00 1.000000e+00
    outer loop
      vertex   4.690338e+01 -2.620000e+01 -5.336940e+00
      vertex   4.534509e+01 -2.580312e+01 -5.336940e+00
      vertex   4.527668e+01 -2.620000e+01 -5.336940e+00
    endloop
  endfacet
  facet normal 0.000000e+00 7.568880e-02 9.971315e-01
    outer loop
      vertex   4.524392e+01 -2.634781e+01 -5.325720e+00
      vertex   4.690338e+01 -2.620000e+01 -5.336940e+00
      vertex   4.527668e+01 -2.620000e+01 -5.336940e+00
    endloop
  endfacet
  facet normal -2.005492e-03 9.805693e-02 9.951788e-01
    outer loop
      vertex   4.524392e+01 -2.634781e+01 -5.325720e+00
      vertex   4.686967e+01 -2.639174e+01 -5.318115e+00
      vertex   4.690338e+01 -2.620000e+01 -5.336940e+00
    endloop
  endfacet
  facet normal 1.426686e-03 2.215825e-01 9.751406e-01
    outer loop
      vertex   4.520718e+01 -2.649588e+01 -5.292020e+00
      vertex   4.686967e+01 -2.639174e+01 -5.318115e+00
      vertex   4.524392e+01 -2.634781e+01 -5.325720e+00
    endloop
  endfacet
  facet normal -2.954337e-03 2.871984e-01 9.578666e-01
    outer loop
      vertex   4.520718e+01 -2.649588e+01 -5.292020e+00
      vertex   4.683142e+01 -2.658123e+01 -5.261417e+00
      vertex   4.686967e+01 -2.639174e+01 -5.318115e+00
    endloop
  endfacet
  facet normal 1.769777e-03 3.671566e-01 9.301575e-01
    outer loop
      vertex   4.516804e+01 -2.663807e+01 -5.235820e+00
      vertex   4.683142e+01 -2.658123e+01 -5.261417e+00
      vertex   4.520718e+01 -2.649588e+01 -5.292020e+00
    endloop
  endfacet
  facet normal -2.573928e-03 4.723358e-01 8.814149e-01
    outer loop
      vertex   4.516804e+01 -2.663807e+01 -5.235820e+00
      vertex   4.679163e+01 -2.675550e+01 -5.168151e+00
      vertex   4.683142e+01 -2.658123e+01 -5.261417e+00
    endloop
  endfacet
  facet normal 6.546622e-04 5.060705e-01 8.624919e-01
    outer loop
      vertex   4.512849e+01 -2.676910e+01 -5.158906e+00
      vertex   4.679163e+01 -2.675550e+01 -5.168151e+00
      vertex   4.516804e+01 -2.663807e+01 -5.235820e+00
    endloop
  endfacet
  facet normal -8.090585e-04 6.278335e-01 7.783472e-01
    outer loop
      vertex   4.509082e+01 -2.688484e+01 -5.065582e+00
      vertex   4.679163e+01 -2.675550e+01 -5.168151e+00
      vertex   4.512849e+01 -2.676910e+01 -5.158906e+00
    endloop
  endfacet
  facet normal -1.360878e-03 6.322484e-01 7.747645e-01
    outer loop
      vertex   4.509082e+01 -2.688484e+01 -5.065582e+00
      vertex   4.675413e+01 -2.690462e+01 -5.046524e+00
      vertex   4.679163e+01 -2.675550e+01 -5.168151e+00
    endloop
  endfacet
  facet normal 1.017626e-03 7.370101e-01 6.758810e-01
    outer loop
      vertex   4.505638e+01 -2.698404e+01 -4.957362e+00
      vertex   4.675413e+01 -2.690462e+01 -5.046524e+00
      vertex   4.509082e+01 -2.688484e+01 -5.065582e+00
    endloop
  endfacet
  facet normal -2.601998e-03 7.708069e-01 6.370636e-01
    outer loop
      vertex   4.505638e+01 -2.698404e+01 -4.957362e+00
      vertex   4.672079e+01 -2.702732e+01 -4.898195e+00
      vertex   4.675413e+01 -2.690462e+01 -5.046524e+00
    endloop
  endfacet
  facet normal 1.682071e-03 8.290568e-01 5.591619e-01
    outer loop
      vertex   4.502523e+01 -2.706921e+01 -4.830988e+00
      vertex   4.672079e+01 -2.702732e+01 -4.898195e+00
      vertex   4.505638e+01 -2.698404e+01 -4.957362e+00
    endloop
  endfacet
  facet normal -2.809951e-03 8.789404e-01 4.769234e-01
    outer loop
      vertex   4.502523e+01 -2.706921e+01 -4.830988e+00
      vertex   4.669341e+01 -2.712248e+01 -4.722996e+00
      vertex   4.672079e+01 -2.702732e+01 -4.898195e+00
    endloop
  endfacet
  facet normal 1.273626e-03 9.045080e-01 4.264547e-01
    outer loop
      vertex   4.500000e+01 -2.713542e+01 -4.690490e+00
      vertex   4.669341e+01 -2.712248e+01 -4.722996e+00
      vertex   4.502523e+01 -2.706921e+01 -4.830988e+00
    endloop
  endfacet
  facet normal -1.604814e-03 9.549994e-01 2.966035e-01
    outer loop
      vertex   4.500000e+01 -2.717112e+01 -4.575525e+00
      vertex   4.669341e+01 -2.712248e+01 -4.722996e+00
      vertex   4.500000e+01 -2.713542e+01 -4.690490e+00
    endloop
  endfacet
  facet normal -2.217304e-03 9.569585e-01 2.902165e-01
    outer loop
      vertex   4.500000e+01 -2.717112e+01 -4.575525e+00
      vertex   4.667601e+01 -2.718065e+01 -4.531298e+00
      vertex   4.669341e+01 -2.712248e+01 -4.722996e+00
    endloop
  endfacet
  facet normal 8.514457e-04 9.837223e-01 1.796931e-01
    outer loop
      vertex   4.500000e+01 -2.719275e+01 -4.457103e+00
      vertex   4.667601e+01 -2.718065e+01 -4.531298e+00
      vertex   4.500000e+01 -2.717112e+01 -4.575525e+00
    endloop
  endfacet
  facet normal -2.804007e-03 9.950863e-01 9.897171e-02
    outer loop
      vertex   4.500000e+01 -2.719275e+01 -4.457103e+00
      vertex   4.667008e+01 -2.720000e+01 -4.336939e+00
      vertex   4.667601e+01 -2.718065e+01 -4.531298e+00
    endloop
  endfacet
  facet normal -0.000000e+00 9.981871e-01 6.018771e-02
    outer loop
      vertex   4.500000e+01 -2.720000e+01 -4.336939e+00
      vertex   4.667008e+01 -2.720000e+01 -4.336939e+00
      vertex   4.500000e+01 -2.719275e+01 -4.457103e+00
    endloop
  endfacet
  facet normal 0.000000e+00 1.000000e+00 0.000000e+00
    outer loop
      vertex   4.667008e+01 -2.720000e+01 1.066306e+01
      vertex   4.667008e+01 -2.720000e+01 -4.336939e+00
      vertex   4.500000e+01 -2.720000e+01 1.066306e+01
    endloop
  endfacet
  facet normal 0.000000e+00 1.000000e+00 0.000000e+00
    outer loop
      vertex   4.500000e+01 -2.720000e+01 1.066306e+01
      vertex   4.667008e+01 -2.720000e+01 -4.336939e+00
      vertex   4.500000e+01 -2.720000e+01 -4.336939e+00
    endloop
  endfacet
  facet normal 0.000000e+00 0.000000e+00 -1.000000e+00
    outer loop
      vertex   4.540000e+01 -1.200000e+01 1.166306e+01
      vertex   4.700000e+01 -1.200000e+01 1.166306e+01
      vertex   4.540000e+01 -2.500000e+01 1.166306e+01
    endloop
  endfacet
  facet normal 0.000000e+00 0.000000e+00 -1.000000e+00
    outer loop
      vertex   4.540000e+01 -2.500000e+01 1.166306e+01
      vertex   4.700000e+01 -1.200000e+01 1.166306e+01
      vertex   4.700000e+01 -2.500000e+01 1.166306e+01
    endloop
  endfacet
  facet normal 0.000000e+00 0.000000e+00 -1.000000e+00
    outer loop
      vertex   4.540000e+01 -2.500000e+01 1.166306e+01
      vertex   4.700000e+01 -2.500000e+01 1.166306e+01
      vertex   4.690338e+01 -2.620000e+01 1.166306e+01
    endloop
  endfacet
  facet normal 0.000000e+00 0.000000e+00 -1.000000e+00
    outer loop
      vertex   4.690338e+01 -2.620000e+01 1.166306e+01
      vertex   4.700000e+01 -2.500000e+01 1.166306e+01
      vertex   4.695701e+01 -2.580192e+01 1.166306e+01
    endloop
  endfacet
  facet normal 0.000000e+00 0.000000e+00 -1.000000e+00
    outer loop
      vertex   4.695701e+01 -2.580192e+01 1.166306e+01
      vertex   4.700000e+01 -2.500000e+01 1.166306e+01
      vertex   4.698925e+01 -2.540154e+01 1.166306e+01
    endloop
  endfacet
  facet normal 0.000000e+00 0.000000e+00 -1.000000e+00
    outer loop
      vertex   4.527668e+01 -2.620000e+01 1.166306e+01
      vertex   4.534509e+01 -2.580312e+01 1.166306e+01
      vertex   4.690338e+01 -2.620000e+01 1.166306e+01
    endloop
  endfacet
  facet normal 0.000000e+00 0.000000e+00 -1.000000e+00
    outer loop
      vertex   4.690338e+01 -2.620000e+01 1.166306e+01
      vertex   4.534509e+01 -2.580312e+01 1.166306e+01
      vertex   4.538625e+01 -2.540250e+01 1.166306e+01
    endloop
  endfacet
  facet normal 0.000000e+00 0.000000e+00 -1.000000e+00
    outer loop
      vertex   4.690338e+01 -2.620000e+01 1.166306e+01
      vertex   4.538625e+01 -2.540250e+01 1.166306e+01
      vertex   4.540000e+01 -2.500000e+01 1.166306e+01
    endloop
  endfacet
  facet normal 0.000000e+00 9.981870e-01 -6.018949e-02
    outer loop
      vertex   4.500000e+01 -2.719275e+01 1.078322e+01
      vertex   4.667008e+01 -2.720000e+01 1.066306e+01
      vertex   4.500000e+01 -2.720000e+01 1.066306e+01
    endloop
  endfacet
  facet normal -2.803774e-03 9.950863e-01 -9.897142e-02
    outer loop
      vertex   4.500000e+01 -2.719275e+01 1.078322e+01
      vertex   4.667601e+01 -2.718065e+01 1.085742e+01
      vertex   4.667008e+01 -2.720000e+01 1.066306e+01
    endloop
  endfacet
  facet normal 8.516936e-04 9.837231e-01 -1.796888e-01
    outer loop
      vertex   4.500000e+01 -2.717112e+01 1.090165e+01
      vertex   4.667601e+01 -2.718065e+01 1.085742e+01
      vertex   4.500000e+01 -2.719275e+01 1.078322e+01
    endloop
  endfacet
  facet normal -2.217098e-03 9.569584e-01 -2.902165e-01
    outer loop
      vertex   4.500000e+01 -2.717112e+01 1.090165e+01
      vertex   4.669341e+01 -2.712248e+01 1.104912e+01
      vertex   4.667601e+01 -2.718065e+01 1.085742e+01
    endloop
  endfacet
  facet normal -1.604336e-03 9.549985e-01 -2.966063e-01
    outer loop
      vertex   4.500000e+01 -2.713542e+01 1.101661e+01
      vertex   4.669341e+01 -2.712248e+01 1.104912e+01
      vertex   4.500000e+01 -2.717112e+01 1.090165e+01
    endloop
  endfacet
  facet normal 1.274161e-03 9.045094e-01 -4.264518e-01
    outer loop
      vertex   4.502523e+01 -2.706921e+01 1.115711e+01
      vertex   4.669341e+01 -2.712248e+01 1.104912e+01
      vertex   4.500000e+01 -2.713542e+01 1.101661e+01
    endloop
  endfacet
  facet normal -2.809614e-03 8.789403e-01 -4.769235e-01
    outer loop
      vertex   4.502523e+01 -2.706921e+01 1.115711e+01
      vertex   4.672079e+01 -2.702732e+01 1.122432e+01
      vertex   4.669341e+01 -2.712248e+01 1.104912e+01
    endloop
  endfacet
  facet normal 1.682468e-03 8.290568e-01 -5.591619e-01
    outer loop
      vertex   4.505638e+01 -2.698404e+01 1.128348e+01
      vertex   4.672079e+01 -2.702732e+01 1.122432e+01
      vertex   4.502523e+01 -2.706921e+01 1.115711e+01
    endloop
  endfacet
  facet normal -2.601718e-03 7.708043e-01 -6.370667e-01
    outer loop
      vertex   4.505638e+01 -2.698404e+01 1.128348e+01
      vertex   4.675413e+01 -2.690462e+01 1.137265e+01
      vertex   4.672079e+01 -2.702732e+01 1.122432e+01
    endloop
  endfacet
  facet normal 1.017430e-03 7.370120e-01 -6.758789e-01
    outer loop
      vertex   4.509082e+01 -2.688484e+01 1.139170e+01
      vertex   4.675413e+01 -2.690462e+01 1.137265e+01
      vertex   4.505638e+01 -2.698404e+01 1.128348e+01
    endloop
  endfacet
  facet normal -1.452169e-03 6.279526e-01 -7.782503e-01
    outer loop
      vertex   4.512849e+01 -2.676910e+01 1.148503e+01
      vertex   4.675413e+01 -2.690462e+01 1.137265e+01
      vertex   4.509082e+01 -2.688484e+01 1.139170e+01
    endloop
  endfacet
  facet normal -8.635767e-04 6.321737e-01 -7.748262e-01
    outer loop
      vertex   4.512849e+01 -2.676910e+01 1.148503e+01
      vertex   4.679163e+01 -2.675550e+01 1.149427e+01
      vertex   4.675413e+01 -2.690462e+01 1.137265e+01
    endloop
  endfacet
  facet normal 6.552820e-04 5.060704e-01 -8.624920e-01
    outer loop
      vertex   4.516804e+01 -2.663807e+01 1.156194e+01
      vertex   4.679163e+01 -2.675550e+01 1.149427e+01
      vertex   4.512849e+01 -2.676910e+01 1.148503e+01
    endloop
  endfacet
  facet normal -2.573291e-03 4.723357e-01 -8.814150e-01
    outer loop
      vertex   4.516804e+01 -2.663807e+01 1.156194e+01
      vertex   4.683142e+01 -2.658123e+01 1.158754e+01
      vertex   4.679163e+01 -2.675550e+01 1.149427e+01
    endloop
  endfacet
  facet normal 1.770039e-03 3.671666e-01 -9.301535e-01
    outer loop
      vertex   4.520718e+01 -2.649588e+01 1.161814e+01
      vertex   4.683142e+01 -2.658123e+01 1.158754e+01
      vertex   4.516804e+01 -2.663807e+01 1.156194e+01
    endloop
  endfacet
  facet normal -2.955004e-03 2.871930e-01 -9.578682e-01
    outer loop
      vertex   4.520718e+01 -2.649588e+01 1.161814e+01
      vertex   4.686967e+01 -2.639174e+01 1.164424e+01
      vertex   4.683142e+01 -2.658123e+01 1.158754e+01
    endloop
  endfacet
  facet normal 1.426374e-03 2.215714e-01 -9.751431e-01
    outer loop
      vertex   4.524392e+01 -2.634781e+01 1.165184e+01
      vertex   4.686967e+01 -2.639174e+01 1.164424e+01
      vertex   4.520718e+01 -2.649588e+01 1.161814e+01
    endloop
  endfacet
  facet normal -2.005408e-03 9.805998e-02 -9.951785e-01
    outer loop
      vertex   4.524392e+01 -2.634781e+01 1.165184e+01
      vertex   4.690338e+01 -2.620000e+01 1.166306e+01
      vertex   4.686967e+01 -2.639174e+01 1.164424e+01
    endloop
  endfacet
  facet normal 0.000000e+00 7.569280e-02 -9.971312e-01
    outer loop
      vertex   4.527668e+01 -2.620000e+01 1.166306e+01
      vertex   4.690338e+01 -2.620000e+01 1.166306e+01
      vertex   4.524392e+01 -2.634781e+01 1.165184e+01
    endloop
  endfacet
  facet normal 0.000000e+00 -9.914445e-01 -1.305292e-01
    outer loop
      vertex   4.540000e+01 -1.103408e+01 1.092188e+01
      vertex   4.540000e+01 -1.100000e+01 1.066306e+01
      vertex   4.700000e+01 -1.103408e+01 1.092188e+01
    endloop
  endfacet
  facet normal 0.000000e+00 -9.914445e-01 -1.305292e-01
    outer loop
      vertex   4.700000e+01 -1.103408e+01 1.092188e+01
      vertex   4.540000e+01 -1.100000e+01 1.066306e+01
      vertex   4.700000e+01 -1.100000e+01 1.066306e+01
    endloop
  endfacet
  facet normal 0.000000e+00 -9.238809e-01 -3.826801e-01
    outer loop
      vertex   4.540000e+01 -1.113397e+01 1.116306e+01
      vertex   4.540000e+01 -1.103408e+01 1.092188e+01
      vertex   4.700000e+01 -1.113397e+01 1.116306e+01
    endloop
  endfacet
  facet normal 0.000000e+00 -9.238809e-01 -3.826801e-01
    outer loop
      vertex   4.700000e+01 -1.113397e+01 1.116306e+01
      vertex   4.540000e+01 -1.103408e+01 1.092188e+01
      vertex   4.700000e+01 -1.103408e+01 1.092188e+01
    endloop
  endfacet
  facet normal -0.000000e+00 -7.933529e-01 -6.087620e-01
    outer loop
      vertex   4.700000e+01 -1.129289e+01 1.137017e+01
      vertex   4.540000e+01 -1.129289e+01 1.137017e+01
      vertex   4.700000e+01 -1.113397e+01 1.116306e+01
    endloop
  endfacet
  facet normal -0.000000e+00 -7.933529e-01 -6.087620e-01
    outer loop
      vertex   4.700000e+01 -1.113397e+01 1.116306e+01
      vertex   4.540000e+01 -1.129289e+01 1.137017e+01
      vertex   4.540000e+01 -1.113397e+01 1.116306e+01
    endloop
  endfacet
  facet normal -0.000000e+00 -6.087614e-01 -7.933534e-01
    outer loop
      vertex   4.700000e+01 -1.150000e+01 1.152909e+01
      vertex   4.540000e+01 -1.150000e+01 1.152909e+01
      vertex   4.700000e+01 -1.129289e+01 1.137017e+01
    endloop
  endfacet
  facet normal -0.000000e+00 -6.087614e-01 -7.933534e-01
    outer loop
      vertex   4.700000e+01 -1.129289e+01 1.137017e+01
      vertex   4.540000e+01 -1.150000e+01 1.152909e+01
      vertex   4.540000e+01 -1.129289e+01 1.137017e+01
    endloop
  endfacet
  facet normal -0.000000e+00 -3.826801e-01 -9.238809e-01
    outer loop
      vertex   4.700000e+01 -1.174118e+01 1.162899e+01
      vertex   4.540000e+01 -1.174118e+01 1.162899e+01
      vertex   4.700000e+01 -1.150000e+01 1.152909e+01
    endloop
  endfacet
  facet normal -0.000000e+00 -3.826801e-01 -9.238809e-01
    outer loop
      vertex   4.700000e+01 -1.150000e+01 1.152909e+01
      vertex   4.540000e+01 -1.174118e+01 1.162899e+01
      vertex   4.540000e+01 -1.150000e+01 1.152909e+01
    endloop
  endfacet
  facet normal -0.000000e+00 -1.305286e-01 -9.914445e-01
    outer loop
      vertex   4.700000e+01 -1.200000e+01 1.166306e+01
      vertex   4.540000e+01 -1.200000e+01 1.166306e+01
      vertex   4.700000e+01 -1.174118e+01 1.162899e+01
    endloop
  endfacet
  facet normal -0.000000e+00 -1.305286e-01 -9.914445e-01
    outer loop
      vertex   4.700000e+01 -1.174118e+01 1.162899e+01
      vertex   4.540000e+01 -1.200000e+01 1.166306e+01
      vertex   4.540000e+01 -1.174118e+01 1.162899e+01
    endloop
  endfacet
  facet normal 0.000000e+00 -1.000000e+00 0.000000e+00
    outer loop
      vertex   4.540000e+01 -1.100000e+01 1.066306e+01
      vertex   4.540000e+01 -1.100000e+01 -4.336939e+00
      vertex   4.700000e+01 -1.100000e+01 1.066306e+01
    endloop
  endfacet
  facet normal 0.000000e+00 -1.000000e+00 -0.000000e+00
    outer loop
      vertex   4.700000e+01 -1.100000e+01 1.066306e+01
      vertex   4.540000e+01 -1.100000e+01 -4.336939e+00
      vertex   4.700000e+01 -1.100000e+01 -4.336939e+00
    endloop
  endfacet
  facet normal 0.000000e+00 -1.305263e-01 9.914448e-01
    outer loop
      vertex   4.700000e+01 -1.174118e+01 -5.302865e+00
      vertex   4.540000e+01 -1.174118e+01 -5.302865e+00
      vertex   4.700000e+01 -1.200000e+01 -5.336940e+00
    endloop
  endfacet
  facet normal 0.000000e+00 -1.305263e-01 9.914448e-01
    outer loop
      vertex   4.700000e+01 -1.200000e+01 -5.336940e+00
      vertex   4.540000e+01 -1.174118e+01 -5.302865e+00
      vertex   4.540000e+01 -1.200000e+01 -5.336940e+00
    endloop
  endfacet
  facet normal 0.000000e+00 -3.826840e-01 9.238793e-01
    outer loop
      vertex   4.700000e+01 -1.150000e+01 -5.202964e+00
      vertex   4.540000e+01 -1.150000e+01 -5.202964e+00
      vertex   4.700000e+01 -1.174118e+01 -5.302865e+00
    endloop
  endfacet
  facet normal 0.000000e+00 -3.826840e-01 9.238793e-01
    outer loop
      vertex   4.700000e+01 -1.174118e+01 -5.302865e+00
      vertex   4.540000e+01 -1.150000e+01 -5.202964e+00
      vertex   4.540000e+01 -1.174118e+01 -5.302865e+00
    endloop
  endfacet
  facet normal 0.000000e+00 -6.087614e-01 7.933534e-01
    outer loop
      vertex   4.700000e+01 -1.129289e+01 -5.044046e+00
      vertex   4.540000e+01 -1.129289e+01 -5.044046e+00
      vertex   4.700000e+01 -1.150000e+01 -5.202964e+00
    endloop
  endfacet
  facet normal 0.000000e+00 -6.087614e-01 7.933534e-01
    outer loop
      vertex   4.700000e+01 -1.150000e+01 -5.202964e+00
      vertex   4.540000e+01 -1.129289e+01 -5.044046e+00
      vertex   4.540000e+01 -1.150000e+01 -5.202964e+00
    endloop
  endfacet
  facet normal 0.000000e+00 -7.933529e-01 6.087620e-01
    outer loop
      vertex   4.700000e+01 -1.113397e+01 -4.836939e+00
      vertex   4.540000e+01 -1.113397e+01 -4.836939e+00
      vertex   4.700000e+01 -1.129289e+01 -5.044046e+00
    endloop
  endfacet
  facet normal 0.000000e+00 -7.933529e-01 6.087620e-01
    outer loop
      vertex   4.700000e+01 -1.129289e+01 -5.044046e+00
      vertex   4.540000e+01 -1.113397e+01 -4.836939e+00
      vertex   4.540000e+01 -1.129289e+01 -5.044046e+00
    endloop
  endfacet
  facet normal 0.000000e+00 -9.238803e-01 3.826817e-01
    outer loop
      vertex   4.540000e+01 -1.103408e+01 -4.595759e+00
      vertex   4.540000e+01 -1.113397e+01 -4.836939e+00
      vertex   4.700000e+01 -1.103408e+01 -4.595759e+00
    endloop
  endfacet
  facet normal 0.000000e+00 -9.238803e-01 3.826817e-01
    outer loop
      vertex   4.700000e+01 -1.103408e+01 -4.595759e+00
      vertex   4.540000e+01 -1.113397e+01 -4.836939e+00
      vertex   4.700000e+01 -1.113397e+01 -4.836939e+00
    endloop
  endfacet
  facet normal 0.000000e+00 -9.914446e-01 1.305283e-01
    outer loop
      vertex   4.540000e+01 -1.100000e+01 -4.336939e+00
      vertex   4.540000e+01 -1.103408e+01 -4.595759e+00
      vertex   4.700000e+01 -1.100000e+01 -4.336939e+00
    endloop
  endfacet
  facet normal 0.000000e+00 -9.914446e-01 1.305283e-01
    outer loop
      vertex   4.700000e+01 -1.100000e+01 -4.336939e+00
      vertex   4.540000e+01 -1.103408e+01 -4.595759e+00
      vertex   4.700000e+01 -1.103408e+01 -4.595759e+00
    endloop
  endfacet
  facet normal 9.541395e-01 0.000000e+00 -2.993622e-01
    outer loop
      vertex   8.283647e+00 -3.250000e+01 -4.066937e-01
      vertex   8.071645e+00 -3.250000e+01 -1.082395e+00
      vertex   8.283647e+00 -3.090000e+01 -4.066937e-01
    endloop
  endfacet
  facet normal 9.541395e-01 0.000000e+00 -2.993622e-01
    outer loop
      vertex   8.283647e+00 -3.090000e+01 -4.066937e-01
      vertex   8.071645e+00 -3.250000e+01 -1.082395e+00
      vertex   8.071645e+00 -3.090000e+01 -1.082395e+00
    endloop
  endfacet
  facet normal 8.743459e-01 0.000000e+00 -4.853033e-01
    outer loop
      vertex   8.627328e+00 -3.250000e+01 2.124996e-01
      vertex   8.283647e+00 -3.250000e+01 -4.066937e-01
      vertex   8.627328e+00 -3.090000e+01 2.124996e-01
    endloop
  endfacet
  facet normal 8.743459e-01 0.000000e+00 -4.853033e-01
    outer loop
      vertex   8.627328e+00 -3.090000e+01 2.124996e-01
      vertex   8.283647e+00 -3.250000e+01 -4.066937e-01
      vertex   8.283647e+00 -3.090000e+01 -4.066937e-01
    endloop
  endfacet
  facet normal 7.587583e-01 0.000000e+00 -6.513723e-01
    outer loop
      vertex   9.088616e+00 -3.250000e+01 7.498355e-01
      vertex   8.627328e+00 -3.250000e+01 2.124996e-01
      vertex   9.088616e+00 -3.090000e+01 7.498355e-01
    endloop
  endfacet
  facet normal 7.587583e-01 0.000000e+00 -6.513723e-01
    outer loop
      vertex   9.088616e+00 -3.090000e+01 7.498355e-01
      vertex   8.627328e+00 -3.250000e+01 2.124996e-01
      vertex   8.627328e+00 -3.090000e+01 2.124996e-01
    endloop
  endfacet
  facet normal 6.121070e-01 0.000000e+00 -7.907750e-01
    outer loop
      vertex   9.648625e+00 -3.250000e+01 1.183316e+00
      vertex   9.088616e+00 -3.250000e+01 7.498355e-01
      vertex   9.648625e+00 -3.090000e+01 1.183316e+00
    endloop
  endfacet
  facet normal 6.121070e-01 0.000000e+00 -7.907750e-01
    outer loop
      vertex   9.648625e+00 -3.090000e+01 1.183316e+00
      vertex   9.088616e+00 -3.250000e+01 7.498355e-01
      vertex   9.088616e+00 -3.090000e+01 7.498355e-01
    endloop
  endfacet
  facet normal 4.403923e-01 0.000000e+00 -8.978055e-01
    outer loop
      vertex   1.028443e+01 -3.250000e+01 1.495193e+00
      vertex   9.648625e+00 -3.250000e+01 1.183316e+00
      vertex   1.028443e+01 -3.090000e+01 1.495193e+00
    endloop
  endfacet
  facet normal 4.403923e-01 0.000000e+00 -8.978055e-01
    outer loop
      vertex   1.028443e+01 -3.090000e+01 1.495193e+00
      vertex   9.648625e+00 -3.250000e+01 1.183316e+00
      vertex   9.648625e+00 -3.090000e+01 1.183316e+00
    endloop
  endfacet
  facet normal 2.506522e-01 0.000000e+00 -9.680772e-01
    outer loop
      vertex   1.097000e+01 -3.250000e+01 1.672699e+00
      vertex   1.028443e+01 -3.250000e+01 1.495193e+00
      vertex   1.097000e+01 -3.090000e+01 1.672699e+00
    endloop
  endfacet
  facet normal 2.506522e-01 0.000000e+00 -9.680772e-01
    outer loop
      vertex   1.097000e+01 -3.090000e+01 1.672699e+00
      vertex   1.028443e+01 -3.250000e+01 1.495193e+00
      vertex   1.028443e+01 -3.090000e+01 1.495193e+00
    endloop
  endfacet
  facet normal 5.064947e-02 0.000000e+00 -9.987165e-01
    outer loop
      vertex   1.167727e+01 -3.250000e+01 1.708568e+00
      vertex   1.097000e+01 -3.250000e+01 1.672699e+00
      vertex   1.167727e+01 -3.090000e+01 1.708568e+00
    endloop
  endfacet
  facet normal 5.064947e-02 0.000000e+00 -9.987165e-01
    outer loop
      vertex   1.167727e+01 -3.090000e+01 1.708568e+00
      vertex   1.097000e+01 -3.250000e+01 1.672699e+00
      vertex   1.097000e+01 -3.090000e+01 1.672699e+00
    endloop
  endfacet
  facet normal -1.514266e-01 0.000000e+00 -9.884685e-01
    outer loop
      vertex   1.237728e+01 -3.250000e+01 1.601331e+00
      vertex   1.167727e+01 -3.250000e+01 1.708568e+00
      vertex   1.237728e+01 -3.090000e+01 1.601331e+00
    endloop
  endfacet
  facet normal -1.514266e-01 0.000000e+00 -9.884685e-01
    outer loop
      vertex   1.237728e+01 -3.090000e+01 1.601331e+00
      vertex   1.167727e+01 -3.250000e+01 1.708568e+00
      vertex   1.167727e+01 -3.090000e+01 1.708568e+00
    endloop
  endfacet
  facet normal -3.473054e-01 0.000000e+00 -9.377521e-01
    outer loop
      vertex   1.304138e+01 -3.250000e+01 1.355377e+00
      vertex   1.237728e+01 -3.250000e+01 1.601331e+00
      vertex   1.304138e+01 -3.090000e+01 1.355377e+00
    endloop
  endfacet
  facet normal -3.473054e-01 0.000000e+00 -9.377521e-01
    outer loop
      vertex   1.304138e+01 -3.090000e+01 1.355377e+00
      vertex   1.237728e+01 -3.250000e+01 1.601331e+00
      vertex   1.237728e+01 -3.090000e+01 1.601331e+00
    endloop
  endfacet
  facet normal -5.289654e-01 0.000000e+00 -8.486434e-01
    outer loop
      vertex   1.364237e+01 -3.250000e+01 9.807749e-01
      vertex   1.304138e+01 -3.250000e+01 1.355377e+00
      vertex   1.364237e+01 -3.090000e+01 9.807749e-01
    endloop
  endfacet
  facet normal -5.289654e-01 0.000000e+00 -8.486434e-01
    outer loop
      vertex   1.364237e+01 -3.090000e+01 9.807749e-01
      vertex   1.304138e+01 -3.250000e+01 1.355377e+00
      vertex   1.304138e+01 -3.090000e+01 1.355377e+00
    endloop
  endfacet
  facet normal -6.889659e-01 0.000000e+00 -7.247938e-01
    outer loop
      vertex   1.415565e+01 -3.250000e+01 4.928644e-01
      vertex   1.364237e+01 -3.250000e+01 9.807749e-01
      vertex   1.415565e+01 -3.090000e+01 4.928644e-01
    endloop
  endfacet
  facet normal -6.889659e-01 0.000000e+00 -7.247938e-01
    outer loop
      vertex   1.415565e+01 -3.090000e+01 4.928644e-01
      vertex   1.364237e+01 -3.250000e+01 9.807749e-01
      vertex   1.364237e+01 -3.090000e+01 9.807749e-01
    endloop
  endfacet
  facet normal -8.207636e-01 0.000000e+00 -5.712680e-01
    outer loop
      vertex   1.456021e+01 -3.250000e+01 -8.838221e-02
      vertex   1.415565e+01 -3.250000e+01 4.928644e-01
      vertex   1.456021e+01 -3.090000e+01 -8.838221e-02
    endloop
  endfacet
  facet normal -8.207636e-01 0.000000e+00 -5.712680e-01
    outer loop
      vertex   1.456021e+01 -3.090000e+01 -8.838221e-02
      vertex   1.415565e+01 -3.250000e+01 4.928644e-01
      vertex   1.415565e+01 -3.090000e+01 4.928644e-01
    endloop
  endfacet
  facet normal -9.189580e-01 0.000000e+00 -3.943554e-01
    outer loop
      vertex   1.483949e+01 -3.250000e+01 -7.391684e-01
      vertex   1.456021e+01 -3.250000e+01 -8.838221e-02
      vertex   1.483949e+01 -3.090000e+01 -7.391684e-01
    endloop
  endfacet
  facet normal -9.189580e-01 0.000000e+00 -3.943554e-01
    outer loop
      vertex   1.483949e+01 -3.090000e+01 -7.391684e-01
      vertex   1.456021e+01 -3.250000e+01 -8.838221e-02
      vertex   1.456021e+01 -3.090000e+01 -8.838221e-02
    endloop
  endfacet
  facet normal -9.795300e-01 0.000000e+00 -2.012983e-01
    outer loop
      vertex   1.498204e+01 -3.250000e+01 -1.432851e+00
      vertex   1.483949e+01 -3.250000e+01 -7.391684e-01
      vertex   1.498204e+01 -3.090000e+01 -1.432851e+00
    endloop
  endfacet
  facet normal -9.795300e-01 0.000000e+00 -2.012983e-01
    outer loop
      vertex   1.498204e+01 -3.090000e+01 -1.432851e+00
      vertex   1.483949e+01 -3.250000e+01 -7.391684e-01
      vertex   1.483949e+01 -3.090000e+01 -7.391684e-01
    endloop
  endfacet
  facet normal -1.000000e+00 0.000000e+00 0.000000e+00
    outer loop
      vertex   1.498204e+01 -3.250000e+01 -2.141029e+00
      vertex   1.498204e+01 -3.250000e+01 -1.432851e+00
      vertex   1.498204e+01 -3.090000e+01 -2.141029e+00
    endloop
  endfacet
  facet normal -1.000000e+00 0.000000e+00 0.000000e+00
    outer loop
      vertex   1.498204e+01 -3.090000e+01 -2.141029e+00
      vertex   1.498204e+01 -3.250000e+01 -1.432851e+00
      vertex   1.498204e+01 -3.090000e+01 -1.432851e+00
    endloop
  endfacet
  facet normal -9.795299e-01 0.000000e+00 2.012985e-01
    outer loop
      vertex   1.483949e+01 -3.250000e+01 -2.834711e+00
      vertex   1.498204e+01 -3.250000e+01 -2.141029e+00
      vertex   1.483949e+01 -3.090000e+01 -2.834711e+00
    endloop
  endfacet
  facet normal -9.795299e-01 0.000000e+00 2.012985e-01
    outer loop
      vertex   1.483949e+01 -3.090000e+01 -2.834711e+00
      vertex   1.498204e+01 -3.250000e+01 -2.141029e+00
      vertex   1.498204e+01 -3.090000e+01 -2.141029e+00
    endloop
  endfacet
  facet normal -9.189577e-01 0.000000e+00 3.943560e-01
    outer loop
      vertex   1.456021e+01 -3.250000e+01 -3.485496e+00
      vertex   1.483949e+01 -3.250000e+01 -2.834711e+00
      vertex   1.456021e+01 -3.090000e+01 -3.485496e+00
    endloop
  endfacet
  facet normal -9.189577e-01 0.000000e+00 3.943560e-01
    outer loop
      vertex   1.456021e+01 -3.090000e+01 -3.485496e+00
      vertex   1.483949e+01 -3.250000e+01 -2.834711e+00
      vertex   1.483949e+01 -3.090000e+01 -2.834711e+00
    endloop
  endfacet
  facet normal -8.207641e-01 0.000000e+00 5.712672e-01
    outer loop
      vertex   1.415565e+01 -3.250000e+01 -4.066744e+00
      vertex   1.456021e+01 -3.250000e+01 -3.485496e+00
      vertex   1.415565e+01 -3.090000e+01 -4.066744e+00
    endloop
  endfacet
  facet normal -8.207641e-01 0.000000e+00 5.712672e-01
    outer loop
      vertex   1.415565e+01 -3.090000e+01 -4.066744e+00
      vertex   1.456021e+01 -3.250000e+01 -3.485496e+00
      vertex   1.456021e+01 -3.090000e+01 -3.485496e+00
    endloop
  endfacet
  facet normal -6.889668e-01 0.000000e+00 7.247929e-01
    outer loop
      vertex   1.364237e+01 -3.250000e+01 -4.554655e+00
      vertex   1.415565e+01 -3.250000e+01 -4.066744e+00
      vertex   1.364237e+01 -3.090000e+01 -4.554655e+00
    endloop
  endfacet
  facet normal -6.889668e-01 0.000000e+00 7.247929e-01
    outer loop
      vertex   1.364237e+01 -3.090000e+01 -4.554655e+00
      vertex   1.415565e+01 -3.250000e+01 -4.066744e+00
      vertex   1.415565e+01 -3.090000e+01 -4.066744e+00
    endloop
  endfacet
  facet normal -5.289636e-01 0.000000e+00 8.486445e-01
    outer loop
      vertex   1.304138e+01 -3.250000e+01 -4.929256e+00
      vertex   1.364237e+01 -3.250000e+01 -4.554655e+00
      vertex   1.304138e+01 -3.090000e+01 -4.929256e+00
    endloop
  endfacet
  facet normal -5.289636e-01 0.000000e+00 8.486445e-01
    outer loop
      vertex   1.304138e+01 -3.090000e+01 -4.929256e+00
      vertex   1.364237e+01 -3.250000e+01 -4.554655e+00
      vertex   1.364237e+01 -3.090000e+01 -4.554655e+00
    endloop
  endfacet
  facet normal -3.473054e-01 0.000000e+00 9.377521e-01
    outer loop
      vertex   1.237728e+01 -3.250000e+01 -5.175209e+00
      vertex   1.304138e+01 -3.250000e+01 -4.929256e+00
      vertex   1.237728e+01 -3.090000e+01 -5.175209e+00
    endloop
  endfacet
  facet normal -3.473054e-01 0.000000e+00 9.377521e-01
    outer loop
      vertex   1.237728e+01 -3.090000e+01 -5.175209e+00
      vertex   1.304138e+01 -3.250000e+01 -4.929256e+00
      vertex   1.304138e+01 -3.090000e+01 -4.929256e+00
    endloop
  endfacet
  facet normal -1.514274e-01 0.000000e+00 9.884684e-01
    outer loop
      vertex   1.167727e+01 -3.250000e+01 -5.282447e+00
      vertex   1.237728e+01 -3.250000e+01 -5.175209e+00
      vertex   1.167727e+01 -3.090000e+01 -5.282447e+00
    endloop
  endfacet
  facet normal -1.514274e-01 0.000000e+00 9.884684e-01
    outer loop
      vertex   1.167727e+01 -3.090000e+01 -5.282447e+00
      vertex   1.237728e+01 -3.250000e+01 -5.175209e+00
      vertex   1.237728e+01 -3.090000e+01 -5.175209e+00
    endloop
  endfacet
  facet normal 5.064779e-02 -0.000000e+00 9.987166e-01
    outer loop
      vertex   1.097000e+01 -3.250000e+01 -5.246579e+00
      vertex   1.167727e+01 -3.250000e+01 -5.282447e+00
      vertex   1.097000e+01 -3.090000e+01 -5.246579e+00
    endloop
  endfacet
  facet normal 5.064779e-02 0.000000e+00 9.987166e-01
    outer loop
      vertex   1.097000e+01 -3.090000e+01 -5.246579e+00
      vertex   1.167727e+01 -3.250000e+01 -5.282447e+00
      vertex   1.167727e+01 -3.090000e+01 -5.282447e+00
    endloop
  endfacet
  facet normal 2.506538e-01 -0.000000e+00 9.680768e-01
    outer loop
      vertex   1.028443e+01 -3.250000e+01 -5.069072e+00
      vertex   1.097000e+01 -3.250000e+01 -5.246579e+00
      vertex   1.028443e+01 -3.090000e+01 -5.069072e+00
    endloop
  endfacet
  facet normal 2.506538e-01 0.000000e+00 9.680768e-01
    outer loop
      vertex   1.028443e+01 -3.090000e+01 -5.069072e+00
      vertex   1.097000e+01 -3.250000e+01 -5.246579e+00
      vertex   1.097000e+01 -3.090000e+01 -5.246579e+00
    endloop
  endfacet
  facet normal 4.403936e-01 -0.000000e+00 8.978048e-01
    outer loop
      vertex   9.648625e+00 -3.250000e+01 -4.757194e+00
      vertex   1.028443e+01 -3.250000e+01 -5.069072e+00
      vertex   9.648625e+00 -3.090000e+01 -4.757194e+00
    endloop
  endfacet
  facet normal 4.403936e-01 0.000000e+00 8.978048e-01
    outer loop
      vertex   9.648625e+00 -3.090000e+01 -4.757194e+00
      vertex   1.028443e+01 -3.250000e+01 -5.069072e+00
      vertex   1.028443e+01 -3.090000e+01 -5.069072e+00
    endloop
  endfacet
  facet normal 6.121065e-01 -0.000000e+00 7.907754e-01
    outer loop
      vertex   9.088616e+00 -3.250000e+01 -4.323714e+00
      vertex   9.648625e+00 -3.250000e+01 -4.757194e+00
      vertex   9.088616e+00 -3.090000e+01 -4.323714e+00
    endloop
  endfacet
  facet normal 6.121065e-01 0.000000e+00 7.907754e-01
    outer loop
      vertex   9.088616e+00 -3.090000e+01 -4.323714e+00
      vertex   9.648625e+00 -3.250000e+01 -4.757194e+00
      vertex   9.648625e+00 -3.090000e+01 -4.757194e+00
    endloop
  endfacet
  facet normal 7.587583e-01 -0.000000e+00 6.513723e-01
    outer loop
      vertex   8.627328e+00 -3.250000e+01 -3.786378e+00
      vertex   9.088616e+00 -3.250000e+01 -4.323714e+00
      vertex   8.627328e+00 -3.090000e+01 -3.786378e+00
    endloop
  endfacet
  facet normal 7.587583e-01 0.000000e+00 6.513723e-01
    outer loop
      vertex   8.627328e+00 -3.090000e+01 -3.786378e+00
      vertex   9.088616e+00 -3.250000e+01 -4.323714e+00
      vertex   9.088616e+00 -3.090000e+01 -4.323714e+00
    endloop
  endfacet
  facet normal 8.743457e-01 -0.000000e+00 4.853037e-01
    outer loop
      vertex   8.283647e+00 -3.250000e+01 -3.167186e+00
      vertex   8.627328e+00 -3.250000e+01 -3.786378e+00
      vertex   8.283647e+00 -3.090000e+01 -3.167186e+00
    endloop
  endfacet
  facet normal 8.743457e-01 0.000000e+00 4.853037e-01
    outer loop
      vertex   8.283647e+00 -3.090000e+01 -3.167186e+00
      vertex   8.627328e+00 -3.250000e+01 -3.786378e+00
      vertex   8.627328e+00 -3.090000e+01 -3.786378e+00
    endloop
  endfacet
  facet normal 9.541396e-01 -0.000000e+00 2.993619e-01
    outer loop
      vertex   8.071645e+00 -3.250000e+01 -2.491484e+00
      vertex   8.283647e+00 -3.250000e+01 -3.167186e+00
      vertex   8.071645e+00 -3.090000e+01 -2.491484e+00
    endloop
  endfacet
  facet normal 9.541396e-01 0.000000e+00 2.993619e-01
    outer loop
      vertex   8.071645e+00 -3.090000e+01 -2.491484e+00
      vertex   8.283647e+00 -3.250000e+01 -3.167186e+00
      vertex   8.283647e+00 -3.090000e+01 -3.167186e+00
    endloop
  endfacet
  facet normal 9.948692e-01 -0.000000e+00 1.011694e-01
    outer loop
      vertex   7.999999e+00 -3.250000e+01 -1.786939e+00
      vertex   8.071645e+00 -3.250000e+01 -2.491484e+00
      vertex   7.999999e+00 -3.090000e+01 -1.786939e+00
    endloop
  endfacet
  facet normal 9.948692e-01 0.000000e+00 1.011694e-01
    outer loop
      vertex   7.999999e+00 -3.090000e+01 -1.786939e+00
      vertex   8.071645e+00 -3.250000e+01 -2.491484e+00
      vertex   8.071645e+00 -3.090000e+01 -2.491484e+00
    endloop
  endfacet
  facet normal 9.948692e-01 0.000000e+00 -1.011694e-01
    outer loop
      vertex   8.071645e+00 -3.250000e+01 -1.082395e+00
      vertex   7.999999e+00 -3.250000e+01 -1.786939e+00
      vertex   8.071645e+00 -3.090000e+01 -1.082395e+00
    endloop
  endfacet
  facet normal 9.948692e-01 0.000000e+00 -1.011694e-01
    outer loop
      vertex   8.071645e+00 -3.090000e+01 -1.082395e+00
      vertex   7.999999e+00 -3.250000e+01 -1.786939e+00
      vertex   7.999999e+00 -3.090000e+01 -1.786939e+00
    endloop
  endfacet
  facet normal -9.801696e-02 0.000000e+00 9.951847e-01
    outer loop
      vertex   -2.743488e+01 -3.090000e+01 -7.092897e+00
      vertex   -2.802015e+01 -3.090000e+01 -7.150541e+00
      vertex   -2.743488e+01 -3.250000e+01 -7.092897e+00
    endloop
  endfacet
  facet normal -9.801696e-02 0.000000e+00 9.951847e-01
    outer loop
      vertex   -2.743488e+01 -3.250000e+01 -7.092897e+00
      vertex   -2.802015e+01 -3.090000e+01 -7.150541e+00
      vertex   -2.802015e+01 -3.250000e+01 -7.150541e+00
    endloop
  endfacet
  facet normal -2.902844e-01 0.000000e+00 9.569404e-01
    outer loop
      vertex   -2.687210e+01 -3.090000e+01 -6.922179e+00
      vertex   -2.743488e+01 -3.090000e+01 -7.092897e+00
      vertex   -2.687210e+01 -3.250000e+01 -6.922179e+00
    endloop
  endfacet
  facet normal -2.902844e-01 0.000000e+00 9.569404e-01
    outer loop
      vertex   -2.687210e+01 -3.250000e+01 -6.922179e+00
      vertex   -2.743488e+01 -3.090000e+01 -7.092897e+00
      vertex   -2.743488e+01 -3.250000e+01 -7.092897e+00
    endloop
  endfacet
  facet normal -4.713967e-01 0.000000e+00 8.819213e-01
    outer loop
      vertex   -2.635344e+01 -3.090000e+01 -6.644949e+00
      vertex   -2.687210e+01 -3.090000e+01 -6.922179e+00
      vertex   -2.635344e+01 -3.250000e+01 -6.644949e+00
    endloop
  endfacet
  facet normal -4.713967e-01 0.000000e+00 8.819213e-01
    outer loop
      vertex   -2.635344e+01 -3.250000e+01 -6.644949e+00
      vertex   -2.687210e+01 -3.090000e+01 -6.922179e+00
      vertex   -2.687210e+01 -3.250000e+01 -6.922179e+00
    endloop
  endfacet
  facet normal -6.343928e-01 0.000000e+00 7.730108e-01
    outer loop
      vertex   -2.589883e+01 -3.090000e+01 -6.271862e+00
      vertex   -2.635344e+01 -3.090000e+01 -6.644949e+00
      vertex   -2.589883e+01 -3.250000e+01 -6.271862e+00
    endloop
  endfacet
  facet normal -6.343928e-01 0.000000e+00 7.730108e-01
    outer loop
      vertex   -2.589883e+01 -3.250000e+01 -6.271862e+00
      vertex   -2.635344e+01 -3.090000e+01 -6.644949e+00
      vertex   -2.635344e+01 -3.250000e+01 -6.644949e+00
    endloop
  endfacet
  facet normal -7.730104e-01 0.000000e+00 6.343933e-01
    outer loop
      vertex   -2.552574e+01 -3.090000e+01 -5.817251e+00
      vertex   -2.589883e+01 -3.090000e+01 -6.271862e+00
      vertex   -2.552574e+01 -3.250000e+01 -5.817251e+00
    endloop
  endfacet
  facet normal -7.730104e-01 0.000000e+00 6.343933e-01
    outer loop
      vertex   -2.552574e+01 -3.250000e+01 -5.817251e+00
      vertex   -2.589883e+01 -3.090000e+01 -6.271862e+00
      vertex   -2.589883e+01 -3.250000e+01 -6.271862e+00
    endloop
  endfacet
  facet normal -8.819223e-01 0.000000e+00 4.713948e-01
    outer loop
      vertex   -2.524851e+01 -3.090000e+01 -5.298591e+00
      vertex   -2.552574e+01 -3.090000e+01 -5.817251e+00
      vertex   -2.524851e+01 -3.250000e+01 -5.298591e+00
    endloop
  endfacet
  facet normal -8.819223e-01 0.000000e+00 4.713948e-01
    outer loop
      vertex   -2.524851e+01 -3.250000e+01 -5.298591e+00
      vertex   -2.552574e+01 -3.090000e+01 -5.817251e+00
      vertex   -2.552574e+01 -3.250000e+01 -5.817251e+00
    endloop
  endfacet
  facet normal -9.569415e-01 0.000000e+00 2.902810e-01
    outer loop
      vertex   -2.507780e+01 -3.090000e+01 -4.735811e+00
      vertex   -2.524851e+01 -3.090000e+01 -5.298591e+00
      vertex   -2.507780e+01 -3.250000e+01 -4.735811e+00
    endloop
  endfacet
  facet normal -9.569415e-01 0.000000e+00 2.902810e-01
    outer loop
      vertex   -2.507780e+01 -3.250000e+01 -4.735811e+00
      vertex   -2.524851e+01 -3.090000e+01 -5.298591e+00
      vertex   -2.524851e+01 -3.250000e+01 -5.298591e+00
    endloop
  endfacet
  facet normal -9.951842e-01 0.000000e+00 9.802238e-02
    outer loop
      vertex   -2.502015e+01 -3.090000e+01 -4.150541e+00
      vertex   -2.507780e+01 -3.090000e+01 -4.735811e+00
      vertex   -2.502015e+01 -3.250000e+01 -4.150541e+00
    endloop
  endfacet
  facet normal -9.951842e-01 0.000000e+00 9.802238e-02
    outer loop
      vertex   -2.502015e+01 -3.250000e+01 -4.150541e+00
      vertex   -2.507780e+01 -3.090000e+01 -4.735811e+00
      vertex   -2.507780e+01 -3.250000e+01 -4.735811e+00
    endloop
  endfacet
  facet normal 0.000000e+00 0.000000e+00 1.000000e+00
    outer loop
      vertex   -2.802015e+01 -3.090000e+01 -7.150541e+00
      vertex   -3.452015e+01 -3.090000e+01 -7.150541e+00
      vertex   -2.802015e+01 -3.250000e+01 -7.150541e+00
    endloop
  endfacet
  facet normal 0.000000e+00 0.000000e+00 1.000000e+00
    outer loop
      vertex   -2.802015e+01 -3.250000e+01 -7.150541e+00
      vertex   -3.452015e+01 -3.090000e+01 -7.150541e+00
      vertex   -3.452015e+01 -3.250000e+01 -7.150541e+00
    endloop
  endfacet
  facet normal 9.951850e-01 0.000000e+00 9.801435e-02
    outer loop
      vertex   -3.746251e+01 -3.090000e+01 -4.735811e+00
      vertex   -3.752015e+01 -3.090000e+01 -4.150541e+00
      vertex   -3.746251e+01 -3.250000e+01 -4.735811e+00
    endloop
  endfacet
  facet normal 9.951850e-01 0.000000e+00 9.801435e-02
    outer loop
      vertex   -3.746251e+01 -3.250000e+01 -4.735811e+00
      vertex   -3.752015e+01 -3.090000e+01 -4.150541e+00
      vertex   -3.752015e+01 -3.250000e+01 -4.150541e+00
    endloop
  endfacet
  facet normal 9.569426e-01 0.000000e+00 2.902773e-01
    outer loop
      vertex   -3.729179e+01 -3.090000e+01 -5.298591e+00
      vertex   -3.746251e+01 -3.090000e+01 -4.735811e+00
      vertex   -3.729179e+01 -3.250000e+01 -5.298591e+00
    endloop
  endfacet
  facet normal 9.569426e-01 0.000000e+00 2.902773e-01
    outer loop
      vertex   -3.729179e+01 -3.250000e+01 -5.298591e+00
      vertex   -3.746251e+01 -3.090000e+01 -4.735811e+00
      vertex   -3.746251e+01 -3.250000e+01 -4.735811e+00
    endloop
  endfacet
  facet normal 8.819189e-01 0.000000e+00 4.714011e-01
    outer loop
      vertex   -3.701456e+01 -3.090000e+01 -5.817251e+00
      vertex   -3.729179e+01 -3.090000e+01 -5.298591e+00
      vertex   -3.701456e+01 -3.250000e+01 -5.817251e+00
    endloop
  endfacet
  facet normal 8.819189e-01 0.000000e+00 4.714011e-01
    outer loop
      vertex   -3.701456e+01 -3.250000e+01 -5.817251e+00
      vertex   -3.729179e+01 -3.090000e+01 -5.298591e+00
      vertex   -3.729179e+01 -3.250000e+01 -5.298591e+00
    endloop
  endfacet
  facet normal 7.730104e-01 0.000000e+00 6.343933e-01
    outer loop
      vertex   -3.664147e+01 -3.090000e+01 -6.271862e+00
      vertex   -3.701456e+01 -3.090000e+01 -5.817251e+00
      vertex   -3.664147e+01 -3.250000e+01 -6.271862e+00
    endloop
  endfacet
  facet normal 7.730104e-01 0.000000e+00 6.343933e-01
    outer loop
      vertex   -3.664147e+01 -3.250000e+01 -6.271862e+00
      vertex   -3.701456e+01 -3.090000e+01 -5.817251e+00
      vertex   -3.701456e+01 -3.250000e+01 -5.817251e+00
    endloop
  endfacet
  facet normal 6.343908e-01 0.000000e+00 7.730125e-01
    outer loop
      vertex   -3.618686e+01 -3.090000e+01 -6.644949e+00
      vertex   -3.664147e+01 -3.090000e+01 -6.271862e+00
      vertex   -3.618686e+01 -3.250000e+01 -6.644949e+00
    endloop
  endfacet
  facet normal 6.343908e-01 0.000000e+00 7.730125e-01
    outer loop
      vertex   -3.618686e+01 -3.250000e+01 -6.644949e+00
      vertex   -3.664147e+01 -3.090000e+01 -6.271862e+00
      vertex   -3.664147e+01 -3.250000e+01 -6.271862e+00
    endloop
  endfacet
  facet normal 4.713984e-01 0.000000e+00 8.819204e-01
    outer loop
      vertex   -3.566820e+01 -3.090000e+01 -6.922179e+00
      vertex   -3.618686e+01 -3.090000e+01 -6.644949e+00
      vertex   -3.566820e+01 -3.250000e+01 -6.922179e+00
    endloop
  endfacet
  facet normal 4.713984e-01 0.000000e+00 8.819204e-01
    outer loop
      vertex   -3.566820e+01 -3.250000e+01 -6.922179e+00
      vertex   -3.618686e+01 -3.090000e+01 -6.644949e+00
      vertex   -3.618686e+01 -3.250000e+01 -6.644949e+00
    endloop
  endfacet
  facet normal 2.902855e-01 0.000000e+00 9.569401e-01
    outer loop
      vertex   -3.510542e+01 -3.090000e+01 -7.092897e+00
      vertex   -3.566820e+01 -3.090000e+01 -6.922179e+00
      vertex   -3.510542e+01 -3.250000e+01 -7.092897e+00
    endloop
  endfacet
  facet normal 2.902855e-01 0.000000e+00 9.569401e-01
    outer loop
      vertex   -3.510542e+01 -3.250000e+01 -7.092897e+00
      vertex   -3.566820e+01 -3.090000e+01 -6.922179e+00
      vertex   -3.566820e+01 -3.250000e+01 -6.922179e+00
    endloop
  endfacet
  facet normal 9.801617e-02 0.000000e+00 9.951848e-01
    outer loop
      vertex   -3.452015e+01 -3.090000e+01 -7.150541e+00
      vertex   -3.510542e+01 -3.090000e+01 -7.092897e+00
      vertex   -3.452015e+01 -3.250000e+01 -7.150541e+00
    endloop
  endfacet
  facet normal 9.801617e-02 0.000000e+00 9.951848e-01
    outer loop
      vertex   -3.452015e+01 -3.250000e+01 -7.150541e+00
      vertex   -3.510542e+01 -3.090000e+01 -7.092897e+00
      vertex   -3.510542e+01 -3.250000e+01 -7.092897e+00
    endloop
  endfacet
  facet normal 1.000000e+00 0.000000e+00 -0.000000e+00
    outer loop
      vertex   -3.752015e+01 -3.090000e+01 -4.150541e+00
      vertex   -3.752015e+01 -3.090000e+01 -2.650540e+00
      vertex   -3.752015e+01 -3.250000e+01 -4.150541e+00
    endloop
  endfacet
  facet normal 1.000000e+00 0.000000e+00 0.000000e+00
    outer loop
      vertex   -3.752015e+01 -3.250000e+01 -4.150541e+00
      vertex   -3.752015e+01 -3.090000e+01 -2.650540e+00
      vertex   -3.752015e+01 -3.250000e+01 -2.650540e+00
    endloop
  endfacet
  facet normal 9.801768e-02 0.000000e+00 -9.951847e-01
    outer loop
      vertex   -3.510542e+01 -3.090000e+01 2.918155e-01
      vertex   -3.452015e+01 -3.090000e+01 3.494604e-01
      vertex   -3.510542e+01 -3.250000e+01 2.918155e-01
    endloop
  endfacet
  facet normal 9.801768e-02 0.000000e+00 -9.951847e-01
    outer loop
      vertex   -3.510542e+01 -3.250000e+01 2.918155e-01
      vertex   -3.452015e+01 -3.090000e+01 3.494604e-01
      vertex   -3.452015e+01 -3.250000e+01 3.494604e-01
    endloop
  endfacet
  facet normal 2.902855e-01 0.000000e+00 -9.569401e-01
    outer loop
      vertex   -3.566820e+01 -3.090000e+01 1.210983e-01
      vertex   -3.510542e+01 -3.090000e+01 2.918155e-01
      vertex   -3.566820e+01 -3.250000e+01 1.210983e-01
    endloop
  endfacet
  facet normal 2.902855e-01 0.000000e+00 -9.569401e-01
    outer loop
      vertex   -3.566820e+01 -3.250000e+01 1.210983e-01
      vertex   -3.510542e+01 -3.090000e+01 2.918155e-01
      vertex   -3.510542e+01 -3.250000e+01 2.918155e-01
    endloop
  endfacet
  facet normal 4.713980e-01 0.000000e+00 -8.819206e-01
    outer loop
      vertex   -3.618686e+01 -3.090000e+01 -1.561312e-01
      vertex   -3.566820e+01 -3.090000e+01 1.210983e-01
      vertex   -3.618686e+01 -3.250000e+01 -1.561312e-01
    endloop
  endfacet
  facet normal 4.713980e-01 0.000000e+00 -8.819206e-01
    outer loop
      vertex   -3.618686e+01 -3.250000e+01 -1.561312e-01
      vertex   -3.566820e+01 -3.090000e+01 1.210983e-01
      vertex   -3.566820e+01 -3.250000e+01 1.210983e-01
    endloop
  endfacet
  facet normal 6.343923e-01 0.000000e+00 -7.730112e-01
    outer loop
      vertex   -3.664147e+01 -3.090000e+01 -5.292206e-01
      vertex   -3.618686e+01 -3.090000e+01 -1.561312e-01
      vertex   -3.664147e+01 -3.250000e+01 -5.292206e-01
    endloop
  endfacet
  facet normal 6.343923e-01 0.000000e+00 -7.730112e-01
    outer loop
      vertex   -3.664147e+01 -3.250000e+01 -5.292206e-01
      vertex   -3.618686e+01 -3.090000e+01 -1.561312e-01
      vertex   -3.618686e+01 -3.250000e+01 -1.561312e-01
    endloop
  endfacet
  facet normal 7.730088e-01 0.000000e+00 -6.343953e-01
    outer loop
      vertex   -3.701456e+01 -3.090000e+01 -9.838288e-01
      vertex   -3.664147e+01 -3.090000e+01 -5.292206e-01
      vertex   -3.701456e+01 -3.250000e+01 -9.838288e-01
    endloop
  endfacet
  facet normal 7.730088e-01 0.000000e+00 -6.343953e-01
    outer loop
      vertex   -3.701456e+01 -3.250000e+01 -9.838288e-01
      vertex   -3.664147e+01 -3.090000e+01 -5.292206e-01
      vertex   -3.664147e+01 -3.250000e+01 -5.292206e-01
    endloop
  endfacet
  facet normal 8.819189e-01 0.000000e+00 -4.714011e-01
    outer loop
      vertex   -3.729179e+01 -3.090000e+01 -1.502489e+00
      vertex   -3.701456e+01 -3.090000e+01 -9.838288e-01
      vertex   -3.729179e+01 -3.250000e+01 -1.502489e+00
    endloop
  endfacet
  facet normal 8.819189e-01 0.000000e+00 -4.714011e-01
    outer loop
      vertex   -3.729179e+01 -3.250000e+01 -1.502489e+00
      vertex   -3.701456e+01 -3.090000e+01 -9.838288e-01
      vertex   -3.701456e+01 -3.250000e+01 -9.838288e-01
    endloop
  endfacet
  facet normal 9.569427e-01 0.000000e+00 -2.902770e-01
    outer loop
      vertex   -3.746251e+01 -3.090000e+01 -2.065269e+00
      vertex   -3.729179e+01 -3.090000e+01 -1.502489e+00
      vertex   -3.746251e+01 -3.250000e+01 -2.065269e+00
    endloop
  endfacet
  facet normal 9.569427e-01 0.000000e+00 -2.902770e-01
    outer loop
      vertex   -3.746251e+01 -3.250000e+01 -2.065269e+00
      vertex   -3.729179e+01 -3.090000e+01 -1.502489e+00
      vertex   -3.729179e+01 -3.250000e+01 -1.502489e+00
    endloop
  endfacet
  facet normal 9.951850e-01 0.000000e+00 -9.801435e-02
    outer loop
      vertex   -3.752015e+01 -3.090000e+01 -2.650540e+00
      vertex   -3.746251e+01 -3.090000e+01 -2.065269e+00
      vertex   -3.752015e+01 -3.250000e+01 -2.650540e+00
    endloop
  endfacet
  facet normal 9.951850e-01 0.000000e+00 -9.801435e-02
    outer loop
      vertex   -3.752015e+01 -3.250000e+01 -2.650540e+00
      vertex   -3.746251e+01 -3.090000e+01 -2.065269e+00
      vertex   -3.746251e+01 -3.250000e+01 -2.065269e+00
    endloop
  endfacet
  facet normal 0.000000e+00 0.000000e+00 -1.000000e+00
    outer loop
      vertex   -3.452015e+01 -3.090000e+01 3.494604e-01
      vertex   -2.802015e+01 -3.090000e+01 3.494604e-01
      vertex   -3.452015e+01 -3.250000e+01 3.494604e-01
    endloop
  endfacet
  facet normal 0.000000e+00 0.000000e+00 -1.000000e+00
    outer loop
      vertex   -3.452015e+01 -3.250000e+01 3.494604e-01
      vertex   -2.802015e+01 -3.090000e+01 3.494604e-01
      vertex   -2.802015e+01 -3.250000e+01 3.494604e-01
    endloop
  endfacet
  facet normal -9.951842e-01 -0.000000e+00 -9.802238e-02
    outer loop
      vertex   -2.507780e+01 -3.090000e+01 -2.065269e+00
      vertex   -2.502015e+01 -3.090000e+01 -2.650540e+00
      vertex   -2.507780e+01 -3.250000e+01 -2.065269e+00
    endloop
  endfacet
  facet normal -9.951842e-01 0.000000e+00 -9.802238e-02
    outer loop
      vertex   -2.507780e+01 -3.250000e+01 -2.065269e+00
      vertex   -2.502015e+01 -3.090000e+01 -2.650540e+00
      vertex   -2.502015e+01 -3.250000e+01 -2.650540e+00
    endloop
  endfacet
  facet normal -9.569415e-01 -0.000000e+00 -2.902807e-01
    outer loop
      vertex   -2.524851e+01 -3.090000e+01 -1.502489e+00
      vertex   -2.507780e+01 -3.090000e+01 -2.065269e+00
      vertex   -2.524851e+01 -3.250000e+01 -1.502489e+00
    endloop
  endfacet
  facet normal -9.569415e-01 0.000000e+00 -2.902807e-01
    outer loop
      vertex   -2.524851e+01 -3.250000e+01 -1.502489e+00
      vertex   -2.507780e+01 -3.090000e+01 -2.065269e+00
      vertex   -2.507780e+01 -3.250000e+01 -2.065269e+00
    endloop
  endfacet
  facet normal -8.819223e-01 -0.000000e+00 -4.713948e-01
    outer loop
      vertex   -2.552574e+01 -3.090000e+01 -9.838288e-01
      vertex   -2.524851e+01 -3.090000e+01 -1.502489e+00
      vertex   -2.552574e+01 -3.250000e+01 -9.838288e-01
    endloop
  endfacet
  facet normal -8.819223e-01 0.000000e+00 -4.713948e-01
    outer loop
      vertex   -2.552574e+01 -3.250000e+01 -9.838288e-01
      vertex   -2.524851e+01 -3.090000e+01 -1.502489e+00
      vertex   -2.524851e+01 -3.250000e+01 -1.502489e+00
    endloop
  endfacet
  facet normal -7.730088e-01 -0.000000e+00 -6.343953e-01
    outer loop
      vertex   -2.589883e+01 -3.090000e+01 -5.292206e-01
      vertex   -2.552574e+01 -3.090000e+01 -9.838288e-01
      vertex   -2.589883e+01 -3.250000e+01 -5.292206e-01
    endloop
  endfacet
  facet normal -7.730088e-01 0.000000e+00 -6.343953e-01
    outer loop
      vertex   -2.589883e+01 -3.250000e+01 -5.292206e-01
      vertex   -2.552574e+01 -3.090000e+01 -9.838288e-01
      vertex   -2.552574e+01 -3.250000e+01 -9.838288e-01
    endloop
  endfacet
  facet normal -6.343943e-01 -0.000000e+00 -7.730096e-01
    outer loop
      vertex   -2.635344e+01 -3.090000e+01 -1.561312e-01
      vertex   -2.589883e+01 -3.090000e+01 -5.292206e-01
      vertex   -2.635344e+01 -3.250000e+01 -1.561312e-01
    endloop
  endfacet
  facet normal -6.343943e-01 0.000000e+00 -7.730096e-01
    outer loop
      vertex   -2.635344e+01 -3.250000e+01 -1.561312e-01
      vertex   -2.589883e+01 -3.090000e+01 -5.292206e-01
      vertex   -2.589883e+01 -3.250000e+01 -5.292206e-01
    endloop
  endfacet
  facet normal -4.713964e-01 -0.000000e+00 -8.819215e-01
    outer loop
      vertex   -2.687210e+01 -3.090000e+01 1.210983e-01
      vertex   -2.635344e+01 -3.090000e+01 -1.561312e-01
      vertex   -2.687210e+01 -3.250000e+01 1.210983e-01
    endloop
  endfacet
  facet normal -4.713964e-01 0.000000e+00 -8.819215e-01
    outer loop
      vertex   -2.687210e+01 -3.250000e+01 1.210983e-01
      vertex   -2.635344e+01 -3.090000e+01 -1.561312e-01
      vertex   -2.635344e+01 -3.250000e+01 -1.561312e-01
    endloop
  endfacet
  facet normal -2.902844e-01 -0.000000e+00 -9.569404e-01
    outer loop
      vertex   -2.743488e+01 -3.090000e+01 2.918155e-01
      vertex   -2.687210e+01 -3.090000e+01 1.210983e-01
      vertex   -2.743488e+01 -3.250000e+01 2.918155e-01
    endloop
  endfacet
  facet normal -2.902844e-01 0.000000e+00 -9.569404e-01
    outer loop
      vertex   -2.743488e+01 -3.250000e+01 2.918155e-01
      vertex   -2.687210e+01 -3.090000e+01 1.210983e-01
      vertex   -2.687210e+01 -3.250000e+01 1.210983e-01
    endloop
  endfacet
  facet normal -9.801847e-02 -0.000000e+00 -9.951846e-01
    outer loop
      vertex   -2.802015e+01 -3.090000e+01 3.494604e-01
      vertex   -2.743488e+01 -3.090000e+01 2.918155e-01
      vertex   -2.802015e+01 -3.250000e+01 3.494604e-01
    endloop
  endfacet
  facet normal -9.801847e-02 0.000000e+00 -9.951846e-01
    outer loop
      vertex   -2.802015e+01 -3.250000e+01 3.494604e-01
      vertex   -2.743488e+01 -3.090000e+01 2.918155e-01
      vertex   -2.743488e+01 -3.250000e+01 2.918155e-01
    endloop
  endfacet
  facet normal -1.000000e+00 -0.000000e+00 -0.000000e+00
    outer loop
      vertex   -2.502015e+01 -3.090000e+01 -2.650540e+00
      vertex   -2.502015e+01 -3.090000e+01 -4.150541e+00
      vertex   -2.502015e+01 -3.250000e+01 -2.650540e+00
    endloop
  endfacet
  facet normal -1.000000e+00 0.000000e+00 0.000000e+00
    outer loop
      vertex   -2.502015e+01 -3.250000e+01 -2.650540e+00
      vertex   -2.502015e+01 -3.090000e+01 -4.150541e+00
      vertex   -2.502015e+01 -3.250000e+01 -4.150541e+00
    endloop
  endfacet
  facet normal -1.305245e-01 0.000000e+00 9.914451e-01
    outer loop
      vertex   2.254409e+00 -3.090000e+01 -7.610228e+00
      vertex   2.125000e+00 -3.090000e+01 -7.627264e+00
      vertex   2.254409e+00 -3.250000e+01 -7.610228e+00
    endloop
  endfacet
  facet normal -1.305245e-01 0.000000e+00 9.914451e-01
    outer loop
      vertex   2.254409e+00 -3.250000e+01 -7.610228e+00
      vertex   2.125000e+00 -3.090000e+01 -7.627264e+00
      vertex   2.125000e+00 -3.250000e+01 -7.627264e+00
    endloop
  endfacet
  facet normal -3.826801e-01 0.000000e+00 9.238809e-01
    outer loop
      vertex   2.375000e+00 -3.090000e+01 -7.560278e+00
      vertex   2.254409e+00 -3.090000e+01 -7.610228e+00
      vertex   2.375000e+00 -3.250000e+01 -7.560278e+00
    endloop
  endfacet
  facet normal -3.826801e-01 0.000000e+00 9.238809e-01
    outer loop
      vertex   2.375000e+00 -3.250000e+01 -7.560278e+00
      vertex   2.254409e+00 -3.090000e+01 -7.610228e+00
      vertex   2.254409e+00 -3.250000e+01 -7.610228e+00
    endloop
  endfacet
  facet normal -6.087666e-01 0.000000e+00 7.933494e-01
    outer loop
      vertex   2.478553e+00 -3.090000e+01 -7.480818e+00
      vertex   2.375000e+00 -3.090000e+01 -7.560278e+00
      vertex   2.478553e+00 -3.250000e+01 -7.480818e+00
    endloop
  endfacet
  facet normal -6.087666e-01 0.000000e+00 7.933494e-01
    outer loop
      vertex   2.478553e+00 -3.250000e+01 -7.480818e+00
      vertex   2.375000e+00 -3.090000e+01 -7.560278e+00
      vertex   2.375000e+00 -3.250000e+01 -7.560278e+00
    endloop
  endfacet
  facet normal -7.933534e-01 0.000000e+00 6.087614e-01
    outer loop
      vertex   2.558012e+00 -3.090000e+01 -7.377265e+00
      vertex   2.478553e+00 -3.090000e+01 -7.480818e+00
      vertex   2.558012e+00 -3.250000e+01 -7.377265e+00
    endloop
  endfacet
  facet normal -7.933534e-01 0.000000e+00 6.087614e-01
    outer loop
      vertex   2.558012e+00 -3.250000e+01 -7.377265e+00
      vertex   2.478553e+00 -3.090000e+01 -7.480818e+00
      vertex   2.478553e+00 -3.250000e+01 -7.480818e+00
    endloop
  endfacet
  facet normal -9.238803e-01 0.000000e+00 3.826817e-01
    outer loop
      vertex   2.607962e+00 -3.090000e+01 -7.256674e+00
      vertex   2.558012e+00 -3.090000e+01 -7.377265e+00
      vertex   2.607962e+00 -3.250000e+01 -7.256674e+00
    endloop
  endfacet
  facet normal -9.238803e-01 0.000000e+00 3.826817e-01
    outer loop
      vertex   2.607962e+00 -3.250000e+01 -7.256674e+00
      vertex   2.558012e+00 -3.090000e+01 -7.377265e+00
      vertex   2.558012e+00 -3.250000e+01 -7.377265e+00
    endloop
  endfacet
  facet normal -9.914437e-01 0.000000e+00 1.305350e-01
    outer loop
      vertex   2.625000e+00 -3.090000e+01 -7.127265e+00
      vertex   2.607962e+00 -3.090000e+01 -7.256674e+00
      vertex   2.625000e+00 -3.250000e+01 -7.127265e+00
    endloop
  endfacet
  facet normal -9.914437e-01 0.000000e+00 1.305350e-01
    outer loop
      vertex   2.625000e+00 -3.250000e+01 -7.127265e+00
      vertex   2.607962e+00 -3.090000e+01 -7.256674e+00
      vertex   2.607962e+00 -3.250000e+01 -7.256674e+00
    endloop
  endfacet
  facet normal 0.000000e+00 0.000000e+00 1.000000e+00
    outer loop
      vertex   2.125000e+00 -3.090000e+01 -7.627264e+00
      vertex   -8.125000e+00 -3.090000e+01 -7.627264e+00
      vertex   2.125000e+00 -3.250000e+01 -7.627264e+00
    endloop
  endfacet
  facet normal 0.000000e+00 0.000000e+00 1.000000e+00
    outer loop
      vertex   2.125000e+00 -3.250000e+01 -7.627264e+00
      vertex   -8.125000e+00 -3.090000e+01 -7.627264e+00
      vertex   -8.125000e+00 -3.250000e+01 -7.627264e+00
    endloop
  endfacet
  facet normal 9.914446e-01 0.000000e+00 1.305283e-01
    outer loop
      vertex   -8.607963e+00 -3.090000e+01 -7.256674e+00
      vertex   -8.625000e+00 -3.090000e+01 -7.127265e+00
      vertex   -8.607963e+00 -3.250000e+01 -7.256674e+00
    endloop
  endfacet
  facet normal 9.914446e-01 0.000000e+00 1.305283e-01
    outer loop
      vertex   -8.607963e+00 -3.250000e+01 -7.256674e+00
      vertex   -8.625000e+00 -3.090000e+01 -7.127265e+00
      vertex   -8.625000e+00 -3.250000e+01 -7.127265e+00
    endloop
  endfacet
  facet normal 9.238803e-01 0.000000e+00 3.826817e-01
    outer loop
      vertex   -8.558013e+00 -3.090000e+01 -7.377265e+00
      vertex   -8.607963e+00 -3.090000e+01 -7.256674e+00
      vertex   -8.558013e+00 -3.250000e+01 -7.377265e+00
    endloop
  endfacet
  facet normal 9.238803e-01 0.000000e+00 3.826817e-01
    outer loop
      vertex   -8.558013e+00 -3.250000e+01 -7.377265e+00
      vertex   -8.607963e+00 -3.090000e+01 -7.256674e+00
      vertex   -8.607963e+00 -3.250000e+01 -7.256674e+00
    endloop
  endfacet
  facet normal 7.933534e-01 0.000000e+00 6.087614e-01
    outer loop
      vertex   -8.478554e+00 -3.090000e+01 -7.480818e+00
      vertex   -8.558013e+00 -3.090000e+01 -7.377265e+00
      vertex   -8.478554e+00 -3.250000e+01 -7.480818e+00
    endloop
  endfacet
  facet normal 7.933534e-01 0.000000e+00 6.087614e-01
    outer loop
      vertex   -8.478554e+00 -3.250000e+01 -7.480818e+00
      vertex   -8.558013e+00 -3.090000e+01 -7.377265e+00
      vertex   -8.558013e+00 -3.250000e+01 -7.377265e+00
    endloop
  endfacet
  facet normal 6.087649e-01 0.000000e+00 7.933507e-01
    outer loop
      vertex   -8.375000e+00 -3.090000e+01 -7.560278e+00
      vertex   -8.478554e+00 -3.090000e+01 -7.480818e+00
      vertex   -8.375000e+00 -3.250000e+01 -7.560278e+00
    endloop
  endfacet
  facet normal 6.087649e-01 0.000000e+00 7.933507e-01
    outer loop
      vertex   -8.375000e+00 -3.250000e+01 -7.560278e+00
      vertex   -8.478554e+00 -3.090000e+01 -7.480818e+00
      vertex   -8.478554e+00 -3.250000e+01 -7.480818e+00
    endloop
  endfacet
  facet normal 3.826817e-01 0.000000e+00 9.238803e-01
    outer loop
      vertex   -8.254410e+00 -3.090000e+01 -7.610228e+00
      vertex   -8.375000e+00 -3.090000e+01 -7.560278e+00
      vertex   -8.254410e+00 -3.250000e+01 -7.610228e+00
    endloop
  endfacet
  facet normal 3.826817e-01 0.000000e+00 9.238803e-01
    outer loop
      vertex   -8.254410e+00 -3.250000e+01 -7.610228e+00
      vertex   -8.375000e+00 -3.090000e+01 -7.560278e+00
      vertex   -8.375000e+00 -3.250000e+01 -7.560278e+00
    endloop
  endfacet
  facet normal 1.305235e-01 0.000000e+00 9.914452e-01
    outer loop
      vertex   -8.125000e+00 -3.090000e+01 -7.627264e+00
      vertex   -8.254410e+00 -3.090000e+01 -7.610228e+00
      vertex   -8.125000e+00 -3.250000e+01 -7.627264e+00
    endloop
  endfacet
  facet normal 1.305235e-01 0.000000e+00 9.914452e-01
    outer loop
      vertex   -8.125000e+00 -3.250000e+01 -7.627264e+00
      vertex   -8.254410e+00 -3.090000e+01 -7.610228e+00
      vertex   -8.254410e+00 -3.250000e+01 -7.610228e+00
    endloop
  endfacet
  facet normal 1.000000e+00 0.000000e+00 -0.000000e+00
    outer loop
      vertex   -8.625000e+00 -3.090000e+01 -7.127265e+00
      vertex   -8.625000e+00 -3.090000e+01 5.727358e-01
      vertex   -8.625000e+00 -3.250000e+01 -7.127265e+00
    endloop
  endfacet
  facet normal 1.000000e+00 0.000000e+00 0.000000e+00
    outer loop
      vertex   -8.625000e+00 -3.250000e+01 -7.127265e+00
      vertex   -8.625000e+00 -3.090000e+01 5.727358e-01
      vertex   -8.625000e+00 -3.250000e+01 5.727358e-01
    endloop
  endfacet
  facet normal 1.305280e-01 0.000000e+00 -9.914446e-01
    outer loop
      vertex   -8.254410e+00 -3.090000e+01 1.055699e+00
      vertex   -8.125000e+00 -3.090000e+01 1.072737e+00
      vertex   -8.254410e+00 -3.250000e+01 1.055699e+00
    endloop
  endfacet
  facet normal 1.305280e-01 0.000000e+00 -9.914446e-01
    outer loop
      vertex   -8.254410e+00 -3.250000e+01 1.055699e+00
      vertex   -8.125000e+00 -3.090000e+01 1.072737e+00
      vertex   -8.125000e+00 -3.250000e+01 1.072737e+00
    endloop
  endfacet
  facet normal 3.826895e-01 0.000000e+00 -9.238770e-01
    outer loop
      vertex   -8.375000e+00 -3.090000e+01 1.005748e+00
      vertex   -8.254410e+00 -3.090000e+01 1.055699e+00
      vertex   -8.375000e+00 -3.250000e+01 1.005748e+00
    endloop
  endfacet
  facet normal 3.826895e-01 0.000000e+00 -9.238770e-01
    outer loop
      vertex   -8.375000e+00 -3.250000e+01 1.005748e+00
      vertex   -8.254410e+00 -3.090000e+01 1.055699e+00
      vertex   -8.254410e+00 -3.250000e+01 1.055699e+00
    endloop
  endfacet
  facet normal 6.087592e-01 0.000000e+00 -7.933551e-01
    outer loop
      vertex   -8.478554e+00 -3.090000e+01 9.262891e-01
      vertex   -8.375000e+00 -3.090000e+01 1.005748e+00
      vertex   -8.478554e+00 -3.250000e+01 9.262891e-01
    endloop
  endfacet
  facet normal 6.087592e-01 0.000000e+00 -7.933551e-01
    outer loop
      vertex   -8.478554e+00 -3.250000e+01 9.262891e-01
      vertex   -8.375000e+00 -3.090000e+01 1.005748e+00
      vertex   -8.375000e+00 -3.250000e+01 1.005748e+00
    endloop
  endfacet
  facet normal 7.933517e-01 0.000000e+00 -6.087636e-01
    outer loop
      vertex   -8.558013e+00 -3.090000e+01 8.227368e-01
      vertex   -8.478554e+00 -3.090000e+01 9.262891e-01
      vertex   -8.558013e+00 -3.250000e+01 8.227368e-01
    endloop
  endfacet
  facet normal 7.933517e-01 0.000000e+00 -6.087636e-01
    outer loop
      vertex   -8.558013e+00 -3.250000e+01 8.227368e-01
      vertex   -8.478554e+00 -3.090000e+01 9.262891e-01
      vertex   -8.478554e+00 -3.250000e+01 9.262891e-01
    endloop
  endfacet
  facet normal 9.238823e-01 0.000000e+00 -3.826769e-01
    outer loop
      vertex   -8.607963e+00 -3.090000e+01 7.021447e-01
      vertex   -8.558013e+00 -3.090000e+01 8.227368e-01
      vertex   -8.607963e+00 -3.250000e+01 7.021447e-01
    endloop
  endfacet
  facet normal 9.238823e-01 0.000000e+00 -3.826769e-01
    outer loop
      vertex   -8.607963e+00 -3.250000e+01 7.021447e-01
      vertex   -8.558013e+00 -3.090000e+01 8.227368e-01
      vertex   -8.558013e+00 -3.250000e+01 8.227368e-01
    endloop
  endfacet
  facet normal 9.914445e-01 0.000000e+00 -1.305292e-01
    outer loop
      vertex   -8.625000e+00 -3.090000e+01 5.727358e-01
      vertex   -8.607963e+00 -3.090000e+01 7.021447e-01
      vertex   -8.625000e+00 -3.250000e+01 5.727358e-01
    endloop
  endfacet
  facet normal 9.914445e-01 0.000000e+00 -1.305292e-01
    outer loop
      vertex   -8.625000e+00 -3.250000e+01 5.727358e-01
      vertex   -8.607963e+00 -3.090000e+01 7.021447e-01
      vertex   -8.607963e+00 -3.250000e+01 7.021447e-01
    endloop
  endfacet
  facet normal 0.000000e+00 0.000000e+00 -1.000000e+00
    outer loop
      vertex   -8.125000e+00 -3.090000e+01 1.072737e+00
      vertex   2.125000e+00 -3.090000e+01 1.072737e+00
      vertex   -8.125000e+00 -3.250000e+01 1.072737e+00
    endloop
  endfacet
  facet normal 0.000000e+00 0.000000e+00 -1.000000e+00
    outer loop
      vertex   -8.125000e+00 -3.250000e+01 1.072737e+00
      vertex   2.125000e+00 -3.090000e+01 1.072737e+00
      vertex   2.125000e+00 -3.250000e+01 1.072737e+00
    endloop
  endfacet
  facet normal -9.914436e-01 -0.000000e+00 -1.305359e-01
    outer loop
      vertex   2.607962e+00 -3.090000e+01 7.021447e-01
      vertex   2.625000e+00 -3.090000e+01 5.727358e-01
      vertex   2.607962e+00 -3.250000e+01 7.021447e-01
    endloop
  endfacet
  facet normal -9.914436e-01 0.000000e+00 -1.305359e-01
    outer loop
      vertex   2.607962e+00 -3.250000e+01 7.021447e-01
      vertex   2.625000e+00 -3.090000e+01 5.727358e-01
      vertex   2.625000e+00 -3.250000e+01 5.727358e-01
    endloop
  endfacet
  facet normal -9.238823e-01 -0.000000e+00 -3.826769e-01
    outer loop
      vertex   2.558012e+00 -3.090000e+01 8.227368e-01
      vertex   2.607962e+00 -3.090000e+01 7.021447e-01
      vertex   2.558012e+00 -3.250000e+01 8.227368e-01
    endloop
  endfacet
  facet normal -9.238823e-01 0.000000e+00 -3.826769e-01
    outer loop
      vertex   2.558012e+00 -3.250000e+01 8.227368e-01
      vertex   2.607962e+00 -3.090000e+01 7.021447e-01
      vertex   2.607962e+00 -3.250000e+01 7.021447e-01
    endloop
  endfacet
  facet normal -7.933517e-01 -0.000000e+00 -6.087636e-01
    outer loop
      vertex   2.478553e+00 -3.090000e+01 9.262891e-01
      vertex   2.558012e+00 -3.090000e+01 8.227368e-01
      vertex   2.478553e+00 -3.250000e+01 9.262891e-01
    endloop
  endfacet
  facet normal -7.933517e-01 0.000000e+00 -6.087636e-01
    outer loop
      vertex   2.478553e+00 -3.250000e+01 9.262891e-01
      vertex   2.558012e+00 -3.090000e+01 8.227368e-01
      vertex   2.558012e+00 -3.250000e+01 8.227368e-01
    endloop
  endfacet
  facet normal -6.087608e-01 -0.000000e+00 -7.933538e-01
    outer loop
      vertex   2.375000e+00 -3.090000e+01 1.005748e+00
      vertex   2.478553e+00 -3.090000e+01 9.262891e-01
      vertex   2.375000e+00 -3.250000e+01 1.005748e+00
    endloop
  endfacet
  facet normal -6.087608e-01 0.000000e+00 -7.933538e-01
    outer loop
      vertex   2.375000e+00 -3.250000e+01 1.005748e+00
      vertex   2.478553e+00 -3.090000e+01 9.262891e-01
      vertex   2.478553e+00 -3.250000e+01 9.262891e-01
    endloop
  endfacet
  facet normal -3.826879e-01 -0.000000e+00 -9.238777e-01
    outer loop
      vertex   2.254409e+00 -3.090000e+01 1.055699e+00
      vertex   2.375000e+00 -3.090000e+01 1.005748e+00
      vertex   2.254409e+00 -3.250000e+01 1.055699e+00
    endloop
  endfacet
  facet normal -3.826879e-01 0.000000e+00 -9.238777e-01
    outer loop
      vertex   2.254409e+00 -3.250000e+01 1.055699e+00
      vertex   2.375000e+00 -3.090000e+01 1.005748e+00
      vertex   2.375000e+00 -3.250000e+01 1.005748e+00
    endloop
  endfacet
  facet normal -1.305290e-01 -0.000000e+00 -9.914445e-01
    outer loop
      vertex   2.125000e+00 -3.090000e+01 1.072737e+00
      vertex   2.254409e+00 -3.090000e+01 1.055699e+00
      vertex   2.125000e+00 -3.250000e+01 1.072737e+00
    endloop
  endfacet
  facet normal -1.305290e-01 0.000000e+00 -9.914445e-01
    outer loop
      vertex   2.125000e+00 -3.250000e+01 1.072737e+00
      vertex   2.254409e+00 -3.090000e+01 1.055699e+00
      vertex   2.254409e+00 -3.250000e+01 1.055699e+00
    endloop
  endfacet
  facet normal -1.000000e+00 -0.000000e+00 -0.000000e+00
    outer loop
      vertex   2.625000e+00 -3.090000e+01 5.727358e-01
      vertex   2.625000e+00 -3.090000e+01 -7.127265e+00
      vertex   2.625000e+00 -3.250000e+01 5.727358e-01
    endloop
  endfacet
  facet normal -1.000000e+00 0.000000e+00 0.000000e+00
    outer loop
      vertex   2.625000e+00 -3.250000e+01 5.727358e-01
      vertex   2.625000e+00 -3.090000e+01 -7.127265e+00
      vertex   2.625000e+00 -3.250000e+01 -7.127265e+00
    endloop
  endfacet
  facet normal 1.305112e-01 0.000000e+00 -9.914468e-01
    outer loop
      vertex   -2.176338e+01 -3.090000e+01 1.078153e+00
      vertex   -2.163397e+01 -3.090000e+01 1.095188e+00
      vertex   -2.176338e+01 -3.250000e+01 1.078153e+00
    endloop
  endfacet
  facet normal 1.305112e-01 0.000000e+00 -9.914468e-01
    outer loop
      vertex   -2.176338e+01 -3.250000e+01 1.078153e+00
      vertex   -2.163397e+01 -3.090000e+01 1.095188e+00
      vertex   -2.163397e+01 -3.250000e+01 1.095188e+00
    endloop
  endfacet
  facet normal 3.826924e-01 0.000000e+00 -9.238758e-01
    outer loop
      vertex   -2.188397e+01 -3.090000e+01 1.028201e+00
      vertex   -2.176338e+01 -3.090000e+01 1.078153e+00
      vertex   -2.188397e+01 -3.250000e+01 1.028201e+00
    endloop
  endfacet
  facet normal 3.826924e-01 0.000000e+00 -9.238758e-01
    outer loop
      vertex   -2.188397e+01 -3.250000e+01 1.028201e+00
      vertex   -2.176338e+01 -3.090000e+01 1.078153e+00
      vertex   -2.176338e+01 -3.250000e+01 1.078153e+00
    endloop
  endfacet
  facet normal 6.087636e-01 0.000000e+00 -7.933517e-01
    outer loop
      vertex   -2.198752e+01 -3.090000e+01 9.487422e-01
      vertex   -2.188397e+01 -3.090000e+01 1.028201e+00
      vertex   -2.198752e+01 -3.250000e+01 9.487422e-01
    endloop
  endfacet
  facet normal 6.087636e-01 0.000000e+00 -7.933517e-01
    outer loop
      vertex   -2.198752e+01 -3.250000e+01 9.487422e-01
      vertex   -2.188397e+01 -3.090000e+01 1.028201e+00
      vertex   -2.188397e+01 -3.250000e+01 1.028201e+00
    endloop
  endfacet
  facet normal 7.933507e-01 0.000000e+00 -6.087649e-01
    outer loop
      vertex   -2.206698e+01 -3.090000e+01 8.451886e-01
      vertex   -2.198752e+01 -3.090000e+01 9.487422e-01
      vertex   -2.206698e+01 -3.250000e+01 8.451886e-01
    endloop
  endfacet
  facet normal 7.933507e-01 0.000000e+00 -6.087649e-01
    outer loop
      vertex   -2.206698e+01 -3.250000e+01 8.451886e-01
      vertex   -2.198752e+01 -3.090000e+01 9.487422e-01
      vertex   -2.198752e+01 -3.250000e+01 9.487422e-01
    endloop
  endfacet
  facet normal 9.238764e-01 0.000000e+00 -3.826911e-01
    outer loop
      vertex   -2.211694e+01 -3.090000e+01 7.245989e-01
      vertex   -2.206698e+01 -3.090000e+01 8.451886e-01
      vertex   -2.211694e+01 -3.250000e+01 7.245989e-01
    endloop
  endfacet
  facet normal 9.238764e-01 0.000000e+00 -3.826911e-01
    outer loop
      vertex   -2.211694e+01 -3.250000e+01 7.245989e-01
      vertex   -2.206698e+01 -3.090000e+01 8.451886e-01
      vertex   -2.206698e+01 -3.250000e+01 8.451886e-01
    endloop
  endfacet
  facet normal 9.914470e-01 0.000000e+00 -1.305100e-01
    outer loop
      vertex   -2.213397e+01 -3.090000e+01 5.951889e-01
      vertex   -2.211694e+01 -3.090000e+01 7.245989e-01
      vertex   -2.213397e+01 -3.250000e+01 5.951889e-01
    endloop
  endfacet
  facet normal 9.914470e-01 0.000000e+00 -1.305100e-01
    outer loop
      vertex   -2.213397e+01 -3.250000e+01 5.951889e-01
      vertex   -2.211694e+01 -3.090000e+01 7.245989e-01
      vertex   -2.211694e+01 -3.250000e+01 7.245989e-01
    endloop
  endfacet
  facet normal 0.000000e+00 0.000000e+00 -1.000000e+00
    outer loop
      vertex   -2.163397e+01 -3.090000e+01 1.095188e+00
      vertex   -1.138397e+01 -3.090000e+01 1.095188e+00
      vertex   -2.163397e+01 -3.250000e+01 1.095188e+00
    endloop
  endfacet
  facet normal 0.000000e+00 0.000000e+00 -1.000000e+00
    outer loop
      vertex   -2.163397e+01 -3.250000e+01 1.095188e+00
      vertex   -1.138397e+01 -3.090000e+01 1.095188e+00
      vertex   -1.138397e+01 -3.250000e+01 1.095188e+00
    endloop
  endfacet
  facet normal -9.914446e-01 -0.000000e+00 -1.305280e-01
    outer loop
      vertex   -1.090101e+01 -3.090000e+01 7.245989e-01
      vertex   -1.088397e+01 -3.090000e+01 5.951889e-01
      vertex   -1.090101e+01 -3.250000e+01 7.245989e-01
    endloop
  endfacet
  facet normal -9.914446e-01 0.000000e+00 -1.305280e-01
    outer loop
      vertex   -1.090101e+01 -3.250000e+01 7.245989e-01
      vertex   -1.088397e+01 -3.090000e+01 5.951889e-01
      vertex   -1.088397e+01 -3.250000e+01 5.951889e-01
    endloop
  endfacet
  facet normal -9.238764e-01 -0.000000e+00 -3.826911e-01
    outer loop
      vertex   -1.095096e+01 -3.090000e+01 8.451886e-01
      vertex   -1.090101e+01 -3.090000e+01 7.245989e-01
      vertex   -1.095096e+01 -3.250000e+01 8.451886e-01
    endloop
  endfacet
  facet normal -9.238764e-01 0.000000e+00 -3.826911e-01
    outer loop
      vertex   -1.095096e+01 -3.250000e+01 8.451886e-01
      vertex   -1.090101e+01 -3.090000e+01 7.245989e-01
      vertex   -1.090101e+01 -3.250000e+01 7.245989e-01
    endloop
  endfacet
  facet normal -7.933551e-01 -0.000000e+00 -6.087592e-01
    outer loop
      vertex   -1.103042e+01 -3.090000e+01 9.487422e-01
      vertex   -1.095096e+01 -3.090000e+01 8.451886e-01
      vertex   -1.103042e+01 -3.250000e+01 9.487422e-01
    endloop
  endfacet
  facet normal -7.933551e-01 0.000000e+00 -6.087592e-01
    outer loop
      vertex   -1.103042e+01 -3.250000e+01 9.487422e-01
      vertex   -1.095096e+01 -3.090000e+01 8.451886e-01
      vertex   -1.095096e+01 -3.250000e+01 8.451886e-01
    endloop
  endfacet
  facet normal -6.087636e-01 -0.000000e+00 -7.933517e-01
    outer loop
      vertex   -1.113397e+01 -3.090000e+01 1.028201e+00
      vertex   -1.103042e+01 -3.090000e+01 9.487422e-01
      vertex   -1.113397e+01 -3.250000e+01 1.028201e+00
    endloop
  endfacet
  facet normal -6.087636e-01 0.000000e+00 -7.933517e-01
    outer loop
      vertex   -1.113397e+01 -3.250000e+01 1.028201e+00
      vertex   -1.103042e+01 -3.090000e+01 9.487422e-01
      vertex   -1.103042e+01 -3.250000e+01 9.487422e-01
    endloop
  endfacet
  facet normal -3.826924e-01 -0.000000e+00 -9.238758e-01
    outer loop
      vertex   -1.125456e+01 -3.090000e+01 1.078153e+00
      vertex   -1.113397e+01 -3.090000e+01 1.028201e+00
      vertex   -1.125456e+01 -3.250000e+01 1.078153e+00
    endloop
  endfacet
  facet normal -3.826924e-01 0.000000e+00 -9.238758e-01
    outer loop
      vertex   -1.125456e+01 -3.250000e+01 1.078153e+00
      vertex   -1.113397e+01 -3.090000e+01 1.028201e+00
      vertex   -1.113397e+01 -3.250000e+01 1.028201e+00
    endloop
  endfacet
  facet normal -1.305112e-01 -0.000000e+00 -9.914468e-01
    outer loop
      vertex   -1.138397e+01 -3.090000e+01 1.095188e+00
      vertex   -1.125456e+01 -3.090000e+01 1.078153e+00
      vertex   -1.138397e+01 -3.250000e+01 1.095188e+00
    endloop
  endfacet
  facet normal -1.305112e-01 0.000000e+00 -9.914468e-01
    outer loop
      vertex   -1.138397e+01 -3.250000e+01 1.095188e+00
      vertex   -1.125456e+01 -3.090000e+01 1.078153e+00
      vertex   -1.125456e+01 -3.250000e+01 1.078153e+00
    endloop
  endfacet
  facet normal -1.000000e+00 -0.000000e+00 -0.000000e+00
    outer loop
      vertex   -1.088397e+01 -3.090000e+01 5.951889e-01
      vertex   -1.088397e+01 -3.090000e+01 -7.154811e+00
      vertex   -1.088397e+01 -3.250000e+01 5.951889e-01
    endloop
  endfacet
  facet normal -1.000000e+00 0.000000e+00 0.000000e+00
    outer loop
      vertex   -1.088397e+01 -3.250000e+01 5.951889e-01
      vertex   -1.088397e+01 -3.090000e+01 -7.154811e+00
      vertex   -1.088397e+01 -3.250000e+01 -7.154811e+00
    endloop
  endfacet
  facet normal -1.305269e-01 0.000000e+00 9.914448e-01
    outer loop
      vertex   -1.125456e+01 -3.090000e+01 -7.637774e+00
      vertex   -1.138397e+01 -3.090000e+01 -7.654812e+00
      vertex   -1.125456e+01 -3.250000e+01 -7.637774e+00
    endloop
  endfacet
  facet normal -1.305269e-01 0.000000e+00 9.914448e-01
    outer loop
      vertex   -1.125456e+01 -3.250000e+01 -7.637774e+00
      vertex   -1.138397e+01 -3.090000e+01 -7.654812e+00
      vertex   -1.138397e+01 -3.250000e+01 -7.654812e+00
    endloop
  endfacet
  facet normal -3.826769e-01 0.000000e+00 9.238823e-01
    outer loop
      vertex   -1.113397e+01 -3.090000e+01 -7.587825e+00
      vertex   -1.125456e+01 -3.090000e+01 -7.637774e+00
      vertex   -1.113397e+01 -3.250000e+01 -7.587825e+00
    endloop
  endfacet
  facet normal -3.826769e-01 0.000000e+00 9.238823e-01
    outer loop
      vertex   -1.113397e+01 -3.250000e+01 -7.587825e+00
      vertex   -1.125456e+01 -3.090000e+01 -7.637774e+00
      vertex   -1.125456e+01 -3.250000e+01 -7.637774e+00
    endloop
  endfacet
  facet normal -6.087650e-01 0.000000e+00 7.933506e-01
    outer loop
      vertex   -1.103042e+01 -3.090000e+01 -7.508365e+00
      vertex   -1.113397e+01 -3.090000e+01 -7.587825e+00
      vertex   -1.103042e+01 -3.250000e+01 -7.508365e+00
    endloop
  endfacet
  facet normal -6.087650e-01 0.000000e+00 7.933506e-01
    outer loop
      vertex   -1.103042e+01 -3.250000e+01 -7.508365e+00
      vertex   -1.113397e+01 -3.090000e+01 -7.587825e+00
      vertex   -1.113397e+01 -3.250000e+01 -7.587825e+00
    endloop
  endfacet
  facet normal -7.933559e-01 0.000000e+00 6.087581e-01
    outer loop
      vertex   -1.095096e+01 -3.090000e+01 -7.404812e+00
      vertex   -1.103042e+01 -3.090000e+01 -7.508365e+00
      vertex   -1.095096e+01 -3.250000e+01 -7.404812e+00
    endloop
  endfacet
  facet normal -7.933559e-01 0.000000e+00 6.087581e-01
    outer loop
      vertex   -1.095096e+01 -3.250000e+01 -7.404812e+00
      vertex   -1.103042e+01 -3.090000e+01 -7.508365e+00
      vertex   -1.103042e+01 -3.250000e+01 -7.508365e+00
    endloop
  endfacet
  facet normal -9.238770e-01 0.000000e+00 3.826895e-01
    outer loop
      vertex   -1.090101e+01 -3.090000e+01 -7.284221e+00
      vertex   -1.095096e+01 -3.090000e+01 -7.404812e+00
      vertex   -1.090101e+01 -3.250000e+01 -7.284221e+00
    endloop
  endfacet
  facet normal -9.238770e-01 0.000000e+00 3.826895e-01
    outer loop
      vertex   -1.090101e+01 -3.250000e+01 -7.284221e+00
      vertex   -1.095096e+01 -3.090000e+01 -7.404812e+00
      vertex   -1.095096e+01 -3.250000e+01 -7.404812e+00
    endloop
  endfacet
  facet normal -9.914446e-01 0.000000e+00 1.305283e-01
    outer loop
      vertex   -1.088397e+01 -3.090000e+01 -7.154811e+00
      vertex   -1.090101e+01 -3.090000e+01 -7.284221e+00
      vertex   -1.088397e+01 -3.250000e+01 -7.154811e+00
    endloop
  endfacet
  facet normal -9.914446e-01 0.000000e+00 1.305283e-01
    outer loop
      vertex   -1.088397e+01 -3.250000e+01 -7.154811e+00
      vertex   -1.090101e+01 -3.090000e+01 -7.284221e+00
      vertex   -1.090101e+01 -3.250000e+01 -7.284221e+00
    endloop
  endfacet
  facet normal 0.000000e+00 0.000000e+00 1.000000e+00
    outer loop
      vertex   -1.138397e+01 -3.090000e+01 -7.654812e+00
      vertex   -2.163397e+01 -3.090000e+01 -7.654812e+00
      vertex   -1.138397e+01 -3.250000e+01 -7.654812e+00
    endloop
  endfacet
  facet normal 0.000000e+00 0.000000e+00 1.000000e+00
    outer loop
      vertex   -1.138397e+01 -3.250000e+01 -7.654812e+00
      vertex   -2.163397e+01 -3.090000e+01 -7.654812e+00
      vertex   -2.163397e+01 -3.250000e+01 -7.654812e+00
    endloop
  endfacet
  facet normal 9.914469e-01 0.000000e+00 1.305103e-01
    outer loop
      vertex   -2.211694e+01 -3.090000e+01 -7.284221e+00
      vertex   -2.213397e+01 -3.090000e+01 -7.154811e+00
      vertex   -2.211694e+01 -3.250000e+01 -7.284221e+00
    endloop
  endfacet
  facet normal 9.914469e-01 0.000000e+00 1.305103e-01
    outer loop
      vertex   -2.211694e+01 -3.250000e+01 -7.284221e+00
      vertex   -2.213397e+01 -3.090000e+01 -7.154811e+00
      vertex   -2.213397e+01 -3.250000e+01 -7.154811e+00
    endloop
  endfacet
  facet normal 9.238770e-01 0.000000e+00 3.826895e-01
    outer loop
      vertex   -2.206698e+01 -3.090000e+01 -7.404812e+00
      vertex   -2.211694e+01 -3.090000e+01 -7.284221e+00
      vertex   -2.206698e+01 -3.250000e+01 -7.404812e+00
    endloop
  endfacet
  facet normal 9.238770e-01 0.000000e+00 3.826895e-01
    outer loop
      vertex   -2.206698e+01 -3.250000e+01 -7.404812e+00
      vertex   -2.211694e+01 -3.090000e+01 -7.284221e+00
      vertex   -2.211694e+01 -3.250000e+01 -7.284221e+00
    endloop
  endfacet
  facet normal 7.933515e-01 0.000000e+00 6.087638e-01
    outer loop
      vertex   -2.198752e+01 -3.090000e+01 -7.508365e+00
      vertex   -2.206698e+01 -3.090000e+01 -7.404812e+00
      vertex   -2.198752e+01 -3.250000e+01 -7.508365e+00
    endloop
  endfacet
  facet normal 7.933515e-01 0.000000e+00 6.087638e-01
    outer loop
      vertex   -2.198752e+01 -3.250000e+01 -7.508365e+00
      vertex   -2.206698e+01 -3.090000e+01 -7.404812e+00
      vertex   -2.206698e+01 -3.250000e+01 -7.404812e+00
    endloop
  endfacet
  facet normal 6.087650e-01 0.000000e+00 7.933506e-01
    outer loop
      vertex   -2.188397e+01 -3.090000e+01 -7.587825e+00
      vertex   -2.198752e+01 -3.090000e+01 -7.508365e+00
      vertex   -2.188397e+01 -3.250000e+01 -7.587825e+00
    endloop
  endfacet
  facet normal 6.087650e-01 0.000000e+00 7.933506e-01
    outer loop
      vertex   -2.188397e+01 -3.250000e+01 -7.587825e+00
      vertex   -2.198752e+01 -3.090000e+01 -7.508365e+00
      vertex   -2.198752e+01 -3.250000e+01 -7.508365e+00
    endloop
  endfacet
  facet normal 3.826769e-01 0.000000e+00 9.238823e-01
    outer loop
      vertex   -2.176338e+01 -3.090000e+01 -7.637774e+00
      vertex   -2.188397e+01 -3.090000e+01 -7.587825e+00
      vertex   -2.176338e+01 -3.250000e+01 -7.637774e+00
    endloop
  endfacet
  facet normal 3.826769e-01 0.000000e+00 9.238823e-01
    outer loop
      vertex   -2.176338e+01 -3.250000e+01 -7.637774e+00
      vertex   -2.188397e+01 -3.090000e+01 -7.587825e+00
      vertex   -2.188397e+01 -3.250000e+01 -7.587825e+00
    endloop
  endfacet
  facet normal 1.305269e-01 0.000000e+00 9.914448e-01
    outer loop
      vertex   -2.163397e+01 -3.090000e+01 -7.654812e+00
      vertex   -2.176338e+01 -3.090000e+01 -7.637774e+00
      vertex   -2.163397e+01 -3.250000e+01 -7.654812e+00
    endloop
  endfacet
  facet normal 1.305269e-01 0.000000e+00 9.914448e-01
    outer loop
      vertex   -2.163397e+01 -3.250000e+01 -7.654812e+00
      vertex   -2.176338e+01 -3.090000e+01 -7.637774e+00
      vertex   -2.176338e+01 -3.250000e+01 -7.637774e+00
    endloop
  endfacet
  facet normal 1.000000e+00 0.000000e+00 -0.000000e+00
    outer loop
      vertex   -2.213397e+01 -3.090000e+01 -7.154811e+00
      vertex   -2.213397e+01 -3.090000e+01 5.951889e-01
      vertex   -2.213397e+01 -3.250000e+01 -7.154811e+00
    endloop
  endfacet
  facet normal 1.000000e+00 0.000000e+00 0.000000e+00
    outer loop
      vertex   -2.213397e+01 -3.250000e+01 -7.154811e+00
      vertex   -2.213397e+01 -3.090000e+01 5.951889e-01
      vertex   -2.213397e+01 -3.250000e+01 5.951889e-01
    endloop
  endfacet
  facet normal 0.000000e+00 0.000000e+00 1.000000e+00
    outer loop
      vertex   -4.250000e+01 -2.500000e+01 -9.986939e+00
      vertex   -4.540000e+01 -2.500000e+01 -9.986939e+00
      vertex   -4.244236e+01 -2.558527e+01 -9.986939e+00
    endloop
  endfacet
  facet normal 0.000000e+00 0.000000e+00 1.000000e+00
    outer loop
      vertex   -4.244236e+01 -2.558527e+01 -9.986939e+00
      vertex   -4.540000e+01 -2.500000e+01 -9.986939e+00
      vertex   -4.532737e+01 -2.592296e+01 -9.986939e+00
    endloop
  endfacet
  facet normal 0.000000e+00 0.000000e+00 1.000000e+00
    outer loop
      vertex   -4.244236e+01 -2.558527e+01 -9.986939e+00
      vertex   -4.532737e+01 -2.592296e+01 -9.986939e+00
      vertex   -4.227164e+01 -2.614805e+01 -9.986939e+00
    endloop
  endfacet
  facet normal 0.000000e+00 0.000000e+00 1.000000e+00
    outer loop
      vertex   -4.227164e+01 -2.614805e+01 -9.986939e+00
      vertex   -4.532737e+01 -2.592296e+01 -9.986939e+00
      vertex   -4.511123e+01 -2.682320e+01 -9.986939e+00
    endloop
  endfacet
  facet normal 0.000000e+00 0.000000e+00 1.000000e+00
    outer loop
      vertex   -4.227164e+01 -2.614805e+01 -9.986939e+00
      vertex   -4.511123e+01 -2.682320e+01 -9.986939e+00
      vertex   -4.199441e+01 -2.666671e+01 -9.986939e+00
    endloop
  endfacet
  facet normal 0.000000e+00 0.000000e+00 1.000000e+00
    outer loop
      vertex   -4.199441e+01 -2.666671e+01 -9.986939e+00
      vertex   -4.511123e+01 -2.682320e+01 -9.986939e+00
      vertex   -4.162132e+01 -2.712132e+01 -9.986939e+00
    endloop
  endfacet
  facet normal 0.000000e+00 0.000000e+00 1.000000e+00
    outer loop
      vertex   -4.162132e+01 -2.712132e+01 -9.986939e+00
      vertex   -4.511123e+01 -2.682320e+01 -9.986939e+00
      vertex   -4.475694e+01 -2.767854e+01 -9.986939e+00
    endloop
  endfacet
  facet normal 0.000000e+00 0.000000e+00 1.000000e+00
    outer loop
      vertex   -4.162132e+01 -2.712132e+01 -9.986939e+00
      vertex   -4.475694e+01 -2.767854e+01 -9.986939e+00
      vertex   -4.116671e+01 -2.749441e+01 -9.986939e+00
    endloop
  endfacet
  facet normal 0.000000e+00 0.000000e+00 1.000000e+00
    outer loop
      vertex   -4.116671e+01 -2.749441e+01 -9.986939e+00
      vertex   -4.475694e+01 -2.767854e+01 -9.986939e+00
      vertex   -4.064805e+01 -2.777164e+01 -9.986939e+00
    endloop
  endfacet
  facet normal 0.000000e+00 0.000000e+00 1.000000e+00
    outer loop
      vertex   -4.064805e+01 -2.777164e+01 -9.986939e+00
      vertex   -4.475694e+01 -2.767854e+01 -9.986939e+00
      vertex   -4.008527e+01 -2.794236e+01 -9.986939e+00
    endloop
  endfacet
  facet normal 0.000000e+00 0.000000e+00 1.000000e+00
    outer loop
      vertex   -4.008527e+01 -2.794236e+01 -9.986939e+00
      vertex   -4.475694e+01 -2.767854e+01 -9.986939e+00
      vertex   -4.427320e+01 -2.846793e+01 -9.986939e+00
    endloop
  endfacet
  facet normal 0.000000e+00 0.000000e+00 1.000000e+00
    outer loop
      vertex   -4.008527e+01 -2.794236e+01 -9.986939e+00
      vertex   -4.427320e+01 -2.846793e+01 -9.986939e+00
      vertex   -3.950000e+01 -2.800000e+01 -9.986939e+00
    endloop
  endfacet
  facet normal 0.000000e+00 0.000000e+00 1.000000e+00
    outer loop
      vertex   -3.950000e+01 -2.800000e+01 -9.986939e+00
      vertex   -4.427320e+01 -2.846793e+01 -9.986939e+00
      vertex   -4.367193e+01 -2.917193e+01 -9.986939e+00
    endloop
  endfacet
  facet normal -0.000000e+00 0.000000e+00 1.000000e+00
    outer loop
      vertex   -3.950000e+01 -2.800000e+01 -9.986939e+00
      vertex   -4.367193e+01 -2.917193e+01 -9.986939e+00
      vertex   -3.706351e+01 -2.800000e+01 -9.986939e+00
    endloop
  endfacet
  facet normal 0.000000e+00 0.000000e+00 1.000000e+00
    outer loop
      vertex   -3.706351e+01 -2.800000e+01 -9.986939e+00
      vertex   -4.367193e+01 -2.917193e+01 -9.986939e+00
      vertex   -4.296793e+01 -2.977320e+01 -9.986939e+00
    endloop
  endfacet
  facet normal 0.000000e+00 0.000000e+00 1.000000e+00
    outer loop
      vertex   -3.706351e+01 -2.800000e+01 -9.986939e+00
      vertex   -4.296793e+01 -2.977320e+01 -9.986939e+00
      vertex   -4.217854e+01 -3.025694e+01 -9.986939e+00
    endloop
  endfacet
  facet normal 0.000000e+00 -0.000000e+00 1.000000e+00
    outer loop
      vertex   -4.250000e+01 -2.500000e+01 -9.986939e+00
      vertex   -4.250000e+01 -2.256351e+01 -9.986939e+00
      vertex   -4.540000e+01 -2.500000e+01 -9.986939e+00
    endloop
  endfacet
  facet normal 0.000000e+00 0.000000e+00 1.000000e+00
    outer loop
      vertex   -4.540000e+01 -2.500000e+01 -9.986939e+00
      vertex   -4.250000e+01 -2.256351e+01 -9.986939e+00
      vertex   -4.540000e+01 -2.000000e+01 -9.986939e+00
    endloop
  endfacet
  facet normal 0.000000e+00 0.000000e+00 1.000000e+00
    outer loop
      vertex   -4.540000e+01 -2.000000e+01 -9.986939e+00
      vertex   -4.250000e+01 -2.256351e+01 -9.986939e+00
      vertex   -4.208385e+01 -2.195248e+01 -9.986939e+00
    endloop
  endfacet
  facet normal 0.000000e+00 0.000000e+00 1.000000e+00
    outer loop
      vertex   -4.540000e+01 -2.000000e+01 -9.986939e+00
      vertex   -4.208385e+01 -2.195248e+01 -9.986939e+00
      vertex   -4.156237e+01 -2.142848e+01 -9.986939e+00
    endloop
  endfacet
  facet normal 0.000000e+00 -0.000000e+00 1.000000e+00
    outer loop
      vertex   -4.156237e+01 -2.142848e+01 -9.986939e+00
      vertex   -4.095336e+01 -2.100939e+01 -9.986939e+00
      vertex   -4.540000e+01 -2.000000e+01 -9.986939e+00
    endloop
  endfacet
  facet normal 0.000000e+00 0.000000e+00 1.000000e+00
    outer loop
      vertex   -4.540000e+01 -2.000000e+01 -9.986939e+00
      vertex   -4.095336e+01 -2.100939e+01 -9.986939e+00
      vertex   -4.027762e+01 -2.070953e+01 -9.986939e+00
    endloop
  endfacet
  facet normal 0.000000e+00 0.000000e+00 1.000000e+00
    outer loop
      vertex   -4.540000e+01 -2.000000e+01 -9.986939e+00
      vertex   -4.027762e+01 -2.070953e+01 -9.986939e+00
      vertex   -3.955825e+01 -2.053915e+01 -9.986939e+00
    endloop
  endfacet
  facet normal 0.000000e+00 -0.000000e+00 1.000000e+00
    outer loop
      vertex   -3.955825e+01 -2.053915e+01 -9.986939e+00
      vertex   -3.881980e+01 -2.050406e+01 -9.986939e+00
      vertex   -4.540000e+01 -2.000000e+01 -9.986939e+00
    endloop
  endfacet
  facet normal 0.000000e+00 0.000000e+00 1.000000e+00
    outer loop
      vertex   -4.540000e+01 -2.000000e+01 -9.986939e+00
      vertex   -3.881980e+01 -2.050406e+01 -9.986939e+00
      vertex   1.900000e+01 -2.050000e+01 -9.986939e+00
    endloop
  endfacet
  facet normal -0.000000e+00 0.000000e+00 1.000000e+00
    outer loop
      vertex   -4.540000e+01 -2.000000e+01 -9.986939e+00
      vertex   1.900000e+01 -2.050000e+01 -9.986939e+00
      vertex   4.540000e+01 -2.000000e+01 -9.986939e+00
    endloop
  endfacet
  facet normal 0.000000e+00 0.000000e+00 1.000000e+00
    outer loop
      vertex   4.540000e+01 -2.000000e+01 -9.986939e+00
      vertex   1.900000e+01 -2.050000e+01 -9.986939e+00
      vertex   1.974877e+01 -2.057070e+01 -9.986939e+00
    endloop
  endfacet
  facet normal 0.000000e+00 0.000000e+00 1.000000e+00
    outer loop
      vertex   4.540000e+01 -2.000000e+01 -9.986939e+00
      vertex   1.974877e+01 -2.057070e+01 -9.986939e+00
      vertex   2.047106e+01 -2.078032e+01 -9.986939e+00
    endloop
  endfacet
  facet normal 0.000000e+00 0.000000e+00 1.000000e+00
    outer loop
      vertex   1.900000e+01 -2.050000e+01 -9.986939e+00
      vertex   -3.881980e+01 -2.050406e+01 -9.986939e+00
      vertex   1.825123e+01 -2.057070e+01 -9.986939e+00
    endloop
  endfacet
  facet normal 0.000000e+00 0.000000e+00 1.000000e+00
    outer loop
      vertex   1.825123e+01 -2.057070e+01 -9.986939e+00
      vertex   -3.881980e+01 -2.050406e+01 -9.986939e+00
      vertex   -3.808751e+01 -2.060547e+01 -9.986939e+00
    endloop
  endfacet
  facet normal 0.000000e+00 0.000000e+00 1.000000e+00
    outer loop
      vertex   1.825123e+01 -2.057070e+01 -9.986939e+00
      vertex   -3.808751e+01 -2.060547e+01 -9.986939e+00
      vertex   1.752894e+01 -2.078032e+01 -9.986939e+00
    endloop
  endfacet
  facet normal 0.000000e+00 0.000000e+00 1.000000e+00
    outer loop
      vertex   1.752894e+01 -2.078032e+01 -9.986939e+00
      vertex   -3.808751e+01 -2.060547e+01 -9.986939e+00
      vertex   -3.738640e+01 -2.083991e+01 -9.986939e+00
    endloop
  endfacet
  facet normal 0.000000e+00 0.000000e+00 1.000000e+00
    outer loop
      vertex   1.752894e+01 -2.078032e+01 -9.986939e+00
      vertex   -3.738640e+01 -2.083991e+01 -9.986939e+00
      vertex   1.685865e+01 -2.112145e+01 -9.986939e+00
    endloop
  endfacet
  facet normal 0.000000e+00 0.000000e+00 1.000000e+00
    outer loop
      vertex   1.685865e+01 -2.112145e+01 -9.986939e+00
      vertex   -3.738640e+01 -2.083991e+01 -9.986939e+00
      vertex   -3.674039e+01 -2.119937e+01 -9.986939e+00
    endloop
  endfacet
  facet normal 0.000000e+00 0.000000e+00 1.000000e+00
    outer loop
      vertex   1.685865e+01 -2.112145e+01 -9.986939e+00
      vertex   -3.674039e+01 -2.119937e+01 -9.986939e+00
      vertex   1.626407e+01 -2.158201e+01 -9.986939e+00
    endloop
  endfacet
  facet normal 0.000000e+00 0.000000e+00 1.000000e+00
    outer loop
      vertex   1.626407e+01 -2.158201e+01 -9.986939e+00
      vertex   -3.674039e+01 -2.119937e+01 -9.986939e+00
      vertex   -3.617157e+01 -2.167157e+01 -9.986939e+00
    endloop
  endfacet
  facet normal 0.000000e+00 0.000000e+00 1.000000e+00
    outer loop
      vertex   1.626407e+01 -2.158201e+01 -9.986939e+00
      vertex   -3.617157e+01 -2.167157e+01 -9.986939e+00
      vertex   1.576621e+01 -2.214573e+01 -9.986939e+00
    endloop
  endfacet
  facet normal 0.000000e+00 0.000000e+00 1.000000e+00
    outer loop
      vertex   1.576621e+01 -2.214573e+01 -9.986939e+00
      vertex   -3.617157e+01 -2.167157e+01 -9.986939e+00
      vertex   -3.569937e+01 -2.224039e+01 -9.986939e+00
    endloop
  endfacet
  facet normal 0.000000e+00 0.000000e+00 1.000000e+00
    outer loop
      vertex   1.576621e+01 -2.214573e+01 -9.986939e+00
      vertex   -3.569937e+01 -2.224039e+01 -9.986939e+00
      vertex   1.538267e+01 -2.279269e+01 -9.986939e+00
    endloop
  endfacet
  facet normal 0.000000e+00 0.000000e+00 1.000000e+00
    outer loop
      vertex   1.538267e+01 -2.279269e+01 -9.986939e+00
      vertex   -3.569937e+01 -2.224039e+01 -9.986939e+00
      vertex   -3.533991e+01 -2.288639e+01 -9.986939e+00
    endloop
  endfacet
  facet normal 0.000000e+00 0.000000e+00 1.000000e+00
    outer loop
      vertex   1.538267e+01 -2.279269e+01 -9.986939e+00
      vertex   -3.533991e+01 -2.288639e+01 -9.986939e+00
      vertex   1.512702e+01 -2.350000e+01 -9.986939e+00
    endloop
  endfacet
  facet normal 0.000000e+00 0.000000e+00 1.000000e+00
    outer loop
      vertex   1.512702e+01 -2.350000e+01 -9.986939e+00
      vertex   -3.533991e+01 -2.288639e+01 -9.986939e+00
      vertex   -3.510547e+01 -2.358751e+01 -9.986939e+00
    endloop
  endfacet
  facet normal 0.000000e+00 0.000000e+00 1.000000e+00
    outer loop
      vertex   1.512702e+01 -2.350000e+01 -9.986939e+00
      vertex   -3.510547e+01 -2.358751e+01 -9.986939e+00
      vertex   1.500829e+01 -2.424267e+01 -9.986939e+00
    endloop
  endfacet
  facet normal 0.000000e+00 0.000000e+00 1.000000e+00
    outer loop
      vertex   1.500829e+01 -2.424267e+01 -9.986939e+00
      vertex   -3.510547e+01 -2.358751e+01 -9.986939e+00
      vertex   -3.500406e+01 -2.431980e+01 -9.986939e+00
    endloop
  endfacet
  facet normal 0.000000e+00 0.000000e+00 1.000000e+00
    outer loop
      vertex   1.500829e+01 -2.424267e+01 -9.986939e+00
      vertex   -3.500406e+01 -2.431980e+01 -9.986939e+00
      vertex   1.503067e+01 -2.499443e+01 -9.986939e+00
    endloop
  endfacet
  facet normal 0.000000e+00 0.000000e+00 1.000000e+00
    outer loop
      vertex   1.503067e+01 -2.499443e+01 -9.986939e+00
      vertex   -3.500406e+01 -2.431980e+01 -9.986939e+00
      vertex   -3.503915e+01 -2.505825e+01 -9.986939e+00
    endloop
  endfacet
  facet normal 0.000000e+00 0.000000e+00 1.000000e+00
    outer loop
      vertex   1.503067e+01 -2.499443e+01 -9.986939e+00
      vertex   -3.503915e+01 -2.505825e+01 -9.986939e+00
      vertex   1.519339e+01 -2.572871e+01 -9.986939e+00
    endloop
  endfacet
  facet normal 0.000000e+00 0.000000e+00 1.000000e+00
    outer loop
      vertex   1.519339e+01 -2.572871e+01 -9.986939e+00
      vertex   -3.503915e+01 -2.505825e+01 -9.986939e+00
      vertex   -3.520953e+01 -2.577762e+01 -9.986939e+00
    endloop
  endfacet
  facet normal 0.000000e+00 0.000000e+00 1.000000e+00
    outer loop
      vertex   1.519339e+01 -2.572871e+01 -9.986939e+00
      vertex   -3.520953e+01 -2.577762e+01 -9.986939e+00
      vertex   1.549069e+01 -2.641956e+01 -9.986939e+00
    endloop
  endfacet
  facet normal 0.000000e+00 0.000000e+00 1.000000e+00
    outer loop
      vertex   1.549069e+01 -2.641956e+01 -9.986939e+00
      vertex   -3.520953e+01 -2.577762e+01 -9.986939e+00
      vertex   -3.550938e+01 -2.645336e+01 -9.986939e+00
    endloop
  endfacet
  facet normal 0.000000e+00 0.000000e+00 1.000000e+00
    outer loop
      vertex   1.549069e+01 -2.641956e+01 -9.986939e+00
      vertex   -3.550938e+01 -2.645336e+01 -9.986939e+00
      vertex   1.591204e+01 -2.704254e+01 -9.986939e+00
    endloop
  endfacet
  facet normal 0.000000e+00 0.000000e+00 1.000000e+00
    outer loop
      vertex   1.591204e+01 -2.704254e+01 -9.986939e+00
      vertex   -3.550938e+01 -2.645336e+01 -9.986939e+00
      vertex   -3.592848e+01 -2.706237e+01 -9.986939e+00
    endloop
  endfacet
  facet normal 0.000000e+00 0.000000e+00 1.000000e+00
    outer loop
      vertex   1.591204e+01 -2.704254e+01 -9.986939e+00
      vertex   -3.592848e+01 -2.706237e+01 -9.986939e+00
      vertex   1.644257e+01 -2.757564e+01 -9.986939e+00
    endloop
  endfacet
  facet normal 0.000000e+00 0.000000e+00 1.000000e+00
    outer loop
      vertex   1.644257e+01 -2.757564e+01 -9.986939e+00
      vertex   -3.592848e+01 -2.706237e+01 -9.986939e+00
      vertex   -3.645248e+01 -2.758385e+01 -9.986939e+00
    endloop
  endfacet
  facet normal 0.000000e+00 0.000000e+00 1.000000e+00
    outer loop
      vertex   1.644257e+01 -2.757564e+01 -9.986939e+00
      vertex   -3.645248e+01 -2.758385e+01 -9.986939e+00
      vertex   1.706351e+01 -2.800000e+01 -9.986939e+00
    endloop
  endfacet
  facet normal 0.000000e+00 0.000000e+00 1.000000e+00
    outer loop
      vertex   1.706351e+01 -2.800000e+01 -9.986939e+00
      vertex   -3.645248e+01 -2.758385e+01 -9.986939e+00
      vertex   -3.706351e+01 -2.800000e+01 -9.986939e+00
    endloop
  endfacet
  facet normal 0.000000e+00 0.000000e+00 1.000000e+00
    outer loop
      vertex   1.706351e+01 -2.800000e+01 -9.986939e+00
      vertex   -3.706351e+01 -2.800000e+01 -9.986939e+00
      vertex   -3.950000e+01 -3.090000e+01 -9.986939e+00
    endloop
  endfacet
  facet normal 0.000000e+00 -0.000000e+00 1.000000e+00
    outer loop
      vertex   -3.950000e+01 -3.090000e+01 -9.986939e+00
      vertex   -3.706351e+01 -2.800000e+01 -9.986939e+00
      vertex   -4.217854e+01 -3.025694e+01 -9.986939e+00
    endloop
  endfacet
  facet normal 0.000000e+00 0.000000e+00 1.000000e+00
    outer loop
      vertex   -3.950000e+01 -3.090000e+01 -9.986939e+00
      vertex   -4.217854e+01 -3.025694e+01 -9.986939e+00
      vertex   -4.132320e+01 -3.061123e+01 -9.986939e+00
    endloop
  endfacet
  facet normal -0.000000e+00 0.000000e+00 1.000000e+00
    outer loop
      vertex   2.155743e+01 -2.757564e+01 -9.986939e+00
      vertex   4.475694e+01 -2.767854e+01 -9.986939e+00
      vertex   2.208796e+01 -2.704254e+01 -9.986939e+00
    endloop
  endfacet
  facet normal -0.000000e+00 0.000000e+00 1.000000e+00
    outer loop
      vertex   2.208796e+01 -2.704254e+01 -9.986939e+00
      vertex   4.475694e+01 -2.767854e+01 -9.986939e+00
      vertex   4.511123e+01 -2.682320e+01 -9.986939e+00
    endloop
  endfacet
  facet normal 0.000000e+00 0.000000e+00 1.000000e+00
    outer loop
      vertex   2.208796e+01 -2.704254e+01 -9.986939e+00
      vertex   4.511123e+01 -2.682320e+01 -9.986939e+00
      vertex   2.250932e+01 -2.641956e+01 -9.986939e+00
    endloop
  endfacet
  facet normal -0.000000e+00 0.000000e+00 1.000000e+00
    outer loop
      vertex   2.250932e+01 -2.641956e+01 -9.986939e+00
      vertex   4.511123e+01 -2.682320e+01 -9.986939e+00
      vertex   4.532737e+01 -2.592296e+01 -9.986939e+00
    endloop
  endfacet
  facet normal 0.000000e+00 0.000000e+00 1.000000e+00
    outer loop
      vertex   2.250932e+01 -2.641956e+01 -9.986939e+00
      vertex   4.532737e+01 -2.592296e+01 -9.986939e+00
      vertex   2.280661e+01 -2.572871e+01 -9.986939e+00
    endloop
  endfacet
  facet normal -0.000000e+00 0.000000e+00 1.000000e+00
    outer loop
      vertex   2.280661e+01 -2.572871e+01 -9.986939e+00
      vertex   4.532737e+01 -2.592296e+01 -9.986939e+00
      vertex   4.540000e+01 -2.500000e+01 -9.986939e+00
    endloop
  endfacet
  facet normal 0.000000e+00 0.000000e+00 1.000000e+00
    outer loop
      vertex   2.280661e+01 -2.572871e+01 -9.986939e+00
      vertex   4.540000e+01 -2.500000e+01 -9.986939e+00
      vertex   2.296932e+01 -2.499443e+01 -9.986939e+00
    endloop
  endfacet
  facet normal -0.000000e+00 0.000000e+00 1.000000e+00
    outer loop
      vertex   2.296932e+01 -2.499443e+01 -9.986939e+00
      vertex   4.540000e+01 -2.500000e+01 -9.986939e+00
      vertex   2.299171e+01 -2.424267e+01 -9.986939e+00
    endloop
  endfacet
  facet normal -0.000000e+00 -0.000000e+00 1.000000e+00
    outer loop
      vertex   2.299171e+01 -2.424267e+01 -9.986939e+00
      vertex   4.540000e+01 -2.500000e+01 -9.986939e+00
      vertex   2.287298e+01 -2.350000e+01 -9.986939e+00
    endloop
  endfacet
  facet normal -0.000000e+00 -0.000000e+00 1.000000e+00
    outer loop
      vertex   2.287298e+01 -2.350000e+01 -9.986939e+00
      vertex   4.540000e+01 -2.500000e+01 -9.986939e+00
      vertex   2.261733e+01 -2.279269e+01 -9.986939e+00
    endloop
  endfacet
  facet normal -0.000000e+00 0.000000e+00 1.000000e+00
    outer loop
      vertex   2.261733e+01 -2.279269e+01 -9.986939e+00
      vertex   4.540000e+01 -2.500000e+01 -9.986939e+00
      vertex   4.540000e+01 -2.000000e+01 -9.986939e+00
    endloop
  endfacet
  facet normal 0.000000e+00 -0.000000e+00 1.000000e+00
    outer loop
      vertex   2.261733e+01 -2.279269e+01 -9.986939e+00
      vertex   4.540000e+01 -2.000000e+01 -9.986939e+00
      vertex   2.223380e+01 -2.214573e+01 -9.986939e+00
    endloop
  endfacet
  facet normal 0.000000e+00 -0.000000e+00 1.000000e+00
    outer loop
      vertex   2.223380e+01 -2.214573e+01 -9.986939e+00
      vertex   4.540000e+01 -2.000000e+01 -9.986939e+00
      vertex   2.173593e+01 -2.158201e+01 -9.986939e+00
    endloop
  endfacet
  facet normal 0.000000e+00 -0.000000e+00 1.000000e+00
    outer loop
      vertex   2.173593e+01 -2.158201e+01 -9.986939e+00
      vertex   4.540000e+01 -2.000000e+01 -9.986939e+00
      vertex   2.114135e+01 -2.112145e+01 -9.986939e+00
    endloop
  endfacet
  facet normal 0.000000e+00 -0.000000e+00 1.000000e+00
    outer loop
      vertex   2.114135e+01 -2.112145e+01 -9.986939e+00
      vertex   4.540000e+01 -2.000000e+01 -9.986939e+00
      vertex   2.047106e+01 -2.078032e+01 -9.986939e+00
    endloop
  endfacet
  facet normal 0.000000e+00 0.000000e+00 1.000000e+00
    outer loop
      vertex   4.475694e+01 -2.767854e+01 -9.986939e+00
      vertex   2.155743e+01 -2.757564e+01 -9.986939e+00
      vertex   4.427320e+01 -2.846793e+01 -9.986939e+00
    endloop
  endfacet
  facet normal 0.000000e+00 0.000000e+00 1.000000e+00
    outer loop
      vertex   4.427320e+01 -2.846793e+01 -9.986939e+00
      vertex   2.155743e+01 -2.757564e+01 -9.986939e+00
      vertex   2.093649e+01 -2.800000e+01 -9.986939e+00
    endloop
  endfacet
  facet normal 0.000000e+00 0.000000e+00 1.000000e+00
    outer loop
      vertex   4.427320e+01 -2.846793e+01 -9.986939e+00
      vertex   2.093649e+01 -2.800000e+01 -9.986939e+00
      vertex   4.367193e+01 -2.917193e+01 -9.986939e+00
    endloop
  endfacet
  facet normal 0.000000e+00 0.000000e+00 1.000000e+00
    outer loop
      vertex   4.367193e+01 -2.917193e+01 -9.986939e+00
      vertex   2.093649e+01 -2.800000e+01 -9.986939e+00
      vertex   4.296793e+01 -2.977320e+01 -9.986939e+00
    endloop
  endfacet
  facet normal 0.000000e+00 0.000000e+00 1.000000e+00
    outer loop
      vertex   4.296793e+01 -2.977320e+01 -9.986939e+00
      vertex   2.093649e+01 -2.800000e+01 -9.986939e+00
      vertex   4.217854e+01 -3.025694e+01 -9.986939e+00
    endloop
  endfacet
  facet normal 0.000000e+00 0.000000e+00 1.000000e+00
    outer loop
      vertex   4.217854e+01 -3.025694e+01 -9.986939e+00
      vertex   2.093649e+01 -2.800000e+01 -9.986939e+00
      vertex   3.950000e+01 -3.090000e+01 -9.986939e+00
    endloop
  endfacet
  facet normal 0.000000e+00 0.000000e+00 1.000000e+00
    outer loop
      vertex   4.217854e+01 -3.025694e+01 -9.986939e+00
      vertex   3.950000e+01 -3.090000e+01 -9.986939e+00
      vertex   4.132320e+01 -3.061123e+01 -9.986939e+00
    endloop
  endfacet
  facet normal 0.000000e+00 0.000000e+00 1.000000e+00
    outer loop
      vertex   4.132320e+01 -3.061123e+01 -9.986939e+00
      vertex   3.950000e+01 -3.090000e+01 -9.986939e+00
      vertex   4.042296e+01 -3.082736e+01 -9.986939e+00
    endloop
  endfacet
  facet normal 0.000000e+00 0.000000e+00 1.000000e+00
    outer loop
      vertex   2.093649e+01 -2.800000e+01 -9.986939e+00
      vertex   1.706351e+01 -2.800000e+01 -9.986939e+00
      vertex   3.950000e+01 -3.090000e+01 -9.986939e+00
    endloop
  endfacet
  facet normal 0.000000e+00 0.000000e+00 1.000000e+00
    outer loop
      vertex   3.950000e+01 -3.090000e+01 -9.986939e+00
      vertex   1.706351e+01 -2.800000e+01 -9.986939e+00
      vertex   -3.950000e+01 -3.090000e+01 -9.986939e+00
    endloop
  endfacet
  facet normal 0.000000e+00 0.000000e+00 1.000000e+00
    outer loop
      vertex   -4.132320e+01 -3.061123e+01 -9.986939e+00
      vertex   -4.042296e+01 -3.082736e+01 -9.986939e+00
      vertex   -3.950000e+01 -3.090000e+01 -9.986939e+00
    endloop
  endfacet
  facet normal 0.000000e+00 0.000000e+00 -1.000000e+00
    outer loop
      vertex   -3.974930e+01 -3.248366e+01 -1.158694e+01
      vertex   3.959887e+01 -3.248366e+01 -1.158694e+01
      vertex   -3.950000e+01 -3.250000e+01 -1.158694e+01
    endloop
  endfacet
  facet normal 0.000000e+00 0.000000e+00 -1.000000e+00
    outer loop
      vertex   -3.950000e+01 -3.250000e+01 -1.158694e+01
      vertex   3.959887e+01 -3.248366e+01 -1.158694e+01
      vertex   3.950000e+01 -3.250000e+01 -1.158694e+01
    endloop
  endfacet
  facet normal 0.000000e+00 0.000000e+00 -1.000000e+00
    outer loop
      vertex   3.950000e+01 -3.250000e+01 -1.158694e+01
      vertex   3.959887e+01 -3.248366e+01 -1.158694e+01
      vertex   3.966088e+01 -3.248340e+01 -1.158694e+01
    endloop
  endfacet
  facet normal 0.000000e+00 0.000000e+00 -1.000000e+00
    outer loop
      vertex   3.950000e+01 -3.250000e+01 -1.158694e+01
      vertex   3.966088e+01 -3.248340e+01 -1.158694e+01
      vertex   3.972288e+01 -3.248262e+01 -1.158694e+01
    endloop
  endfacet
  facet normal 0.000000e+00 -0.000000e+00 -1.000000e+00
    outer loop
      vertex   3.972288e+01 -3.248262e+01 -1.158694e+01
      vertex   3.978487e+01 -3.248133e+01 -1.158694e+01
      vertex   3.950000e+01 -3.250000e+01 -1.158694e+01
    endloop
  endfacet
  facet normal 0.000000e+00 0.000000e+00 -1.000000e+00
    outer loop
      vertex   -4.540000e+01 -7.000000e+00 -4.586940e+00
      vertex   -4.700000e+01 -7.000000e+00 -4.586940e+00
      vertex   -4.540000e+01 7.000000e+00 -4.586940e+00
    endloop
  endfacet
  facet normal -0.000000e+00 0.000000e+00 -1.000000e+00
    outer loop
      vertex   -4.540000e+01 7.000000e+00 -4.586940e+00
      vertex   -4.700000e+01 -7.000000e+00 -4.586940e+00
      vertex   -4.700000e+01 7.000000e+00 -4.586940e+00
    endloop
  endfacet
  facet normal 0.000000e+00 1.305283e-01 -9.914446e-01
    outer loop
      vertex   -4.540000e+01 -7.258819e+00 -4.621014e+00
      vertex   -4.700000e+01 -7.258819e+00 -4.621014e+00
      vertex   -4.540000e+01 -7.000000e+00 -4.586940e+00
    endloop
  endfacet
  facet normal 0.000000e+00 1.305283e-01 -9.914446e-01
    outer loop
      vertex   -4.540000e+01 -7.000000e+00 -4.586940e+00
      vertex   -4.700000e+01 -7.258819e+00 -4.621014e+00
      vertex   -4.700000e+01 -7.000000e+00 -4.586940e+00
    endloop
  endfacet
  facet normal 0.000000e+00 3.826817e-01 -9.238803e-01
    outer loop
      vertex   -4.540000e+01 -7.500000e+00 -4.720914e+00
      vertex   -4.700000e+01 -7.500000e+00 -4.720914e+00
      vertex   -4.540000e+01 -7.258819e+00 -4.621014e+00
    endloop
  endfacet
  facet normal 0.000000e+00 3.826817e-01 -9.238803e-01
    outer loop
      vertex   -4.540000e+01 -7.258819e+00 -4.621014e+00
      vertex   -4.700000e+01 -7.500000e+00 -4.720914e+00
      vertex   -4.700000e+01 -7.258819e+00 -4.621014e+00
    endloop
  endfacet
  facet normal 0.000000e+00 6.087631e-01 -7.933520e-01
    outer loop
      vertex   -4.540000e+01 -7.707106e+00 -4.879833e+00
      vertex   -4.700000e+01 -7.707106e+00 -4.879833e+00
      vertex   -4.540000e+01 -7.500000e+00 -4.720914e+00
    endloop
  endfacet
  facet normal 0.000000e+00 6.087631e-01 -7.933520e-01
    outer loop
      vertex   -4.540000e+01 -7.500000e+00 -4.720914e+00
      vertex   -4.700000e+01 -7.707106e+00 -4.879833e+00
      vertex   -4.700000e+01 -7.500000e+00 -4.720914e+00
    endloop
  endfacet
  facet normal 0.000000e+00 7.933523e-01 -6.087628e-01
    outer loop
      vertex   -4.540000e+01 -7.866025e+00 -5.086939e+00
      vertex   -4.700000e+01 -7.866025e+00 -5.086939e+00
      vertex   -4.540000e+01 -7.707106e+00 -4.879833e+00
    endloop
  endfacet
  facet normal 0.000000e+00 7.933523e-01 -6.087628e-01
    outer loop
      vertex   -4.540000e+01 -7.707106e+00 -4.879833e+00
      vertex   -4.700000e+01 -7.866025e+00 -5.086939e+00
      vertex   -4.700000e+01 -7.707106e+00 -4.879833e+00
    endloop
  endfacet
  facet normal 0.000000e+00 9.238798e-01 -3.826828e-01
    outer loop
      vertex   -4.700000e+01 -7.965925e+00 -5.328120e+00
      vertex   -4.700000e+01 -7.866025e+00 -5.086939e+00
      vertex   -4.540000e+01 -7.965925e+00 -5.328120e+00
    endloop
  endfacet
  facet normal 0.000000e+00 9.238798e-01 -3.826828e-01
    outer loop
      vertex   -4.540000e+01 -7.965925e+00 -5.328120e+00
      vertex   -4.700000e+01 -7.866025e+00 -5.086939e+00
      vertex   -4.540000e+01 -7.866025e+00 -5.086939e+00
    endloop
  endfacet
  facet normal 0.000000e+00 9.914445e-01 -1.305286e-01
    outer loop
      vertex   -4.700000e+01 -8.000000e+00 -5.586939e+00
      vertex   -4.700000e+01 -7.965925e+00 -5.328120e+00
      vertex   -4.540000e+01 -8.000000e+00 -5.586939e+00
    endloop
  endfacet
  facet normal 0.000000e+00 9.914445e-01 -1.305286e-01
    outer loop
      vertex   -4.540000e+01 -8.000000e+00 -5.586939e+00
      vertex   -4.700000e+01 -7.965925e+00 -5.328120e+00
      vertex   -4.540000e+01 -7.965925e+00 -5.328120e+00
    endloop
  endfacet
  facet normal 0.000000e+00 -1.000000e+00 0.000000e+00
    outer loop
      vertex   -4.540000e+01 8.000000e+00 -9.976940e+00
      vertex   -4.540000e+01 8.000000e+00 -5.586939e+00
      vertex   -4.690802e+01 8.000000e+00 -9.976940e+00
    endloop
  endfacet
  facet normal 0.000000e+00 -1.000000e+00 0.000000e+00
    outer loop
      vertex   -4.690802e+01 8.000000e+00 -9.976940e+00
      vertex   -4.540000e+01 8.000000e+00 -5.586939e+00
      vertex   -4.700000e+01 8.000000e+00 -5.586939e+00
    endloop
  endfacet
  facet normal -0.000000e+00 -1.000000e+00 0.000000e+00
    outer loop
      vertex   -4.690802e+01 8.000000e+00 -9.976940e+00
      vertex   -4.700000e+01 8.000000e+00 -5.586939e+00
      vertex   -4.700000e+01 8.000000e+00 -9.986939e+00
    endloop
  endfacet
  facet normal 0.000000e+00 -1.000000e+00 0.000000e+00
    outer loop
      vertex   -4.700000e+01 8.000000e+00 -9.986939e+00
      vertex   -4.690802e+01 8.000000e+00 -9.986939e+00
      vertex   -4.690802e+01 8.000000e+00 -9.976940e+00
    endloop
  endfacet
  facet normal 0.000000e+00 -9.914445e-01 -1.305286e-01
    outer loop
      vertex   -4.700000e+01 7.965925e+00 -5.328120e+00
      vertex   -4.700000e+01 8.000000e+00 -5.586939e+00
      vertex   -4.540000e+01 7.965925e+00 -5.328120e+00
    endloop
  endfacet
  facet normal 0.000000e+00 -9.914445e-01 -1.305286e-01
    outer loop
      vertex   -4.540000e+01 7.965925e+00 -5.328120e+00
      vertex   -4.700000e+01 8.000000e+00 -5.586939e+00
      vertex   -4.540000e+01 8.000000e+00 -5.586939e+00
    endloop
  endfacet
  facet normal 0.000000e+00 -9.238798e-01 -3.826828e-01
    outer loop
      vertex   -4.700000e+01 7.866025e+00 -5.086939e+00
      vertex   -4.700000e+01 7.965925e+00 -5.328120e+00
      vertex   -4.540000e+01 7.866025e+00 -5.086939e+00
    endloop
  endfacet
  facet normal 0.000000e+00 -9.238798e-01 -3.826828e-01
    outer loop
      vertex   -4.540000e+01 7.866025e+00 -5.086939e+00
      vertex   -4.700000e+01 7.965925e+00 -5.328120e+00
      vertex   -4.540000e+01 7.965925e+00 -5.328120e+00
    endloop
  endfacet
  facet normal -0.000000e+00 -7.933523e-01 -6.087628e-01
    outer loop
      vertex   -4.540000e+01 7.707106e+00 -4.879833e+00
      vertex   -4.700000e+01 7.707106e+00 -4.879833e+00
      vertex   -4.540000e+01 7.866025e+00 -5.086939e+00
    endloop
  endfacet
  facet normal -0.000000e+00 -7.933523e-01 -6.087628e-01
    outer loop
      vertex   -4.540000e+01 7.866025e+00 -5.086939e+00
      vertex   -4.700000e+01 7.707106e+00 -4.879833e+00
      vertex   -4.700000e+01 7.866025e+00 -5.086939e+00
    endloop
  endfacet
  facet normal -0.000000e+00 -6.087631e-01 -7.933520e-01
    outer loop
      vertex   -4.540000e+01 7.500000e+00 -4.720914e+00
      vertex   -4.700000e+01 7.500000e+00 -4.720914e+00
      vertex   -4.540000e+01 7.707106e+00 -4.879833e+00
    endloop
  endfacet
  facet normal -0.000000e+00 -6.087631e-01 -7.933520e-01
    outer loop
      vertex   -4.540000e+01 7.707106e+00 -4.879833e+00
      vertex   -4.700000e+01 7.500000e+00 -4.720914e+00
      vertex   -4.700000e+01 7.707106e+00 -4.879833e+00
    endloop
  endfacet
  facet normal -0.000000e+00 -3.826817e-01 -9.238803e-01
    outer loop
      vertex   -4.540000e+01 7.258819e+00 -4.621014e+00
      vertex   -4.700000e+01 7.258819e+00 -4.621014e+00
      vertex   -4.540000e+01 7.500000e+00 -4.720914e+00
    endloop
  endfacet
  facet normal -0.000000e+00 -3.826817e-01 -9.238803e-01
    outer loop
      vertex   -4.540000e+01 7.500000e+00 -4.720914e+00
      vertex   -4.700000e+01 7.258819e+00 -4.621014e+00
      vertex   -4.700000e+01 7.500000e+00 -4.720914e+00
    endloop
  endfacet
  facet normal -0.000000e+00 -1.305283e-01 -9.914446e-01
    outer loop
      vertex   -4.540000e+01 7.000000e+00 -4.586940e+00
      vertex   -4.700000e+01 7.000000e+00 -4.586940e+00
      vertex   -4.540000e+01 7.258819e+00 -4.621014e+00
    endloop
  endfacet
  facet normal -0.000000e+00 -1.305283e-01 -9.914446e-01
    outer loop
      vertex   -4.540000e+01 7.258819e+00 -4.621014e+00
      vertex   -4.700000e+01 7.000000e+00 -4.586940e+00
      vertex   -4.700000e+01 7.258819e+00 -4.621014e+00
    endloop
  endfacet
  facet normal -1.000000e+00 0.000000e+00 0.000000e+00
    outer loop
      vertex   4.620000e+01 -5.200000e+00 1.271306e+01
      vertex   4.620000e+01 -5.200000e+00 1.491306e+01
      vertex   4.620000e+01 5.200000e+00 1.271306e+01
    endloop
  endfacet
  facet normal -1.000000e+00 0.000000e+00 0.000000e+00
    outer loop
      vertex   4.620000e+01 5.200000e+00 1.271306e+01
      vertex   4.620000e+01 -5.200000e+00 1.491306e+01
      vertex   4.620000e+01 5.200000e+00 1.491306e+01
    endloop
  endfacet
  facet normal 0.000000e+00 1.000000e+00 0.000000e+00
    outer loop
      vertex   4.540000e+01 -5.200000e+00 1.271306e+01
      vertex   4.540000e+01 -5.200000e+00 1.491306e+01
      vertex   4.620000e+01 -5.200000e+00 1.271306e+01
    endloop
  endfacet
  facet normal 0.000000e+00 1.000000e+00 -0.000000e+00
    outer loop
      vertex   4.620000e+01 -5.200000e+00 1.271306e+01
      vertex   4.540000e+01 -5.200000e+00 1.491306e+01
      vertex   4.620000e+01 -5.200000e+00 1.491306e+01
    endloop
  endfacet
  facet normal 0.000000e+00 0.000000e+00 -1.000000e+00
    outer loop
      vertex   4.540000e+01 5.200000e+00 1.491306e+01
      vertex   4.620000e+01 5.200000e+00 1.491306e+01
      vertex   4.540000e+01 -5.200000e+00 1.491306e+01
    endloop
  endfacet
  facet normal 0.000000e+00 0.000000e+00 -1.000000e+00
    outer loop
      vertex   4.540000e+01 -5.200000e+00 1.491306e+01
      vertex   4.620000e+01 5.200000e+00 1.491306e+01
      vertex   4.620000e+01 -5.200000e+00 1.491306e+01
    endloop
  endfacet
  facet normal 0.000000e+00 -1.000000e+00 0.000000e+00
    outer loop
      vertex   4.540000e+01 5.200000e+00 1.491306e+01
      vertex   4.540000e+01 5.200000e+00 1.271306e+01
      vertex   4.620000e+01 5.200000e+00 1.491306e+01
    endloop
  endfacet
  facet normal 0.000000e+00 -1.000000e+00 -0.000000e+00
    outer loop
      vertex   4.620000e+01 5.200000e+00 1.491306e+01
      vertex   4.540000e+01 5.200000e+00 1.271306e+01
      vertex   4.620000e+01 5.200000e+00 1.271306e+01
    endloop
  endfacet
  facet normal 0.000000e+00 0.000000e+00 1.000000e+00
    outer loop
      vertex   4.540000e+01 -5.200000e+00 1.271306e+01
      vertex   4.620000e+01 -5.200000e+00 1.271306e+01
      vertex   4.540000e+01 5.200000e+00 1.271306e+01
    endloop
  endfacet
  facet normal -0.000000e+00 0.000000e+00 1.000000e+00
    outer loop
      vertex   4.540000e+01 5.200000e+00 1.271306e+01
      vertex   4.620000e+01 -5.200000e+00 1.271306e+01
      vertex   4.620000e+01 5.200000e+00 1.271306e+01
    endloop
  endfacet
  facet normal 0.000000e+00 -0.000000e+00 1.000000e+00
    outer loop
      vertex   1.706351e+01 -2.800000e+01 -6.386940e+00
      vertex   1.850000e+01 -2.536603e+01 -6.386940e+00
      vertex   1.644257e+01 -2.757564e+01 -6.386940e+00
    endloop
  endfacet
  facet normal 0.000000e+00 0.000000e+00 1.000000e+00
    outer loop
      vertex   1.644257e+01 -2.757564e+01 -6.386940e+00
      vertex   1.850000e+01 -2.536603e+01 -6.386940e+00
      vertex   1.829289e+01 -2.520711e+01 -6.386940e+00
    endloop
  endfacet
  facet normal 0.000000e+00 -0.000000e+00 1.000000e+00
    outer loop
      vertex   1.644257e+01 -2.757564e+01 -6.386940e+00
      vertex   1.829289e+01 -2.520711e+01 -6.386940e+00
      vertex   1.591204e+01 -2.704254e+01 -6.386940e+00
    endloop
  endfacet
  facet normal 0.000000e+00 -0.000000e+00 1.000000e+00
    outer loop
      vertex   1.591204e+01 -2.704254e+01 -6.386940e+00
      vertex   1.829289e+01 -2.520711e+01 -6.386940e+00
      vertex   1.549069e+01 -2.641956e+01 -6.386940e+00
    endloop
  endfacet
  facet normal 0.000000e+00 0.000000e+00 1.000000e+00
    outer loop
      vertex   1.549069e+01 -2.641956e+01 -6.386940e+00
      vertex   1.829289e+01 -2.520711e+01 -6.386940e+00
      vertex   1.813397e+01 -2.500000e+01 -6.386940e+00
    endloop
  endfacet
  facet normal 0.000000e+00 -0.000000e+00 1.000000e+00
    outer loop
      vertex   1.549069e+01 -2.641956e+01 -6.386940e+00
      vertex   1.813397e+01 -2.500000e+01 -6.386940e+00
      vertex   1.519339e+01 -2.572871e+01 -6.386940e+00
    endloop
  endfacet
  facet normal 0.000000e+00 0.000000e+00 1.000000e+00
    outer loop
      vertex   1.519339e+01 -2.572871e+01 -6.386940e+00
      vertex   1.813397e+01 -2.500000e+01 -6.386940e+00
      vertex   1.803408e+01 -2.475882e+01 -6.386940e+00
    endloop
  endfacet
  facet normal 0.000000e+00 -0.000000e+00 1.000000e+00
    outer loop
      vertex   1.519339e+01 -2.572871e+01 -6.386940e+00
      vertex   1.803408e+01 -2.475882e+01 -6.386940e+00
      vertex   1.503067e+01 -2.499443e+01 -6.386940e+00
    endloop
  endfacet
  facet normal 0.000000e+00 0.000000e+00 1.000000e+00
    outer loop
      vertex   1.503067e+01 -2.499443e+01 -6.386940e+00
      vertex   1.803408e+01 -2.475882e+01 -6.386940e+00
      vertex   1.800000e+01 -2.450000e+01 -6.386940e+00
    endloop
  endfacet
  facet normal 0.000000e+00 -0.000000e+00 1.000000e+00
    outer loop
      vertex   1.503067e+01 -2.499443e+01 -6.386940e+00
      vertex   1.800000e+01 -2.450000e+01 -6.386940e+00
      vertex   1.500829e+01 -2.424267e+01 -6.386940e+00
    endloop
  endfacet
  facet normal -0.000000e+00 0.000000e+00 1.000000e+00
    outer loop
      vertex   1.500829e+01 -2.424267e+01 -6.386940e+00
      vertex   1.800000e+01 -2.450000e+01 -6.386940e+00
      vertex   1.803408e+01 -2.424118e+01 -6.386940e+00
    endloop
  endfacet
  facet normal 0.000000e+00 0.000000e+00 1.000000e+00
    outer loop
      vertex   1.500829e+01 -2.424267e+01 -6.386940e+00
      vertex   1.803408e+01 -2.424118e+01 -6.386940e+00
      vertex   1.512702e+01 -2.350000e+01 -6.386940e+00
    endloop
  endfacet
  facet normal 0.000000e+00 0.000000e+00 1.000000e+00
    outer loop
      vertex   1.512702e+01 -2.350000e+01 -6.386940e+00
      vertex   1.803408e+01 -2.424118e+01 -6.386940e+00
      vertex   1.813397e+01 -2.400000e+01 -6.386940e+00
    endloop
  endfacet
  facet normal -0.000000e+00 0.000000e+00 1.000000e+00
    outer loop
      vertex   1.512702e+01 -2.350000e+01 -6.386940e+00
      vertex   1.813397e+01 -2.400000e+01 -6.386940e+00
      vertex   1.538267e+01 -2.279269e+01 -6.386940e+00
    endloop
  endfacet
  facet normal -0.000000e+00 0.000000e+00 1.000000e+00
    outer loop
      vertex   1.538267e+01 -2.279269e+01 -6.386940e+00
      vertex   1.813397e+01 -2.400000e+01 -6.386940e+00
      vertex   1.576621e+01 -2.214573e+01 -6.386940e+00
    endloop
  endfacet
  facet normal 0.000000e+00 0.000000e+00 1.000000e+00
    outer loop
      vertex   1.576621e+01 -2.214573e+01 -6.386940e+00
      vertex   1.813397e+01 -2.400000e+01 -6.386940e+00
      vertex   1.829289e+01 -2.379289e+01 -6.386940e+00
    endloop
  endfacet
  facet normal -0.000000e+00 0.000000e+00 1.000000e+00
    outer loop
      vertex   1.576621e+01 -2.214573e+01 -6.386940e+00
      vertex   1.829289e+01 -2.379289e+01 -6.386940e+00
      vertex   1.626407e+01 -2.158201e+01 -6.386940e+00
    endloop
  endfacet
  facet normal 0.000000e+00 0.000000e+00 1.000000e+00
    outer loop
      vertex   1.626407e+01 -2.158201e+01 -6.386940e+00
      vertex   1.829289e+01 -2.379289e+01 -6.386940e+00
      vertex   1.850000e+01 -2.363397e+01 -6.386940e+00
    endloop
  endfacet
  facet normal -0.000000e+00 0.000000e+00 1.000000e+00
    outer loop
      vertex   1.626407e+01 -2.158201e+01 -6.386940e+00
      vertex   1.850000e+01 -2.363397e+01 -6.386940e+00
      vertex   1.685865e+01 -2.112145e+01 -6.386940e+00
    endloop
  endfacet
  facet normal -0.000000e+00 0.000000e+00 1.000000e+00
    outer loop
      vertex   1.685865e+01 -2.112145e+01 -6.386940e+00
      vertex   1.850000e+01 -2.363397e+01 -6.386940e+00
      vertex   1.752894e+01 -2.078032e+01 -6.386940e+00
    endloop
  endfacet
  facet normal 0.000000e+00 0.000000e+00 1.000000e+00
    outer loop
      vertex   1.752894e+01 -2.078032e+01 -6.386940e+00
      vertex   1.850000e+01 -2.363397e+01 -6.386940e+00
      vertex   1.874118e+01 -2.353408e+01 -6.386940e+00
    endloop
  endfacet
  facet normal -0.000000e+00 0.000000e+00 1.000000e+00
    outer loop
      vertex   1.752894e+01 -2.078032e+01 -6.386940e+00
      vertex   1.874118e+01 -2.353408e+01 -6.386940e+00
      vertex   1.825123e+01 -2.057070e+01 -6.386940e+00
    endloop
  endfacet
  facet normal 0.000000e+00 0.000000e+00 1.000000e+00
    outer loop
      vertex   1.825123e+01 -2.057070e+01 -6.386940e+00
      vertex   1.874118e+01 -2.353408e+01 -6.386940e+00
      vertex   1.900000e+01 -2.350000e+01 -6.386940e+00
    endloop
  endfacet
  facet normal -0.000000e+00 0.000000e+00 1.000000e+00
    outer loop
      vertex   1.825123e+01 -2.057070e+01 -6.386940e+00
      vertex   1.900000e+01 -2.350000e+01 -6.386940e+00
      vertex   1.900000e+01 -2.050000e+01 -6.386940e+00
    endloop
  endfacet
  facet normal 0.000000e+00 0.000000e+00 1.000000e+00
    outer loop
      vertex   1.900000e+01 -2.050000e+01 -6.386940e+00
      vertex   1.900000e+01 -2.350000e+01 -6.386940e+00
      vertex   1.974877e+01 -2.057070e+01 -6.386940e+00
    endloop
  endfacet
  facet normal 0.000000e+00 0.000000e+00 1.000000e+00
    outer loop
      vertex   1.974877e+01 -2.057070e+01 -6.386940e+00
      vertex   1.900000e+01 -2.350000e+01 -6.386940e+00
      vertex   1.925882e+01 -2.353408e+01 -6.386940e+00
    endloop
  endfacet
  facet normal 0.000000e+00 0.000000e+00 1.000000e+00
    outer loop
      vertex   1.974877e+01 -2.057070e+01 -6.386940e+00
      vertex   1.925882e+01 -2.353408e+01 -6.386940e+00
      vertex   2.047106e+01 -2.078032e+01 -6.386940e+00
    endloop
  endfacet
  facet normal 0.000000e+00 0.000000e+00 1.000000e+00
    outer loop
      vertex   2.047106e+01 -2.078032e+01 -6.386940e+00
      vertex   1.925882e+01 -2.353408e+01 -6.386940e+00
      vertex   1.950000e+01 -2.363397e+01 -6.386940e+00
    endloop
  endfacet
  facet normal 0.000000e+00 0.000000e+00 1.000000e+00
    outer loop
      vertex   2.047106e+01 -2.078032e+01 -6.386940e+00
      vertex   1.950000e+01 -2.363397e+01 -6.386940e+00
      vertex   2.114135e+01 -2.112145e+01 -6.386940e+00
    endloop
  endfacet
  facet normal 0.000000e+00 0.000000e+00 1.000000e+00
    outer loop
      vertex   2.114135e+01 -2.112145e+01 -6.386940e+00
      vertex   1.950000e+01 -2.363397e+01 -6.386940e+00
      vertex   2.173593e+01 -2.158201e+01 -6.386940e+00
    endloop
  endfacet
  facet normal 0.000000e+00 0.000000e+00 1.000000e+00
    outer loop
      vertex   2.173593e+01 -2.158201e+01 -6.386940e+00
      vertex   1.950000e+01 -2.363397e+01 -6.386940e+00
      vertex   1.970711e+01 -2.379289e+01 -6.386940e+00
    endloop
  endfacet
  facet normal 0.000000e+00 0.000000e+00 1.000000e+00
    outer loop
      vertex   2.173593e+01 -2.158201e+01 -6.386940e+00
      vertex   1.970711e+01 -2.379289e+01 -6.386940e+00
      vertex   2.223380e+01 -2.214573e+01 -6.386940e+00
    endloop
  endfacet
  facet normal 0.000000e+00 0.000000e+00 1.000000e+00
    outer loop
      vertex   2.223380e+01 -2.214573e+01 -6.386940e+00
      vertex   1.970711e+01 -2.379289e+01 -6.386940e+00
      vertex   1.986603e+01 -2.400000e+01 -6.386940e+00
    endloop
  endfacet
  facet normal 0.000000e+00 0.000000e+00 1.000000e+00
    outer loop
      vertex   2.223380e+01 -2.214573e+01 -6.386940e+00
      vertex   1.986603e+01 -2.400000e+01 -6.386940e+00
      vertex   2.261733e+01 -2.279269e+01 -6.386940e+00
    endloop
  endfacet
  facet normal 0.000000e+00 0.000000e+00 1.000000e+00
    outer loop
      vertex   2.261733e+01 -2.279269e+01 -6.386940e+00
      vertex   1.986603e+01 -2.400000e+01 -6.386940e+00
      vertex   2.287298e+01 -2.350000e+01 -6.386940e+00
    endloop
  endfacet
  facet normal 0.000000e+00 0.000000e+00 1.000000e+00
    outer loop
      vertex   2.287298e+01 -2.350000e+01 -6.386940e+00
      vertex   1.986603e+01 -2.400000e+01 -6.386940e+00
      vertex   1.996593e+01 -2.424118e+01 -6.386940e+00
    endloop
  endfacet
  facet normal 0.000000e+00 0.000000e+00 1.000000e+00
    outer loop
      vertex   2.287298e+01 -2.350000e+01 -6.386940e+00
      vertex   1.996593e+01 -2.424118e+01 -6.386940e+00
      vertex   2.299171e+01 -2.424267e+01 -6.386940e+00
    endloop
  endfacet
  facet normal 0.000000e+00 0.000000e+00 1.000000e+00
    outer loop
      vertex   2.299171e+01 -2.424267e+01 -6.386940e+00
      vertex   1.996593e+01 -2.424118e+01 -6.386940e+00
      vertex   2.000000e+01 -2.450000e+01 -6.386940e+00
    endloop
  endfacet
  facet normal 0.000000e+00 0.000000e+00 1.000000e+00
    outer loop
      vertex   2.299171e+01 -2.424267e+01 -6.386940e+00
      vertex   2.000000e+01 -2.450000e+01 -6.386940e+00
      vertex   2.296932e+01 -2.499443e+01 -6.386940e+00
    endloop
  endfacet
  facet normal 0.000000e+00 0.000000e+00 1.000000e+00
    outer loop
      vertex   2.296932e+01 -2.499443e+01 -6.386940e+00
      vertex   2.000000e+01 -2.450000e+01 -6.386940e+00
      vertex   1.996593e+01 -2.475882e+01 -6.386940e+00
    endloop
  endfacet
  facet normal 0.000000e+00 0.000000e+00 1.000000e+00
    outer loop
      vertex   2.296932e+01 -2.499443e+01 -6.386940e+00
      vertex   1.996593e+01 -2.475882e+01 -6.386940e+00
      vertex   2.280661e+01 -2.572871e+01 -6.386940e+00
    endloop
  endfacet
  facet normal 0.000000e+00 0.000000e+00 1.000000e+00
    outer loop
      vertex   2.280661e+01 -2.572871e+01 -6.386940e+00
      vertex   1.996593e+01 -2.475882e+01 -6.386940e+00
      vertex   1.986603e+01 -2.500000e+01 -6.386940e+00
    endloop
  endfacet
  facet normal 0.000000e+00 0.000000e+00 1.000000e+00
    outer loop
      vertex   2.280661e+01 -2.572871e+01 -6.386940e+00
      vertex   1.986603e+01 -2.500000e+01 -6.386940e+00
      vertex   2.250932e+01 -2.641956e+01 -6.386940e+00
    endloop
  endfacet
  facet normal 0.000000e+00 0.000000e+00 1.000000e+00
    outer loop
      vertex   2.250932e+01 -2.641956e+01 -6.386940e+00
      vertex   1.986603e+01 -2.500000e+01 -6.386940e+00
      vertex   1.970711e+01 -2.520711e+01 -6.386940e+00
    endloop
  endfacet
  facet normal 0.000000e+00 0.000000e+00 1.000000e+00
    outer loop
      vertex   2.250932e+01 -2.641956e+01 -6.386940e+00
      vertex   1.970711e+01 -2.520711e+01 -6.386940e+00
      vertex   2.208796e+01 -2.704254e+01 -6.386940e+00
    endloop
  endfacet
  facet normal 0.000000e+00 0.000000e+00 1.000000e+00
    outer loop
      vertex   2.208796e+01 -2.704254e+01 -6.386940e+00
      vertex   1.970711e+01 -2.520711e+01 -6.386940e+00
      vertex   2.155743e+01 -2.757564e+01 -6.386940e+00
    endloop
  endfacet
  facet normal 0.000000e+00 0.000000e+00 1.000000e+00
    outer loop
      vertex   2.155743e+01 -2.757564e+01 -6.386940e+00
      vertex   1.970711e+01 -2.520711e+01 -6.386940e+00
      vertex   1.950000e+01 -2.536603e+01 -6.386940e+00
    endloop
  endfacet
  facet normal 0.000000e+00 0.000000e+00 1.000000e+00
    outer loop
      vertex   2.155743e+01 -2.757564e+01 -6.386940e+00
      vertex   1.950000e+01 -2.536603e+01 -6.386940e+00
      vertex   2.093649e+01 -2.800000e+01 -6.386940e+00
    endloop
  endfacet
  facet normal 0.000000e+00 0.000000e+00 1.000000e+00
    outer loop
      vertex   2.093649e+01 -2.800000e+01 -6.386940e+00
      vertex   1.950000e+01 -2.536603e+01 -6.386940e+00
      vertex   1.925882e+01 -2.546592e+01 -6.386940e+00
    endloop
  endfacet
  facet normal 0.000000e+00 0.000000e+00 1.000000e+00
    outer loop
      vertex   2.093649e+01 -2.800000e+01 -6.386940e+00
      vertex   1.925882e+01 -2.546592e+01 -6.386940e+00
      vertex   1.900000e+01 -2.550000e+01 -6.386940e+00
    endloop
  endfacet
  facet normal 0.000000e+00 0.000000e+00 1.000000e+00
    outer loop
      vertex   2.093649e+01 -2.800000e+01 -6.386940e+00
      vertex   1.900000e+01 -2.550000e+01 -6.386940e+00
      vertex   1.706351e+01 -2.800000e+01 -6.386940e+00
    endloop
  endfacet
  facet normal 0.000000e+00 0.000000e+00 1.000000e+00
    outer loop
      vertex   1.706351e+01 -2.800000e+01 -6.386940e+00
      vertex   1.900000e+01 -2.550000e+01 -6.386940e+00
      vertex   1.874118e+01 -2.546592e+01 -6.386940e+00
    endloop
  endfacet
  facet normal 0.000000e+00 0.000000e+00 1.000000e+00
    outer loop
      vertex   1.706351e+01 -2.800000e+01 -6.386940e+00
      vertex   1.874118e+01 -2.546592e+01 -6.386940e+00
      vertex   1.850000e+01 -2.536603e+01 -6.386940e+00
    endloop
  endfacet
  facet normal -5.642387e-01 -8.256117e-01 -0.000000e+00
    outer loop
      vertex   1.644257e+01 -2.757564e+01 -6.386940e+00
      vertex   1.644257e+01 -2.757564e+01 -9.986939e+00
      vertex   1.706351e+01 -2.800000e+01 -6.386940e+00
    endloop
  endfacet
  facet normal -5.642387e-01 -8.256117e-01 -0.000000e+00
    outer loop
      vertex   1.706351e+01 -2.800000e+01 -6.386940e+00
      vertex   1.644257e+01 -2.757564e+01 -9.986939e+00
      vertex   1.706351e+01 -2.800000e+01 -9.986939e+00
    endloop
  endfacet
  facet normal -7.088142e-01 -7.053953e-01 -0.000000e+00
    outer loop
      vertex   1.591204e+01 -2.704254e+01 -6.386940e+00
      vertex   1.591204e+01 -2.704254e+01 -9.986939e+00
      vertex   1.644257e+01 -2.757564e+01 -6.386940e+00
    endloop
  endfacet
  facet normal -7.088142e-01 -7.053953e-01 -0.000000e+00
    outer loop
      vertex   1.644257e+01 -2.757564e+01 -6.386940e+00
      vertex   1.591204e+01 -2.704254e+01 -9.986939e+00
      vertex   1.644257e+01 -2.757564e+01 -9.986939e+00
    endloop
  endfacet
  facet normal -8.283272e-01 -5.602447e-01 -0.000000e+00
    outer loop
      vertex   1.549069e+01 -2.641956e+01 -6.386940e+00
      vertex   1.549069e+01 -2.641956e+01 -9.986939e+00
      vertex   1.591204e+01 -2.704254e+01 -6.386940e+00
    endloop
  endfacet
  facet normal -8.283272e-01 -5.602447e-01 -0.000000e+00
    outer loop
      vertex   1.591204e+01 -2.704254e+01 -6.386940e+00
      vertex   1.549069e+01 -2.641956e+01 -9.986939e+00
      vertex   1.591204e+01 -2.704254e+01 -9.986939e+00
    endloop
  endfacet
  facet normal -9.185583e-01 -3.952855e-01 -0.000000e+00
    outer loop
      vertex   1.519339e+01 -2.572871e+01 -6.386940e+00
      vertex   1.519339e+01 -2.572871e+01 -9.986939e+00
      vertex   1.549069e+01 -2.641956e+01 -6.386940e+00
    endloop
  endfacet
  facet normal -9.185583e-01 -3.952855e-01 -0.000000e+00
    outer loop
      vertex   1.549069e+01 -2.641956e+01 -6.386940e+00
      vertex   1.519339e+01 -2.572871e+01 -9.986939e+00
      vertex   1.549069e+01 -2.641956e+01 -9.986939e+00
    endloop
  endfacet
  facet normal -9.763157e-01 -2.163506e-01 -0.000000e+00
    outer loop
      vertex   1.503067e+01 -2.499443e+01 -6.386940e+00
      vertex   1.503067e+01 -2.499443e+01 -9.986939e+00
      vertex   1.519339e+01 -2.572871e+01 -6.386940e+00
    endloop
  endfacet
  facet normal -9.763157e-01 -2.163506e-01 -0.000000e+00
    outer loop
      vertex   1.519339e+01 -2.572871e+01 -6.386940e+00
      vertex   1.503067e+01 -2.499443e+01 -9.986939e+00
      vertex   1.519339e+01 -2.572871e+01 -9.986939e+00
    endloop
  endfacet
  facet normal -9.995568e-01 -2.976841e-02 -0.000000e+00
    outer loop
      vertex   1.500829e+01 -2.424267e+01 -6.386940e+00
      vertex   1.500829e+01 -2.424267e+01 -9.986939e+00
      vertex   1.503067e+01 -2.499443e+01 -6.386940e+00
    endloop
  endfacet
  facet normal -9.995568e-01 -2.976841e-02 -0.000000e+00
    outer loop
      vertex   1.503067e+01 -2.499443e+01 -6.386940e+00
      vertex   1.500829e+01 -2.424267e+01 -9.986939e+00
      vertex   1.503067e+01 -2.499443e+01 -9.986939e+00
    endloop
  endfacet
  facet normal -9.874603e-01 1.578673e-01 0.000000e+00
    outer loop
      vertex   1.512702e+01 -2.350000e+01 -6.386940e+00
      vertex   1.512702e+01 -2.350000e+01 -9.986939e+00
      vertex   1.500829e+01 -2.424267e+01 -6.386940e+00
    endloop
  endfacet
  facet normal -9.874603e-01 1.578673e-01 0.000000e+00
    outer loop
      vertex   1.500829e+01 -2.424267e+01 -6.386940e+00
      vertex   1.512702e+01 -2.350000e+01 -9.986939e+00
      vertex   1.500829e+01 -2.424267e+01 -9.986939e+00
    endloop
  endfacet
  facet normal -9.404546e-01 3.399194e-01 0.000000e+00
    outer loop
      vertex   1.538267e+01 -2.279269e+01 -6.386940e+00
      vertex   1.538267e+01 -2.279269e+01 -9.986939e+00
      vertex   1.512702e+01 -2.350000e+01 -6.386940e+00
    endloop
  endfacet
  facet normal -9.404546e-01 3.399194e-01 0.000000e+00
    outer loop
      vertex   1.512702e+01 -2.350000e+01 -6.386940e+00
      vertex   1.538267e+01 -2.279269e+01 -9.986939e+00
      vertex   1.512702e+01 -2.350000e+01 -9.986939e+00
    endloop
  endfacet
  facet normal -8.602007e-01 5.099556e-01 0.000000e+00
    outer loop
      vertex   1.576621e+01 -2.214573e+01 -6.386940e+00
      vertex   1.576621e+01 -2.214573e+01 -9.986939e+00
      vertex   1.538267e+01 -2.279269e+01 -6.386940e+00
    endloop
  endfacet
  facet normal -8.602007e-01 5.099556e-01 0.000000e+00
    outer loop
      vertex   1.538267e+01 -2.279269e+01 -6.386940e+00
      vertex   1.576621e+01 -2.214573e+01 -9.986939e+00
      vertex   1.538267e+01 -2.279269e+01 -9.986939e+00
    endloop
  endfacet
  facet normal -7.495361e-01 6.619635e-01 0.000000e+00
    outer loop
      vertex   1.626407e+01 -2.158201e+01 -6.386940e+00
      vertex   1.626407e+01 -2.158201e+01 -9.986939e+00
      vertex   1.576621e+01 -2.214573e+01 -6.386940e+00
    endloop
  endfacet
  facet normal -7.495361e-01 6.619635e-01 0.000000e+00
    outer loop
      vertex   1.576621e+01 -2.214573e+01 -6.386940e+00
      vertex   1.626407e+01 -2.158201e+01 -9.986939e+00
      vertex   1.576621e+01 -2.214573e+01 -9.986939e+00
    endloop
  endfacet
  facet normal -6.123710e-01 7.905705e-01 0.000000e+00
    outer loop
      vertex   1.685865e+01 -2.112145e+01 -6.386940e+00
      vertex   1.685865e+01 -2.112145e+01 -9.986939e+00
      vertex   1.626407e+01 -2.158201e+01 -6.386940e+00
    endloop
  endfacet
  facet normal -6.123710e-01 7.905705e-01 0.000000e+00
    outer loop
      vertex   1.626407e+01 -2.158201e+01 -6.386940e+00
      vertex   1.685865e+01 -2.112145e+01 -9.986939e+00
      vertex   1.626407e+01 -2.158201e+01 -9.986939e+00
    endloop
  endfacet
  facet normal -4.535614e-01 8.912250e-01 0.000000e+00
    outer loop
      vertex   1.752894e+01 -2.078032e+01 -6.386940e+00
      vertex   1.752894e+01 -2.078032e+01 -9.986939e+00
      vertex   1.685865e+01 -2.112145e+01 -6.386940e+00
    endloop
  endfacet
  facet normal -4.535614e-01 8.912250e-01 0.000000e+00
    outer loop
      vertex   1.685865e+01 -2.112145e+01 -6.386940e+00
      vertex   1.752894e+01 -2.078032e+01 -9.986939e+00
      vertex   1.685865e+01 -2.112145e+01 -9.986939e+00
    endloop
  endfacet
  facet normal -2.787143e-01 9.603741e-01 0.000000e+00
    outer loop
      vertex   1.825123e+01 -2.057070e+01 -6.386940e+00
      vertex   1.825123e+01 -2.057070e+01 -9.986939e+00
      vertex   1.752894e+01 -2.078032e+01 -6.386940e+00
    endloop
  endfacet
  facet normal -2.787143e-01 9.603741e-01 0.000000e+00
    outer loop
      vertex   1.752894e+01 -2.078032e+01 -6.386940e+00
      vertex   1.825123e+01 -2.057070e+01 -9.986939e+00
      vertex   1.752894e+01 -2.078032e+01 -9.986939e+00
    endloop
  endfacet
  facet normal -9.401111e-02 9.955711e-01 0.000000e+00
    outer loop
      vertex   1.900000e+01 -2.050000e+01 -6.386940e+00
      vertex   1.900000e+01 -2.050000e+01 -9.986939e+00
      vertex   1.825123e+01 -2.057070e+01 -6.386940e+00
    endloop
  endfacet
  facet normal -9.401111e-02 9.955711e-01 0.000000e+00
    outer loop
      vertex   1.825123e+01 -2.057070e+01 -6.386940e+00
      vertex   1.900000e+01 -2.050000e+01 -9.986939e+00
      vertex   1.825123e+01 -2.057070e+01 -9.986939e+00
    endloop
  endfacet
  facet normal 9.401096e-02 9.955712e-01 0.000000e+00
    outer loop
      vertex   1.974877e+01 -2.057070e+01 -6.386940e+00
      vertex   1.974877e+01 -2.057070e+01 -9.986939e+00
      vertex   1.900000e+01 -2.050000e+01 -6.386940e+00
    endloop
  endfacet
  facet normal 9.401096e-02 9.955712e-01 0.000000e+00
    outer loop
      vertex   1.900000e+01 -2.050000e+01 -6.386940e+00
      vertex   1.974877e+01 -2.057070e+01 -9.986939e+00
      vertex   1.900000e+01 -2.050000e+01 -9.986939e+00
    endloop
  endfacet
  facet normal 2.787143e-01 9.603741e-01 0.000000e+00
    outer loop
      vertex   2.047106e+01 -2.078032e+01 -6.386940e+00
      vertex   2.047106e+01 -2.078032e+01 -9.986939e+00
      vertex   1.974877e+01 -2.057070e+01 -6.386940e+00
    endloop
  endfacet
  facet normal 2.787143e-01 9.603741e-01 0.000000e+00
    outer loop
      vertex   1.974877e+01 -2.057070e+01 -6.386940e+00
      vertex   2.047106e+01 -2.078032e+01 -9.986939e+00
      vertex   1.974877e+01 -2.057070e+01 -9.986939e+00
    endloop
  endfacet
  facet normal 4.535614e-01 8.912250e-01 0.000000e+00
    outer loop
      vertex   2.114135e+01 -2.112145e+01 -6.386940e+00
      vertex   2.114135e+01 -2.112145e+01 -9.986939e+00
      vertex   2.047106e+01 -2.078032e+01 -6.386940e+00
    endloop
  endfacet
  facet normal 4.535614e-01 8.912250e-01 0.000000e+00
    outer loop
      vertex   2.047106e+01 -2.078032e+01 -6.386940e+00
      vertex   2.114135e+01 -2.112145e+01 -9.986939e+00
      vertex   2.047106e+01 -2.078032e+01 -9.986939e+00
    endloop
  endfacet
  facet normal 6.123718e-01 7.905699e-01 0.000000e+00
    outer loop
      vertex   2.173593e+01 -2.158201e+01 -6.386940e+00
      vertex   2.173593e+01 -2.158201e+01 -9.986939e+00
      vertex   2.114135e+01 -2.112145e+01 -6.386940e+00
    endloop
  endfacet
  facet normal 6.123718e-01 7.905699e-01 0.000000e+00
    outer loop
      vertex   2.114135e+01 -2.112145e+01 -6.386940e+00
      vertex   2.173593e+01 -2.158201e+01 -9.986939e+00
      vertex   2.114135e+01 -2.112145e+01 -9.986939e+00
    endloop
  endfacet
  facet normal 7.495345e-01 6.619653e-01 0.000000e+00
    outer loop
      vertex   2.223380e+01 -2.214573e+01 -6.386940e+00
      vertex   2.223380e+01 -2.214573e+01 -9.986939e+00
      vertex   2.173593e+01 -2.158201e+01 -6.386940e+00
    endloop
  endfacet
  facet normal 7.495345e-01 6.619653e-01 0.000000e+00
    outer loop
      vertex   2.173593e+01 -2.158201e+01 -6.386940e+00
      vertex   2.223380e+01 -2.214573e+01 -9.986939e+00
      vertex   2.173593e+01 -2.158201e+01 -9.986939e+00
    endloop
  endfacet
  facet normal 8.602014e-01 5.099544e-01 0.000000e+00
    outer loop
      vertex   2.261733e+01 -2.279269e+01 -6.386940e+00
      vertex   2.261733e+01 -2.279269e+01 -9.986939e+00
      vertex   2.223380e+01 -2.214573e+01 -6.386940e+00
    endloop
  endfacet
  facet normal 8.602014e-01 5.099544e-01 0.000000e+00
    outer loop
      vertex   2.223380e+01 -2.214573e+01 -6.386940e+00
      vertex   2.261733e+01 -2.279269e+01 -9.986939e+00
      vertex   2.223380e+01 -2.214573e+01 -9.986939e+00
    endloop
  endfacet
  facet normal 9.404541e-01 3.399208e-01 0.000000e+00
    outer loop
      vertex   2.287298e+01 -2.350000e+01 -6.386940e+00
      vertex   2.287298e+01 -2.350000e+01 -9.986939e+00
      vertex   2.261733e+01 -2.279269e+01 -6.386940e+00
    endloop
  endfacet
  facet normal 9.404541e-01 3.399208e-01 0.000000e+00
    outer loop
      vertex   2.261733e+01 -2.279269e+01 -6.386940e+00
      vertex   2.287298e+01 -2.350000e+01 -9.986939e+00
      vertex   2.261733e+01 -2.279269e+01 -9.986939e+00
    endloop
  endfacet
  facet normal 9.874606e-01 1.578657e-01 0.000000e+00
    outer loop
      vertex   2.299171e+01 -2.424267e+01 -6.386940e+00
      vertex   2.299171e+01 -2.424267e+01 -9.986939e+00
      vertex   2.287298e+01 -2.350000e+01 -6.386940e+00
    endloop
  endfacet
  facet normal 9.874606e-01 1.578657e-01 0.000000e+00
    outer loop
      vertex   2.287298e+01 -2.350000e+01 -6.386940e+00
      vertex   2.299171e+01 -2.424267e+01 -9.986939e+00
      vertex   2.287298e+01 -2.350000e+01 -9.986939e+00
    endloop
  endfacet
  facet normal 9.995568e-01 -2.977000e-02 0.000000e+00
    outer loop
      vertex   2.296932e+01 -2.499443e+01 -6.386940e+00
      vertex   2.296932e+01 -2.499443e+01 -9.986939e+00
      vertex   2.299171e+01 -2.424267e+01 -6.386940e+00
    endloop
  endfacet
  facet normal 9.995568e-01 -2.977000e-02 0.000000e+00
    outer loop
      vertex   2.299171e+01 -2.424267e+01 -6.386940e+00
      vertex   2.296932e+01 -2.499443e+01 -9.986939e+00
      vertex   2.299171e+01 -2.424267e+01 -9.986939e+00
    endloop
  endfacet
  facet normal 9.763161e-01 -2.163491e-01 0.000000e+00
    outer loop
      vertex   2.280661e+01 -2.572871e+01 -6.386940e+00
      vertex   2.280661e+01 -2.572871e+01 -9.986939e+00
      vertex   2.296932e+01 -2.499443e+01 -6.386940e+00
    endloop
  endfacet
  facet normal 9.763161e-01 -2.163491e-01 0.000000e+00
    outer loop
      vertex   2.296932e+01 -2.499443e+01 -6.386940e+00
      vertex   2.280661e+01 -2.572871e+01 -9.986939e+00
      vertex   2.296932e+01 -2.499443e+01 -9.986939e+00
    endloop
  endfacet
  facet normal 9.185583e-01 -3.952855e-01 0.000000e+00
    outer loop
      vertex   2.250932e+01 -2.641956e+01 -6.386940e+00
      vertex   2.250932e+01 -2.641956e+01 -9.986939e+00
      vertex   2.280661e+01 -2.572871e+01 -6.386940e+00
    endloop
  endfacet
  facet normal 9.185583e-01 -3.952855e-01 0.000000e+00
    outer loop
      vertex   2.280661e+01 -2.572871e+01 -6.386940e+00
      vertex   2.250932e+01 -2.641956e+01 -9.986939e+00
      vertex   2.280661e+01 -2.572871e+01 -9.986939e+00
    endloop
  endfacet
  facet normal 8.283272e-01 -5.602447e-01 0.000000e+00
    outer loop
      vertex   2.208796e+01 -2.704254e+01 -6.386940e+00
      vertex   2.208796e+01 -2.704254e+01 -9.986939e+00
      vertex   2.250932e+01 -2.641956e+01 -6.386940e+00
    endloop
  endfacet
  facet normal 8.283272e-01 -5.602447e-01 0.000000e+00
    outer loop
      vertex   2.250932e+01 -2.641956e+01 -6.386940e+00
      vertex   2.208796e+01 -2.704254e+01 -9.986939e+00
      vertex   2.250932e+01 -2.641956e+01 -9.986939e+00
    endloop
  endfacet
  facet normal 7.088150e-01 -7.053945e-01 0.000000e+00
    outer loop
      vertex   2.155743e+01 -2.757564e+01 -6.386940e+00
      vertex   2.155743e+01 -2.757564e+01 -9.986939e+00
      vertex   2.208796e+01 -2.704254e+01 -6.386940e+00
    endloop
  endfacet
  facet normal 7.088150e-01 -7.053945e-01 0.000000e+00
    outer loop
      vertex   2.208796e+01 -2.704254e+01 -6.386940e+00
      vertex   2.155743e+01 -2.757564e+01 -9.986939e+00
      vertex   2.208796e+01 -2.704254e+01 -9.986939e+00
    endloop
  endfacet
  facet normal 5.642380e-01 -8.256122e-01 0.000000e+00
    outer loop
      vertex   2.093649e+01 -2.800000e+01 -6.386940e+00
      vertex   2.093649e+01 -2.800000e+01 -9.986939e+00
      vertex   2.155743e+01 -2.757564e+01 -6.386940e+00
    endloop
  endfacet
  facet normal 5.642380e-01 -8.256122e-01 0.000000e+00
    outer loop
      vertex   2.155743e+01 -2.757564e+01 -6.386940e+00
      vertex   2.093649e+01 -2.800000e+01 -9.986939e+00
      vertex   2.155743e+01 -2.757564e+01 -9.986939e+00
    endloop
  endfacet
  facet normal 0.000000e+00 -1.000000e+00 0.000000e+00
    outer loop
      vertex   2.093649e+01 -2.800000e+01 -9.986939e+00
      vertex   2.093649e+01 -2.800000e+01 -6.386940e+00
      vertex   1.706351e+01 -2.800000e+01 -9.986939e+00
    endloop
  endfacet
  facet normal 0.000000e+00 -1.000000e+00 0.000000e+00
    outer loop
      vertex   1.706351e+01 -2.800000e+01 -9.986939e+00
      vertex   2.093649e+01 -2.800000e+01 -6.386940e+00
      vertex   1.706351e+01 -2.800000e+01 -6.386940e+00
    endloop
  endfacet
  facet normal 0.000000e+00 -0.000000e+00 1.000000e+00
    outer loop
      vertex   -4.208385e+01 2.195248e+01 -6.386940e+00
      vertex   -3.986603e+01 2.400000e+01 -6.386940e+00
      vertex   -4.250000e+01 2.256351e+01 -6.386940e+00
    endloop
  endfacet
  facet normal 0.000000e+00 0.000000e+00 1.000000e+00
    outer loop
      vertex   -4.250000e+01 2.256351e+01 -6.386940e+00
      vertex   -3.986603e+01 2.400000e+01 -6.386940e+00
      vertex   -3.996593e+01 2.424118e+01 -6.386940e+00
    endloop
  endfacet
  facet normal 0.000000e+00 0.000000e+00 1.000000e+00
    outer loop
      vertex   -4.250000e+01 2.256351e+01 -6.386940e+00
      vertex   -3.996593e+01 2.424118e+01 -6.386940e+00
      vertex   -4.250000e+01 2.500000e+01 -6.386940e+00
    endloop
  endfacet
  facet normal 0.000000e+00 0.000000e+00 1.000000e+00
    outer loop
      vertex   -4.250000e+01 2.500000e+01 -6.386940e+00
      vertex   -3.996593e+01 2.424118e+01 -6.386940e+00
      vertex   -4.000000e+01 2.450000e+01 -6.386940e+00
    endloop
  endfacet
  facet normal 0.000000e+00 0.000000e+00 1.000000e+00
    outer loop
      vertex   -4.250000e+01 2.500000e+01 -6.386940e+00
      vertex   -4.000000e+01 2.450000e+01 -6.386940e+00
      vertex   -3.996593e+01 2.475882e+01 -6.386940e+00
    endloop
  endfacet
  facet normal 0.000000e+00 0.000000e+00 1.000000e+00
    outer loop
      vertex   -3.986603e+01 2.400000e+01 -6.386940e+00
      vertex   -4.208385e+01 2.195248e+01 -6.386940e+00
      vertex   -3.970711e+01 2.379289e+01 -6.386940e+00
    endloop
  endfacet
  facet normal 0.000000e+00 0.000000e+00 1.000000e+00
    outer loop
      vertex   -3.970711e+01 2.379289e+01 -6.386940e+00
      vertex   -4.208385e+01 2.195248e+01 -6.386940e+00
      vertex   -4.156237e+01 2.142848e+01 -6.386940e+00
    endloop
  endfacet
  facet normal 0.000000e+00 0.000000e+00 1.000000e+00
    outer loop
      vertex   -3.970711e+01 2.379289e+01 -6.386940e+00
      vertex   -4.156237e+01 2.142848e+01 -6.386940e+00
      vertex   -3.950000e+01 2.363397e+01 -6.386940e+00
    endloop
  endfacet
  facet normal 0.000000e+00 0.000000e+00 1.000000e+00
    outer loop
      vertex   -3.950000e+01 2.363397e+01 -6.386940e+00
      vertex   -4.156237e+01 2.142848e+01 -6.386940e+00
      vertex   -4.095336e+01 2.100939e+01 -6.386940e+00
    endloop
  endfacet
  facet normal 0.000000e+00 0.000000e+00 1.000000e+00
    outer loop
      vertex   -3.950000e+01 2.363397e+01 -6.386940e+00
      vertex   -4.095336e+01 2.100939e+01 -6.386940e+00
      vertex   -4.027762e+01 2.070953e+01 -6.386940e+00
    endloop
  endfacet
  facet normal 0.000000e+00 0.000000e+00 1.000000e+00
    outer loop
      vertex   -3.950000e+01 2.363397e+01 -6.386940e+00
      vertex   -4.027762e+01 2.070953e+01 -6.386940e+00
      vertex   -3.925882e+01 2.353408e+01 -6.386940e+00
    endloop
  endfacet
  facet normal 0.000000e+00 0.000000e+00 1.000000e+00
    outer loop
      vertex   -3.925882e+01 2.353408e+01 -6.386940e+00
      vertex   -4.027762e+01 2.070953e+01 -6.386940e+00
      vertex   -3.955825e+01 2.053915e+01 -6.386940e+00
    endloop
  endfacet
  facet normal 0.000000e+00 0.000000e+00 1.000000e+00
    outer loop
      vertex   -3.925882e+01 2.353408e+01 -6.386940e+00
      vertex   -3.955825e+01 2.053915e+01 -6.386940e+00
      vertex   -3.900000e+01 2.350000e+01 -6.386940e+00
    endloop
  endfacet
  facet normal 0.000000e+00 0.000000e+00 1.000000e+00
    outer loop
      vertex   -3.900000e+01 2.350000e+01 -6.386940e+00
      vertex   -3.955825e+01 2.053915e+01 -6.386940e+00
      vertex   -3.881980e+01 2.050406e+01 -6.386940e+00
    endloop
  endfacet
  facet normal -0.000000e+00 0.000000e+00 1.000000e+00
    outer loop
      vertex   -3.900000e+01 2.350000e+01 -6.386940e+00
      vertex   -3.881980e+01 2.050406e+01 -6.386940e+00
      vertex   -3.874118e+01 2.353408e+01 -6.386940e+00
    endloop
  endfacet
  facet normal 0.000000e+00 0.000000e+00 1.000000e+00
    outer loop
      vertex   -3.874118e+01 2.353408e+01 -6.386940e+00
      vertex   -3.881980e+01 2.050406e+01 -6.386940e+00
      vertex   -3.808751e+01 2.060547e+01 -6.386940e+00
    endloop
  endfacet
  facet normal 0.000000e+00 0.000000e+00 1.000000e+00
    outer loop
      vertex   -3.874118e+01 2.353408e+01 -6.386940e+00
      vertex   -3.808751e+01 2.060547e+01 -6.386940e+00
      vertex   -3.738640e+01 2.083991e+01 -6.386940e+00
    endloop
  endfacet
  facet normal -0.000000e+00 0.000000e+00 1.000000e+00
    outer loop
      vertex   -3.874118e+01 2.353408e+01 -6.386940e+00
      vertex   -3.738640e+01 2.083991e+01 -6.386940e+00
      vertex   -3.850000e+01 2.363397e+01 -6.386940e+00
    endloop
  endfacet
  facet normal 0.000000e+00 0.000000e+00 1.000000e+00
    outer loop
      vertex   -3.850000e+01 2.363397e+01 -6.386940e+00
      vertex   -3.738640e+01 2.083991e+01 -6.386940e+00
      vertex   -3.674039e+01 2.119937e+01 -6.386940e+00
    endloop
  endfacet
  facet normal -0.000000e+00 0.000000e+00 1.000000e+00
    outer loop
      vertex   -3.850000e+01 2.363397e+01 -6.386940e+00
      vertex   -3.674039e+01 2.119937e+01 -6.386940e+00
      vertex   -3.829289e+01 2.379289e+01 -6.386940e+00
    endloop
  endfacet
  facet normal 0.000000e+00 0.000000e+00 1.000000e+00
    outer loop
      vertex   -3.829289e+01 2.379289e+01 -6.386940e+00
      vertex   -3.674039e+01 2.119937e+01 -6.386940e+00
      vertex   -3.617157e+01 2.167157e+01 -6.386940e+00
    endloop
  endfacet
  facet normal 0.000000e+00 0.000000e+00 1.000000e+00
    outer loop
      vertex   -3.829289e+01 2.379289e+01 -6.386940e+00
      vertex   -3.617157e+01 2.167157e+01 -6.386940e+00
      vertex   -3.569937e+01 2.224039e+01 -6.386940e+00
    endloop
  endfacet
  facet normal -0.000000e+00 0.000000e+00 1.000000e+00
    outer loop
      vertex   -3.829289e+01 2.379289e+01 -6.386940e+00
      vertex   -3.569937e+01 2.224039e+01 -6.386940e+00
      vertex   -3.813398e+01 2.400000e+01 -6.386940e+00
    endloop
  endfacet
  facet normal 0.000000e+00 0.000000e+00 1.000000e+00
    outer loop
      vertex   -3.813398e+01 2.400000e+01 -6.386940e+00
      vertex   -3.569937e+01 2.224039e+01 -6.386940e+00
      vertex   -3.533991e+01 2.288639e+01 -6.386940e+00
    endloop
  endfacet
  facet normal -0.000000e+00 0.000000e+00 1.000000e+00
    outer loop
      vertex   -3.813398e+01 2.400000e+01 -6.386940e+00
      vertex   -3.533991e+01 2.288639e+01 -6.386940e+00
      vertex   -3.803407e+01 2.424118e+01 -6.386940e+00
    endloop
  endfacet
  facet normal 0.000000e+00 0.000000e+00 1.000000e+00
    outer loop
      vertex   -3.803407e+01 2.424118e+01 -6.386940e+00
      vertex   -3.533991e+01 2.288639e+01 -6.386940e+00
      vertex   -3.510547e+01 2.358751e+01 -6.386940e+00
    endloop
  endfacet
  facet normal -0.000000e+00 0.000000e+00 1.000000e+00
    outer loop
      vertex   -3.803407e+01 2.424118e+01 -6.386940e+00
      vertex   -3.510547e+01 2.358751e+01 -6.386940e+00
      vertex   -3.500406e+01 2.431980e+01 -6.386940e+00
    endloop
  endfacet
  facet normal 0.000000e+00 0.000000e+00 1.000000e+00
    outer loop
      vertex   -3.803407e+01 2.424118e+01 -6.386940e+00
      vertex   -3.500406e+01 2.431980e+01 -6.386940e+00
      vertex   -3.800000e+01 2.450000e+01 -6.386940e+00
    endloop
  endfacet
  facet normal -0.000000e+00 0.000000e+00 1.000000e+00
    outer loop
      vertex   -3.800000e+01 2.450000e+01 -6.386940e+00
      vertex   -3.500406e+01 2.431980e+01 -6.386940e+00
      vertex   -3.503915e+01 2.505825e+01 -6.386940e+00
    endloop
  endfacet
  facet normal 0.000000e+00 -0.000000e+00 1.000000e+00
    outer loop
      vertex   -3.800000e+01 2.450000e+01 -6.386940e+00
      vertex   -3.503915e+01 2.505825e+01 -6.386940e+00
      vertex   -3.803407e+01 2.475882e+01 -6.386940e+00
    endloop
  endfacet
  facet normal 0.000000e+00 0.000000e+00 1.000000e+00
    outer loop
      vertex   -3.803407e+01 2.475882e+01 -6.386940e+00
      vertex   -3.503915e+01 2.505825e+01 -6.386940e+00
      vertex   -3.520953e+01 2.577762e+01 -6.386940e+00
    endloop
  endfacet
  facet normal 0.000000e+00 -0.000000e+00 1.000000e+00
    outer loop
      vertex   -3.803407e+01 2.475882e+01 -6.386940e+00
      vertex   -3.520953e+01 2.577762e+01 -6.386940e+00
      vertex   -3.813398e+01 2.500000e+01 -6.386940e+00
    endloop
  endfacet
  facet normal 0.000000e+00 0.000000e+00 1.000000e+00
    outer loop
      vertex   -3.813398e+01 2.500000e+01 -6.386940e+00
      vertex   -3.520953e+01 2.577762e+01 -6.386940e+00
      vertex   -3.550938e+01 2.645336e+01 -6.386940e+00
    endloop
  endfacet
  facet normal 0.000000e+00 0.000000e+00 1.000000e+00
    outer loop
      vertex   -3.813398e+01 2.500000e+01 -6.386940e+00
      vertex   -3.550938e+01 2.645336e+01 -6.386940e+00
      vertex   -3.592848e+01 2.706237e+01 -6.386940e+00
    endloop
  endfacet
  facet normal 0.000000e+00 -0.000000e+00 1.000000e+00
    outer loop
      vertex   -3.813398e+01 2.500000e+01 -6.386940e+00
      vertex   -3.592848e+01 2.706237e+01 -6.386940e+00
      vertex   -3.829289e+01 2.520711e+01 -6.386940e+00
    endloop
  endfacet
  facet normal 0.000000e+00 0.000000e+00 1.000000e+00
    outer loop
      vertex   -3.829289e+01 2.520711e+01 -6.386940e+00
      vertex   -3.592848e+01 2.706237e+01 -6.386940e+00
      vertex   -3.645248e+01 2.758385e+01 -6.386940e+00
    endloop
  endfacet
  facet normal 0.000000e+00 -0.000000e+00 1.000000e+00
    outer loop
      vertex   -3.829289e+01 2.520711e+01 -6.386940e+00
      vertex   -3.645248e+01 2.758385e+01 -6.386940e+00
      vertex   -3.850000e+01 2.536603e+01 -6.386940e+00
    endloop
  endfacet
  facet normal 0.000000e+00 0.000000e+00 1.000000e+00
    outer loop
      vertex   -3.850000e+01 2.536603e+01 -6.386940e+00
      vertex   -3.645248e+01 2.758385e+01 -6.386940e+00
      vertex   -3.706351e+01 2.800000e+01 -6.386940e+00
    endloop
  endfacet
  facet normal 0.000000e+00 -0.000000e+00 1.000000e+00
    outer loop
      vertex   -3.850000e+01 2.536603e+01 -6.386940e+00
      vertex   -3.706351e+01 2.800000e+01 -6.386940e+00
      vertex   -3.874118e+01 2.546592e+01 -6.386940e+00
    endloop
  endfacet
  facet normal 0.000000e+00 -0.000000e+00 1.000000e+00
    outer loop
      vertex   -3.874118e+01 2.546592e+01 -6.386940e+00
      vertex   -3.706351e+01 2.800000e+01 -6.386940e+00
      vertex   -3.950000e+01 2.800000e+01 -6.386940e+00
    endloop
  endfacet
  facet normal 0.000000e+00 0.000000e+00 1.000000e+00
    outer loop
      vertex   -3.874118e+01 2.546592e+01 -6.386940e+00
      vertex   -3.950000e+01 2.800000e+01 -6.386940e+00
      vertex   -3.900000e+01 2.550000e+01 -6.386940e+00
    endloop
  endfacet
  facet normal 0.000000e+00 0.000000e+00 1.000000e+00
    outer loop
      vertex   -3.900000e+01 2.550000e+01 -6.386940e+00
      vertex   -3.950000e+01 2.800000e+01 -6.386940e+00
      vertex   -3.925882e+01 2.546592e+01 -6.386940e+00
    endloop
  endfacet
  facet normal 0.000000e+00 0.000000e+00 1.000000e+00
    outer loop
      vertex   -3.925882e+01 2.546592e+01 -6.386940e+00
      vertex   -3.950000e+01 2.800000e+01 -6.386940e+00
      vertex   -4.008527e+01 2.794236e+01 -6.386940e+00
    endloop
  endfacet
  facet normal 0.000000e+00 0.000000e+00 1.000000e+00
    outer loop
      vertex   -3.925882e+01 2.546592e+01 -6.386940e+00
      vertex   -4.008527e+01 2.794236e+01 -6.386940e+00
      vertex   -3.950000e+01 2.536603e+01 -6.386940e+00
    endloop
  endfacet
  facet normal 0.000000e+00 0.000000e+00 1.000000e+00
    outer loop
      vertex   -3.950000e+01 2.536603e+01 -6.386940e+00
      vertex   -4.008527e+01 2.794236e+01 -6.386940e+00
      vertex   -4.064805e+01 2.777164e+01 -6.386940e+00
    endloop
  endfacet
  facet normal 0.000000e+00 0.000000e+00 1.000000e+00
    outer loop
      vertex   -3.950000e+01 2.536603e+01 -6.386940e+00
      vertex   -4.064805e+01 2.777164e+01 -6.386940e+00
      vertex   -4.116671e+01 2.749441e+01 -6.386940e+00
    endloop
  endfacet
  facet normal 0.000000e+00 0.000000e+00 1.000000e+00
    outer loop
      vertex   -3.950000e+01 2.536603e+01 -6.386940e+00
      vertex   -4.116671e+01 2.749441e+01 -6.386940e+00
      vertex   -3.970711e+01 2.520711e+01 -6.386940e+00
    endloop
  endfacet
  facet normal 0.000000e+00 0.000000e+00 1.000000e+00
    outer loop
      vertex   -3.970711e+01 2.520711e+01 -6.386940e+00
      vertex   -4.116671e+01 2.749441e+01 -6.386940e+00
      vertex   -4.162132e+01 2.712132e+01 -6.386940e+00
    endloop
  endfacet
  facet normal 0.000000e+00 0.000000e+00 1.000000e+00
    outer loop
      vertex   -3.970711e+01 2.520711e+01 -6.386940e+00
      vertex   -4.162132e+01 2.712132e+01 -6.386940e+00
      vertex   -4.199441e+01 2.666671e+01 -6.386940e+00
    endloop
  endfacet
  facet normal 0.000000e+00 0.000000e+00 1.000000e+00
    outer loop
      vertex   -3.970711e+01 2.520711e+01 -6.386940e+00
      vertex   -4.199441e+01 2.666671e+01 -6.386940e+00
      vertex   -3.986603e+01 2.500000e+01 -6.386940e+00
    endloop
  endfacet
  facet normal 0.000000e+00 0.000000e+00 1.000000e+00
    outer loop
      vertex   -3.986603e+01 2.500000e+01 -6.386940e+00
      vertex   -4.199441e+01 2.666671e+01 -6.386940e+00
      vertex   -4.227164e+01 2.614805e+01 -6.386940e+00
    endloop
  endfacet
  facet normal 0.000000e+00 0.000000e+00 1.000000e+00
    outer loop
      vertex   -3.986603e+01 2.500000e+01 -6.386940e+00
      vertex   -4.227164e+01 2.614805e+01 -6.386940e+00
      vertex   -4.244236e+01 2.558527e+01 -6.386940e+00
    endloop
  endfacet
  facet normal 0.000000e+00 0.000000e+00 1.000000e+00
    outer loop
      vertex   -3.986603e+01 2.500000e+01 -6.386940e+00
      vertex   -4.244236e+01 2.558527e+01 -6.386940e+00
      vertex   -3.996593e+01 2.475882e+01 -6.386940e+00
    endloop
  endfacet
  facet normal 0.000000e+00 0.000000e+00 1.000000e+00
    outer loop
      vertex   -3.996593e+01 2.475882e+01 -6.386940e+00
      vertex   -4.244236e+01 2.558527e+01 -6.386940e+00
      vertex   -4.250000e+01 2.500000e+01 -6.386940e+00
    endloop
  endfacet
  facet normal 0.000000e+00 1.000000e+00 0.000000e+00
    outer loop
      vertex   -3.950000e+01 2.800000e+01 -9.986939e+00
      vertex   -3.950000e+01 2.800000e+01 -6.386940e+00
      vertex   -3.706351e+01 2.800000e+01 -9.986939e+00
    endloop
  endfacet
  facet normal 0.000000e+00 1.000000e+00 -0.000000e+00
    outer loop
      vertex   -3.706351e+01 2.800000e+01 -9.986939e+00
      vertex   -3.950000e+01 2.800000e+01 -6.386940e+00
      vertex   -3.706351e+01 2.800000e+01 -6.386940e+00
    endloop
  endfacet
  facet normal -9.951846e-01 9.801807e-02 0.000000e+00
    outer loop
      vertex   -4.244236e+01 2.558527e+01 -6.386940e+00
      vertex   -4.244236e+01 2.558527e+01 -9.986939e+00
      vertex   -4.250000e+01 2.500000e+01 -6.386940e+00
    endloop
  endfacet
  facet normal -9.951846e-01 9.801807e-02 0.000000e+00
    outer loop
      vertex   -4.250000e+01 2.500000e+01 -6.386940e+00
      vertex   -4.244236e+01 2.558527e+01 -9.986939e+00
      vertex   -4.250000e+01 2.500000e+01 -9.986939e+00
    endloop
  endfacet
  facet normal -9.569401e-01 2.902855e-01 0.000000e+00
    outer loop
      vertex   -4.227164e+01 2.614805e+01 -6.386940e+00
      vertex   -4.227164e+01 2.614805e+01 -9.986939e+00
      vertex   -4.244236e+01 2.558527e+01 -6.386940e+00
    endloop
  endfacet
  facet normal -9.569401e-01 2.902855e-01 0.000000e+00
    outer loop
      vertex   -4.244236e+01 2.558527e+01 -6.386940e+00
      vertex   -4.227164e+01 2.614805e+01 -9.986939e+00
      vertex   -4.244236e+01 2.558527e+01 -9.986939e+00
    endloop
  endfacet
  facet normal -8.819223e-01 4.713948e-01 0.000000e+00
    outer loop
      vertex   -4.199441e+01 2.666671e+01 -6.386940e+00
      vertex   -4.199441e+01 2.666671e+01 -9.986939e+00
      vertex   -4.227164e+01 2.614805e+01 -6.386940e+00
    endloop
  endfacet
  facet normal -8.819223e-01 4.713948e-01 0.000000e+00
    outer loop
      vertex   -4.227164e+01 2.614805e+01 -6.386940e+00
      vertex   -4.199441e+01 2.666671e+01 -9.986939e+00
      vertex   -4.227164e+01 2.614805e+01 -9.986939e+00
    endloop
  endfacet
  facet normal -7.730092e-01 6.343948e-01 0.000000e+00
    outer loop
      vertex   -4.162132e+01 2.712132e+01 -6.386940e+00
      vertex   -4.162132e+01 2.712132e+01 -9.986939e+00
      vertex   -4.199441e+01 2.666671e+01 -6.386940e+00
    endloop
  endfacet
  facet normal -7.730092e-01 6.343948e-01 0.000000e+00
    outer loop
      vertex   -4.199441e+01 2.666671e+01 -6.386940e+00
      vertex   -4.162132e+01 2.712132e+01 -9.986939e+00
      vertex   -4.199441e+01 2.666671e+01 -9.986939e+00
    endloop
  endfacet
  facet normal -6.343939e-01 7.730100e-01 0.000000e+00
    outer loop
      vertex   -4.116671e+01 2.749441e+01 -6.386940e+00
      vertex   -4.116671e+01 2.749441e+01 -9.986939e+00
      vertex   -4.162132e+01 2.712132e+01 -6.386940e+00
    endloop
  endfacet
  facet normal -6.343939e-01 7.730100e-01 0.000000e+00
    outer loop
      vertex   -4.162132e+01 2.712132e+01 -6.386940e+00
      vertex   -4.116671e+01 2.749441e+01 -9.986939e+00
      vertex   -4.162132e+01 2.712132e+01 -9.986939e+00
    endloop
  endfacet
  facet normal -4.713979e-01 8.819206e-01 0.000000e+00
    outer loop
      vertex   -4.064805e+01 2.777164e+01 -6.386940e+00
      vertex   -4.064805e+01 2.777164e+01 -9.986939e+00
      vertex   -4.116671e+01 2.749441e+01 -6.386940e+00
    endloop
  endfacet
  facet normal -4.713979e-01 8.819206e-01 0.000000e+00
    outer loop
      vertex   -4.116671e+01 2.749441e+01 -6.386940e+00
      vertex   -4.064805e+01 2.777164e+01 -9.986939e+00
      vertex   -4.116671e+01 2.749441e+01 -9.986939e+00
    endloop
  endfacet
  facet normal -2.902833e-01 9.569408e-01 0.000000e+00
    outer loop
      vertex   -4.008527e+01 2.794236e+01 -6.386940e+00
      vertex   -4.008527e+01 2.794236e+01 -9.986939e+00
      vertex   -4.064805e+01 2.777164e+01 -6.386940e+00
    endloop
  endfacet
  facet normal -2.902833e-01 9.569408e-01 0.000000e+00
    outer loop
      vertex   -4.064805e+01 2.777164e+01 -6.386940e+00
      vertex   -4.008527e+01 2.794236e+01 -9.986939e+00
      vertex   -4.064805e+01 2.777164e+01 -9.986939e+00
    endloop
  endfacet
  facet normal -9.801485e-02 9.951850e-01 0.000000e+00
    outer loop
      vertex   -3.950000e+01 2.800000e+01 -6.386940e+00
      vertex   -3.950000e+01 2.800000e+01 -9.986939e+00
      vertex   -4.008527e+01 2.794236e+01 -6.386940e+00
    endloop
  endfacet
  facet normal -9.801485e-02 9.951850e-01 0.000000e+00
    outer loop
      vertex   -4.008527e+01 2.794236e+01 -6.386940e+00
      vertex   -3.950000e+01 2.800000e+01 -9.986939e+00
      vertex   -4.008527e+01 2.794236e+01 -9.986939e+00
    endloop
  endfacet
  facet normal 5.629087e-01 8.265191e-01 0.000000e+00
    outer loop
      vertex   -3.645248e+01 2.758385e+01 -6.386940e+00
      vertex   -3.645248e+01 2.758385e+01 -9.986939e+00
      vertex   -3.706351e+01 2.800000e+01 -6.386940e+00
    endloop
  endfacet
  facet normal 5.629087e-01 8.265191e-01 0.000000e+00
    outer loop
      vertex   -3.706351e+01 2.800000e+01 -6.386940e+00
      vertex   -3.645248e+01 2.758385e+01 -9.986939e+00
      vertex   -3.706351e+01 2.800000e+01 -9.986939e+00
    endloop
  endfacet
  facet normal 7.054003e-01 7.088092e-01 0.000000e+00
    outer loop
      vertex   -3.592848e+01 2.706237e+01 -6.386940e+00
      vertex   -3.592848e+01 2.706237e+01 -9.986939e+00
      vertex   -3.645248e+01 2.758385e+01 -6.386940e+00
    endloop
  endfacet
  facet normal 7.054003e-01 7.088092e-01 0.000000e+00
    outer loop
      vertex   -3.645248e+01 2.758385e+01 -6.386940e+00
      vertex   -3.592848e+01 2.706237e+01 -9.986939e+00
      vertex   -3.645248e+01 2.758385e+01 -9.986939e+00
    endloop
  endfacet
  facet normal 8.237903e-01 5.668946e-01 0.000000e+00
    outer loop
      vertex   -3.550938e+01 2.645336e+01 -6.386940e+00
      vertex   -3.550938e+01 2.645336e+01 -9.986939e+00
      vertex   -3.592848e+01 2.706237e+01 -6.386940e+00
    endloop
  endfacet
  facet normal 8.237903e-01 5.668946e-01 0.000000e+00
    outer loop
      vertex   -3.592848e+01 2.706237e+01 -6.386940e+00
      vertex   -3.550938e+01 2.645336e+01 -9.986939e+00
      vertex   -3.592848e+01 2.706237e+01 -9.986939e+00
    endloop
  endfacet
  facet normal 9.140486e-01 4.056046e-01 0.000000e+00
    outer loop
      vertex   -3.520953e+01 2.577762e+01 -6.386940e+00
      vertex   -3.520953e+01 2.577762e+01 -9.986939e+00
      vertex   -3.550938e+01 2.645336e+01 -6.386940e+00
    endloop
  endfacet
  facet normal 9.140486e-01 4.056046e-01 0.000000e+00
    outer loop
      vertex   -3.550938e+01 2.645336e+01 -6.386940e+00
      vertex   -3.520953e+01 2.577762e+01 -9.986939e+00
      vertex   -3.550938e+01 2.645336e+01 -9.986939e+00
    endloop
  endfacet
  facet normal 9.730788e-01 2.304728e-01 0.000000e+00
    outer loop
      vertex   -3.503915e+01 2.505825e+01 -6.386940e+00
      vertex   -3.503915e+01 2.505825e+01 -9.986939e+00
      vertex   -3.520953e+01 2.577762e+01 -6.386940e+00
    endloop
  endfacet
  facet normal 9.730788e-01 2.304728e-01 0.000000e+00
    outer loop
      vertex   -3.520953e+01 2.577762e+01 -6.386940e+00
      vertex   -3.503915e+01 2.505825e+01 -9.986939e+00
      vertex   -3.520953e+01 2.577762e+01 -9.986939e+00
    endloop
  endfacet
  facet normal 9.988733e-01 4.745621e-02 0.000000e+00
    outer loop
      vertex   -3.500406e+01 2.431980e+01 -6.386940e+00
      vertex   -3.500406e+01 2.431980e+01 -9.986939e+00
      vertex   -3.503915e+01 2.505825e+01 -6.386940e+00
    endloop
  endfacet
  facet normal 9.988733e-01 4.745621e-02 0.000000e+00
    outer loop
      vertex   -3.503915e+01 2.505825e+01 -6.386940e+00
      vertex   -3.500406e+01 2.431980e+01 -9.986939e+00
      vertex   -3.503915e+01 2.505825e+01 -9.986939e+00
    endloop
  endfacet
  facet normal 9.905476e-01 -1.371692e-01 0.000000e+00
    outer loop
      vertex   -3.510547e+01 2.358751e+01 -6.386940e+00
      vertex   -3.510547e+01 2.358751e+01 -9.986939e+00
      vertex   -3.500406e+01 2.431980e+01 -6.386940e+00
    endloop
  endfacet
  facet normal 9.905476e-01 -1.371692e-01 0.000000e+00
    outer loop
      vertex   -3.500406e+01 2.431980e+01 -6.386940e+00
      vertex   -3.510547e+01 2.358751e+01 -9.986939e+00
      vertex   -3.500406e+01 2.431980e+01 -9.986939e+00
    endloop
  endfacet
  facet normal 9.483852e-01 -3.171206e-01 0.000000e+00
    outer loop
      vertex   -3.533991e+01 2.288639e+01 -6.386940e+00
      vertex   -3.533991e+01 2.288639e+01 -9.986939e+00
      vertex   -3.510547e+01 2.358751e+01 -6.386940e+00
    endloop
  endfacet
  facet normal 9.483852e-01 -3.171206e-01 0.000000e+00
    outer loop
      vertex   -3.510547e+01 2.358751e+01 -6.386940e+00
      vertex   -3.533991e+01 2.288639e+01 -9.986939e+00
      vertex   -3.510547e+01 2.358751e+01 -9.986939e+00
    endloop
  endfacet
  facet normal 8.738305e-01 -4.862307e-01 0.000000e+00
    outer loop
      vertex   -3.569937e+01 2.224039e+01 -6.386940e+00
      vertex   -3.569937e+01 2.224039e+01 -9.986939e+00
      vertex   -3.533991e+01 2.288639e+01 -6.386940e+00
    endloop
  endfacet
  facet normal 8.738305e-01 -4.862307e-01 0.000000e+00
    outer loop
      vertex   -3.533991e+01 2.288639e+01 -6.386940e+00
      vertex   -3.569937e+01 2.224039e+01 -9.986939e+00
      vertex   -3.533991e+01 2.288639e+01 -9.986939e+00
    endloop
  endfacet
  facet normal 7.694219e-01 -6.387409e-01 0.000000e+00
    outer loop
      vertex   -3.617157e+01 2.167157e+01 -6.386940e+00
      vertex   -3.617157e+01 2.167157e+01 -9.986939e+00
      vertex   -3.569937e+01 2.224039e+01 -6.386940e+00
    endloop
  endfacet
  facet normal 7.694219e-01 -6.387409e-01 0.000000e+00
    outer loop
      vertex   -3.569937e+01 2.224039e+01 -6.386940e+00
      vertex   -3.617157e+01 2.167157e+01 -9.986939e+00
      vertex   -3.569937e+01 2.224039e+01 -9.986939e+00
    endloop
  endfacet
  facet normal 6.387390e-01 -7.694235e-01 0.000000e+00
    outer loop
      vertex   -3.674039e+01 2.119937e+01 -6.386940e+00
      vertex   -3.674039e+01 2.119937e+01 -9.986939e+00
      vertex   -3.617157e+01 2.167157e+01 -6.386940e+00
    endloop
  endfacet
  facet normal 6.387390e-01 -7.694235e-01 0.000000e+00
    outer loop
      vertex   -3.617157e+01 2.167157e+01 -6.386940e+00
      vertex   -3.674039e+01 2.119937e+01 -9.986939e+00
      vertex   -3.617157e+01 2.167157e+01 -9.986939e+00
    endloop
  endfacet
  facet normal 4.862318e-01 -8.738299e-01 0.000000e+00
    outer loop
      vertex   -3.738640e+01 2.083991e+01 -6.386940e+00
      vertex   -3.738640e+01 2.083991e+01 -9.986939e+00
      vertex   -3.674039e+01 2.119937e+01 -6.386940e+00
    endloop
  endfacet
  facet normal 4.862318e-01 -8.738299e-01 0.000000e+00
    outer loop
      vertex   -3.674039e+01 2.119937e+01 -6.386940e+00
      vertex   -3.738640e+01 2.083991e+01 -9.986939e+00
      vertex   -3.674039e+01 2.119937e+01 -9.986939e+00
    endloop
  endfacet
  facet normal 3.171206e-01 -9.483852e-01 0.000000e+00
    outer loop
      vertex   -3.808751e+01 2.060547e+01 -6.386940e+00
      vertex   -3.808751e+01 2.060547e+01 -9.986939e+00
      vertex   -3.738640e+01 2.083991e+01 -6.386940e+00
    endloop
  endfacet
  facet normal 3.171206e-01 -9.483852e-01 0.000000e+00
    outer loop
      vertex   -3.738640e+01 2.083991e+01 -6.386940e+00
      vertex   -3.808751e+01 2.060547e+01 -9.986939e+00
      vertex   -3.738640e+01 2.083991e+01 -9.986939e+00
    endloop
  endfacet
  facet normal 1.371700e-01 -9.905475e-01 0.000000e+00
    outer loop
      vertex   -3.881980e+01 2.050406e+01 -6.386940e+00
      vertex   -3.881980e+01 2.050406e+01 -9.986939e+00
      vertex   -3.808751e+01 2.060547e+01 -6.386940e+00
    endloop
  endfacet
  facet normal 1.371700e-01 -9.905475e-01 0.000000e+00
    outer loop
      vertex   -3.808751e+01 2.060547e+01 -6.386940e+00
      vertex   -3.881980e+01 2.050406e+01 -9.986939e+00
      vertex   -3.808751e+01 2.060547e+01 -9.986939e+00
    endloop
  endfacet
  facet normal -4.745942e-02 -9.988732e-01 -0.000000e+00
    outer loop
      vertex   -3.955825e+01 2.053915e+01 -6.386940e+00
      vertex   -3.955825e+01 2.053915e+01 -9.986939e+00
      vertex   -3.881980e+01 2.050406e+01 -6.386940e+00
    endloop
  endfacet
  facet normal -4.745942e-02 -9.988732e-01 -0.000000e+00
    outer loop
      vertex   -3.881980e+01 2.050406e+01 -6.386940e+00
      vertex   -3.955825e+01 2.053915e+01 -9.986939e+00
      vertex   -3.881980e+01 2.050406e+01 -9.986939e+00
    endloop
  endfacet
  facet normal -2.304690e-01 -9.730797e-01 -0.000000e+00
    outer loop
      vertex   -4.027762e+01 2.070953e+01 -6.386940e+00
      vertex   -4.027762e+01 2.070953e+01 -9.986939e+00
      vertex   -3.955825e+01 2.053915e+01 -6.386940e+00
    endloop
  endfacet
  facet normal -2.304690e-01 -9.730797e-01 -0.000000e+00
    outer loop
      vertex   -3.955825e+01 2.053915e+01 -6.386940e+00
      vertex   -4.027762e+01 2.070953e+01 -9.986939e+00
      vertex   -3.955825e+01 2.053915e+01 -9.986939e+00
    endloop
  endfacet
  facet normal -4.056073e-01 -9.140475e-01 -0.000000e+00
    outer loop
      vertex   -4.095336e+01 2.100939e+01 -6.386940e+00
      vertex   -4.095336e+01 2.100939e+01 -9.986939e+00
      vertex   -4.027762e+01 2.070953e+01 -6.386940e+00
    endloop
  endfacet
  facet normal -4.056073e-01 -9.140475e-01 -0.000000e+00
    outer loop
      vertex   -4.027762e+01 2.070953e+01 -6.386940e+00
      vertex   -4.095336e+01 2.100939e+01 -9.986939e+00
      vertex   -4.027762e+01 2.070953e+01 -9.986939e+00
    endloop
  endfacet
  facet normal -5.668939e-01 -8.237908e-01 -0.000000e+00
    outer loop
      vertex   -4.156237e+01 2.142848e+01 -6.386940e+00
      vertex   -4.156237e+01 2.142848e+01 -9.986939e+00
      vertex   -4.095336e+01 2.100939e+01 -6.386940e+00
    endloop
  endfacet
  facet normal -5.668939e-01 -8.237908e-01 -0.000000e+00
    outer loop
      vertex   -4.095336e+01 2.100939e+01 -6.386940e+00
      vertex   -4.156237e+01 2.142848e+01 -9.986939e+00
      vertex   -4.095336e+01 2.100939e+01 -9.986939e+00
    endloop
  endfacet
  facet normal -7.088091e-01 -7.054003e-01 -0.000000e+00
    outer loop
      vertex   -4.208385e+01 2.195248e+01 -6.386940e+00
      vertex   -4.208385e+01 2.195248e+01 -9.986939e+00
      vertex   -4.156237e+01 2.142848e+01 -6.386940e+00
    endloop
  endfacet
  facet normal -7.088091e-01 -7.054003e-01 -0.000000e+00
    outer loop
      vertex   -4.156237e+01 2.142848e+01 -6.386940e+00
      vertex   -4.208385e+01 2.195248e+01 -9.986939e+00
      vertex   -4.156237e+01 2.142848e+01 -9.986939e+00
    endloop
  endfacet
  facet normal -8.265180e-01 -5.629102e-01 -0.000000e+00
    outer loop
      vertex   -4.250000e+01 2.256351e+01 -6.386940e+00
      vertex   -4.250000e+01 2.256351e+01 -9.986939e+00
      vertex   -4.208385e+01 2.195248e+01 -6.386940e+00
    endloop
  endfacet
  facet normal -8.265180e-01 -5.629102e-01 -0.000000e+00
    outer loop
      vertex   -4.208385e+01 2.195248e+01 -6.386940e+00
      vertex   -4.250000e+01 2.256351e+01 -9.986939e+00
      vertex   -4.208385e+01 2.195248e+01 -9.986939e+00
    endloop
  endfacet
  facet normal -1.000000e+00 0.000000e+00 0.000000e+00
    outer loop
      vertex   -4.250000e+01 2.256351e+01 -9.986939e+00
      vertex   -4.250000e+01 2.256351e+01 -6.386940e+00
      vertex   -4.250000e+01 2.500000e+01 -9.986939e+00
    endloop
  endfacet
  facet normal -1.000000e+00 0.000000e+00 0.000000e+00
    outer loop
      vertex   -4.250000e+01 2.500000e+01 -9.986939e+00
      vertex   -4.250000e+01 2.256351e+01 -6.386940e+00
      vertex   -4.250000e+01 2.500000e+01 -6.386940e+00
    endloop
  endfacet
  facet normal 0.000000e+00 -0.000000e+00 1.000000e+00
    outer loop
      vertex   -4.227164e+01 -2.614805e+01 -6.386940e+00
      vertex   -3.986603e+01 -2.500000e+01 -6.386940e+00
      vertex   -4.244236e+01 -2.558527e+01 -6.386940e+00
    endloop
  endfacet
  facet normal 0.000000e+00 0.000000e+00 1.000000e+00
    outer loop
      vertex   -4.244236e+01 -2.558527e+01 -6.386940e+00
      vertex   -3.986603e+01 -2.500000e+01 -6.386940e+00
      vertex   -3.996593e+01 -2.475882e+01 -6.386940e+00
    endloop
  endfacet
  facet normal 0.000000e+00 -0.000000e+00 1.000000e+00
    outer loop
      vertex   -4.244236e+01 -2.558527e+01 -6.386940e+00
      vertex   -3.996593e+01 -2.475882e+01 -6.386940e+00
      vertex   -4.250000e+01 -2.500000e+01 -6.386940e+00
    endloop
  endfacet
  facet normal 0.000000e+00 0.000000e+00 1.000000e+00
    outer loop
      vertex   -4.250000e+01 -2.500000e+01 -6.386940e+00
      vertex   -3.996593e+01 -2.475882e+01 -6.386940e+00
      vertex   -4.000000e+01 -2.450000e+01 -6.386940e+00
    endloop
  endfacet
  facet normal 0.000000e+00 0.000000e+00 1.000000e+00
    outer loop
      vertex   -4.250000e+01 -2.500000e+01 -6.386940e+00
      vertex   -4.000000e+01 -2.450000e+01 -6.386940e+00
      vertex   -3.996593e+01 -2.424118e+01 -6.386940e+00
    endloop
  endfacet
  facet normal -0.000000e+00 0.000000e+00 1.000000e+00
    outer loop
      vertex   -4.227164e+01 -2.614805e+01 -6.386940e+00
      vertex   -4.199441e+01 -2.666671e+01 -6.386940e+00
      vertex   -3.986603e+01 -2.500000e+01 -6.386940e+00
    endloop
  endfacet
  facet normal 0.000000e+00 0.000000e+00 1.000000e+00
    outer loop
      vertex   -3.986603e+01 -2.500000e+01 -6.386940e+00
      vertex   -4.199441e+01 -2.666671e+01 -6.386940e+00
      vertex   -3.970711e+01 -2.520711e+01 -6.386940e+00
    endloop
  endfacet
  facet normal 0.000000e+00 0.000000e+00 1.000000e+00
    outer loop
      vertex   -3.970711e+01 -2.520711e+01 -6.386940e+00
      vertex   -4.199441e+01 -2.666671e+01 -6.386940e+00
      vertex   -4.162132e+01 -2.712132e+01 -6.386940e+00
    endloop
  endfacet
  facet normal 0.000000e+00 0.000000e+00 1.000000e+00
    outer loop
      vertex   -3.970711e+01 -2.520711e+01 -6.386940e+00
      vertex   -4.162132e+01 -2.712132e+01 -6.386940e+00
      vertex   -4.116671e+01 -2.749441e+01 -6.386940e+00
    endloop
  endfacet
  facet normal 0.000000e+00 0.000000e+00 1.000000e+00
    outer loop
      vertex   -3.970711e+01 -2.520711e+01 -6.386940e+00
      vertex   -4.116671e+01 -2.749441e+01 -6.386940e+00
      vertex   -3.950000e+01 -2.536603e+01 -6.386940e+00
    endloop
  endfacet
  facet normal 0.000000e+00 0.000000e+00 1.000000e+00
    outer loop
      vertex   -3.950000e+01 -2.536603e+01 -6.386940e+00
      vertex   -4.116671e+01 -2.749441e+01 -6.386940e+00
      vertex   -4.064805e+01 -2.777164e+01 -6.386940e+00
    endloop
  endfacet
  facet normal 0.000000e+00 0.000000e+00 1.000000e+00
    outer loop
      vertex   -3.950000e+01 -2.536603e+01 -6.386940e+00
      vertex   -4.064805e+01 -2.777164e+01 -6.386940e+00
      vertex   -4.008527e+01 -2.794236e+01 -6.386940e+00
    endloop
  endfacet
  facet normal 0.000000e+00 0.000000e+00 1.000000e+00
    outer loop
      vertex   -3.950000e+01 -2.536603e+01 -6.386940e+00
      vertex   -4.008527e+01 -2.794236e+01 -6.386940e+00
      vertex   -3.925882e+01 -2.546592e+01 -6.386940e+00
    endloop
  endfacet
  facet normal 0.000000e+00 0.000000e+00 1.000000e+00
    outer loop
      vertex   -3.925882e+01 -2.546592e+01 -6.386940e+00
      vertex   -4.008527e+01 -2.794236e+01 -6.386940e+00
      vertex   -3.950000e+01 -2.800000e+01 -6.386940e+00
    endloop
  endfacet
  facet normal 0.000000e+00 0.000000e+00 1.000000e+00
    outer loop
      vertex   -3.925882e+01 -2.546592e+01 -6.386940e+00
      vertex   -3.950000e+01 -2.800000e+01 -6.386940e+00
      vertex   -3.900000e+01 -2.550000e+01 -6.386940e+00
    endloop
  endfacet
  facet normal -0.000000e+00 0.000000e+00 1.000000e+00
    outer loop
      vertex   -3.900000e+01 -2.550000e+01 -6.386940e+00
      vertex   -3.950000e+01 -2.800000e+01 -6.386940e+00
      vertex   -3.874118e+01 -2.546592e+01 -6.386940e+00
    endloop
  endfacet
  facet normal 0.000000e+00 0.000000e+00 1.000000e+00
    outer loop
      vertex   -3.874118e+01 -2.546592e+01 -6.386940e+00
      vertex   -3.950000e+01 -2.800000e+01 -6.386940e+00
      vertex   -3.706351e+01 -2.800000e+01 -6.386940e+00
    endloop
  endfacet
  facet normal -0.000000e+00 0.000000e+00 1.000000e+00
    outer loop
      vertex   -3.874118e+01 -2.546592e+01 -6.386940e+00
      vertex   -3.706351e+01 -2.800000e+01 -6.386940e+00
      vertex   -3.850000e+01 -2.536603e+01 -6.386940e+00
    endloop
  endfacet
  facet normal 0.000000e+00 0.000000e+00 1.000000e+00
    outer loop
      vertex   -3.850000e+01 -2.536603e+01 -6.386940e+00
      vertex   -3.706351e+01 -2.800000e+01 -6.386940e+00
      vertex   -3.645248e+01 -2.758385e+01 -6.386940e+00
    endloop
  endfacet
  facet normal -0.000000e+00 0.000000e+00 1.000000e+00
    outer loop
      vertex   -3.850000e+01 -2.536603e+01 -6.386940e+00
      vertex   -3.645248e+01 -2.758385e+01 -6.386940e+00
      vertex   -3.829289e+01 -2.520711e+01 -6.386940e+00
    endloop
  endfacet
  facet normal 0.000000e+00 0.000000e+00 1.000000e+00
    outer loop
      vertex   -3.829289e+01 -2.520711e+01 -6.386940e+00
      vertex   -3.645248e+01 -2.758385e+01 -6.386940e+00
      vertex   -3.592848e+01 -2.706237e+01 -6.386940e+00
    endloop
  endfacet
  facet normal -0.000000e+00 0.000000e+00 1.000000e+00
    outer loop
      vertex   -3.829289e+01 -2.520711e+01 -6.386940e+00
      vertex   -3.592848e+01 -2.706237e+01 -6.386940e+00
      vertex   -3.813398e+01 -2.500000e+01 -6.386940e+00
    endloop
  endfacet
  facet normal 0.000000e+00 0.000000e+00 1.000000e+00
    outer loop
      vertex   -3.813398e+01 -2.500000e+01 -6.386940e+00
      vertex   -3.592848e+01 -2.706237e+01 -6.386940e+00
      vertex   -3.550938e+01 -2.645336e+01 -6.386940e+00
    endloop
  endfacet
  facet normal 0.000000e+00 0.000000e+00 1.000000e+00
    outer loop
      vertex   -3.813398e+01 -2.500000e+01 -6.386940e+00
      vertex   -3.550938e+01 -2.645336e+01 -6.386940e+00
      vertex   -3.520953e+01 -2.577762e+01 -6.386940e+00
    endloop
  endfacet
  facet normal -0.000000e+00 0.000000e+00 1.000000e+00
    outer loop
      vertex   -3.813398e+01 -2.500000e+01 -6.386940e+00
      vertex   -3.520953e+01 -2.577762e+01 -6.386940e+00
      vertex   -3.803407e+01 -2.475882e+01 -6.386940e+00
    endloop
  endfacet
  facet normal 0.000000e+00 0.000000e+00 1.000000e+00
    outer loop
      vertex   -3.803407e+01 -2.475882e+01 -6.386940e+00
      vertex   -3.520953e+01 -2.577762e+01 -6.386940e+00
      vertex   -3.503915e+01 -2.505825e+01 -6.386940e+00
    endloop
  endfacet
  facet normal -0.000000e+00 0.000000e+00 1.000000e+00
    outer loop
      vertex   -3.803407e+01 -2.475882e+01 -6.386940e+00
      vertex   -3.503915e+01 -2.505825e+01 -6.386940e+00
      vertex   -3.800000e+01 -2.450000e+01 -6.386940e+00
    endloop
  endfacet
  facet normal -0.000000e+00 0.000000e+00 1.000000e+00
    outer loop
      vertex   -3.800000e+01 -2.450000e+01 -6.386940e+00
      vertex   -3.503915e+01 -2.505825e+01 -6.386940e+00
      vertex   -3.500406e+01 -2.431980e+01 -6.386940e+00
    endloop
  endfacet
  facet normal 0.000000e+00 -0.000000e+00 1.000000e+00
    outer loop
      vertex   -3.800000e+01 -2.450000e+01 -6.386940e+00
      vertex   -3.500406e+01 -2.431980e+01 -6.386940e+00
      vertex   -3.803407e+01 -2.424118e+01 -6.386940e+00
    endloop
  endfacet
  facet normal -0.000000e+00 0.000000e+00 1.000000e+00
    outer loop
      vertex   -3.803407e+01 -2.424118e+01 -6.386940e+00
      vertex   -3.500406e+01 -2.431980e+01 -6.386940e+00
      vertex   -3.510547e+01 -2.358751e+01 -6.386940e+00
    endloop
  endfacet
  facet normal 0.000000e+00 0.000000e+00 1.000000e+00
    outer loop
      vertex   -3.803407e+01 -2.424118e+01 -6.386940e+00
      vertex   -3.510547e+01 -2.358751e+01 -6.386940e+00
      vertex   -3.533991e+01 -2.288639e+01 -6.386940e+00
    endloop
  endfacet
  facet normal 0.000000e+00 -0.000000e+00 1.000000e+00
    outer loop
      vertex   -3.803407e+01 -2.424118e+01 -6.386940e+00
      vertex   -3.533991e+01 -2.288639e+01 -6.386940e+00
      vertex   -3.813398e+01 -2.400000e+01 -6.386940e+00
    endloop
  endfacet
  facet normal 0.000000e+00 0.000000e+00 1.000000e+00
    outer loop
      vertex   -3.813398e+01 -2.400000e+01 -6.386940e+00
      vertex   -3.533991e+01 -2.288639e+01 -6.386940e+00
      vertex   -3.569937e+01 -2.224039e+01 -6.386940e+00
    endloop
  endfacet
  facet normal 0.000000e+00 -0.000000e+00 1.000000e+00
    outer loop
      vertex   -3.813398e+01 -2.400000e+01 -6.386940e+00
      vertex   -3.569937e+01 -2.224039e+01 -6.386940e+00
      vertex   -3.829289e+01 -2.379289e+01 -6.386940e+00
    endloop
  endfacet
  facet normal 0.000000e+00 0.000000e+00 1.000000e+00
    outer loop
      vertex   -3.829289e+01 -2.379289e+01 -6.386940e+00
      vertex   -3.569937e+01 -2.224039e+01 -6.386940e+00
      vertex   -3.617157e+01 -2.167157e+01 -6.386940e+00
    endloop
  endfacet
  facet normal 0.000000e+00 0.000000e+00 1.000000e+00
    outer loop
      vertex   -3.829289e+01 -2.379289e+01 -6.386940e+00
      vertex   -3.617157e+01 -2.167157e+01 -6.386940e+00
      vertex   -3.674039e+01 -2.119937e+01 -6.386940e+00
    endloop
  endfacet
  facet normal 0.000000e+00 -0.000000e+00 1.000000e+00
    outer loop
      vertex   -3.829289e+01 -2.379289e+01 -6.386940e+00
      vertex   -3.674039e+01 -2.119937e+01 -6.386940e+00
      vertex   -3.850000e+01 -2.363397e+01 -6.386940e+00
    endloop
  endfacet
  facet normal 0.000000e+00 0.000000e+00 1.000000e+00
    outer loop
      vertex   -3.850000e+01 -2.363397e+01 -6.386940e+00
      vertex   -3.674039e+01 -2.119937e+01 -6.386940e+00
      vertex   -3.738640e+01 -2.083991e+01 -6.386940e+00
    endloop
  endfacet
  facet normal 0.000000e+00 -0.000000e+00 1.000000e+00
    outer loop
      vertex   -3.850000e+01 -2.363397e+01 -6.386940e+00
      vertex   -3.738640e+01 -2.083991e+01 -6.386940e+00
      vertex   -3.874118e+01 -2.353408e+01 -6.386940e+00
    endloop
  endfacet
  facet normal 0.000000e+00 0.000000e+00 1.000000e+00
    outer loop
      vertex   -3.874118e+01 -2.353408e+01 -6.386940e+00
      vertex   -3.738640e+01 -2.083991e+01 -6.386940e+00
      vertex   -3.808751e+01 -2.060547e+01 -6.386940e+00
    endloop
  endfacet
  facet normal 0.000000e+00 -0.000000e+00 1.000000e+00
    outer loop
      vertex   -3.874118e+01 -2.353408e+01 -6.386940e+00
      vertex   -3.808751e+01 -2.060547e+01 -6.386940e+00
      vertex   -3.881980e+01 -2.050406e+01 -6.386940e+00
    endloop
  endfacet
  facet normal 0.000000e+00 0.000000e+00 1.000000e+00
    outer loop
      vertex   -3.874118e+01 -2.353408e+01 -6.386940e+00
      vertex   -3.881980e+01 -2.050406e+01 -6.386940e+00
      vertex   -3.900000e+01 -2.350000e+01 -6.386940e+00
    endloop
  endfacet
  facet normal 0.000000e+00 -0.000000e+00 1.000000e+00
    outer loop
      vertex   -3.900000e+01 -2.350000e+01 -6.386940e+00
      vertex   -3.881980e+01 -2.050406e+01 -6.386940e+00
      vertex   -3.955825e+01 -2.053915e+01 -6.386940e+00
    endloop
  endfacet
  facet normal 0.000000e+00 0.000000e+00 1.000000e+00
    outer loop
      vertex   -3.900000e+01 -2.350000e+01 -6.386940e+00
      vertex   -3.955825e+01 -2.053915e+01 -6.386940e+00
      vertex   -3.925882e+01 -2.353408e+01 -6.386940e+00
    endloop
  endfacet
  facet normal 0.000000e+00 0.000000e+00 1.000000e+00
    outer loop
      vertex   -3.925882e+01 -2.353408e+01 -6.386940e+00
      vertex   -3.955825e+01 -2.053915e+01 -6.386940e+00
      vertex   -4.027762e+01 -2.070953e+01 -6.386940e+00
    endloop
  endfacet
  facet normal 0.000000e+00 0.000000e+00 1.000000e+00
    outer loop
      vertex   -3.925882e+01 -2.353408e+01 -6.386940e+00
      vertex   -4.027762e+01 -2.070953e+01 -6.386940e+00
      vertex   -3.950000e+01 -2.363397e+01 -6.386940e+00
    endloop
  endfacet
  facet normal 0.000000e+00 0.000000e+00 1.000000e+00
    outer loop
      vertex   -3.950000e+01 -2.363397e+01 -6.386940e+00
      vertex   -4.027762e+01 -2.070953e+01 -6.386940e+00
      vertex   -4.095336e+01 -2.100939e+01 -6.386940e+00
    endloop
  endfacet
  facet normal 0.000000e+00 0.000000e+00 1.000000e+00
    outer loop
      vertex   -3.950000e+01 -2.363397e+01 -6.386940e+00
      vertex   -4.095336e+01 -2.100939e+01 -6.386940e+00
      vertex   -4.156237e+01 -2.142848e+01 -6.386940e+00
    endloop
  endfacet
  facet normal 0.000000e+00 0.000000e+00 1.000000e+00
    outer loop
      vertex   -3.950000e+01 -2.363397e+01 -6.386940e+00
      vertex   -4.156237e+01 -2.142848e+01 -6.386940e+00
      vertex   -3.970711e+01 -2.379289e+01 -6.386940e+00
    endloop
  endfacet
  facet normal 0.000000e+00 0.000000e+00 1.000000e+00
    outer loop
      vertex   -3.970711e+01 -2.379289e+01 -6.386940e+00
      vertex   -4.156237e+01 -2.142848e+01 -6.386940e+00
      vertex   -4.208385e+01 -2.195248e+01 -6.386940e+00
    endloop
  endfacet
  facet normal 0.000000e+00 0.000000e+00 1.000000e+00
    outer loop
      vertex   -3.970711e+01 -2.379289e+01 -6.386940e+00
      vertex   -4.208385e+01 -2.195248e+01 -6.386940e+00
      vertex   -3.986603e+01 -2.400000e+01 -6.386940e+00
    endloop
  endfacet
  facet normal 0.000000e+00 0.000000e+00 1.000000e+00
    outer loop
      vertex   -3.986603e+01 -2.400000e+01 -6.386940e+00
      vertex   -4.208385e+01 -2.195248e+01 -6.386940e+00
      vertex   -4.250000e+01 -2.256351e+01 -6.386940e+00
    endloop
  endfacet
  facet normal 0.000000e+00 0.000000e+00 1.000000e+00
    outer loop
      vertex   -3.986603e+01 -2.400000e+01 -6.386940e+00
      vertex   -4.250000e+01 -2.256351e+01 -6.386940e+00
      vertex   -3.996593e+01 -2.424118e+01 -6.386940e+00
    endloop
  endfacet
  facet normal 0.000000e+00 0.000000e+00 1.000000e+00
    outer loop
      vertex   -3.996593e+01 -2.424118e+01 -6.386940e+00
      vertex   -4.250000e+01 -2.256351e+01 -6.386940e+00
      vertex   -4.250000e+01 -2.500000e+01 -6.386940e+00
    endloop
  endfacet
  facet normal -1.000000e+00 0.000000e+00 0.000000e+00
    outer loop
      vertex   -4.250000e+01 -2.500000e+01 -9.986939e+00
      vertex   -4.250000e+01 -2.500000e+01 -6.386940e+00
      vertex   -4.250000e+01 -2.256351e+01 -9.986939e+00
    endloop
  endfacet
  facet normal -1.000000e+00 0.000000e+00 0.000000e+00
    outer loop
      vertex   -4.250000e+01 -2.256351e+01 -9.986939e+00
      vertex   -4.250000e+01 -2.500000e+01 -6.386940e+00
      vertex   -4.250000e+01 -2.256351e+01 -6.386940e+00
    endloop
  endfacet
  facet normal -9.801485e-02 -9.951850e-01 -0.000000e+00
    outer loop
      vertex   -4.008527e+01 -2.794236e+01 -6.386940e+00
      vertex   -4.008527e+01 -2.794236e+01 -9.986939e+00
      vertex   -3.950000e+01 -2.800000e+01 -6.386940e+00
    endloop
  endfacet
  facet normal -9.801485e-02 -9.951850e-01 -0.000000e+00
    outer loop
      vertex   -3.950000e+01 -2.800000e+01 -6.386940e+00
      vertex   -4.008527e+01 -2.794236e+01 -9.986939e+00
      vertex   -3.950000e+01 -2.800000e+01 -9.986939e+00
    endloop
  endfacet
  facet normal -2.902833e-01 -9.569408e-01 -0.000000e+00
    outer loop
      vertex   -4.064805e+01 -2.777164e+01 -6.386940e+00
      vertex   -4.064805e+01 -2.777164e+01 -9.986939e+00
      vertex   -4.008527e+01 -2.794236e+01 -6.386940e+00
    endloop
  endfacet
  facet normal -2.902833e-01 -9.569408e-01 -0.000000e+00
    outer loop
      vertex   -4.008527e+01 -2.794236e+01 -6.386940e+00
      vertex   -4.064805e+01 -2.777164e+01 -9.986939e+00
      vertex   -4.008527e+01 -2.794236e+01 -9.986939e+00
    endloop
  endfacet
  facet normal -4.713979e-01 -8.819206e-01 -0.000000e+00
    outer loop
      vertex   -4.116671e+01 -2.749441e+01 -6.386940e+00
      vertex   -4.116671e+01 -2.749441e+01 -9.986939e+00
      vertex   -4.064805e+01 -2.777164e+01 -6.386940e+00
    endloop
  endfacet
  facet normal -4.713979e-01 -8.819206e-01 -0.000000e+00
    outer loop
      vertex   -4.064805e+01 -2.777164e+01 -6.386940e+00
      vertex   -4.116671e+01 -2.749441e+01 -9.986939e+00
      vertex   -4.064805e+01 -2.777164e+01 -9.986939e+00
    endloop
  endfacet
  facet normal -6.343939e-01 -7.730100e-01 -0.000000e+00
    outer loop
      vertex   -4.162132e+01 -2.712132e+01 -6.386940e+00
      vertex   -4.162132e+01 -2.712132e+01 -9.986939e+00
      vertex   -4.116671e+01 -2.749441e+01 -6.386940e+00
    endloop
  endfacet
  facet normal -6.343939e-01 -7.730100e-01 -0.000000e+00
    outer loop
      vertex   -4.116671e+01 -2.749441e+01 -6.386940e+00
      vertex   -4.162132e+01 -2.712132e+01 -9.986939e+00
      vertex   -4.116671e+01 -2.749441e+01 -9.986939e+00
    endloop
  endfacet
  facet normal -7.730092e-01 -6.343948e-01 -0.000000e+00
    outer loop
      vertex   -4.199441e+01 -2.666671e+01 -6.386940e+00
      vertex   -4.199441e+01 -2.666671e+01 -9.986939e+00
      vertex   -4.162132e+01 -2.712132e+01 -6.386940e+00
    endloop
  endfacet
  facet normal -7.730092e-01 -6.343948e-01 -0.000000e+00
    outer loop
      vertex   -4.162132e+01 -2.712132e+01 -6.386940e+00
      vertex   -4.199441e+01 -2.666671e+01 -9.986939e+00
      vertex   -4.162132e+01 -2.712132e+01 -9.986939e+00
    endloop
  endfacet
  facet normal -8.819223e-01 -4.713948e-01 -0.000000e+00
    outer loop
      vertex   -4.227164e+01 -2.614805e+01 -6.386940e+00
      vertex   -4.227164e+01 -2.614805e+01 -9.986939e+00
      vertex   -4.199441e+01 -2.666671e+01 -6.386940e+00
    endloop
  endfacet
  facet normal -8.819223e-01 -4.713948e-01 -0.000000e+00
    outer loop
      vertex   -4.199441e+01 -2.666671e+01 -6.386940e+00
      vertex   -4.227164e+01 -2.614805e+01 -9.986939e+00
      vertex   -4.199441e+01 -2.666671e+01 -9.986939e+00
    endloop
  endfacet
  facet normal -9.569401e-01 -2.902855e-01 -0.000000e+00
    outer loop
      vertex   -4.244236e+01 -2.558527e+01 -6.386940e+00
      vertex   -4.244236e+01 -2.558527e+01 -9.986939e+00
      vertex   -4.227164e+01 -2.614805e+01 -6.386940e+00
    endloop
  endfacet
  facet normal -9.569401e-01 -2.902855e-01 -0.000000e+00
    outer loop
      vertex   -4.227164e+01 -2.614805e+01 -6.386940e+00
      vertex   -4.244236e+01 -2.558527e+01 -9.986939e+00
      vertex   -4.227164e+01 -2.614805e+01 -9.986939e+00
    endloop
  endfacet
  facet normal -9.951846e-01 -9.801807e-02 -0.000000e+00
    outer loop
      vertex   -4.250000e+01 -2.500000e+01 -6.386940e+00
      vertex   -4.250000e+01 -2.500000e+01 -9.986939e+00
      vertex   -4.244236e+01 -2.558527e+01 -6.386940e+00
    endloop
  endfacet
  facet normal -9.951846e-01 -9.801807e-02 -0.000000e+00
    outer loop
      vertex   -4.244236e+01 -2.558527e+01 -6.386940e+00
      vertex   -4.250000e+01 -2.500000e+01 -9.986939e+00
      vertex   -4.244236e+01 -2.558527e+01 -9.986939e+00
    endloop
  endfacet
  facet normal -8.265180e-01 5.629102e-01 0.000000e+00
    outer loop
      vertex   -4.208385e+01 -2.195248e+01 -6.386940e+00
      vertex   -4.208385e+01 -2.195248e+01 -9.986939e+00
      vertex   -4.250000e+01 -2.256351e+01 -6.386940e+00
    endloop
  endfacet
  facet normal -8.265180e-01 5.629102e-01 0.000000e+00
    outer loop
      vertex   -4.250000e+01 -2.256351e+01 -6.386940e+00
      vertex   -4.208385e+01 -2.195248e+01 -9.986939e+00
      vertex   -4.250000e+01 -2.256351e+01 -9.986939e+00
    endloop
  endfacet
  facet normal -7.088091e-01 7.054003e-01 0.000000e+00
    outer loop
      vertex   -4.156237e+01 -2.142848e+01 -6.386940e+00
      vertex   -4.156237e+01 -2.142848e+01 -9.986939e+00
      vertex   -4.208385e+01 -2.195248e+01 -6.386940e+00
    endloop
  endfacet
  facet normal -7.088091e-01 7.054003e-01 0.000000e+00
    outer loop
      vertex   -4.208385e+01 -2.195248e+01 -6.386940e+00
      vertex   -4.156237e+01 -2.142848e+01 -9.986939e+00
      vertex   -4.208385e+01 -2.195248e+01 -9.986939e+00
    endloop
  endfacet
  facet normal -5.668939e-01 8.237908e-01 0.000000e+00
    outer loop
      vertex   -4.095336e+01 -2.100939e+01 -6.386940e+00
      vertex   -4.095336e+01 -2.100939e+01 -9.986939e+00
      vertex   -4.156237e+01 -2.142848e+01 -6.386940e+00
    endloop
  endfacet
  facet normal -5.668939e-01 8.237908e-01 0.000000e+00
    outer loop
      vertex   -4.156237e+01 -2.142848e+01 -6.386940e+00
      vertex   -4.095336e+01 -2.100939e+01 -9.986939e+00
      vertex   -4.156237e+01 -2.142848e+01 -9.986939e+00
    endloop
  endfacet
  facet normal -4.056073e-01 9.140475e-01 0.000000e+00
    outer loop
      vertex   -4.027762e+01 -2.070953e+01 -6.386940e+00
      vertex   -4.027762e+01 -2.070953e+01 -9.986939e+00
      vertex   -4.095336e+01 -2.100939e+01 -6.386940e+00
    endloop
  endfacet
  facet normal -4.056073e-01 9.140475e-01 0.000000e+00
    outer loop
      vertex   -4.095336e+01 -2.100939e+01 -6.386940e+00
      vertex   -4.027762e+01 -2.070953e+01 -9.986939e+00
      vertex   -4.095336e+01 -2.100939e+01 -9.986939e+00
    endloop
  endfacet
  facet normal -2.304690e-01 9.730797e-01 0.000000e+00
    outer loop
      vertex   -3.955825e+01 -2.053915e+01 -6.386940e+00
      vertex   -3.955825e+01 -2.053915e+01 -9.986939e+00
      vertex   -4.027762e+01 -2.070953e+01 -6.386940e+00
    endloop
  endfacet
  facet normal -2.304690e-01 9.730797e-01 0.000000e+00
    outer loop
      vertex   -4.027762e+01 -2.070953e+01 -6.386940e+00
      vertex   -3.955825e+01 -2.053915e+01 -9.986939e+00
      vertex   -4.027762e+01 -2.070953e+01 -9.986939e+00
    endloop
  endfacet
  facet normal -4.745942e-02 9.988732e-01 0.000000e+00
    outer loop
      vertex   -3.881980e+01 -2.050406e+01 -6.386940e+00
      vertex   -3.881980e+01 -2.050406e+01 -9.986939e+00
      vertex   -3.955825e+01 -2.053915e+01 -6.386940e+00
    endloop
  endfacet
  facet normal -4.745942e-02 9.988732e-01 0.000000e+00
    outer loop
      vertex   -3.955825e+01 -2.053915e+01 -6.386940e+00
      vertex   -3.881980e+01 -2.050406e+01 -9.986939e+00
      vertex   -3.955825e+01 -2.053915e+01 -9.986939e+00
    endloop
  endfacet
  facet normal 1.371700e-01 9.905475e-01 0.000000e+00
    outer loop
      vertex   -3.808751e+01 -2.060547e+01 -6.386940e+00
      vertex   -3.808751e+01 -2.060547e+01 -9.986939e+00
      vertex   -3.881980e+01 -2.050406e+01 -6.386940e+00
    endloop
  endfacet
  facet normal 1.371700e-01 9.905475e-01 0.000000e+00
    outer loop
      vertex   -3.881980e+01 -2.050406e+01 -6.386940e+00
      vertex   -3.808751e+01 -2.060547e+01 -9.986939e+00
      vertex   -3.881980e+01 -2.050406e+01 -9.986939e+00
    endloop
  endfacet
  facet normal 3.171206e-01 9.483852e-01 0.000000e+00
    outer loop
      vertex   -3.738640e+01 -2.083991e+01 -6.386940e+00
      vertex   -3.738640e+01 -2.083991e+01 -9.986939e+00
      vertex   -3.808751e+01 -2.060547e+01 -6.386940e+00
    endloop
  endfacet
  facet normal 3.171206e-01 9.483852e-01 0.000000e+00
    outer loop
      vertex   -3.808751e+01 -2.060547e+01 -6.386940e+00
      vertex   -3.738640e+01 -2.083991e+01 -9.986939e+00
      vertex   -3.808751e+01 -2.060547e+01 -9.986939e+00
    endloop
  endfacet
  facet normal 4.862318e-01 8.738299e-01 0.000000e+00
    outer loop
      vertex   -3.674039e+01 -2.119937e+01 -6.386940e+00
      vertex   -3.674039e+01 -2.119937e+01 -9.986939e+00
      vertex   -3.738640e+01 -2.083991e+01 -6.386940e+00
    endloop
  endfacet
  facet normal 4.862318e-01 8.738299e-01 0.000000e+00
    outer loop
      vertex   -3.738640e+01 -2.083991e+01 -6.386940e+00
      vertex   -3.674039e+01 -2.119937e+01 -9.986939e+00
      vertex   -3.738640e+01 -2.083991e+01 -9.986939e+00
    endloop
  endfacet
  facet normal 6.387390e-01 7.694235e-01 0.000000e+00
    outer loop
      vertex   -3.617157e+01 -2.167157e+01 -6.386940e+00
      vertex   -3.617157e+01 -2.167157e+01 -9.986939e+00
      vertex   -3.674039e+01 -2.119937e+01 -6.386940e+00
    endloop
  endfacet
  facet normal 6.387390e-01 7.694235e-01 0.000000e+00
    outer loop
      vertex   -3.674039e+01 -2.119937e+01 -6.386940e+00
      vertex   -3.617157e+01 -2.167157e+01 -9.986939e+00
      vertex   -3.674039e+01 -2.119937e+01 -9.986939e+00
    endloop
  endfacet
  facet normal 7.694219e-01 6.387409e-01 0.000000e+00
    outer loop
      vertex   -3.569937e+01 -2.224039e+01 -6.386940e+00
      vertex   -3.569937e+01 -2.224039e+01 -9.986939e+00
      vertex   -3.617157e+01 -2.167157e+01 -6.386940e+00
    endloop
  endfacet
  facet normal 7.694219e-01 6.387409e-01 0.000000e+00
    outer loop
      vertex   -3.617157e+01 -2.167157e+01 -6.386940e+00
      vertex   -3.569937e+01 -2.224039e+01 -9.986939e+00
      vertex   -3.617157e+01 -2.167157e+01 -9.986939e+00
    endloop
  endfacet
  facet normal 8.738305e-01 4.862307e-01 0.000000e+00
    outer loop
      vertex   -3.533991e+01 -2.288639e+01 -6.386940e+00
      vertex   -3.533991e+01 -2.288639e+01 -9.986939e+00
      vertex   -3.569937e+01 -2.224039e+01 -6.386940e+00
    endloop
  endfacet
  facet normal 8.738305e-01 4.862307e-01 0.000000e+00
    outer loop
      vertex   -3.569937e+01 -2.224039e+01 -6.386940e+00
      vertex   -3.533991e+01 -2.288639e+01 -9.986939e+00
      vertex   -3.569937e+01 -2.224039e+01 -9.986939e+00
    endloop
  endfacet
  facet normal 9.483852e-01 3.171206e-01 0.000000e+00
    outer loop
      vertex   -3.510547e+01 -2.358751e+01 -6.386940e+00
      vertex   -3.510547e+01 -2.358751e+01 -9.986939e+00
      vertex   -3.533991e+01 -2.288639e+01 -6.386940e+00
    endloop
  endfacet
  facet normal 9.483852e-01 3.171206e-01 0.000000e+00
    outer loop
      vertex   -3.533991e+01 -2.288639e+01 -6.386940e+00
      vertex   -3.510547e+01 -2.358751e+01 -9.986939e+00
      vertex   -3.533991e+01 -2.288639e+01 -9.986939e+00
    endloop
  endfacet
  facet normal 9.905476e-01 1.371692e-01 0.000000e+00
    outer loop
      vertex   -3.500406e+01 -2.431980e+01 -6.386940e+00
      vertex   -3.500406e+01 -2.431980e+01 -9.986939e+00
      vertex   -3.510547e+01 -2.358751e+01 -6.386940e+00
    endloop
  endfacet
  facet normal 9.905476e-01 1.371692e-01 0.000000e+00
    outer loop
      vertex   -3.510547e+01 -2.358751e+01 -6.386940e+00
      vertex   -3.500406e+01 -2.431980e+01 -9.986939e+00
      vertex   -3.510547e+01 -2.358751e+01 -9.986939e+00
    endloop
  endfacet
  facet normal 9.988733e-01 -4.745621e-02 0.000000e+00
    outer loop
      vertex   -3.503915e+01 -2.505825e+01 -6.386940e+00
      vertex   -3.503915e+01 -2.505825e+01 -9.986939e+00
      vertex   -3.500406e+01 -2.431980e+01 -6.386940e+00
    endloop
  endfacet
  facet normal 9.988733e-01 -4.745621e-02 0.000000e+00
    outer loop
      vertex   -3.500406e+01 -2.431980e+01 -6.386940e+00
      vertex   -3.503915e+01 -2.505825e+01 -9.986939e+00
      vertex   -3.500406e+01 -2.431980e+01 -9.986939e+00
    endloop
  endfacet
  facet normal 9.730788e-01 -2.304728e-01 0.000000e+00
    outer loop
      vertex   -3.520953e+01 -2.577762e+01 -6.386940e+00
      vertex   -3.520953e+01 -2.577762e+01 -9.986939e+00
      vertex   -3.503915e+01 -2.505825e+01 -6.386940e+00
    endloop
  endfacet
  facet normal 9.730788e-01 -2.304728e-01 0.000000e+00
    outer loop
      vertex   -3.503915e+01 -2.505825e+01 -6.386940e+00
      vertex   -3.520953e+01 -2.577762e+01 -9.986939e+00
      vertex   -3.503915e+01 -2.505825e+01 -9.986939e+00
    endloop
  endfacet
  facet normal 9.140486e-01 -4.056046e-01 0.000000e+00
    outer loop
      vertex   -3.550938e+01 -2.645336e+01 -6.386940e+00
      vertex   -3.550938e+01 -2.645336e+01 -9.986939e+00
      vertex   -3.520953e+01 -2.577762e+01 -6.386940e+00
    endloop
  endfacet
  facet normal 9.140486e-01 -4.056046e-01 0.000000e+00
    outer loop
      vertex   -3.520953e+01 -2.577762e+01 -6.386940e+00
      vertex   -3.550938e+01 -2.645336e+01 -9.986939e+00
      vertex   -3.520953e+01 -2.577762e+01 -9.986939e+00
    endloop
  endfacet
  facet normal 8.237903e-01 -5.668946e-01 0.000000e+00
    outer loop
      vertex   -3.592848e+01 -2.706237e+01 -6.386940e+00
      vertex   -3.592848e+01 -2.706237e+01 -9.986939e+00
      vertex   -3.550938e+01 -2.645336e+01 -6.386940e+00
    endloop
  endfacet
  facet normal 8.237903e-01 -5.668946e-01 0.000000e+00
    outer loop
      vertex   -3.550938e+01 -2.645336e+01 -6.386940e+00
      vertex   -3.592848e+01 -2.706237e+01 -9.986939e+00
      vertex   -3.550938e+01 -2.645336e+01 -9.986939e+00
    endloop
  endfacet
  facet normal 7.054003e-01 -7.088092e-01 0.000000e+00
    outer loop
      vertex   -3.645248e+01 -2.758385e+01 -6.386940e+00
      vertex   -3.645248e+01 -2.758385e+01 -9.986939e+00
      vertex   -3.592848e+01 -2.706237e+01 -6.386940e+00
    endloop
  endfacet
  facet normal 7.054003e-01 -7.088092e-01 0.000000e+00
    outer loop
      vertex   -3.592848e+01 -2.706237e+01 -6.386940e+00
      vertex   -3.645248e+01 -2.758385e+01 -9.986939e+00
      vertex   -3.592848e+01 -2.706237e+01 -9.986939e+00
    endloop
  endfacet
  facet normal 5.629087e-01 -8.265191e-01 0.000000e+00
    outer loop
      vertex   -3.706351e+01 -2.800000e+01 -6.386940e+00
      vertex   -3.706351e+01 -2.800000e+01 -9.986939e+00
      vertex   -3.645248e+01 -2.758385e+01 -6.386940e+00
    endloop
  endfacet
  facet normal 5.629087e-01 -8.265191e-01 0.000000e+00
    outer loop
      vertex   -3.645248e+01 -2.758385e+01 -6.386940e+00
      vertex   -3.706351e+01 -2.800000e+01 -9.986939e+00
      vertex   -3.645248e+01 -2.758385e+01 -9.986939e+00
    endloop
  endfacet
  facet normal 0.000000e+00 -1.000000e+00 0.000000e+00
    outer loop
      vertex   -3.706351e+01 -2.800000e+01 -9.986939e+00
      vertex   -3.706351e+01 -2.800000e+01 -6.386940e+00
      vertex   -3.950000e+01 -2.800000e+01 -9.986939e+00
    endloop
  endfacet
  facet normal 0.000000e+00 -1.000000e+00 0.000000e+00
    outer loop
      vertex   -3.950000e+01 -2.800000e+01 -9.986939e+00
      vertex   -3.706351e+01 -2.800000e+01 -6.386940e+00
      vertex   -3.950000e+01 -2.800000e+01 -6.386940e+00
    endloop
  endfacet
  facet normal 0.000000e+00 -0.000000e+00 1.000000e+00
    outer loop
      vertex   1.626407e+01 2.158201e+01 -6.386940e+00
      vertex   1.829289e+01 2.379289e+01 -6.386940e+00
      vertex   1.576621e+01 2.214573e+01 -6.386940e+00
    endloop
  endfacet
  facet normal 0.000000e+00 0.000000e+00 1.000000e+00
    outer loop
      vertex   1.576621e+01 2.214573e+01 -6.386940e+00
      vertex   1.829289e+01 2.379289e+01 -6.386940e+00
      vertex   1.813397e+01 2.400000e+01 -6.386940e+00
    endloop
  endfacet
  facet normal 0.000000e+00 -0.000000e+00 1.000000e+00
    outer loop
      vertex   1.576621e+01 2.214573e+01 -6.386940e+00
      vertex   1.813397e+01 2.400000e+01 -6.386940e+00
      vertex   1.538267e+01 2.279269e+01 -6.386940e+00
    endloop
  endfacet
  facet normal 0.000000e+00 -0.000000e+00 1.000000e+00
    outer loop
      vertex   1.538267e+01 2.279269e+01 -6.386940e+00
      vertex   1.813397e+01 2.400000e+01 -6.386940e+00
      vertex   1.512702e+01 2.350000e+01 -6.386940e+00
    endloop
  endfacet
  facet normal 0.000000e+00 0.000000e+00 1.000000e+00
    outer loop
      vertex   1.512702e+01 2.350000e+01 -6.386940e+00
      vertex   1.813397e+01 2.400000e+01 -6.386940e+00
      vertex   1.803408e+01 2.424118e+01 -6.386940e+00
    endloop
  endfacet
  facet normal 0.000000e+00 -0.000000e+00 1.000000e+00
    outer loop
      vertex   1.512702e+01 2.350000e+01 -6.386940e+00
      vertex   1.803408e+01 2.424118e+01 -6.386940e+00
      vertex   1.500829e+01 2.424267e+01 -6.386940e+00
    endloop
  endfacet
  facet normal -0.000000e+00 0.000000e+00 1.000000e+00
    outer loop
      vertex   1.500829e+01 2.424267e+01 -6.386940e+00
      vertex   1.803408e+01 2.424118e+01 -6.386940e+00
      vertex   1.800000e+01 2.450000e+01 -6.386940e+00
    endloop
  endfacet
  facet normal 0.000000e+00 0.000000e+00 1.000000e+00
    outer loop
      vertex   1.500829e+01 2.424267e+01 -6.386940e+00
      vertex   1.800000e+01 2.450000e+01 -6.386940e+00
      vertex   1.503067e+01 2.499443e+01 -6.386940e+00
    endloop
  endfacet
  facet normal 0.000000e+00 0.000000e+00 1.000000e+00
    outer loop
      vertex   1.503067e+01 2.499443e+01 -6.386940e+00
      vertex   1.800000e+01 2.450000e+01 -6.386940e+00
      vertex   1.803408e+01 2.475882e+01 -6.386940e+00
    endloop
  endfacet
  facet normal -0.000000e+00 0.000000e+00 1.000000e+00
    outer loop
      vertex   1.503067e+01 2.499443e+01 -6.386940e+00
      vertex   1.803408e+01 2.475882e+01 -6.386940e+00
      vertex   1.519339e+01 2.572871e+01 -6.386940e+00
    endloop
  endfacet
  facet normal 0.000000e+00 0.000000e+00 1.000000e+00
    outer loop
      vertex   1.519339e+01 2.572871e+01 -6.386940e+00
      vertex   1.803408e+01 2.475882e+01 -6.386940e+00
      vertex   1.813397e+01 2.500000e+01 -6.386940e+00
    endloop
  endfacet
  facet normal -0.000000e+00 0.000000e+00 1.000000e+00
    outer loop
      vertex   1.519339e+01 2.572871e+01 -6.386940e+00
      vertex   1.813397e+01 2.500000e+01 -6.386940e+00
      vertex   1.549069e+01 2.641956e+01 -6.386940e+00
    endloop
  endfacet
  facet normal 0.000000e+00 0.000000e+00 1.000000e+00
    outer loop
      vertex   1.549069e+01 2.641956e+01 -6.386940e+00
      vertex   1.813397e+01 2.500000e+01 -6.386940e+00
      vertex   1.829289e+01 2.520711e+01 -6.386940e+00
    endloop
  endfacet
  facet normal -0.000000e+00 0.000000e+00 1.000000e+00
    outer loop
      vertex   1.549069e+01 2.641956e+01 -6.386940e+00
      vertex   1.829289e+01 2.520711e+01 -6.386940e+00
      vertex   1.591204e+01 2.704254e+01 -6.386940e+00
    endloop
  endfacet
  facet normal -0.000000e+00 0.000000e+00 1.000000e+00
    outer loop
      vertex   1.591204e+01 2.704254e+01 -6.386940e+00
      vertex   1.829289e+01 2.520711e+01 -6.386940e+00
      vertex   1.644257e+01 2.757564e+01 -6.386940e+00
    endloop
  endfacet
  facet normal 0.000000e+00 0.000000e+00 1.000000e+00
    outer loop
      vertex   1.644257e+01 2.757564e+01 -6.386940e+00
      vertex   1.829289e+01 2.520711e+01 -6.386940e+00
      vertex   1.850000e+01 2.536603e+01 -6.386940e+00
    endloop
  endfacet
  facet normal -0.000000e+00 0.000000e+00 1.000000e+00
    outer loop
      vertex   1.644257e+01 2.757564e+01 -6.386940e+00
      vertex   1.850000e+01 2.536603e+01 -6.386940e+00
      vertex   1.706351e+01 2.800000e+01 -6.386940e+00
    endloop
  endfacet
  facet normal 0.000000e+00 0.000000e+00 1.000000e+00
    outer loop
      vertex   1.706351e+01 2.800000e+01 -6.386940e+00
      vertex   1.850000e+01 2.536603e+01 -6.386940e+00
      vertex   1.874118e+01 2.546592e+01 -6.386940e+00
    endloop
  endfacet
  facet normal 0.000000e+00 0.000000e+00 1.000000e+00
    outer loop
      vertex   1.706351e+01 2.800000e+01 -6.386940e+00
      vertex   1.874118e+01 2.546592e+01 -6.386940e+00
      vertex   1.900000e+01 2.550000e+01 -6.386940e+00
    endloop
  endfacet
  facet normal 0.000000e+00 0.000000e+00 1.000000e+00
    outer loop
      vertex   1.829289e+01 2.379289e+01 -6.386940e+00
      vertex   1.626407e+01 2.158201e+01 -6.386940e+00
      vertex   1.850000e+01 2.363397e+01 -6.386940e+00
    endloop
  endfacet
  facet normal 0.000000e+00 0.000000e+00 1.000000e+00
    outer loop
      vertex   1.850000e+01 2.363397e+01 -6.386940e+00
      vertex   1.626407e+01 2.158201e+01 -6.386940e+00
      vertex   1.685865e+01 2.112145e+01 -6.386940e+00
    endloop
  endfacet
  facet normal 0.000000e+00 0.000000e+00 1.000000e+00
    outer loop
      vertex   1.850000e+01 2.363397e+01 -6.386940e+00
      vertex   1.685865e+01 2.112145e+01 -6.386940e+00
      vertex   1.752894e+01 2.078032e+01 -6.386940e+00
    endloop
  endfacet
  facet normal 0.000000e+00 0.000000e+00 1.000000e+00
    outer loop
      vertex   1.850000e+01 2.363397e+01 -6.386940e+00
      vertex   1.752894e+01 2.078032e+01 -6.386940e+00
      vertex   1.874118e+01 2.353408e+01 -6.386940e+00
    endloop
  endfacet
  facet normal 0.000000e+00 0.000000e+00 1.000000e+00
    outer loop
      vertex   1.874118e+01 2.353408e+01 -6.386940e+00
      vertex   1.752894e+01 2.078032e+01 -6.386940e+00
      vertex   1.825123e+01 2.057070e+01 -6.386940e+00
    endloop
  endfacet
  facet normal 0.000000e+00 0.000000e+00 1.000000e+00
    outer loop
      vertex   1.874118e+01 2.353408e+01 -6.386940e+00
      vertex   1.825123e+01 2.057070e+01 -6.386940e+00
      vertex   1.900000e+01 2.350000e+01 -6.386940e+00
    endloop
  endfacet
  facet normal 0.000000e+00 0.000000e+00 1.000000e+00
    outer loop
      vertex   1.900000e+01 2.350000e+01 -6.386940e+00
      vertex   1.825123e+01 2.057070e+01 -6.386940e+00
      vertex   1.900000e+01 2.050000e+01 -6.386940e+00
    endloop
  endfacet
  facet normal 0.000000e+00 0.000000e+00 1.000000e+00
    outer loop
      vertex   1.900000e+01 2.350000e+01 -6.386940e+00
      vertex   1.900000e+01 2.050000e+01 -6.386940e+00
      vertex   1.974877e+01 2.057070e+01 -6.386940e+00
    endloop
  endfacet
  facet normal -0.000000e+00 0.000000e+00 1.000000e+00
    outer loop
      vertex   1.900000e+01 2.350000e+01 -6.386940e+00
      vertex   1.974877e+01 2.057070e+01 -6.386940e+00
      vertex   1.925882e+01 2.353408e+01 -6.386940e+00
    endloop
  endfacet
  facet normal 0.000000e+00 0.000000e+00 1.000000e+00
    outer loop
      vertex   1.925882e+01 2.353408e+01 -6.386940e+00
      vertex   1.974877e+01 2.057070e+01 -6.386940e+00
      vertex   2.047106e+01 2.078032e+01 -6.386940e+00
    endloop
  endfacet
  facet normal -0.000000e+00 0.000000e+00 1.000000e+00
    outer loop
      vertex   1.925882e+01 2.353408e+01 -6.386940e+00
      vertex   2.047106e+01 2.078032e+01 -6.386940e+00
      vertex   1.950000e+01 2.363397e+01 -6.386940e+00
    endloop
  endfacet
  facet normal 0.000000e+00 0.000000e+00 1.000000e+00
    outer loop
      vertex   1.950000e+01 2.363397e+01 -6.386940e+00
      vertex   2.047106e+01 2.078032e+01 -6.386940e+00
      vertex   2.114135e+01 2.112145e+01 -6.386940e+00
    endloop
  endfacet
  facet normal 0.000000e+00 0.000000e+00 1.000000e+00
    outer loop
      vertex   1.950000e+01 2.363397e+01 -6.386940e+00
      vertex   2.114135e+01 2.112145e+01 -6.386940e+00
      vertex   2.173593e+01 2.158201e+01 -6.386940e+00
    endloop
  endfacet
  facet normal -0.000000e+00 0.000000e+00 1.000000e+00
    outer loop
      vertex   1.950000e+01 2.363397e+01 -6.386940e+00
      vertex   2.173593e+01 2.158201e+01 -6.386940e+00
      vertex   1.970711e+01 2.379289e+01 -6.386940e+00
    endloop
  endfacet
  facet normal 0.000000e+00 0.000000e+00 1.000000e+00
    outer loop
      vertex   1.970711e+01 2.379289e+01 -6.386940e+00
      vertex   2.173593e+01 2.158201e+01 -6.386940e+00
      vertex   2.223380e+01 2.214573e+01 -6.386940e+00
    endloop
  endfacet
  facet normal -0.000000e+00 0.000000e+00 1.000000e+00
    outer loop
      vertex   1.970711e+01 2.379289e+01 -6.386940e+00
      vertex   2.223380e+01 2.214573e+01 -6.386940e+00
      vertex   1.986603e+01 2.400000e+01 -6.386940e+00
    endloop
  endfacet
  facet normal 0.000000e+00 0.000000e+00 1.000000e+00
    outer loop
      vertex   1.986603e+01 2.400000e+01 -6.386940e+00
      vertex   2.223380e+01 2.214573e+01 -6.386940e+00
      vertex   2.261733e+01 2.279269e+01 -6.386940e+00
    endloop
  endfacet
  facet normal 0.000000e+00 0.000000e+00 1.000000e+00
    outer loop
      vertex   1.986603e+01 2.400000e+01 -6.386940e+00
      vertex   2.261733e+01 2.279269e+01 -6.386940e+00
      vertex   2.287298e+01 2.350000e+01 -6.386940e+00
    endloop
  endfacet
  facet normal -0.000000e+00 0.000000e+00 1.000000e+00
    outer loop
      vertex   1.986603e+01 2.400000e+01 -6.386940e+00
      vertex   2.287298e+01 2.350000e+01 -6.386940e+00
      vertex   1.996593e+01 2.424118e+01 -6.386940e+00
    endloop
  endfacet
  facet normal -0.000000e+00 0.000000e+00 1.000000e+00
    outer loop
      vertex   1.996593e+01 2.424118e+01 -6.386940e+00
      vertex   2.287298e+01 2.350000e+01 -6.386940e+00
      vertex   2.299171e+01 2.424267e+01 -6.386940e+00
    endloop
  endfacet
  facet normal 0.000000e+00 0.000000e+00 1.000000e+00
    outer loop
      vertex   1.996593e+01 2.424118e+01 -6.386940e+00
      vertex   2.299171e+01 2.424267e+01 -6.386940e+00
      vertex   2.000000e+01 2.450000e+01 -6.386940e+00
    endloop
  endfacet
  facet normal -0.000000e+00 0.000000e+00 1.000000e+00
    outer loop
      vertex   2.000000e+01 2.450000e+01 -6.386940e+00
      vertex   2.299171e+01 2.424267e+01 -6.386940e+00
      vertex   2.296932e+01 2.499443e+01 -6.386940e+00
    endloop
  endfacet
  facet normal 0.000000e+00 -0.000000e+00 1.000000e+00
    outer loop
      vertex   2.000000e+01 2.450000e+01 -6.386940e+00
      vertex   2.296932e+01 2.499443e+01 -6.386940e+00
      vertex   1.996593e+01 2.475882e+01 -6.386940e+00
    endloop
  endfacet
  facet normal 0.000000e+00 0.000000e+00 1.000000e+00
    outer loop
      vertex   1.996593e+01 2.475882e+01 -6.386940e+00
      vertex   2.296932e+01 2.499443e+01 -6.386940e+00
      vertex   2.280661e+01 2.572871e+01 -6.386940e+00
    endloop
  endfacet
  facet normal 0.000000e+00 -0.000000e+00 1.000000e+00
    outer loop
      vertex   1.996593e+01 2.475882e+01 -6.386940e+00
      vertex   2.280661e+01 2.572871e+01 -6.386940e+00
      vertex   1.986603e+01 2.500000e+01 -6.386940e+00
    endloop
  endfacet
  facet normal 0.000000e+00 0.000000e+00 1.000000e+00
    outer loop
      vertex   1.986603e+01 2.500000e+01 -6.386940e+00
      vertex   2.280661e+01 2.572871e+01 -6.386940e+00
      vertex   2.250932e+01 2.641956e+01 -6.386940e+00
    endloop
  endfacet
  facet normal 0.000000e+00 -0.000000e+00 1.000000e+00
    outer loop
      vertex   1.986603e+01 2.500000e+01 -6.386940e+00
      vertex   2.250932e+01 2.641956e+01 -6.386940e+00
      vertex   1.970711e+01 2.520711e+01 -6.386940e+00
    endloop
  endfacet
  facet normal 0.000000e+00 0.000000e+00 1.000000e+00
    outer loop
      vertex   1.970711e+01 2.520711e+01 -6.386940e+00
      vertex   2.250932e+01 2.641956e+01 -6.386940e+00
      vertex   2.208796e+01 2.704254e+01 -6.386940e+00
    endloop
  endfacet
  facet normal 0.000000e+00 0.000000e+00 1.000000e+00
    outer loop
      vertex   1.970711e+01 2.520711e+01 -6.386940e+00
      vertex   2.208796e+01 2.704254e+01 -6.386940e+00
      vertex   2.155743e+01 2.757564e+01 -6.386940e+00
    endloop
  endfacet
  facet normal 0.000000e+00 -0.000000e+00 1.000000e+00
    outer loop
      vertex   1.970711e+01 2.520711e+01 -6.386940e+00
      vertex   2.155743e+01 2.757564e+01 -6.386940e+00
      vertex   1.950000e+01 2.536603e+01 -6.386940e+00
    endloop
  endfacet
  facet normal 0.000000e+00 0.000000e+00 1.000000e+00
    outer loop
      vertex   1.950000e+01 2.536603e+01 -6.386940e+00
      vertex   2.155743e+01 2.757564e+01 -6.386940e+00
      vertex   2.093649e+01 2.800000e+01 -6.386940e+00
    endloop
  endfacet
  facet normal 0.000000e+00 -0.000000e+00 1.000000e+00
    outer loop
      vertex   1.950000e+01 2.536603e+01 -6.386940e+00
      vertex   2.093649e+01 2.800000e+01 -6.386940e+00
      vertex   1.925882e+01 2.546592e+01 -6.386940e+00
    endloop
  endfacet
  facet normal 0.000000e+00 -0.000000e+00 1.000000e+00
    outer loop
      vertex   1.925882e+01 2.546592e+01 -6.386940e+00
      vertex   2.093649e+01 2.800000e+01 -6.386940e+00
      vertex   1.900000e+01 2.550000e+01 -6.386940e+00
    endloop
  endfacet
  facet normal 0.000000e+00 -0.000000e+00 1.000000e+00
    outer loop
      vertex   1.900000e+01 2.550000e+01 -6.386940e+00
      vertex   2.093649e+01 2.800000e+01 -6.386940e+00
      vertex   1.706351e+01 2.800000e+01 -6.386940e+00
    endloop
  endfacet
  facet normal 5.642380e-01 8.256122e-01 0.000000e+00
    outer loop
      vertex   2.155743e+01 2.757564e+01 -6.386940e+00
      vertex   2.155743e+01 2.757564e+01 -9.986939e+00
      vertex   2.093649e+01 2.800000e+01 -6.386940e+00
    endloop
  endfacet
  facet normal 5.642380e-01 8.256122e-01 0.000000e+00
    outer loop
      vertex   2.093649e+01 2.800000e+01 -6.386940e+00
      vertex   2.155743e+01 2.757564e+01 -9.986939e+00
      vertex   2.093649e+01 2.800000e+01 -9.986939e+00
    endloop
  endfacet
  facet normal 7.088150e-01 7.053945e-01 0.000000e+00
    outer loop
      vertex   2.208796e+01 2.704254e+01 -6.386940e+00
      vertex   2.208796e+01 2.704254e+01 -9.986939e+00
      vertex   2.155743e+01 2.757564e+01 -6.386940e+00
    endloop
  endfacet
  facet normal 7.088150e-01 7.053945e-01 0.000000e+00
    outer loop
      vertex   2.155743e+01 2.757564e+01 -6.386940e+00
      vertex   2.208796e+01 2.704254e+01 -9.986939e+00
      vertex   2.155743e+01 2.757564e+01 -9.986939e+00
    endloop
  endfacet
  facet normal 8.283272e-01 5.602447e-01 0.000000e+00
    outer loop
      vertex   2.250932e+01 2.641956e+01 -6.386940e+00
      vertex   2.250932e+01 2.641956e+01 -9.986939e+00
      vertex   2.208796e+01 2.704254e+01 -6.386940e+00
    endloop
  endfacet
  facet normal 8.283272e-01 5.602447e-01 0.000000e+00
    outer loop
      vertex   2.208796e+01 2.704254e+01 -6.386940e+00
      vertex   2.250932e+01 2.641956e+01 -9.986939e+00
      vertex   2.208796e+01 2.704254e+01 -9.986939e+00
    endloop
  endfacet
  facet normal 9.185583e-01 3.952855e-01 0.000000e+00
    outer loop
      vertex   2.280661e+01 2.572871e+01 -6.386940e+00
      vertex   2.280661e+01 2.572871e+01 -9.986939e+00
      vertex   2.250932e+01 2.641956e+01 -6.386940e+00
    endloop
  endfacet
  facet normal 9.185583e-01 3.952855e-01 0.000000e+00
    outer loop
      vertex   2.250932e+01 2.641956e+01 -6.386940e+00
      vertex   2.280661e+01 2.572871e+01 -9.986939e+00
      vertex   2.250932e+01 2.641956e+01 -9.986939e+00
    endloop
  endfacet
  facet normal 9.763161e-01 2.163491e-01 0.000000e+00
    outer loop
      vertex   2.296932e+01 2.499443e+01 -6.386940e+00
      vertex   2.296932e+01 2.499443e+01 -9.986939e+00
      vertex   2.280661e+01 2.572871e+01 -6.386940e+00
    endloop
  endfacet
  facet normal 9.763161e-01 2.163491e-01 0.000000e+00
    outer loop
      vertex   2.280661e+01 2.572871e+01 -6.386940e+00
      vertex   2.296932e+01 2.499443e+01 -9.986939e+00
      vertex   2.280661e+01 2.572871e+01 -9.986939e+00
    endloop
  endfacet
  facet normal 9.995568e-01 2.977000e-02 0.000000e+00
    outer loop
      vertex   2.299171e+01 2.424267e+01 -6.386940e+00
      vertex   2.299171e+01 2.424267e+01 -9.986939e+00
      vertex   2.296932e+01 2.499443e+01 -6.386940e+00
    endloop
  endfacet
  facet normal 9.995568e-01 2.977000e-02 0.000000e+00
    outer loop
      vertex   2.296932e+01 2.499443e+01 -6.386940e+00
      vertex   2.299171e+01 2.424267e+01 -9.986939e+00
      vertex   2.296932e+01 2.499443e+01 -9.986939e+00
    endloop
  endfacet
  facet normal 9.874606e-01 -1.578657e-01 0.000000e+00
    outer loop
      vertex   2.287298e+01 2.350000e+01 -6.386940e+00
      vertex   2.287298e+01 2.350000e+01 -9.986939e+00
      vertex   2.299171e+01 2.424267e+01 -6.386940e+00
    endloop
  endfacet
  facet normal 9.874606e-01 -1.578657e-01 0.000000e+00
    outer loop
      vertex   2.299171e+01 2.424267e+01 -6.386940e+00
      vertex   2.287298e+01 2.350000e+01 -9.986939e+00
      vertex   2.299171e+01 2.424267e+01 -9.986939e+00
    endloop
  endfacet
  facet normal 9.404541e-01 -3.399208e-01 0.000000e+00
    outer loop
      vertex   2.261733e+01 2.279269e+01 -6.386940e+00
      vertex   2.261733e+01 2.279269e+01 -9.986939e+00
      vertex   2.287298e+01 2.350000e+01 -6.386940e+00
    endloop
  endfacet
  facet normal 9.404541e-01 -3.399208e-01 0.000000e+00
    outer loop
      vertex   2.287298e+01 2.350000e+01 -6.386940e+00
      vertex   2.261733e+01 2.279269e+01 -9.986939e+00
      vertex   2.287298e+01 2.350000e+01 -9.986939e+00
    endloop
  endfacet
  facet normal 8.602014e-01 -5.099544e-01 0.000000e+00
    outer loop
      vertex   2.223380e+01 2.214573e+01 -6.386940e+00
      vertex   2.223380e+01 2.214573e+01 -9.986939e+00
      vertex   2.261733e+01 2.279269e+01 -6.386940e+00
    endloop
  endfacet
  facet normal 8.602014e-01 -5.099544e-01 0.000000e+00
    outer loop
      vertex   2.261733e+01 2.279269e+01 -6.386940e+00
      vertex   2.223380e+01 2.214573e+01 -9.986939e+00
      vertex   2.261733e+01 2.279269e+01 -9.986939e+00
    endloop
  endfacet
  facet normal 7.495345e-01 -6.619653e-01 0.000000e+00
    outer loop
      vertex   2.173593e+01 2.158201e+01 -6.386940e+00
      vertex   2.173593e+01 2.158201e+01 -9.986939e+00
      vertex   2.223380e+01 2.214573e+01 -6.386940e+00
    endloop
  endfacet
  facet normal 7.495345e-01 -6.619653e-01 0.000000e+00
    outer loop
      vertex   2.223380e+01 2.214573e+01 -6.386940e+00
      vertex   2.173593e+01 2.158201e+01 -9.986939e+00
      vertex   2.223380e+01 2.214573e+01 -9.986939e+00
    endloop
  endfacet
  facet normal 6.123718e-01 -7.905699e-01 0.000000e+00
    outer loop
      vertex   2.114135e+01 2.112145e+01 -6.386940e+00
      vertex   2.114135e+01 2.112145e+01 -9.986939e+00
      vertex   2.173593e+01 2.158201e+01 -6.386940e+00
    endloop
  endfacet
  facet normal 6.123718e-01 -7.905699e-01 0.000000e+00
    outer loop
      vertex   2.173593e+01 2.158201e+01 -6.386940e+00
      vertex   2.114135e+01 2.112145e+01 -9.986939e+00
      vertex   2.173593e+01 2.158201e+01 -9.986939e+00
    endloop
  endfacet
  facet normal 4.535614e-01 -8.912250e-01 0.000000e+00
    outer loop
      vertex   2.047106e+01 2.078032e+01 -6.386940e+00
      vertex   2.047106e+01 2.078032e+01 -9.986939e+00
      vertex   2.114135e+01 2.112145e+01 -6.386940e+00
    endloop
  endfacet
  facet normal 4.535614e-01 -8.912250e-01 0.000000e+00
    outer loop
      vertex   2.114135e+01 2.112145e+01 -6.386940e+00
      vertex   2.047106e+01 2.078032e+01 -9.986939e+00
      vertex   2.114135e+01 2.112145e+01 -9.986939e+00
    endloop
  endfacet
  facet normal 2.787143e-01 -9.603741e-01 0.000000e+00
    outer loop
      vertex   1.974877e+01 2.057070e+01 -6.386940e+00
      vertex   1.974877e+01 2.057070e+01 -9.986939e+00
      vertex   2.047106e+01 2.078032e+01 -6.386940e+00
    endloop
  endfacet
  facet normal 2.787143e-01 -9.603741e-01 0.000000e+00
    outer loop
      vertex   2.047106e+01 2.078032e+01 -6.386940e+00
      vertex   1.974877e+01 2.057070e+01 -9.986939e+00
      vertex   2.047106e+01 2.078032e+01 -9.986939e+00
    endloop
  endfacet
  facet normal 9.401096e-02 -9.955712e-01 0.000000e+00
    outer loop
      vertex   1.900000e+01 2.050000e+01 -6.386940e+00
      vertex   1.900000e+01 2.050000e+01 -9.986939e+00
      vertex   1.974877e+01 2.057070e+01 -6.386940e+00
    endloop
  endfacet
  facet normal 9.401096e-02 -9.955712e-01 0.000000e+00
    outer loop
      vertex   1.974877e+01 2.057070e+01 -6.386940e+00
      vertex   1.900000e+01 2.050000e+01 -9.986939e+00
      vertex   1.974877e+01 2.057070e+01 -9.986939e+00
    endloop
  endfacet
  facet normal -9.401111e-02 -9.955711e-01 -0.000000e+00
    outer loop
      vertex   1.825123e+01 2.057070e+01 -6.386940e+00
      vertex   1.825123e+01 2.057070e+01 -9.986939e+00
      vertex   1.900000e+01 2.050000e+01 -6.386940e+00
    endloop
  endfacet
  facet normal -9.401111e-02 -9.955711e-01 -0.000000e+00
    outer loop
      vertex   1.900000e+01 2.050000e+01 -6.386940e+00
      vertex   1.825123e+01 2.057070e+01 -9.986939e+00
      vertex   1.900000e+01 2.050000e+01 -9.986939e+00
    endloop
  endfacet
  facet normal -2.787143e-01 -9.603741e-01 -0.000000e+00
    outer loop
      vertex   1.752894e+01 2.078032e+01 -6.386940e+00
      vertex   1.752894e+01 2.078032e+01 -9.986939e+00
      vertex   1.825123e+01 2.057070e+01 -6.386940e+00
    endloop
  endfacet
  facet normal -2.787143e-01 -9.603741e-01 -0.000000e+00
    outer loop
      vertex   1.825123e+01 2.057070e+01 -6.386940e+00
      vertex   1.752894e+01 2.078032e+01 -9.986939e+00
      vertex   1.825123e+01 2.057070e+01 -9.986939e+00
    endloop
  endfacet
  facet normal -4.535614e-01 -8.912250e-01 -0.000000e+00
    outer loop
      vertex   1.685865e+01 2.112145e+01 -6.386940e+00
      vertex   1.685865e+01 2.112145e+01 -9.986939e+00
      vertex   1.752894e+01 2.078032e+01 -6.386940e+00
    endloop
  endfacet
  facet normal -4.535614e-01 -8.912250e-01 -0.000000e+00
    outer loop
      vertex   1.752894e+01 2.078032e+01 -6.386940e+00
      vertex   1.685865e+01 2.112145e+01 -9.986939e+00
      vertex   1.752894e+01 2.078032e+01 -9.986939e+00
    endloop
  endfacet
  facet normal -6.123710e-01 -7.905705e-01 -0.000000e+00
    outer loop
      vertex   1.626407e+01 2.158201e+01 -6.386940e+00
      vertex   1.626407e+01 2.158201e+01 -9.986939e+00
      vertex   1.685865e+01 2.112145e+01 -6.386940e+00
    endloop
  endfacet
  facet normal -6.123710e-01 -7.905705e-01 -0.000000e+00
    outer loop
      vertex   1.685865e+01 2.112145e+01 -6.386940e+00
      vertex   1.626407e+01 2.158201e+01 -9.986939e+00
      vertex   1.685865e+01 2.112145e+01 -9.986939e+00
    endloop
  endfacet
  facet normal -7.495361e-01 -6.619635e-01 -0.000000e+00
    outer loop
      vertex   1.576621e+01 2.214573e+01 -6.386940e+00
      vertex   1.576621e+01 2.214573e+01 -9.986939e+00
      vertex   1.626407e+01 2.158201e+01 -6.386940e+00
    endloop
  endfacet
  facet normal -7.495361e-01 -6.619635e-01 -0.000000e+00
    outer loop
      vertex   1.626407e+01 2.158201e+01 -6.386940e+00
      vertex   1.576621e+01 2.214573e+01 -9.986939e+00
      vertex   1.626407e+01 2.158201e+01 -9.986939e+00
    endloop
  endfacet
  facet normal -8.602007e-01 -5.099556e-01 -0.000000e+00
    outer loop
      vertex   1.538267e+01 2.279269e+01 -6.386940e+00
      vertex   1.538267e+01 2.279269e+01 -9.986939e+00
      vertex   1.576621e+01 2.214573e+01 -6.386940e+00
    endloop
  endfacet
  facet normal -8.602007e-01 -5.099556e-01 -0.000000e+00
    outer loop
      vertex   1.576621e+01 2.214573e+01 -6.386940e+00
      vertex   1.538267e+01 2.279269e+01 -9.986939e+00
      vertex   1.576621e+01 2.214573e+01 -9.986939e+00
    endloop
  endfacet
  facet normal -9.404546e-01 -3.399194e-01 -0.000000e+00
    outer loop
      vertex   1.512702e+01 2.350000e+01 -6.386940e+00
      vertex   1.512702e+01 2.350000e+01 -9.986939e+00
      vertex   1.538267e+01 2.279269e+01 -6.386940e+00
    endloop
  endfacet
  facet normal -9.404546e-01 -3.399194e-01 -0.000000e+00
    outer loop
      vertex   1.538267e+01 2.279269e+01 -6.386940e+00
      vertex   1.512702e+01 2.350000e+01 -9.986939e+00
      vertex   1.538267e+01 2.279269e+01 -9.986939e+00
    endloop
  endfacet
  facet normal -9.874603e-01 -1.578673e-01 -0.000000e+00
    outer loop
      vertex   1.500829e+01 2.424267e+01 -6.386940e+00
      vertex   1.500829e+01 2.424267e+01 -9.986939e+00
      vertex   1.512702e+01 2.350000e+01 -6.386940e+00
    endloop
  endfacet
  facet normal -9.874603e-01 -1.578673e-01 -0.000000e+00
    outer loop
      vertex   1.512702e+01 2.350000e+01 -6.386940e+00
      vertex   1.500829e+01 2.424267e+01 -9.986939e+00
      vertex   1.512702e+01 2.350000e+01 -9.986939e+00
    endloop
  endfacet
  facet normal -9.995568e-01 2.976841e-02 0.000000e+00
    outer loop
      vertex   1.503067e+01 2.499443e+01 -6.386940e+00
      vertex   1.503067e+01 2.499443e+01 -9.986939e+00
      vertex   1.500829e+01 2.424267e+01 -6.386940e+00
    endloop
  endfacet
  facet normal -9.995568e-01 2.976841e-02 0.000000e+00
    outer loop
      vertex   1.500829e+01 2.424267e+01 -6.386940e+00
      vertex   1.503067e+01 2.499443e+01 -9.986939e+00
      vertex   1.500829e+01 2.424267e+01 -9.986939e+00
    endloop
  endfacet
  facet normal -9.763157e-01 2.163506e-01 0.000000e+00
    outer loop
      vertex   1.519339e+01 2.572871e+01 -6.386940e+00
      vertex   1.519339e+01 2.572871e+01 -9.986939e+00
      vertex   1.503067e+01 2.499443e+01 -6.386940e+00
    endloop
  endfacet
  facet normal -9.763157e-01 2.163506e-01 0.000000e+00
    outer loop
      vertex   1.503067e+01 2.499443e+01 -6.386940e+00
      vertex   1.519339e+01 2.572871e+01 -9.986939e+00
      vertex   1.503067e+01 2.499443e+01 -9.986939e+00
    endloop
  endfacet
  facet normal -9.185583e-01 3.952855e-01 0.000000e+00
    outer loop
      vertex   1.549069e+01 2.641956e+01 -6.386940e+00
      vertex   1.549069e+01 2.641956e+01 -9.986939e+00
      vertex   1.519339e+01 2.572871e+01 -6.386940e+00
    endloop
  endfacet
  facet normal -9.185583e-01 3.952855e-01 0.000000e+00
    outer loop
      vertex   1.519339e+01 2.572871e+01 -6.386940e+00
      vertex   1.549069e+01 2.641956e+01 -9.986939e+00
      vertex   1.519339e+01 2.572871e+01 -9.986939e+00
    endloop
  endfacet
  facet normal -8.283272e-01 5.602447e-01 0.000000e+00
    outer loop
      vertex   1.591204e+01 2.704254e+01 -6.386940e+00
      vertex   1.591204e+01 2.704254e+01 -9.986939e+00
      vertex   1.549069e+01 2.641956e+01 -6.386940e+00
    endloop
  endfacet
  facet normal -8.283272e-01 5.602447e-01 0.000000e+00
    outer loop
      vertex   1.549069e+01 2.641956e+01 -6.386940e+00
      vertex   1.591204e+01 2.704254e+01 -9.986939e+00
      vertex   1.549069e+01 2.641956e+01 -9.986939e+00
    endloop
  endfacet
  facet normal -7.088142e-01 7.053953e-01 0.000000e+00
    outer loop
      vertex   1.644257e+01 2.757564e+01 -6.386940e+00
      vertex   1.644257e+01 2.757564e+01 -9.986939e+00
      vertex   1.591204e+01 2.704254e+01 -6.386940e+00
    endloop
  endfacet
  facet normal -7.088142e-01 7.053953e-01 0.000000e+00
    outer loop
      vertex   1.591204e+01 2.704254e+01 -6.386940e+00
      vertex   1.644257e+01 2.757564e+01 -9.986939e+00
      vertex   1.591204e+01 2.704254e+01 -9.986939e+00
    endloop
  endfacet
  facet normal -5.642387e-01 8.256117e-01 0.000000e+00
    outer loop
      vertex   1.706351e+01 2.800000e+01 -6.386940e+00
      vertex   1.706351e+01 2.800000e+01 -9.986939e+00
      vertex   1.644257e+01 2.757564e+01 -6.386940e+00
    endloop
  endfacet
  facet normal -5.642387e-01 8.256117e-01 0.000000e+00
    outer loop
      vertex   1.644257e+01 2.757564e+01 -6.386940e+00
      vertex   1.706351e+01 2.800000e+01 -9.986939e+00
      vertex   1.644257e+01 2.757564e+01 -9.986939e+00
    endloop
  endfacet
  facet normal 0.000000e+00 1.000000e+00 0.000000e+00
    outer loop
      vertex   1.706351e+01 2.800000e+01 -9.986939e+00
      vertex   1.706351e+01 2.800000e+01 -6.386940e+00
      vertex   2.093649e+01 2.800000e+01 -9.986939e+00
    endloop
  endfacet
  facet normal 0.000000e+00 1.000000e+00 -0.000000e+00
    outer loop
      vertex   2.093649e+01 2.800000e+01 -9.986939e+00
      vertex   1.706351e+01 2.800000e+01 -6.386940e+00
      vertex   2.093649e+01 2.800000e+01 -6.386940e+00
    endloop
  endfacet
  facet normal 9.238764e-01 3.826911e-01 -0.000000e+00
    outer loop
      vertex   -3.996593e+01 2.424118e+01 -9.986939e+00
      vertex   -3.996593e+01 2.424118e+01 -6.386940e+00
      vertex   -3.986603e+01 2.400000e+01 -9.986939e+00
    endloop
  endfacet
  facet normal 9.238764e-01 3.826911e-01 -0.000000e+00
    outer loop
      vertex   -3.986603e+01 2.400000e+01 -9.986939e+00
      vertex   -3.996593e+01 2.424118e+01 -6.386940e+00
      vertex   -3.986603e+01 2.400000e+01 -6.386940e+00
    endloop
  endfacet
  facet normal 7.933551e-01 6.087592e-01 -0.000000e+00
    outer loop
      vertex   -3.986603e+01 2.400000e+01 -9.986939e+00
      vertex   -3.986603e+01 2.400000e+01 -6.386940e+00
      vertex   -3.974670e+01 2.384449e+01 -9.986939e+00
    endloop
  endfacet
  facet normal 7.933551e-01 6.087592e-01 -6.091362e-16
    outer loop
      vertex   -3.974670e+01 2.384449e+01 -9.986939e+00
      vertex   -3.986603e+01 2.400000e+01 -6.386940e+00
      vertex   -3.970711e+01 2.379289e+01 -6.386940e+00
    endloop
  endfacet
  facet normal 7.933551e-01 6.087592e-01 0.000000e+00
    outer loop
      vertex   -3.974670e+01 2.384449e+01 -9.986939e+00
      vertex   -3.970711e+01 2.379289e+01 -6.386940e+00
      vertex   -3.970711e+01 2.379289e+01 -1.158694e+01
    endloop
  endfacet
  facet normal 7.933551e-01 6.087592e-01 0.000000e+00
    outer loop
      vertex   -3.970711e+01 2.379289e+01 -1.158694e+01
      vertex   -3.974670e+01 2.384449e+01 -1.158694e+01
      vertex   -3.974670e+01 2.384449e+01 -9.986939e+00
    endloop
  endfacet
  facet normal 6.087649e-01 7.933507e-01 0.000000e+00
    outer loop
      vertex   -3.950000e+01 2.363397e+01 -6.386940e+00
      vertex   -3.950000e+01 2.363397e+01 -1.158694e+01
      vertex   -3.970711e+01 2.379289e+01 -6.386940e+00
    endloop
  endfacet
  facet normal 6.087649e-01 7.933507e-01 0.000000e+00
    outer loop
      vertex   -3.970711e+01 2.379289e+01 -6.386940e+00
      vertex   -3.950000e+01 2.363397e+01 -1.158694e+01
      vertex   -3.970711e+01 2.379289e+01 -1.158694e+01
    endloop
  endfacet
  facet normal 3.826755e-01 9.238828e-01 0.000000e+00
    outer loop
      vertex   -3.925882e+01 2.353408e+01 -6.386940e+00
      vertex   -3.925882e+01 2.353408e+01 -1.158694e+01
      vertex   -3.950000e+01 2.363397e+01 -6.386940e+00
    endloop
  endfacet
  facet normal 3.826755e-01 9.238828e-01 0.000000e+00
    outer loop
      vertex   -3.950000e+01 2.363397e+01 -6.386940e+00
      vertex   -3.925882e+01 2.353408e+01 -1.158694e+01
      vertex   -3.950000e+01 2.363397e+01 -1.158694e+01
    endloop
  endfacet
  facet normal 1.305280e-01 9.914446e-01 0.000000e+00
    outer loop
      vertex   -3.900000e+01 2.350000e+01 -6.386940e+00
      vertex   -3.900000e+01 2.350000e+01 -1.158694e+01
      vertex   -3.925882e+01 2.353408e+01 -6.386940e+00
    endloop
  endfacet
  facet normal 1.305280e-01 9.914446e-01 0.000000e+00
    outer loop
      vertex   -3.925882e+01 2.353408e+01 -6.386940e+00
      vertex   -3.900000e+01 2.350000e+01 -1.158694e+01
      vertex   -3.925882e+01 2.353408e+01 -1.158694e+01
    endloop
  endfacet
  facet normal -1.305280e-01 9.914446e-01 0.000000e+00
    outer loop
      vertex   -3.874118e+01 2.353408e+01 -6.386940e+00
      vertex   -3.874118e+01 2.353408e+01 -1.158694e+01
      vertex   -3.900000e+01 2.350000e+01 -6.386940e+00
    endloop
  endfacet
  facet normal -1.305280e-01 9.914446e-01 0.000000e+00
    outer loop
      vertex   -3.900000e+01 2.350000e+01 -6.386940e+00
      vertex   -3.874118e+01 2.353408e+01 -1.158694e+01
      vertex   -3.900000e+01 2.350000e+01 -1.158694e+01
    endloop
  endfacet
  facet normal -3.826755e-01 9.238828e-01 0.000000e+00
    outer loop
      vertex   -3.850000e+01 2.363397e+01 -6.386940e+00
      vertex   -3.850000e+01 2.363397e+01 -1.158694e+01
      vertex   -3.874118e+01 2.353408e+01 -6.386940e+00
    endloop
  endfacet
  facet normal -3.826755e-01 9.238828e-01 0.000000e+00
    outer loop
      vertex   -3.874118e+01 2.353408e+01 -6.386940e+00
      vertex   -3.850000e+01 2.363397e+01 -1.158694e+01
      vertex   -3.874118e+01 2.353408e+01 -1.158694e+01
    endloop
  endfacet
  facet normal -6.087605e-01 7.933540e-01 0.000000e+00
    outer loop
      vertex   -3.829289e+01 2.379289e+01 -6.386940e+00
      vertex   -3.829289e+01 2.379289e+01 -1.158694e+01
      vertex   -3.850000e+01 2.363397e+01 -6.386940e+00
    endloop
  endfacet
  facet normal -6.087605e-01 7.933540e-01 0.000000e+00
    outer loop
      vertex   -3.850000e+01 2.363397e+01 -6.386940e+00
      vertex   -3.829289e+01 2.379289e+01 -1.158694e+01
      vertex   -3.850000e+01 2.363397e+01 -1.158694e+01
    endloop
  endfacet
  facet normal -7.933595e-01 6.087534e-01 0.000000e+00
    outer loop
      vertex   -3.813398e+01 2.400000e+01 -6.386940e+00
      vertex   -3.813398e+01 2.400000e+01 -1.158694e+01
      vertex   -3.829289e+01 2.379289e+01 -6.386940e+00
    endloop
  endfacet
  facet normal -7.933595e-01 6.087534e-01 0.000000e+00
    outer loop
      vertex   -3.829289e+01 2.379289e+01 -6.386940e+00
      vertex   -3.813398e+01 2.400000e+01 -1.158694e+01
      vertex   -3.829289e+01 2.379289e+01 -1.158694e+01
    endloop
  endfacet
  facet normal -9.238764e-01 3.826911e-01 0.000000e+00
    outer loop
      vertex   -3.803407e+01 2.424118e+01 -6.386940e+00
      vertex   -3.803407e+01 2.424118e+01 -1.158694e+01
      vertex   -3.813398e+01 2.400000e+01 -6.386940e+00
    endloop
  endfacet
  facet normal -9.238764e-01 3.826911e-01 0.000000e+00
    outer loop
      vertex   -3.813398e+01 2.400000e+01 -6.386940e+00
      vertex   -3.803407e+01 2.424118e+01 -1.158694e+01
      vertex   -3.813398e+01 2.400000e+01 -1.158694e+01
    endloop
  endfacet
  facet normal -9.914446e-01 1.305280e-01 0.000000e+00
    outer loop
      vertex   -3.800000e+01 2.450000e+01 -6.386940e+00
      vertex   -3.800000e+01 2.450000e+01 -1.158694e+01
      vertex   -3.803407e+01 2.424118e+01 -6.386940e+00
    endloop
  endfacet
  facet normal -9.914446e-01 1.305280e-01 0.000000e+00
    outer loop
      vertex   -3.803407e+01 2.424118e+01 -6.386940e+00
      vertex   -3.800000e+01 2.450000e+01 -1.158694e+01
      vertex   -3.803407e+01 2.424118e+01 -1.158694e+01
    endloop
  endfacet
  facet normal -9.914446e-01 -1.305280e-01 -0.000000e+00
    outer loop
      vertex   -3.803407e+01 2.475882e+01 -6.386940e+00
      vertex   -3.803407e+01 2.475882e+01 -1.158694e+01
      vertex   -3.800000e+01 2.450000e+01 -6.386940e+00
    endloop
  endfacet
  facet normal -9.914446e-01 -1.305280e-01 -0.000000e+00
    outer loop
      vertex   -3.800000e+01 2.450000e+01 -6.386940e+00
      vertex   -3.803407e+01 2.475882e+01 -1.158694e+01
      vertex   -3.800000e+01 2.450000e+01 -1.158694e+01
    endloop
  endfacet
  facet normal -9.238764e-01 -3.826911e-01 -0.000000e+00
    outer loop
      vertex   -3.813398e+01 2.500000e+01 -6.386940e+00
      vertex   -3.813398e+01 2.500000e+01 -1.158694e+01
      vertex   -3.803407e+01 2.475882e+01 -6.386940e+00
    endloop
  endfacet
  facet normal -9.238764e-01 -3.826911e-01 -0.000000e+00
    outer loop
      vertex   -3.803407e+01 2.475882e+01 -6.386940e+00
      vertex   -3.813398e+01 2.500000e+01 -1.158694e+01
      vertex   -3.803407e+01 2.475882e+01 -1.158694e+01
    endloop
  endfacet
  facet normal -7.933595e-01 -6.087534e-01 -0.000000e+00
    outer loop
      vertex   -3.829289e+01 2.520711e+01 -6.386940e+00
      vertex   -3.829289e+01 2.520711e+01 -1.158694e+01
      vertex   -3.813398e+01 2.500000e+01 -6.386940e+00
    endloop
  endfacet
  facet normal -7.933595e-01 -6.087534e-01 -0.000000e+00
    outer loop
      vertex   -3.813398e+01 2.500000e+01 -6.386940e+00
      vertex   -3.829289e+01 2.520711e+01 -1.158694e+01
      vertex   -3.813398e+01 2.500000e+01 -1.158694e+01
    endloop
  endfacet
  facet normal -6.087605e-01 -7.933540e-01 -0.000000e+00
    outer loop
      vertex   -3.850000e+01 2.536603e+01 -6.386940e+00
      vertex   -3.850000e+01 2.536603e+01 -1.158694e+01
      vertex   -3.829289e+01 2.520711e+01 -6.386940e+00
    endloop
  endfacet
  facet normal -6.087605e-01 -7.933540e-01 -0.000000e+00
    outer loop
      vertex   -3.829289e+01 2.520711e+01 -6.386940e+00
      vertex   -3.850000e+01 2.536603e+01 -1.158694e+01
      vertex   -3.829289e+01 2.520711e+01 -1.158694e+01
    endloop
  endfacet
  facet normal -3.826755e-01 -9.238828e-01 -0.000000e+00
    outer loop
      vertex   -3.874118e+01 2.546592e+01 -6.386940e+00
      vertex   -3.874118e+01 2.546592e+01 -1.158694e+01
      vertex   -3.850000e+01 2.536603e+01 -6.386940e+00
    endloop
  endfacet
  facet normal -3.826755e-01 -9.238828e-01 -0.000000e+00
    outer loop
      vertex   -3.850000e+01 2.536603e+01 -6.386940e+00
      vertex   -3.874118e+01 2.546592e+01 -1.158694e+01
      vertex   -3.850000e+01 2.536603e+01 -1.158694e+01
    endloop
  endfacet
  facet normal -1.305280e-01 -9.914446e-01 -0.000000e+00
    outer loop
      vertex   -3.900000e+01 2.550000e+01 -6.386940e+00
      vertex   -3.900000e+01 2.550000e+01 -1.158694e+01
      vertex   -3.874118e+01 2.546592e+01 -6.386940e+00
    endloop
  endfacet
  facet normal -1.305280e-01 -9.914446e-01 -0.000000e+00
    outer loop
      vertex   -3.874118e+01 2.546592e+01 -6.386940e+00
      vertex   -3.900000e+01 2.550000e+01 -1.158694e+01
      vertex   -3.874118e+01 2.546592e+01 -1.158694e+01
    endloop
  endfacet
  facet normal 1.305280e-01 -9.914446e-01 0.000000e+00
    outer loop
      vertex   -3.925882e+01 2.546592e+01 -6.386940e+00
      vertex   -3.925882e+01 2.546592e+01 -1.158694e+01
      vertex   -3.900000e+01 2.550000e+01 -6.386940e+00
    endloop
  endfacet
  facet normal 1.305280e-01 -9.914446e-01 0.000000e+00
    outer loop
      vertex   -3.900000e+01 2.550000e+01 -6.386940e+00
      vertex   -3.925882e+01 2.546592e+01 -1.158694e+01
      vertex   -3.900000e+01 2.550000e+01 -1.158694e+01
    endloop
  endfacet
  facet normal 3.826755e-01 -9.238828e-01 0.000000e+00
    outer loop
      vertex   -3.950000e+01 2.536603e+01 -6.386940e+00
      vertex   -3.950000e+01 2.536603e+01 -1.158694e+01
      vertex   -3.925882e+01 2.546592e+01 -6.386940e+00
    endloop
  endfacet
  facet normal 3.826755e-01 -9.238828e-01 0.000000e+00
    outer loop
      vertex   -3.925882e+01 2.546592e+01 -6.386940e+00
      vertex   -3.950000e+01 2.536603e+01 -1.158694e+01
      vertex   -3.925882e+01 2.546592e+01 -1.158694e+01
    endloop
  endfacet
  facet normal 6.087649e-01 -7.933507e-01 0.000000e+00
    outer loop
      vertex   -3.970711e+01 2.520711e+01 -6.386940e+00
      vertex   -3.970711e+01 2.520711e+01 -1.158694e+01
      vertex   -3.950000e+01 2.536603e+01 -6.386940e+00
    endloop
  endfacet
  facet normal 6.087649e-01 -7.933507e-01 0.000000e+00
    outer loop
      vertex   -3.950000e+01 2.536603e+01 -6.386940e+00
      vertex   -3.970711e+01 2.520711e+01 -1.158694e+01
      vertex   -3.950000e+01 2.536603e+01 -1.158694e+01
    endloop
  endfacet
  facet normal 7.933551e-01 -6.087592e-01 0.000000e+00
    outer loop
      vertex   -3.986603e+01 2.500000e+01 -9.986939e+00
      vertex   -3.974670e+01 2.515551e+01 -9.986939e+00
      vertex   -3.986603e+01 2.500000e+01 -6.386940e+00
    endloop
  endfacet
  facet normal 7.933551e-01 -6.087592e-01 -6.091362e-16
    outer loop
      vertex   -3.986603e+01 2.500000e+01 -6.386940e+00
      vertex   -3.974670e+01 2.515551e+01 -9.986939e+00
      vertex   -3.970711e+01 2.520711e+01 -6.386940e+00
    endloop
  endfacet
  facet normal 7.933551e-01 -6.087592e-01 0.000000e+00
    outer loop
      vertex   -3.970711e+01 2.520711e+01 -6.386940e+00
      vertex   -3.974670e+01 2.515551e+01 -9.986939e+00
      vertex   -3.970711e+01 2.520711e+01 -1.158694e+01
    endloop
  endfacet
  facet normal 7.933551e-01 -6.087592e-01 0.000000e+00
    outer loop
      vertex   -3.970711e+01 2.520711e+01 -1.158694e+01
      vertex   -3.974670e+01 2.515551e+01 -9.986939e+00
      vertex   -3.974670e+01 2.515551e+01 -1.158694e+01
    endloop
  endfacet
  facet normal 9.238764e-01 -3.826911e-01 0.000000e+00
    outer loop
      vertex   -3.986603e+01 2.500000e+01 -9.986939e+00
      vertex   -3.986603e+01 2.500000e+01 -6.386940e+00
      vertex   -3.996593e+01 2.475882e+01 -9.986939e+00
    endloop
  endfacet
  facet normal 9.238764e-01 -3.826911e-01 0.000000e+00
    outer loop
      vertex   -3.996593e+01 2.475882e+01 -9.986939e+00
      vertex   -3.986603e+01 2.500000e+01 -6.386940e+00
      vertex   -3.996593e+01 2.475882e+01 -6.386940e+00
    endloop
  endfacet
  facet normal 9.914458e-01 -1.305190e-01 0.000000e+00
    outer loop
      vertex   -3.996593e+01 2.475882e+01 -9.986939e+00
      vertex   -3.996593e+01 2.475882e+01 -6.386940e+00
      vertex   -4.000000e+01 2.450000e+01 -9.986939e+00
    endloop
  endfacet
  facet normal 9.914458e-01 -1.305190e-01 0.000000e+00
    outer loop
      vertex   -4.000000e+01 2.450000e+01 -9.986939e+00
      vertex   -3.996593e+01 2.475882e+01 -6.386940e+00
      vertex   -4.000000e+01 2.450000e+01 -6.386940e+00
    endloop
  endfacet
  facet normal 9.914458e-01 1.305190e-01 -0.000000e+00
    outer loop
      vertex   -4.000000e+01 2.450000e+01 -9.986939e+00
      vertex   -4.000000e+01 2.450000e+01 -6.386940e+00
      vertex   -3.996593e+01 2.424118e+01 -9.986939e+00
    endloop
  endfacet
  facet normal 9.914458e-01 1.305190e-01 -0.000000e+00
    outer loop
      vertex   -3.996593e+01 2.424118e+01 -9.986939e+00
      vertex   -4.000000e+01 2.450000e+01 -6.386940e+00
      vertex   -3.996593e+01 2.424118e+01 -6.386940e+00
    endloop
  endfacet
  facet normal 9.238812e-01 3.826794e-01 0.000000e+00
    outer loop
      vertex   1.813397e+01 -2.500000e+01 -6.386940e+00
      vertex   1.813397e+01 -2.500000e+01 -1.158694e+01
      vertex   1.803408e+01 -2.475882e+01 -6.386940e+00
    endloop
  endfacet
  facet normal 9.238812e-01 3.826794e-01 0.000000e+00
    outer loop
      vertex   1.803408e+01 -2.475882e+01 -6.386940e+00
      vertex   1.813397e+01 -2.500000e+01 -1.158694e+01
      vertex   1.803408e+01 -2.475882e+01 -1.158694e+01
    endloop
  endfacet
  facet normal 7.933529e-01 6.087620e-01 0.000000e+00
    outer loop
      vertex   1.829289e+01 -2.520711e+01 -6.386940e+00
      vertex   1.829289e+01 -2.520711e+01 -1.158694e+01
      vertex   1.813397e+01 -2.500000e+01 -6.386940e+00
    endloop
  endfacet
  facet normal 7.933529e-01 6.087620e-01 0.000000e+00
    outer loop
      vertex   1.813397e+01 -2.500000e+01 -6.386940e+00
      vertex   1.829289e+01 -2.520711e+01 -1.158694e+01
      vertex   1.813397e+01 -2.500000e+01 -1.158694e+01
    endloop
  endfacet
  facet normal 6.087649e-01 7.933507e-01 0.000000e+00
    outer loop
      vertex   1.850000e+01 -2.536603e+01 -6.386940e+00
      vertex   1.850000e+01 -2.536603e+01 -1.158694e+01
      vertex   1.829289e+01 -2.520711e+01 -6.386940e+00
    endloop
  endfacet
  facet normal 6.087649e-01 7.933507e-01 0.000000e+00
    outer loop
      vertex   1.829289e+01 -2.520711e+01 -6.386940e+00
      vertex   1.850000e+01 -2.536603e+01 -1.158694e+01
      vertex   1.829289e+01 -2.520711e+01 -1.158694e+01
    endloop
  endfacet
  facet normal 3.826739e-01 9.238835e-01 0.000000e+00
    outer loop
      vertex   1.874118e+01 -2.546592e+01 -6.386940e+00
      vertex   1.874118e+01 -2.546592e+01 -1.158694e+01
      vertex   1.850000e+01 -2.536603e+01 -6.386940e+00
    endloop
  endfacet
  facet normal 3.826739e-01 9.238835e-01 0.000000e+00
    outer loop
      vertex   1.850000e+01 -2.536603e+01 -6.386940e+00
      vertex   1.874118e+01 -2.546592e+01 -1.158694e+01
      vertex   1.850000e+01 -2.536603e+01 -1.158694e+01
    endloop
  endfacet
  facet normal 1.305286e-01 9.914445e-01 0.000000e+00
    outer loop
      vertex   1.900000e+01 -2.550000e+01 -6.386940e+00
      vertex   1.900000e+01 -2.550000e+01 -1.158694e+01
      vertex   1.874118e+01 -2.546592e+01 -6.386940e+00
    endloop
  endfacet
  facet normal 1.305286e-01 9.914445e-01 0.000000e+00
    outer loop
      vertex   1.874118e+01 -2.546592e+01 -6.386940e+00
      vertex   1.900000e+01 -2.550000e+01 -1.158694e+01
      vertex   1.874118e+01 -2.546592e+01 -1.158694e+01
    endloop
  endfacet
  facet normal -1.305280e-01 9.914446e-01 0.000000e+00
    outer loop
      vertex   1.925882e+01 -2.546592e+01 -6.386940e+00
      vertex   1.925882e+01 -2.546592e+01 -1.158694e+01
      vertex   1.900000e+01 -2.550000e+01 -6.386940e+00
    endloop
  endfacet
  facet normal -1.305280e-01 9.914446e-01 0.000000e+00
    outer loop
      vertex   1.900000e+01 -2.550000e+01 -6.386940e+00
      vertex   1.925882e+01 -2.546592e+01 -1.158694e+01
      vertex   1.900000e+01 -2.550000e+01 -1.158694e+01
    endloop
  endfacet
  facet normal -3.826739e-01 9.238835e-01 0.000000e+00
    outer loop
      vertex   1.950000e+01 -2.536603e+01 -6.386940e+00
      vertex   1.950000e+01 -2.536603e+01 -1.158694e+01
      vertex   1.925882e+01 -2.546592e+01 -6.386940e+00
    endloop
  endfacet
  facet normal -3.826739e-01 9.238835e-01 0.000000e+00
    outer loop
      vertex   1.925882e+01 -2.546592e+01 -6.386940e+00
      vertex   1.950000e+01 -2.536603e+01 -1.158694e+01
      vertex   1.925882e+01 -2.546592e+01 -1.158694e+01
    endloop
  endfacet
  facet normal -6.087649e-01 7.933507e-01 0.000000e+00
    outer loop
      vertex   1.970711e+01 -2.520711e+01 -6.386940e+00
      vertex   1.970711e+01 -2.520711e+01 -1.158694e+01
      vertex   1.950000e+01 -2.536603e+01 -6.386940e+00
    endloop
  endfacet
  facet normal -6.087649e-01 7.933507e-01 0.000000e+00
    outer loop
      vertex   1.950000e+01 -2.536603e+01 -6.386940e+00
      vertex   1.970711e+01 -2.520711e+01 -1.158694e+01
      vertex   1.950000e+01 -2.536603e+01 -1.158694e+01
    endloop
  endfacet
  facet normal -7.933529e-01 6.087620e-01 0.000000e+00
    outer loop
      vertex   1.986603e+01 -2.500000e+01 -6.386940e+00
      vertex   1.986603e+01 -2.500000e+01 -1.158694e+01
      vertex   1.970711e+01 -2.520711e+01 -6.386940e+00
    endloop
  endfacet
  facet normal -7.933529e-01 6.087620e-01 0.000000e+00
    outer loop
      vertex   1.970711e+01 -2.520711e+01 -6.386940e+00
      vertex   1.986603e+01 -2.500000e+01 -1.158694e+01
      vertex   1.970711e+01 -2.520711e+01 -1.158694e+01
    endloop
  endfacet
  facet normal -9.238812e-01 3.826794e-01 0.000000e+00
    outer loop
      vertex   1.996593e+01 -2.475882e+01 -6.386940e+00
      vertex   1.996593e+01 -2.475882e+01 -1.158694e+01
      vertex   1.986603e+01 -2.500000e+01 -6.386940e+00
    endloop
  endfacet
  facet normal -9.238812e-01 3.826794e-01 0.000000e+00
    outer loop
      vertex   1.986603e+01 -2.500000e+01 -6.386940e+00
      vertex   1.996593e+01 -2.475882e+01 -1.158694e+01
      vertex   1.986603e+01 -2.500000e+01 -1.158694e+01
    endloop
  endfacet
  facet normal -9.914446e-01 1.305280e-01 0.000000e+00
    outer loop
      vertex   2.000000e+01 -2.450000e+01 -6.386940e+00
      vertex   2.000000e+01 -2.450000e+01 -1.158694e+01
      vertex   1.996593e+01 -2.475882e+01 -6.386940e+00
    endloop
  endfacet
  facet normal -9.914446e-01 1.305280e-01 0.000000e+00
    outer loop
      vertex   1.996593e+01 -2.475882e+01 -6.386940e+00
      vertex   2.000000e+01 -2.450000e+01 -1.158694e+01
      vertex   1.996593e+01 -2.475882e+01 -1.158694e+01
    endloop
  endfacet
  facet normal -9.914446e-01 -1.305280e-01 -0.000000e+00
    outer loop
      vertex   1.996593e+01 -2.424118e+01 -6.386940e+00
      vertex   1.996593e+01 -2.424118e+01 -1.158694e+01
      vertex   2.000000e+01 -2.450000e+01 -6.386940e+00
    endloop
  endfacet
  facet normal -9.914446e-01 -1.305280e-01 -0.000000e+00
    outer loop
      vertex   2.000000e+01 -2.450000e+01 -6.386940e+00
      vertex   1.996593e+01 -2.424118e+01 -1.158694e+01
      vertex   2.000000e+01 -2.450000e+01 -1.158694e+01
    endloop
  endfacet
  facet normal -9.238812e-01 -3.826794e-01 -0.000000e+00
    outer loop
      vertex   1.986603e+01 -2.400000e+01 -6.386940e+00
      vertex   1.986603e+01 -2.400000e+01 -1.158694e+01
      vertex   1.996593e+01 -2.424118e+01 -6.386940e+00
    endloop
  endfacet
  facet normal -9.238812e-01 -3.826794e-01 -0.000000e+00
    outer loop
      vertex   1.996593e+01 -2.424118e+01 -6.386940e+00
      vertex   1.986603e+01 -2.400000e+01 -1.158694e+01
      vertex   1.996593e+01 -2.424118e+01 -1.158694e+01
    endloop
  endfacet
  facet normal -7.933529e-01 -6.087620e-01 -0.000000e+00
    outer loop
      vertex   1.970711e+01 -2.379289e+01 -6.386940e+00
      vertex   1.970711e+01 -2.379289e+01 -1.158694e+01
      vertex   1.986603e+01 -2.400000e+01 -6.386940e+00
    endloop
  endfacet
  facet normal -7.933529e-01 -6.087620e-01 -0.000000e+00
    outer loop
      vertex   1.986603e+01 -2.400000e+01 -6.386940e+00
      vertex   1.970711e+01 -2.379289e+01 -1.158694e+01
      vertex   1.986603e+01 -2.400000e+01 -1.158694e+01
    endloop
  endfacet
  facet normal -6.087649e-01 -7.933507e-01 -0.000000e+00
    outer loop
      vertex   1.950000e+01 -2.363397e+01 -6.386940e+00
      vertex   1.950000e+01 -2.363397e+01 -1.158694e+01
      vertex   1.970711e+01 -2.379289e+01 -6.386940e+00
    endloop
  endfacet
  facet normal -6.087649e-01 -7.933507e-01 -0.000000e+00
    outer loop
      vertex   1.970711e+01 -2.379289e+01 -6.386940e+00
      vertex   1.950000e+01 -2.363397e+01 -1.158694e+01
      vertex   1.970711e+01 -2.379289e+01 -1.158694e+01
    endloop
  endfacet
  facet normal -3.826739e-01 -9.238835e-01 -0.000000e+00
    outer loop
      vertex   1.925882e+01 -2.353408e+01 -6.386940e+00
      vertex   1.925882e+01 -2.353408e+01 -1.158694e+01
      vertex   1.950000e+01 -2.363397e+01 -6.386940e+00
    endloop
  endfacet
  facet normal -3.826739e-01 -9.238835e-01 -0.000000e+00
    outer loop
      vertex   1.950000e+01 -2.363397e+01 -6.386940e+00
      vertex   1.925882e+01 -2.353408e+01 -1.158694e+01
      vertex   1.950000e+01 -2.363397e+01 -1.158694e+01
    endloop
  endfacet
  facet normal -1.305280e-01 -9.914446e-01 -0.000000e+00
    outer loop
      vertex   1.900000e+01 -2.350000e+01 -6.386940e+00
      vertex   1.900000e+01 -2.350000e+01 -1.158694e+01
      vertex   1.925882e+01 -2.353408e+01 -6.386940e+00
    endloop
  endfacet
  facet normal -1.305280e-01 -9.914446e-01 -0.000000e+00
    outer loop
      vertex   1.925882e+01 -2.353408e+01 -6.386940e+00
      vertex   1.900000e+01 -2.350000e+01 -1.158694e+01
      vertex   1.925882e+01 -2.353408e+01 -1.158694e+01
    endloop
  endfacet
  facet normal 1.305286e-01 -9.914445e-01 0.000000e+00
    outer loop
      vertex   1.874118e+01 -2.353408e+01 -6.386940e+00
      vertex   1.874118e+01 -2.353408e+01 -1.158694e+01
      vertex   1.900000e+01 -2.350000e+01 -6.386940e+00
    endloop
  endfacet
  facet normal 1.305286e-01 -9.914445e-01 0.000000e+00
    outer loop
      vertex   1.900000e+01 -2.350000e+01 -6.386940e+00
      vertex   1.874118e+01 -2.353408e+01 -1.158694e+01
      vertex   1.900000e+01 -2.350000e+01 -1.158694e+01
    endloop
  endfacet
  facet normal 3.826739e-01 -9.238835e-01 0.000000e+00
    outer loop
      vertex   1.850000e+01 -2.363397e+01 -6.386940e+00
      vertex   1.850000e+01 -2.363397e+01 -1.158694e+01
      vertex   1.874118e+01 -2.353408e+01 -6.386940e+00
    endloop
  endfacet
  facet normal 3.826739e-01 -9.238835e-01 0.000000e+00
    outer loop
      vertex   1.874118e+01 -2.353408e+01 -6.386940e+00
      vertex   1.850000e+01 -2.363397e+01 -1.158694e+01
      vertex   1.874118e+01 -2.353408e+01 -1.158694e+01
    endloop
  endfacet
  facet normal 6.087649e-01 -7.933507e-01 0.000000e+00
    outer loop
      vertex   1.829289e+01 -2.379289e+01 -6.386940e+00
      vertex   1.829289e+01 -2.379289e+01 -1.158694e+01
      vertex   1.850000e+01 -2.363397e+01 -6.386940e+00
    endloop
  endfacet
  facet normal 6.087649e-01 -7.933507e-01 0.000000e+00
    outer loop
      vertex   1.850000e+01 -2.363397e+01 -6.386940e+00
      vertex   1.829289e+01 -2.379289e+01 -1.158694e+01
      vertex   1.850000e+01 -2.363397e+01 -1.158694e+01
    endloop
  endfacet
  facet normal 7.933529e-01 -6.087620e-01 0.000000e+00
    outer loop
      vertex   1.813397e+01 -2.400000e+01 -6.386940e+00
      vertex   1.813397e+01 -2.400000e+01 -1.158694e+01
      vertex   1.829289e+01 -2.379289e+01 -6.386940e+00
    endloop
  endfacet
  facet normal 7.933529e-01 -6.087620e-01 0.000000e+00
    outer loop
      vertex   1.829289e+01 -2.379289e+01 -6.386940e+00
      vertex   1.813397e+01 -2.400000e+01 -1.158694e+01
      vertex   1.829289e+01 -2.379289e+01 -1.158694e+01
    endloop
  endfacet
  facet normal 9.238812e-01 -3.826794e-01 0.000000e+00
    outer loop
      vertex   1.803408e+01 -2.424118e+01 -6.386940e+00
      vertex   1.803408e+01 -2.424118e+01 -1.158694e+01
      vertex   1.813397e+01 -2.400000e+01 -6.386940e+00
    endloop
  endfacet
  facet normal 9.238812e-01 -3.826794e-01 0.000000e+00
    outer loop
      vertex   1.813397e+01 -2.400000e+01 -6.386940e+00
      vertex   1.803408e+01 -2.424118e+01 -1.158694e+01
      vertex   1.813397e+01 -2.400000e+01 -1.158694e+01
    endloop
  endfacet
  facet normal 9.914446e-01 -1.305280e-01 0.000000e+00
    outer loop
      vertex   1.800000e+01 -2.450000e+01 -6.386940e+00
      vertex   1.800000e+01 -2.450000e+01 -1.158694e+01
      vertex   1.803408e+01 -2.424118e+01 -6.386940e+00
    endloop
  endfacet
  facet normal 9.914446e-01 -1.305280e-01 0.000000e+00
    outer loop
      vertex   1.803408e+01 -2.424118e+01 -6.386940e+00
      vertex   1.800000e+01 -2.450000e+01 -1.158694e+01
      vertex   1.803408e+01 -2.424118e+01 -1.158694e+01
    endloop
  endfacet
  facet normal 9.914446e-01 1.305280e-01 0.000000e+00
    outer loop
      vertex   1.803408e+01 -2.475882e+01 -6.386940e+00
      vertex   1.803408e+01 -2.475882e+01 -1.158694e+01
      vertex   1.800000e+01 -2.450000e+01 -6.386940e+00
    endloop
  endfacet
  facet normal 9.914446e-01 1.305280e-01 0.000000e+00
    outer loop
      vertex   1.800000e+01 -2.450000e+01 -6.386940e+00
      vertex   1.803408e+01 -2.475882e+01 -1.158694e+01
      vertex   1.800000e+01 -2.450000e+01 -1.158694e+01
    endloop
  endfacet
  facet normal 9.238764e-01 3.826911e-01 -0.000000e+00
    outer loop
      vertex   -3.996593e+01 -2.475882e+01 -9.986939e+00
      vertex   -3.996593e+01 -2.475882e+01 -6.386940e+00
      vertex   -3.986603e+01 -2.500000e+01 -9.986939e+00
    endloop
  endfacet
  facet normal 9.238764e-01 3.826911e-01 -0.000000e+00
    outer loop
      vertex   -3.986603e+01 -2.500000e+01 -9.986939e+00
      vertex   -3.996593e+01 -2.475882e+01 -6.386940e+00
      vertex   -3.986603e+01 -2.500000e+01 -6.386940e+00
    endloop
  endfacet
  facet normal 7.933551e-01 6.087592e-01 -0.000000e+00
    outer loop
      vertex   -3.986603e+01 -2.500000e+01 -9.986939e+00
      vertex   -3.986603e+01 -2.500000e+01 -6.386940e+00
      vertex   -3.974670e+01 -2.515551e+01 -9.986939e+00
    endloop
  endfacet
  facet normal 7.933551e-01 6.087592e-01 -6.091362e-16
    outer loop
      vertex   -3.974670e+01 -2.515551e+01 -9.986939e+00
      vertex   -3.986603e+01 -2.500000e+01 -6.386940e+00
      vertex   -3.970711e+01 -2.520711e+01 -6.386940e+00
    endloop
  endfacet
  facet normal 7.933551e-01 6.087592e-01 0.000000e+00
    outer loop
      vertex   -3.974670e+01 -2.515551e+01 -9.986939e+00
      vertex   -3.970711e+01 -2.520711e+01 -6.386940e+00
      vertex   -3.970711e+01 -2.520711e+01 -1.158694e+01
    endloop
  endfacet
  facet normal 7.933551e-01 6.087592e-01 0.000000e+00
    outer loop
      vertex   -3.970711e+01 -2.520711e+01 -1.158694e+01
      vertex   -3.974670e+01 -2.515551e+01 -1.158694e+01
      vertex   -3.974670e+01 -2.515551e+01 -9.986939e+00
    endloop
  endfacet
  facet normal 6.087649e-01 7.933507e-01 0.000000e+00
    outer loop
      vertex   -3.950000e+01 -2.536603e+01 -6.386940e+00
      vertex   -3.950000e+01 -2.536603e+01 -1.158694e+01
      vertex   -3.970711e+01 -2.520711e+01 -6.386940e+00
    endloop
  endfacet
  facet normal 6.087649e-01 7.933507e-01 0.000000e+00
    outer loop
      vertex   -3.970711e+01 -2.520711e+01 -6.386940e+00
      vertex   -3.950000e+01 -2.536603e+01 -1.158694e+01
      vertex   -3.970711e+01 -2.520711e+01 -1.158694e+01
    endloop
  endfacet
  facet normal 3.826755e-01 9.238828e-01 0.000000e+00
    outer loop
      vertex   -3.925882e+01 -2.546592e+01 -6.386940e+00
      vertex   -3.925882e+01 -2.546592e+01 -1.158694e+01
      vertex   -3.950000e+01 -2.536603e+01 -6.386940e+00
    endloop
  endfacet
  facet normal 3.826755e-01 9.238828e-01 0.000000e+00
    outer loop
      vertex   -3.950000e+01 -2.536603e+01 -6.386940e+00
      vertex   -3.925882e+01 -2.546592e+01 -1.158694e+01
      vertex   -3.950000e+01 -2.536603e+01 -1.158694e+01
    endloop
  endfacet
  facet normal 1.305280e-01 9.914446e-01 0.000000e+00
    outer loop
      vertex   -3.900000e+01 -2.550000e+01 -6.386940e+00
      vertex   -3.900000e+01 -2.550000e+01 -1.158694e+01
      vertex   -3.925882e+01 -2.546592e+01 -6.386940e+00
    endloop
  endfacet
  facet normal 1.305280e-01 9.914446e-01 0.000000e+00
    outer loop
      vertex   -3.925882e+01 -2.546592e+01 -6.386940e+00
      vertex   -3.900000e+01 -2.550000e+01 -1.158694e+01
      vertex   -3.925882e+01 -2.546592e+01 -1.158694e+01
    endloop
  endfacet
  facet normal -1.305280e-01 9.914446e-01 0.000000e+00
    outer loop
      vertex   -3.874118e+01 -2.546592e+01 -6.386940e+00
      vertex   -3.874118e+01 -2.546592e+01 -1.158694e+01
      vertex   -3.900000e+01 -2.550000e+01 -6.386940e+00
    endloop
  endfacet
  facet normal -1.305280e-01 9.914446e-01 0.000000e+00
    outer loop
      vertex   -3.900000e+01 -2.550000e+01 -6.386940e+00
      vertex   -3.874118e+01 -2.546592e+01 -1.158694e+01
      vertex   -3.900000e+01 -2.550000e+01 -1.158694e+01
    endloop
  endfacet
  facet normal -3.826755e-01 9.238828e-01 0.000000e+00
    outer loop
      vertex   -3.850000e+01 -2.536603e+01 -6.386940e+00
      vertex   -3.850000e+01 -2.536603e+01 -1.158694e+01
      vertex   -3.874118e+01 -2.546592e+01 -6.386940e+00
    endloop
  endfacet
  facet normal -3.826755e-01 9.238828e-01 0.000000e+00
    outer loop
      vertex   -3.874118e+01 -2.546592e+01 -6.386940e+00
      vertex   -3.850000e+01 -2.536603e+01 -1.158694e+01
      vertex   -3.874118e+01 -2.546592e+01 -1.158694e+01
    endloop
  endfacet
  facet normal -6.087605e-01 7.933540e-01 0.000000e+00
    outer loop
      vertex   -3.829289e+01 -2.520711e+01 -6.386940e+00
      vertex   -3.829289e+01 -2.520711e+01 -1.158694e+01
      vertex   -3.850000e+01 -2.536603e+01 -6.386940e+00
    endloop
  endfacet
  facet normal -6.087605e-01 7.933540e-01 0.000000e+00
    outer loop
      vertex   -3.850000e+01 -2.536603e+01 -6.386940e+00
      vertex   -3.829289e+01 -2.520711e+01 -1.158694e+01
      vertex   -3.850000e+01 -2.536603e+01 -1.158694e+01
    endloop
  endfacet
  facet normal -7.933595e-01 6.087534e-01 0.000000e+00
    outer loop
      vertex   -3.813398e+01 -2.500000e+01 -6.386940e+00
      vertex   -3.813398e+01 -2.500000e+01 -1.158694e+01
      vertex   -3.829289e+01 -2.520711e+01 -6.386940e+00
    endloop
  endfacet
  facet normal -7.933595e-01 6.087534e-01 0.000000e+00
    outer loop
      vertex   -3.829289e+01 -2.520711e+01 -6.386940e+00
      vertex   -3.813398e+01 -2.500000e+01 -1.158694e+01
      vertex   -3.829289e+01 -2.520711e+01 -1.158694e+01
    endloop
  endfacet
  facet normal -9.238764e-01 3.826911e-01 0.000000e+00
    outer loop
      vertex   -3.803407e+01 -2.475882e+01 -6.386940e+00
      vertex   -3.803407e+01 -2.475882e+01 -1.158694e+01
      vertex   -3.813398e+01 -2.500000e+01 -6.386940e+00
    endloop
  endfacet
  facet normal -9.238764e-01 3.826911e-01 0.000000e+00
    outer loop
      vertex   -3.813398e+01 -2.500000e+01 -6.386940e+00
      vertex   -3.803407e+01 -2.475882e+01 -1.158694e+01
      vertex   -3.813398e+01 -2.500000e+01 -1.158694e+01
    endloop
  endfacet
  facet normal -9.914446e-01 1.305280e-01 0.000000e+00
    outer loop
      vertex   -3.800000e+01 -2.450000e+01 -6.386940e+00
      vertex   -3.800000e+01 -2.450000e+01 -1.158694e+01
      vertex   -3.803407e+01 -2.475882e+01 -6.386940e+00
    endloop
  endfacet
  facet normal -9.914446e-01 1.305280e-01 0.000000e+00
    outer loop
      vertex   -3.803407e+01 -2.475882e+01 -6.386940e+00
      vertex   -3.800000e+01 -2.450000e+01 -1.158694e+01
      vertex   -3.803407e+01 -2.475882e+01 -1.158694e+01
    endloop
  endfacet
  facet normal -9.914446e-01 -1.305280e-01 -0.000000e+00
    outer loop
      vertex   -3.803407e+01 -2.424118e+01 -6.386940e+00
      vertex   -3.803407e+01 -2.424118e+01 -1.158694e+01
      vertex   -3.800000e+01 -2.450000e+01 -6.386940e+00
    endloop
  endfacet
  facet normal -9.914446e-01 -1.305280e-01 -0.000000e+00
    outer loop
      vertex   -3.800000e+01 -2.450000e+01 -6.386940e+00
      vertex   -3.803407e+01 -2.424118e+01 -1.158694e+01
      vertex   -3.800000e+01 -2.450000e+01 -1.158694e+01
    endloop
  endfacet
  facet normal -9.238764e-01 -3.826911e-01 -0.000000e+00
    outer loop
      vertex   -3.813398e+01 -2.400000e+01 -6.386940e+00
      vertex   -3.813398e+01 -2.400000e+01 -1.158694e+01
      vertex   -3.803407e+01 -2.424118e+01 -6.386940e+00
    endloop
  endfacet
  facet normal -9.238764e-01 -3.826911e-01 -0.000000e+00
    outer loop
      vertex   -3.803407e+01 -2.424118e+01 -6.386940e+00
      vertex   -3.813398e+01 -2.400000e+01 -1.158694e+01
      vertex   -3.803407e+01 -2.424118e+01 -1.158694e+01
    endloop
  endfacet
  facet normal -7.933595e-01 -6.087534e-01 -0.000000e+00
    outer loop
      vertex   -3.829289e+01 -2.379289e+01 -6.386940e+00
      vertex   -3.829289e+01 -2.379289e+01 -1.158694e+01
      vertex   -3.813398e+01 -2.400000e+01 -6.386940e+00
    endloop
  endfacet
  facet normal -7.933595e-01 -6.087534e-01 -0.000000e+00
    outer loop
      vertex   -3.813398e+01 -2.400000e+01 -6.386940e+00
      vertex   -3.829289e+01 -2.379289e+01 -1.158694e+01
      vertex   -3.813398e+01 -2.400000e+01 -1.158694e+01
    endloop
  endfacet
  facet normal -6.087605e-01 -7.933540e-01 -0.000000e+00
    outer loop
      vertex   -3.850000e+01 -2.363397e+01 -6.386940e+00
      vertex   -3.850000e+01 -2.363397e+01 -1.158694e+01
      vertex   -3.829289e+01 -2.379289e+01 -6.386940e+00
    endloop
  endfacet
  facet normal -6.087605e-01 -7.933540e-01 -0.000000e+00
    outer loop
      vertex   -3.829289e+01 -2.379289e+01 -6.386940e+00
      vertex   -3.850000e+01 -2.363397e+01 -1.158694e+01
      vertex   -3.829289e+01 -2.379289e+01 -1.158694e+01
    endloop
  endfacet
  facet normal -3.826755e-01 -9.238828e-01 -0.000000e+00
    outer loop
      vertex   -3.874118e+01 -2.353408e+01 -6.386940e+00
      vertex   -3.874118e+01 -2.353408e+01 -1.158694e+01
      vertex   -3.850000e+01 -2.363397e+01 -6.386940e+00
    endloop
  endfacet
  facet normal -3.826755e-01 -9.238828e-01 -0.000000e+00
    outer loop
      vertex   -3.850000e+01 -2.363397e+01 -6.386940e+00
      vertex   -3.874118e+01 -2.353408e+01 -1.158694e+01
      vertex   -3.850000e+01 -2.363397e+01 -1.158694e+01
    endloop
  endfacet
  facet normal -1.305280e-01 -9.914446e-01 -0.000000e+00
    outer loop
      vertex   -3.900000e+01 -2.350000e+01 -6.386940e+00
      vertex   -3.900000e+01 -2.350000e+01 -1.158694e+01
      vertex   -3.874118e+01 -2.353408e+01 -6.386940e+00
    endloop
  endfacet
  facet normal -1.305280e-01 -9.914446e-01 -0.000000e+00
    outer loop
      vertex   -3.874118e+01 -2.353408e+01 -6.386940e+00
      vertex   -3.900000e+01 -2.350000e+01 -1.158694e+01
      vertex   -3.874118e+01 -2.353408e+01 -1.158694e+01
    endloop
  endfacet
  facet normal 1.305280e-01 -9.914446e-01 0.000000e+00
    outer loop
      vertex   -3.925882e+01 -2.353408e+01 -6.386940e+00
      vertex   -3.925882e+01 -2.353408e+01 -1.158694e+01
      vertex   -3.900000e+01 -2.350000e+01 -6.386940e+00
    endloop
  endfacet
  facet normal 1.305280e-01 -9.914446e-01 0.000000e+00
    outer loop
      vertex   -3.900000e+01 -2.350000e+01 -6.386940e+00
      vertex   -3.925882e+01 -2.353408e+01 -1.158694e+01
      vertex   -3.900000e+01 -2.350000e+01 -1.158694e+01
    endloop
  endfacet
  facet normal 3.826755e-01 -9.238828e-01 0.000000e+00
    outer loop
      vertex   -3.950000e+01 -2.363397e+01 -6.386940e+00
      vertex   -3.950000e+01 -2.363397e+01 -1.158694e+01
      vertex   -3.925882e+01 -2.353408e+01 -6.386940e+00
    endloop
  endfacet
  facet normal 3.826755e-01 -9.238828e-01 0.000000e+00
    outer loop
      vertex   -3.925882e+01 -2.353408e+01 -6.386940e+00
      vertex   -3.950000e+01 -2.363397e+01 -1.158694e+01
      vertex   -3.925882e+01 -2.353408e+01 -1.158694e+01
    endloop
  endfacet
  facet normal 6.087649e-01 -7.933507e-01 0.000000e+00
    outer loop
      vertex   -3.970711e+01 -2.379289e+01 -6.386940e+00
      vertex   -3.970711e+01 -2.379289e+01 -1.158694e+01
      vertex   -3.950000e+01 -2.363397e+01 -6.386940e+00
    endloop
  endfacet
  facet normal 6.087649e-01 -7.933507e-01 0.000000e+00
    outer loop
      vertex   -3.950000e+01 -2.363397e+01 -6.386940e+00
      vertex   -3.970711e+01 -2.379289e+01 -1.158694e+01
      vertex   -3.950000e+01 -2.363397e+01 -1.158694e+01
    endloop
  endfacet
  facet normal 7.933551e-01 -6.087592e-01 0.000000e+00
    outer loop
      vertex   -3.986603e+01 -2.400000e+01 -9.986939e+00
      vertex   -3.974670e+01 -2.384449e+01 -9.986939e+00
      vertex   -3.986603e+01 -2.400000e+01 -6.386940e+00
    endloop
  endfacet
  facet normal 7.933551e-01 -6.087592e-01 -6.091362e-16
    outer loop
      vertex   -3.986603e+01 -2.400000e+01 -6.386940e+00
      vertex   -3.974670e+01 -2.384449e+01 -9.986939e+00
      vertex   -3.970711e+01 -2.379289e+01 -6.386940e+00
    endloop
  endfacet
  facet normal 7.933551e-01 -6.087592e-01 0.000000e+00
    outer loop
      vertex   -3.970711e+01 -2.379289e+01 -6.386940e+00
      vertex   -3.974670e+01 -2.384449e+01 -9.986939e+00
      vertex   -3.970711e+01 -2.379289e+01 -1.158694e+01
    endloop
  endfacet
  facet normal 7.933551e-01 -6.087592e-01 0.000000e+00
    outer loop
      vertex   -3.970711e+01 -2.379289e+01 -1.158694e+01
      vertex   -3.974670e+01 -2.384449e+01 -9.986939e+00
      vertex   -3.974670e+01 -2.384449e+01 -1.158694e+01
    endloop
  endfacet
  facet normal 9.238764e-01 -3.826911e-01 0.000000e+00
    outer loop
      vertex   -3.986603e+01 -2.400000e+01 -9.986939e+00
      vertex   -3.986603e+01 -2.400000e+01 -6.386940e+00
      vertex   -3.996593e+01 -2.424118e+01 -9.986939e+00
    endloop
  endfacet
  facet normal 9.238764e-01 -3.826911e-01 0.000000e+00
    outer loop
      vertex   -3.996593e+01 -2.424118e+01 -9.986939e+00
      vertex   -3.986603e+01 -2.400000e+01 -6.386940e+00
      vertex   -3.996593e+01 -2.424118e+01 -6.386940e+00
    endloop
  endfacet
  facet normal 9.914458e-01 -1.305190e-01 0.000000e+00
    outer loop
      vertex   -3.996593e+01 -2.424118e+01 -9.986939e+00
      vertex   -3.996593e+01 -2.424118e+01 -6.386940e+00
      vertex   -4.000000e+01 -2.450000e+01 -9.986939e+00
    endloop
  endfacet
  facet normal 9.914458e-01 -1.305190e-01 0.000000e+00
    outer loop
      vertex   -4.000000e+01 -2.450000e+01 -9.986939e+00
      vertex   -3.996593e+01 -2.424118e+01 -6.386940e+00
      vertex   -4.000000e+01 -2.450000e+01 -6.386940e+00
    endloop
  endfacet
  facet normal 9.914458e-01 1.305190e-01 -0.000000e+00
    outer loop
      vertex   -4.000000e+01 -2.450000e+01 -9.986939e+00
      vertex   -4.000000e+01 -2.450000e+01 -6.386940e+00
      vertex   -3.996593e+01 -2.475882e+01 -9.986939e+00
    endloop
  endfacet
  facet normal 9.914458e-01 1.305190e-01 -0.000000e+00
    outer loop
      vertex   -3.996593e+01 -2.475882e+01 -9.986939e+00
      vertex   -4.000000e+01 -2.450000e+01 -6.386940e+00
      vertex   -3.996593e+01 -2.475882e+01 -6.386940e+00
    endloop
  endfacet
  facet normal 9.238812e-01 3.826794e-01 0.000000e+00
    outer loop
      vertex   1.813397e+01 2.400000e+01 -6.386940e+00
      vertex   1.813397e+01 2.400000e+01 -1.158694e+01
      vertex   1.803408e+01 2.424118e+01 -6.386940e+00
    endloop
  endfacet
  facet normal 9.238812e-01 3.826794e-01 0.000000e+00
    outer loop
      vertex   1.803408e+01 2.424118e+01 -6.386940e+00
      vertex   1.813397e+01 2.400000e+01 -1.158694e+01
      vertex   1.803408e+01 2.424118e+01 -1.158694e+01
    endloop
  endfacet
  facet normal 7.933529e-01 6.087620e-01 0.000000e+00
    outer loop
      vertex   1.829289e+01 2.379289e+01 -6.386940e+00
      vertex   1.829289e+01 2.379289e+01 -1.158694e+01
      vertex   1.813397e+01 2.400000e+01 -6.386940e+00
    endloop
  endfacet
  facet normal 7.933529e-01 6.087620e-01 0.000000e+00
    outer loop
      vertex   1.813397e+01 2.400000e+01 -6.386940e+00
      vertex   1.829289e+01 2.379289e+01 -1.158694e+01
      vertex   1.813397e+01 2.400000e+01 -1.158694e+01
    endloop
  endfacet
  facet normal 6.087649e-01 7.933507e-01 0.000000e+00
    outer loop
      vertex   1.850000e+01 2.363397e+01 -6.386940e+00
      vertex   1.850000e+01 2.363397e+01 -1.158694e+01
      vertex   1.829289e+01 2.379289e+01 -6.386940e+00
    endloop
  endfacet
  facet normal 6.087649e-01 7.933507e-01 0.000000e+00
    outer loop
      vertex   1.829289e+01 2.379289e+01 -6.386940e+00
      vertex   1.850000e+01 2.363397e+01 -1.158694e+01
      vertex   1.829289e+01 2.379289e+01 -1.158694e+01
    endloop
  endfacet
  facet normal 3.826739e-01 9.238835e-01 0.000000e+00
    outer loop
      vertex   1.874118e+01 2.353408e+01 -6.386940e+00
      vertex   1.874118e+01 2.353408e+01 -1.158694e+01
      vertex   1.850000e+01 2.363397e+01 -6.386940e+00
    endloop
  endfacet
  facet normal 3.826739e-01 9.238835e-01 0.000000e+00
    outer loop
      vertex   1.850000e+01 2.363397e+01 -6.386940e+00
      vertex   1.874118e+01 2.353408e+01 -1.158694e+01
      vertex   1.850000e+01 2.363397e+01 -1.158694e+01
    endloop
  endfacet
  facet normal 1.305286e-01 9.914445e-01 0.000000e+00
    outer loop
      vertex   1.900000e+01 2.350000e+01 -6.386940e+00
      vertex   1.900000e+01 2.350000e+01 -1.158694e+01
      vertex   1.874118e+01 2.353408e+01 -6.386940e+00
    endloop
  endfacet
  facet normal 1.305286e-01 9.914445e-01 0.000000e+00
    outer loop
      vertex   1.874118e+01 2.353408e+01 -6.386940e+00
      vertex   1.900000e+01 2.350000e+01 -1.158694e+01
      vertex   1.874118e+01 2.353408e+01 -1.158694e+01
    endloop
  endfacet
  facet normal -1.305280e-01 9.914446e-01 0.000000e+00
    outer loop
      vertex   1.925882e+01 2.353408e+01 -6.386940e+00
      vertex   1.925882e+01 2.353408e+01 -1.158694e+01
      vertex   1.900000e+01 2.350000e+01 -6.386940e+00
    endloop
  endfacet
  facet normal -1.305280e-01 9.914446e-01 0.000000e+00
    outer loop
      vertex   1.900000e+01 2.350000e+01 -6.386940e+00
      vertex   1.925882e+01 2.353408e+01 -1.158694e+01
      vertex   1.900000e+01 2.350000e+01 -1.158694e+01
    endloop
  endfacet
  facet normal -3.826739e-01 9.238835e-01 0.000000e+00
    outer loop
      vertex   1.950000e+01 2.363397e+01 -6.386940e+00
      vertex   1.950000e+01 2.363397e+01 -1.158694e+01
      vertex   1.925882e+01 2.353408e+01 -6.386940e+00
    endloop
  endfacet
  facet normal -3.826739e-01 9.238835e-01 0.000000e+00
    outer loop
      vertex   1.925882e+01 2.353408e+01 -6.386940e+00
      vertex   1.950000e+01 2.363397e+01 -1.158694e+01
      vertex   1.925882e+01 2.353408e+01 -1.158694e+01
    endloop
  endfacet
  facet normal -6.087649e-01 7.933507e-01 0.000000e+00
    outer loop
      vertex   1.970711e+01 2.379289e+01 -6.386940e+00
      vertex   1.970711e+01 2.379289e+01 -1.158694e+01
      vertex   1.950000e+01 2.363397e+01 -6.386940e+00
    endloop
  endfacet
  facet normal -6.087649e-01 7.933507e-01 0.000000e+00
    outer loop
      vertex   1.950000e+01 2.363397e+01 -6.386940e+00
      vertex   1.970711e+01 2.379289e+01 -1.158694e+01
      vertex   1.950000e+01 2.363397e+01 -1.158694e+01
    endloop
  endfacet
  facet normal -7.933529e-01 6.087620e-01 0.000000e+00
    outer loop
      vertex   1.986603e+01 2.400000e+01 -6.386940e+00
      vertex   1.986603e+01 2.400000e+01 -1.158694e+01
      vertex   1.970711e+01 2.379289e+01 -6.386940e+00
    endloop
  endfacet
  facet normal -7.933529e-01 6.087620e-01 0.000000e+00
    outer loop
      vertex   1.970711e+01 2.379289e+01 -6.386940e+00
      vertex   1.986603e+01 2.400000e+01 -1.158694e+01
      vertex   1.970711e+01 2.379289e+01 -1.158694e+01
    endloop
  endfacet
  facet normal -9.238812e-01 3.826794e-01 0.000000e+00
    outer loop
      vertex   1.996593e+01 2.424118e+01 -6.386940e+00
      vertex   1.996593e+01 2.424118e+01 -1.158694e+01
      vertex   1.986603e+01 2.400000e+01 -6.386940e+00
    endloop
  endfacet
  facet normal -9.238812e-01 3.826794e-01 0.000000e+00
    outer loop
      vertex   1.986603e+01 2.400000e+01 -6.386940e+00
      vertex   1.996593e+01 2.424118e+01 -1.158694e+01
      vertex   1.986603e+01 2.400000e+01 -1.158694e+01
    endloop
  endfacet
  facet normal -9.914446e-01 1.305280e-01 0.000000e+00
    outer loop
      vertex   2.000000e+01 2.450000e+01 -6.386940e+00
      vertex   2.000000e+01 2.450000e+01 -1.158694e+01
      vertex   1.996593e+01 2.424118e+01 -6.386940e+00
    endloop
  endfacet
  facet normal -9.914446e-01 1.305280e-01 0.000000e+00
    outer loop
      vertex   1.996593e+01 2.424118e+01 -6.386940e+00
      vertex   2.000000e+01 2.450000e+01 -1.158694e+01
      vertex   1.996593e+01 2.424118e+01 -1.158694e+01
    endloop
  endfacet
  facet normal -9.914446e-01 -1.305280e-01 -0.000000e+00
    outer loop
      vertex   1.996593e+01 2.475882e+01 -6.386940e+00
      vertex   1.996593e+01 2.475882e+01 -1.158694e+01
      vertex   2.000000e+01 2.450000e+01 -6.386940e+00
    endloop
  endfacet
  facet normal -9.914446e-01 -1.305280e-01 -0.000000e+00
    outer loop
      vertex   2.000000e+01 2.450000e+01 -6.386940e+00
      vertex   1.996593e+01 2.475882e+01 -1.158694e+01
      vertex   2.000000e+01 2.450000e+01 -1.158694e+01
    endloop
  endfacet
  facet normal -9.238812e-01 -3.826794e-01 -0.000000e+00
    outer loop
      vertex   1.986603e+01 2.500000e+01 -6.386940e+00
      vertex   1.986603e+01 2.500000e+01 -1.158694e+01
      vertex   1.996593e+01 2.475882e+01 -6.386940e+00
    endloop
  endfacet
  facet normal -9.238812e-01 -3.826794e-01 -0.000000e+00
    outer loop
      vertex   1.996593e+01 2.475882e+01 -6.386940e+00
      vertex   1.986603e+01 2.500000e+01 -1.158694e+01
      vertex   1.996593e+01 2.475882e+01 -1.158694e+01
    endloop
  endfacet
  facet normal -7.933529e-01 -6.087620e-01 -0.000000e+00
    outer loop
      vertex   1.970711e+01 2.520711e+01 -6.386940e+00
      vertex   1.970711e+01 2.520711e+01 -1.158694e+01
      vertex   1.986603e+01 2.500000e+01 -6.386940e+00
    endloop
  endfacet
  facet normal -7.933529e-01 -6.087620e-01 -0.000000e+00
    outer loop
      vertex   1.986603e+01 2.500000e+01 -6.386940e+00
      vertex   1.970711e+01 2.520711e+01 -1.158694e+01
      vertex   1.986603e+01 2.500000e+01 -1.158694e+01
    endloop
  endfacet
  facet normal -6.087649e-01 -7.933507e-01 -0.000000e+00
    outer loop
      vertex   1.950000e+01 2.536603e+01 -6.386940e+00
      vertex   1.950000e+01 2.536603e+01 -1.158694e+01
      vertex   1.970711e+01 2.520711e+01 -6.386940e+00
    endloop
  endfacet
  facet normal -6.087649e-01 -7.933507e-01 -0.000000e+00
    outer loop
      vertex   1.970711e+01 2.520711e+01 -6.386940e+00
      vertex   1.950000e+01 2.536603e+01 -1.158694e+01
      vertex   1.970711e+01 2.520711e+01 -1.158694e+01
    endloop
  endfacet
  facet normal -3.826739e-01 -9.238835e-01 -0.000000e+00
    outer loop
      vertex   1.925882e+01 2.546592e+01 -6.386940e+00
      vertex   1.925882e+01 2.546592e+01 -1.158694e+01
      vertex   1.950000e+01 2.536603e+01 -6.386940e+00
    endloop
  endfacet
  facet normal -3.826739e-01 -9.238835e-01 -0.000000e+00
    outer loop
      vertex   1.950000e+01 2.536603e+01 -6.386940e+00
      vertex   1.925882e+01 2.546592e+01 -1.158694e+01
      vertex   1.950000e+01 2.536603e+01 -1.158694e+01
    endloop
  endfacet
  facet normal -1.305280e-01 -9.914446e-01 -0.000000e+00
    outer loop
      vertex   1.900000e+01 2.550000e+01 -6.386940e+00
      vertex   1.900000e+01 2.550000e+01 -1.158694e+01
      vertex   1.925882e+01 2.546592e+01 -6.386940e+00
    endloop
  endfacet
  facet normal -1.305280e-01 -9.914446e-01 -0.000000e+00
    outer loop
      vertex   1.925882e+01 2.546592e+01 -6.386940e+00
      vertex   1.900000e+01 2.550000e+01 -1.158694e+01
      vertex   1.925882e+01 2.546592e+01 -1.158694e+01
    endloop
  endfacet
  facet normal 1.305286e-01 -9.914445e-01 0.000000e+00
    outer loop
      vertex   1.874118e+01 2.546592e+01 -6.386940e+00
      vertex   1.874118e+01 2.546592e+01 -1.158694e+01
      vertex   1.900000e+01 2.550000e+01 -6.386940e+00
    endloop
  endfacet
  facet normal 1.305286e-01 -9.914445e-01 0.000000e+00
    outer loop
      vertex   1.900000e+01 2.550000e+01 -6.386940e+00
      vertex   1.874118e+01 2.546592e+01 -1.158694e+01
      vertex   1.900000e+01 2.550000e+01 -1.158694e+01
    endloop
  endfacet
  facet normal 3.826739e-01 -9.238835e-01 0.000000e+00
    outer loop
      vertex   1.850000e+01 2.536603e+01 -6.386940e+00
      vertex   1.850000e+01 2.536603e+01 -1.158694e+01
      vertex   1.874118e+01 2.546592e+01 -6.386940e+00
    endloop
  endfacet
  facet normal 3.826739e-01 -9.238835e-01 0.000000e+00
    outer loop
      vertex   1.874118e+01 2.546592e+01 -6.386940e+00
      vertex   1.850000e+01 2.536603e+01 -1.158694e+01
      vertex   1.874118e+01 2.546592e+01 -1.158694e+01
    endloop
  endfacet
  facet normal 6.087649e-01 -7.933507e-01 0.000000e+00
    outer loop
      vertex   1.829289e+01 2.520711e+01 -6.386940e+00
      vertex   1.829289e+01 2.520711e+01 -1.158694e+01
      vertex   1.850000e+01 2.536603e+01 -6.386940e+00
    endloop
  endfacet
  facet normal 6.087649e-01 -7.933507e-01 0.000000e+00
    outer loop
      vertex   1.850000e+01 2.536603e+01 -6.386940e+00
      vertex   1.829289e+01 2.520711e+01 -1.158694e+01
      vertex   1.850000e+01 2.536603e+01 -1.158694e+01
    endloop
  endfacet
  facet normal 7.933529e-01 -6.087620e-01 0.000000e+00
    outer loop
      vertex   1.813397e+01 2.500000e+01 -6.386940e+00
      vertex   1.813397e+01 2.500000e+01 -1.158694e+01
      vertex   1.829289e+01 2.520711e+01 -6.386940e+00
    endloop
  endfacet
  facet normal 7.933529e-01 -6.087620e-01 0.000000e+00
    outer loop
      vertex   1.829289e+01 2.520711e+01 -6.386940e+00
      vertex   1.813397e+01 2.500000e+01 -1.158694e+01
      vertex   1.829289e+01 2.520711e+01 -1.158694e+01
    endloop
  endfacet
  facet normal 9.238812e-01 -3.826794e-01 0.000000e+00
    outer loop
      vertex   1.803408e+01 2.475882e+01 -6.386940e+00
      vertex   1.803408e+01 2.475882e+01 -1.158694e+01
      vertex   1.813397e+01 2.500000e+01 -6.386940e+00
    endloop
  endfacet
  facet normal 9.238812e-01 -3.826794e-01 0.000000e+00
    outer loop
      vertex   1.813397e+01 2.500000e+01 -6.386940e+00
      vertex   1.803408e+01 2.475882e+01 -1.158694e+01
      vertex   1.813397e+01 2.500000e+01 -1.158694e+01
    endloop
  endfacet
  facet normal 9.914446e-01 -1.305280e-01 0.000000e+00
    outer loop
      vertex   1.800000e+01 2.450000e+01 -6.386940e+00
      vertex   1.800000e+01 2.450000e+01 -1.158694e+01
      vertex   1.803408e+01 2.475882e+01 -6.386940e+00
    endloop
  endfacet
  facet normal 9.914446e-01 -1.305280e-01 0.000000e+00
    outer loop
      vertex   1.803408e+01 2.475882e+01 -6.386940e+00
      vertex   1.800000e+01 2.450000e+01 -1.158694e+01
      vertex   1.803408e+01 2.475882e+01 -1.158694e+01
    endloop
  endfacet
  facet normal 9.914446e-01 1.305280e-01 0.000000e+00
    outer loop
      vertex   1.803408e+01 2.424118e+01 -6.386940e+00
      vertex   1.803408e+01 2.424118e+01 -1.158694e+01
      vertex   1.800000e+01 2.450000e+01 -6.386940e+00
    endloop
  endfacet
  facet normal 9.914446e-01 1.305280e-01 0.000000e+00
    outer loop
      vertex   1.800000e+01 2.450000e+01 -6.386940e+00
      vertex   1.803408e+01 2.424118e+01 -1.158694e+01
      vertex   1.800000e+01 2.450000e+01 -1.158694e+01
    endloop
  endfacet
  facet normal 1.000000e+00 -0.000000e+00 0.000000e+00
    outer loop
      vertex   4.700000e+01 -2.500000e+01 1.548306e+01
      vertex   4.700000e+01 6.000000e+00 1.166306e+01
      vertex   4.700000e+01 2.500000e+01 1.548306e+01
    endloop
  endfacet
  facet normal 1.000000e+00 0.000000e+00 0.000000e+00
    outer loop
      vertex   4.700000e+01 2.500000e+01 1.548306e+01
      vertex   4.700000e+01 6.000000e+00 1.166306e+01
      vertex   4.700000e+01 6.258819e+00 1.162899e+01
    endloop
  endfacet
  facet normal 1.000000e+00 0.000000e+00 0.000000e+00
    outer loop
      vertex   4.700000e+01 2.500000e+01 1.548306e+01
      vertex   4.700000e+01 6.258819e+00 1.162899e+01
      vertex   4.700000e+01 6.500000e+00 1.152909e+01
    endloop
  endfacet
  facet normal 1.000000e+00 0.000000e+00 0.000000e+00
    outer loop
      vertex   4.700000e+01 -2.500000e+01 1.166306e+01
      vertex   4.700000e+01 -1.200000e+01 1.166306e+01
      vertex   4.700000e+01 -2.500000e+01 1.548306e+01
    endloop
  endfacet
  facet normal 1.000000e+00 0.000000e+00 0.000000e+00
    outer loop
      vertex   4.700000e+01 -2.500000e+01 1.548306e+01
      vertex   4.700000e+01 -1.200000e+01 1.166306e+01
      vertex   4.700000e+01 -8.200000e+00 1.166306e+01
    endloop
  endfacet
  facet normal 1.000000e+00 0.000000e+00 0.000000e+00
    outer loop
      vertex   4.700000e+01 -2.500000e+01 1.548306e+01
      vertex   4.700000e+01 -8.200000e+00 1.166306e+01
      vertex   4.700000e+01 6.000000e+00 1.166306e+01
    endloop
  endfacet
  facet normal 1.000000e+00 0.000000e+00 0.000000e+00
    outer loop
      vertex   4.700000e+01 -8.200000e+00 1.166306e+01
      vertex   4.700000e+01 -1.200000e+01 1.166306e+01
      vertex   4.700000e+01 -8.458819e+00 1.162899e+01
    endloop
  endfacet
  facet normal 1.000000e+00 0.000000e+00 0.000000e+00
    outer loop
      vertex   4.700000e+01 -8.458819e+00 1.162899e+01
      vertex   4.700000e+01 -1.200000e+01 1.166306e+01
      vertex   4.700000e+01 -1.174118e+01 1.162899e+01
    endloop
  endfacet
  facet normal 1.000000e+00 0.000000e+00 0.000000e+00
    outer loop
      vertex   4.700000e+01 -8.458819e+00 1.162899e+01
      vertex   4.700000e+01 -1.174118e+01 1.162899e+01
      vertex   4.700000e+01 -1.150000e+01 1.152909e+01
    endloop
  endfacet
  facet normal 1.000000e+00 0.000000e+00 -0.000000e+00
    outer loop
      vertex   4.700000e+01 -1.129289e+01 1.137017e+01
      vertex   4.700000e+01 -8.907107e+00 1.137017e+01
      vertex   4.700000e+01 -1.150000e+01 1.152909e+01
    endloop
  endfacet
  facet normal 1.000000e+00 -0.000000e+00 0.000000e+00
    outer loop
      vertex   4.700000e+01 -1.150000e+01 1.152909e+01
      vertex   4.700000e+01 -8.907107e+00 1.137017e+01
      vertex   4.700000e+01 -8.700000e+00 1.152909e+01
    endloop
  endfacet
  facet normal 1.000000e+00 0.000000e+00 0.000000e+00
    outer loop
      vertex   4.700000e+01 -1.150000e+01 1.152909e+01
      vertex   4.700000e+01 -8.700000e+00 1.152909e+01
      vertex   4.700000e+01 -8.458819e+00 1.162899e+01
    endloop
  endfacet
  facet normal 1.000000e+00 0.000000e+00 0.000000e+00
    outer loop
      vertex   4.700000e+01 -8.907107e+00 1.137017e+01
      vertex   4.700000e+01 -1.129289e+01 1.137017e+01
      vertex   4.700000e+01 -9.066026e+00 1.116306e+01
    endloop
  endfacet
  facet normal 1.000000e+00 0.000000e+00 0.000000e+00
    outer loop
      vertex   4.700000e+01 -9.066026e+00 1.116306e+01
      vertex   4.700000e+01 -1.129289e+01 1.137017e+01
      vertex   4.700000e+01 -1.113397e+01 1.116306e+01
    endloop
  endfacet
  facet normal 1.000000e+00 0.000000e+00 0.000000e+00
    outer loop
      vertex   4.700000e+01 -9.066026e+00 1.116306e+01
      vertex   4.700000e+01 -1.113397e+01 1.116306e+01
      vertex   4.700000e+01 -9.165926e+00 1.092188e+01
    endloop
  endfacet
  facet normal 1.000000e+00 0.000000e+00 0.000000e+00
    outer loop
      vertex   4.700000e+01 -9.165926e+00 1.092188e+01
      vertex   4.700000e+01 -1.113397e+01 1.116306e+01
      vertex   4.700000e+01 -1.103408e+01 1.092188e+01
    endloop
  endfacet
  facet normal 1.000000e+00 0.000000e+00 0.000000e+00
    outer loop
      vertex   4.700000e+01 -9.165926e+00 1.092188e+01
      vertex   4.700000e+01 -1.103408e+01 1.092188e+01
      vertex   4.700000e+01 -1.100000e+01 1.066306e+01
    endloop
  endfacet
  facet normal 1.000000e+00 0.000000e+00 0.000000e+00
    outer loop
      vertex   4.700000e+01 -9.165926e+00 1.092188e+01
      vertex   4.700000e+01 -1.100000e+01 1.066306e+01
      vertex   4.700000e+01 -9.200000e+00 1.066306e+01
    endloop
  endfacet
  facet normal 1.000000e+00 0.000000e+00 0.000000e+00
    outer loop
      vertex   4.700000e+01 -9.200000e+00 1.066306e+01
      vertex   4.700000e+01 -1.100000e+01 1.066306e+01
      vertex   4.700000e+01 -1.100000e+01 -4.336939e+00
    endloop
  endfacet
  facet normal 1.000000e+00 0.000000e+00 0.000000e+00
    outer loop
      vertex   4.700000e+01 -9.200000e+00 1.066306e+01
      vertex   4.700000e+01 -1.100000e+01 -4.336939e+00
      vertex   4.700000e+01 -9.200000e+00 -4.336939e+00
    endloop
  endfacet
  facet normal 1.000000e+00 0.000000e+00 0.000000e+00
    outer loop
      vertex   4.700000e+01 -9.200000e+00 -4.336939e+00
      vertex   4.700000e+01 -1.100000e+01 -4.336939e+00
      vertex   4.700000e+01 -9.165926e+00 -4.595759e+00
    endloop
  endfacet
  facet normal 1.000000e+00 0.000000e+00 0.000000e+00
    outer loop
      vertex   4.700000e+01 -9.165926e+00 -4.595759e+00
      vertex   4.700000e+01 -1.100000e+01 -4.336939e+00
      vertex   4.700000e+01 -1.103408e+01 -4.595759e+00
    endloop
  endfacet
  facet normal 1.000000e+00 0.000000e+00 0.000000e+00
    outer loop
      vertex   4.700000e+01 -9.165926e+00 -4.595759e+00
      vertex   4.700000e+01 -1.103408e+01 -4.595759e+00
      vertex   4.700000e+01 -1.113397e+01 -4.836939e+00
    endloop
  endfacet
  facet normal 1.000000e+00 0.000000e+00 0.000000e+00
    outer loop
      vertex   4.700000e+01 -9.165926e+00 -4.595759e+00
      vertex   4.700000e+01 -1.113397e+01 -4.836939e+00
      vertex   4.700000e+01 -9.066026e+00 -4.836939e+00
    endloop
  endfacet
  facet normal 1.000000e+00 0.000000e+00 0.000000e+00
    outer loop
      vertex   4.700000e+01 -9.066026e+00 -4.836939e+00
      vertex   4.700000e+01 -1.113397e+01 -4.836939e+00
      vertex   4.700000e+01 -1.129289e+01 -5.044046e+00
    endloop
  endfacet
  facet normal 1.000000e+00 0.000000e+00 0.000000e+00
    outer loop
      vertex   4.700000e+01 -9.066026e+00 -4.836939e+00
      vertex   4.700000e+01 -1.129289e+01 -5.044046e+00
      vertex   4.700000e+01 -8.907107e+00 -5.044046e+00
    endloop
  endfacet
  facet normal 1.000000e+00 0.000000e+00 0.000000e+00
    outer loop
      vertex   4.700000e+01 -8.907107e+00 -5.044046e+00
      vertex   4.700000e+01 -1.129289e+01 -5.044046e+00
      vertex   4.700000e+01 -1.150000e+01 -5.202964e+00
    endloop
  endfacet
  facet normal 1.000000e+00 0.000000e+00 0.000000e+00
    outer loop
      vertex   4.700000e+01 -8.907107e+00 -5.044046e+00
      vertex   4.700000e+01 -1.150000e+01 -5.202964e+00
      vertex   4.700000e+01 -8.700000e+00 -5.202964e+00
    endloop
  endfacet
  facet normal 1.000000e+00 0.000000e+00 0.000000e+00
    outer loop
      vertex   4.700000e+01 -8.700000e+00 -5.202964e+00
      vertex   4.700000e+01 -1.150000e+01 -5.202964e+00
      vertex   4.700000e+01 -8.458819e+00 -5.302865e+00
    endloop
  endfacet
  facet normal 1.000000e+00 0.000000e+00 0.000000e+00
    outer loop
      vertex   4.700000e+01 -8.458819e+00 -5.302865e+00
      vertex   4.700000e+01 -1.150000e+01 -5.202964e+00
      vertex   4.700000e+01 -1.174118e+01 -5.302865e+00
    endloop
  endfacet
  facet normal 1.000000e+00 0.000000e+00 0.000000e+00
    outer loop
      vertex   4.700000e+01 -8.458819e+00 -5.302865e+00
      vertex   4.700000e+01 -1.174118e+01 -5.302865e+00
      vertex   4.700000e+01 -1.200000e+01 -5.336940e+00
    endloop
  endfacet
  facet normal 1.000000e+00 -0.000000e+00 0.000000e+00
    outer loop
      vertex   4.700000e+01 -2.500000e+01 -5.336940e+00
      vertex   4.700000e+01 -2.500000e+01 -9.986939e+00
      vertex   4.700000e+01 -1.200000e+01 -5.336940e+00
    endloop
  endfacet
  facet normal 1.000000e+00 -0.000000e+00 0.000000e+00
    outer loop
      vertex   4.700000e+01 -1.200000e+01 -5.336940e+00
      vertex   4.700000e+01 -2.500000e+01 -9.986939e+00
      vertex   4.700000e+01 -8.200000e+00 -5.336940e+00
    endloop
  endfacet
  facet normal 1.000000e+00 0.000000e+00 0.000000e+00
    outer loop
      vertex   4.700000e+01 -1.200000e+01 -5.336940e+00
      vertex   4.700000e+01 -8.200000e+00 -5.336940e+00
      vertex   4.700000e+01 -8.458819e+00 -5.302865e+00
    endloop
  endfacet
  facet normal 1.000000e+00 -0.000000e+00 0.000000e+00
    outer loop
      vertex   4.700000e+01 -8.200000e+00 -5.336940e+00
      vertex   4.700000e+01 -2.500000e+01 -9.986939e+00
      vertex   4.700000e+01 6.000000e+00 -5.336940e+00
    endloop
  endfacet
  facet normal 1.000000e+00 0.000000e+00 0.000000e+00
    outer loop
      vertex   4.700000e+01 6.000000e+00 -5.336940e+00
      vertex   4.700000e+01 -2.500000e+01 -9.986939e+00
      vertex   4.700000e+01 2.500000e+01 -9.986939e+00
    endloop
  endfacet
  facet normal 1.000000e+00 0.000000e+00 0.000000e+00
    outer loop
      vertex   4.700000e+01 6.000000e+00 -5.336940e+00
      vertex   4.700000e+01 2.500000e+01 -9.986939e+00
      vertex   4.700000e+01 1.002500e+01 -5.536939e+00
    endloop
  endfacet
  facet normal 1.000000e+00 -0.000000e+00 0.000000e+00
    outer loop
      vertex   4.700000e+01 1.002500e+01 -5.536939e+00
      vertex   4.700000e+01 2.500000e+01 -9.986939e+00
      vertex   4.700000e+01 2.500000e+01 -5.536939e+00
    endloop
  endfacet
  facet normal 1.000000e+00 0.000000e+00 0.000000e+00
    outer loop
      vertex   4.700000e+01 1.002500e+01 -5.536939e+00
      vertex   4.700000e+01 9.766181e+00 -5.502865e+00
      vertex   4.700000e+01 6.000000e+00 -5.336940e+00
    endloop
  endfacet
  facet normal 1.000000e+00 -0.000000e+00 0.000000e+00
    outer loop
      vertex   4.700000e+01 6.000000e+00 -5.336940e+00
      vertex   4.700000e+01 9.766181e+00 -5.502865e+00
      vertex   4.700000e+01 6.258819e+00 -5.302865e+00
    endloop
  endfacet
  facet normal 1.000000e+00 0.000000e+00 0.000000e+00
    outer loop
      vertex   4.700000e+01 6.258819e+00 -5.302865e+00
      vertex   4.700000e+01 9.766181e+00 -5.502865e+00
      vertex   4.700000e+01 9.525000e+00 -5.402965e+00
    endloop
  endfacet
  facet normal 1.000000e+00 -0.000000e+00 0.000000e+00
    outer loop
      vertex   4.700000e+01 6.258819e+00 -5.302865e+00
      vertex   4.700000e+01 9.525000e+00 -5.402965e+00
      vertex   4.700000e+01 6.500000e+00 -5.202964e+00
    endloop
  endfacet
  facet normal 1.000000e+00 0.000000e+00 0.000000e+00
    outer loop
      vertex   4.700000e+01 6.500000e+00 -5.202964e+00
      vertex   4.700000e+01 9.525000e+00 -5.402965e+00
      vertex   4.700000e+01 9.317894e+00 -5.244046e+00
    endloop
  endfacet
  facet normal 1.000000e+00 -0.000000e+00 0.000000e+00
    outer loop
      vertex   4.700000e+01 6.500000e+00 -5.202964e+00
      vertex   4.700000e+01 9.317894e+00 -5.244046e+00
      vertex   4.700000e+01 6.707107e+00 -5.044046e+00
    endloop
  endfacet
  facet normal 1.000000e+00 -0.000000e+00 0.000000e+00
    outer loop
      vertex   4.700000e+01 6.707107e+00 -5.044046e+00
      vertex   4.700000e+01 9.317894e+00 -5.244046e+00
      vertex   4.700000e+01 9.158975e+00 -5.036939e+00
    endloop
  endfacet
  facet normal 1.000000e+00 0.000000e+00 0.000000e+00
    outer loop
      vertex   4.700000e+01 6.707107e+00 -5.044046e+00
      vertex   4.700000e+01 9.158975e+00 -5.036939e+00
      vertex   4.700000e+01 6.866025e+00 -4.836939e+00
    endloop
  endfacet
  facet normal 1.000000e+00 -0.000000e+00 0.000000e+00
    outer loop
      vertex   4.700000e+01 6.866025e+00 -4.836939e+00
      vertex   4.700000e+01 9.158975e+00 -5.036939e+00
      vertex   4.700000e+01 9.059075e+00 -4.795759e+00
    endloop
  endfacet
  facet normal 1.000000e+00 0.000000e+00 0.000000e+00
    outer loop
      vertex   4.700000e+01 6.866025e+00 -4.836939e+00
      vertex   4.700000e+01 9.059075e+00 -4.795759e+00
      vertex   4.700000e+01 6.965925e+00 -4.595759e+00
    endloop
  endfacet
  facet normal 1.000000e+00 -0.000000e+00 0.000000e+00
    outer loop
      vertex   4.700000e+01 6.965925e+00 -4.595759e+00
      vertex   4.700000e+01 9.059075e+00 -4.795759e+00
      vertex   4.700000e+01 9.025001e+00 -4.536939e+00
    endloop
  endfacet
  facet normal 1.000000e+00 0.000000e+00 0.000000e+00
    outer loop
      vertex   4.700000e+01 6.965925e+00 -4.595759e+00
      vertex   4.700000e+01 9.025001e+00 -4.536939e+00
      vertex   4.700000e+01 7.000000e+00 -4.336939e+00
    endloop
  endfacet
  facet normal 1.000000e+00 -0.000000e+00 0.000000e+00
    outer loop
      vertex   4.700000e+01 7.000000e+00 -4.336939e+00
      vertex   4.700000e+01 9.025001e+00 -4.536939e+00
      vertex   4.700000e+01 9.025001e+00 8.363062e+00
    endloop
  endfacet
  facet normal 1.000000e+00 0.000000e+00 0.000000e+00
    outer loop
      vertex   4.700000e+01 7.000000e+00 -4.336939e+00
      vertex   4.700000e+01 9.025001e+00 8.363062e+00
      vertex   4.700000e+01 7.000000e+00 1.066306e+01
    endloop
  endfacet
  facet normal 1.000000e+00 0.000000e+00 0.000000e+00
    outer loop
      vertex   4.700000e+01 7.000000e+00 1.066306e+01
      vertex   4.700000e+01 9.025001e+00 8.363062e+00
      vertex   4.700000e+01 9.059075e+00 8.621879e+00
    endloop
  endfacet
  facet normal 1.000000e+00 0.000000e+00 0.000000e+00
    outer loop
      vertex   4.700000e+01 7.000000e+00 1.066306e+01
      vertex   4.700000e+01 9.059075e+00 8.621879e+00
      vertex   4.700000e+01 9.158975e+00 8.863061e+00
    endloop
  endfacet
  facet normal 1.000000e+00 0.000000e+00 -0.000000e+00
    outer loop
      vertex   4.700000e+01 9.158975e+00 8.863061e+00
      vertex   4.700000e+01 9.317894e+00 9.070168e+00
      vertex   4.700000e+01 7.000000e+00 1.066306e+01
    endloop
  endfacet
  facet normal 1.000000e+00 0.000000e+00 0.000000e+00
    outer loop
      vertex   4.700000e+01 7.000000e+00 1.066306e+01
      vertex   4.700000e+01 9.317894e+00 9.070168e+00
      vertex   4.700000e+01 9.525000e+00 9.229086e+00
    endloop
  endfacet
  facet normal 1.000000e+00 0.000000e+00 0.000000e+00
    outer loop
      vertex   4.700000e+01 7.000000e+00 1.066306e+01
      vertex   4.700000e+01 9.525000e+00 9.229086e+00
      vertex   4.700000e+01 9.766181e+00 9.328986e+00
    endloop
  endfacet
  facet normal 1.000000e+00 0.000000e+00 -0.000000e+00
    outer loop
      vertex   4.700000e+01 9.766181e+00 9.328986e+00
      vertex   4.700000e+01 1.002500e+01 9.363061e+00
      vertex   4.700000e+01 7.000000e+00 1.066306e+01
    endloop
  endfacet
  facet normal 1.000000e+00 -0.000000e+00 -0.000000e+00
    outer loop
      vertex   4.700000e+01 7.000000e+00 1.066306e+01
      vertex   4.700000e+01 1.002500e+01 9.363061e+00
      vertex   4.700000e+01 6.965925e+00 1.092188e+01
    endloop
  endfacet
  facet normal 1.000000e+00 -0.000000e+00 -0.000000e+00
    outer loop
      vertex   4.700000e+01 6.965925e+00 1.092188e+01
      vertex   4.700000e+01 1.002500e+01 9.363061e+00
      vertex   4.700000e+01 6.866025e+00 1.116306e+01
    endloop
  endfacet
  facet normal 1.000000e+00 -0.000000e+00 -0.000000e+00
    outer loop
      vertex   4.700000e+01 6.866025e+00 1.116306e+01
      vertex   4.700000e+01 1.002500e+01 9.363061e+00
      vertex   4.700000e+01 6.707107e+00 1.137017e+01
    endloop
  endfacet
  facet normal 1.000000e+00 -0.000000e+00 0.000000e+00
    outer loop
      vertex   4.700000e+01 6.707107e+00 1.137017e+01
      vertex   4.700000e+01 1.002500e+01 9.363061e+00
      vertex   4.700000e+01 2.500000e+01 1.548306e+01
    endloop
  endfacet
  facet normal 1.000000e+00 0.000000e+00 -0.000000e+00
    outer loop
      vertex   4.700000e+01 6.707107e+00 1.137017e+01
      vertex   4.700000e+01 2.500000e+01 1.548306e+01
      vertex   4.700000e+01 6.500000e+00 1.152909e+01
    endloop
  endfacet
  facet normal 1.000000e+00 0.000000e+00 0.000000e+00
    outer loop
      vertex   4.700000e+01 1.002500e+01 9.363061e+00
      vertex   4.700000e+01 2.500000e+01 9.363061e+00
      vertex   4.700000e+01 2.500000e+01 1.548306e+01
    endloop
  endfacet
  facet normal 9.999318e-01 1.167982e-02 0.000000e+00
    outer loop
      vertex   4.700000e+01 2.500000e+01 1.548306e+01
      vertex   4.700000e+01 2.500000e+01 9.363061e+00
      vertex   4.699973e+01 2.502310e+01 1.548306e+01
    endloop
  endfacet
  facet normal 9.999318e-01 1.167982e-02 -2.660889e-16
    outer loop
      vertex   4.699973e+01 2.502310e+01 1.548306e+01
      vertex   4.700000e+01 2.500000e+01 9.363061e+00
      vertex   4.699796e+01 2.517513e+01 9.363061e+00
    endloop
  endfacet
  facet normal 9.993857e-01 3.504085e-02 5.804741e-04
    outer loop
      vertex   4.699973e+01 2.502310e+01 1.548306e+01
      vertex   4.699796e+01 2.517513e+01 9.363061e+00
      vertex   4.699892e+01 2.504619e+01 1.548306e+01
    endloop
  endfacet
  facet normal 9.993857e-01 3.504085e-02 5.804741e-04
    outer loop
      vertex   4.699892e+01 2.504619e+01 1.548306e+01
      vertex   4.699796e+01 2.517513e+01 9.363061e+00
      vertex   4.699182e+01 2.535016e+01 9.363061e+00
    endloop
  endfacet
  facet normal 9.982949e-01 5.834527e-02 1.739220e-03
    outer loop
      vertex   4.699758e+01 2.506926e+01 1.548306e+01
      vertex   4.699892e+01 2.504619e+01 1.548306e+01
      vertex   4.698892e+01 2.531634e+01 1.216507e+01
    endloop
  endfacet
  facet normal 9.982949e-01 5.834527e-02 1.739220e-03
    outer loop
      vertex   4.698892e+01 2.531634e+01 1.216507e+01
      vertex   4.699892e+01 2.504619e+01 1.548306e+01
      vertex   4.699211e+01 2.531634e+01 1.033252e+01
    endloop
  endfacet
  facet normal 9.982949e-01 5.834527e-02 1.739220e-03
    outer loop
      vertex   4.699211e+01 2.531634e+01 1.033252e+01
      vertex   4.699892e+01 2.504619e+01 1.548306e+01
      vertex   4.699182e+01 2.535016e+01 9.363061e+00
    endloop
  endfacet
  facet normal 9.982949e-01 5.834527e-02 1.739220e-03
    outer loop
      vertex   4.699211e+01 2.531634e+01 1.033252e+01
      vertex   4.699182e+01 2.535016e+01 9.363061e+00
      vertex   4.698413e+01 2.545281e+01 1.033250e+01
    endloop
  endfacet
  facet normal 9.982949e-01 5.834527e-02 1.739220e-03
    outer loop
      vertex   4.698413e+01 2.545281e+01 1.033250e+01
      vertex   4.699182e+01 2.535016e+01 9.363061e+00
      vertex   4.698160e+01 2.552500e+01 9.363061e+00
    endloop
  endfacet
  facet normal 9.978564e-01 6.540261e-02 2.265912e-03
    outer loop
      vertex   4.698138e+01 2.531634e+01 1.548306e+01
      vertex   4.699758e+01 2.506926e+01 1.548306e+01
      vertex   4.698892e+01 2.531634e+01 1.216507e+01
    endloop
  endfacet
  facet normal 0.000000e+00 -1.000000e+00 0.000000e+00
    outer loop
      vertex   4.700594e+01 2.531634e+01 1.641306e+01
      vertex   4.700594e+01 2.531634e+01 1.548306e+01
      vertex   4.701887e+01 2.531634e+01 1.641306e+01
    endloop
  endfacet
  facet normal 5.857395e-14 -1.000000e+00 -8.148032e-16
    outer loop
      vertex   4.701887e+01 2.531634e+01 1.641306e+01
      vertex   4.700594e+01 2.531634e+01 1.548306e+01
      vertex   4.701887e+01 2.531634e+01 -1.027783e+00
    endloop
  endfacet
  facet normal -5.787227e-13 -1.000000e+00 -1.314151e-15
    outer loop
      vertex   4.701887e+01 2.531634e+01 -1.027783e+00
      vertex   4.700594e+01 2.531634e+01 1.548306e+01
      vertex   4.699308e+01 2.531634e+01 1.033252e+01
    endloop
  endfacet
  facet normal 1.047826e-12 -1.000000e+00 -5.375300e-15
    outer loop
      vertex   4.699308e+01 2.531634e+01 1.033252e+01
      vertex   4.700594e+01 2.531634e+01 1.548306e+01
      vertex   4.698892e+01 2.531634e+01 1.216507e+01
    endloop
  endfacet
  facet normal 1.467055e-11 -1.000000e+00 2.555890e-14
    outer loop
      vertex   4.699308e+01 2.531634e+01 1.033252e+01
      vertex   4.698892e+01 2.531634e+01 1.216507e+01
      vertex   4.699211e+01 2.531634e+01 1.033252e+01
    endloop
  endfacet
  facet normal -0.000000e+00 -1.000000e+00 0.000000e+00
    outer loop
      vertex   4.700594e+01 2.531634e+01 1.548306e+01
      vertex   4.698138e+01 2.531634e+01 1.548306e+01
      vertex   4.698892e+01 2.531634e+01 1.216507e+01
    endloop
  endfacet
  facet normal 4.287510e-13 2.813233e-14 1.000000e+00
    outer loop
      vertex   -6.328949e+01 4.248245e+01 1.641306e+01
      vertex   -6.306687e+01 4.249930e+01 1.641306e+01
      vertex   -6.306694e+01 4.250042e+01 1.641306e+01
    endloop
  endfacet
  facet normal -0.000000e+00 0.000000e+00 1.000000e+00
    outer loop
      vertex   -6.306694e+01 4.250042e+01 1.641306e+01
      vertex   -6.306687e+01 4.249930e+01 1.641306e+01
      vertex   -6.284384e+01 4.250941e+01 1.641306e+01
    endloop
  endfacet
  facet normal 0.000000e+00 0.000000e+00 1.000000e+00
    outer loop
      vertex   -6.306694e+01 4.250042e+01 1.641306e+01
      vertex   -6.284384e+01 4.250941e+01 1.641306e+01
      vertex   -6.284392e+01 4.251168e+01 1.641306e+01
    endloop
  endfacet
  facet normal -0.000000e+00 0.000000e+00 1.000000e+00
    outer loop
      vertex   -6.284392e+01 4.251168e+01 1.641306e+01
      vertex   -6.284384e+01 4.250941e+01 1.641306e+01
      vertex   -6.262061e+01 4.251278e+01 1.641306e+01
    endloop
  endfacet
  facet normal 0.000000e+00 0.000000e+00 1.000000e+00
    outer loop
      vertex   -6.284392e+01 4.251168e+01 1.641306e+01
      vertex   -6.262061e+01 4.251278e+01 1.641306e+01
      vertex   -6.262063e+01 4.251623e+01 1.641306e+01
    endloop
  endfacet
  facet normal -0.000000e+00 0.000000e+00 1.000000e+00
    outer loop
      vertex   -6.262063e+01 4.251623e+01 1.641306e+01
      vertex   -6.262061e+01 4.251278e+01 1.641306e+01
      vertex   -6.258113e+01 4.251634e+01 1.641306e+01
    endloop
  endfacet
  facet normal 0.000000e+00 0.000000e+00 1.000000e+00
    outer loop
      vertex   -6.258113e+01 4.251634e+01 1.641306e+01
      vertex   -6.262061e+01 4.251278e+01 1.641306e+01
      vertex   3.961594e+01 4.251278e+01 1.641306e+01
    endloop
  endfacet
  facet normal -0.000000e+00 0.000000e+00 1.000000e+00
    outer loop
      vertex   -6.258113e+01 4.251634e+01 1.641306e+01
      vertex   3.961594e+01 4.251278e+01 1.641306e+01
      vertex   3.959887e+01 4.251634e+01 1.641306e+01
    endloop
  endfacet
  facet normal 0.000000e+00 0.000000e+00 1.000000e+00
    outer loop
      vertex   3.959887e+01 4.251634e+01 1.641306e+01
      vertex   3.961594e+01 4.251278e+01 1.641306e+01
      vertex   4.025784e+01 4.248702e+01 1.641306e+01
    endloop
  endfacet
  facet normal 0.000000e+00 0.000000e+00 1.000000e+00
    outer loop
      vertex   4.025784e+01 4.248702e+01 1.641306e+01
      vertex   3.961594e+01 4.251278e+01 1.641306e+01
      vertex   4.026909e+01 4.248386e+01 1.641306e+01
    endloop
  endfacet
  facet normal 0.000000e+00 0.000000e+00 1.000000e+00
    outer loop
      vertex   4.025784e+01 4.248702e+01 1.641306e+01
      vertex   4.026909e+01 4.248386e+01 1.641306e+01
      vertex   4.091161e+01 4.239929e+01 1.641306e+01
    endloop
  endfacet
  facet normal 0.000000e+00 0.000000e+00 1.000000e+00
    outer loop
      vertex   4.091161e+01 4.239929e+01 1.641306e+01
      vertex   4.026909e+01 4.248386e+01 1.641306e+01
      vertex   4.091714e+01 4.239733e+01 1.641306e+01
    endloop
  endfacet
  facet normal 8.027201e-13 2.256360e-12 1.000000e+00
    outer loop
      vertex   4.091161e+01 4.239929e+01 1.641306e+01
      vertex   4.091714e+01 4.239733e+01 1.641306e+01
      vertex   4.155499e+01 4.225385e+01 1.641306e+01
    endloop
  endfacet
  facet normal 0.000000e+00 0.000000e+00 1.000000e+00
    outer loop
      vertex   3.954246e+01 -3.249722e+01 1.641306e+01
      vertex   -3.954246e+01 -3.249722e+01 1.641306e+01
      vertex   3.950000e+01 -3.250000e+01 1.641306e+01
    endloop
  endfacet
  facet normal 0.000000e+00 0.000000e+00 1.000000e+00
    outer loop
      vertex   3.950000e+01 -3.250000e+01 1.641306e+01
      vertex   -3.954246e+01 -3.249722e+01 1.641306e+01
      vertex   -3.950000e+01 -3.250000e+01 1.641306e+01
    endloop
  endfacet
  facet normal -3.399570e-12 -2.205908e-12 1.000000e+00
    outer loop
      vertex   4.531448e+01 3.982796e+01 1.641306e+01
      vertex   4.590772e+01 3.899907e+01 1.641306e+01
      vertex   4.569973e+01 3.931960e+01 1.641306e+01
    endloop
  endfacet
  facet normal 0.000000e+00 0.000000e+00 1.000000e+00
    outer loop
      vertex   4.569973e+01 3.931960e+01 1.641306e+01
      vertex   4.590772e+01 3.899907e+01 1.641306e+01
      vertex   4.590907e+01 3.899991e+01 1.641306e+01
    endloop
  endfacet
  facet normal 0.000000e+00 0.000000e+00 1.000000e+00
    outer loop
      vertex   4.590907e+01 3.899991e+01 1.641306e+01
      vertex   4.590772e+01 3.899907e+01 1.641306e+01
      vertex   4.603990e+01 3.878003e+01 1.641306e+01
    endloop
  endfacet
  facet normal 0.000000e+00 0.000000e+00 1.000000e+00
    outer loop
      vertex   4.603990e+01 3.878003e+01 1.641306e+01
      vertex   4.590772e+01 3.899907e+01 1.641306e+01
      vertex   4.638126e+01 3.809643e+01 1.641306e+01
    endloop
  endfacet
  facet normal 0.000000e+00 0.000000e+00 1.000000e+00
    outer loop
      vertex   4.603990e+01 3.878003e+01 1.641306e+01
      vertex   4.638126e+01 3.809643e+01 1.641306e+01
      vertex   4.633247e+01 3.821324e+01 1.641306e+01
    endloop
  endfacet
  facet normal 0.000000e+00 0.000000e+00 1.000000e+00
    outer loop
      vertex   4.633247e+01 3.821324e+01 1.641306e+01
      vertex   4.638126e+01 3.809643e+01 1.641306e+01
      vertex   4.638466e+01 3.809793e+01 1.641306e+01
    endloop
  endfacet
  facet normal 0.000000e+00 0.000000e+00 1.000000e+00
    outer loop
      vertex   4.638466e+01 3.809793e+01 1.641306e+01
      vertex   4.638126e+01 3.809643e+01 1.641306e+01
      vertex   4.657528e+01 3.762342e+01 1.641306e+01
    endloop
  endfacet
  facet normal 0.000000e+00 0.000000e+00 1.000000e+00
    outer loop
      vertex   4.657528e+01 3.762342e+01 1.641306e+01
      vertex   4.638126e+01 3.809643e+01 1.641306e+01
      vertex   4.672608e+01 3.713721e+01 1.641306e+01
    endloop
  endfacet
  facet normal 0.000000e+00 0.000000e+00 1.000000e+00
    outer loop
      vertex   4.657528e+01 3.762342e+01 1.641306e+01
      vertex   4.672608e+01 3.713721e+01 1.641306e+01
      vertex   4.676654e+01 3.701492e+01 1.641306e+01
    endloop
  endfacet
  facet normal 0.000000e+00 0.000000e+00 1.000000e+00
    outer loop
      vertex   4.676654e+01 3.701492e+01 1.641306e+01
      vertex   4.672608e+01 3.713721e+01 1.641306e+01
      vertex   4.693564e+01 3.613967e+01 1.641306e+01
    endloop
  endfacet
  facet normal 0.000000e+00 0.000000e+00 1.000000e+00
    outer loop
      vertex   4.676654e+01 3.701492e+01 1.641306e+01
      vertex   4.693564e+01 3.613967e+01 1.641306e+01
      vertex   4.690483e+01 3.639224e+01 1.641306e+01
    endloop
  endfacet
  facet normal 0.000000e+00 0.000000e+00 1.000000e+00
    outer loop
      vertex   4.690483e+01 3.639224e+01 1.641306e+01
      vertex   4.693564e+01 3.613967e+01 1.641306e+01
      vertex   4.698914e+01 3.575999e+01 1.641306e+01
    endloop
  endfacet
  facet normal 0.000000e+00 0.000000e+00 1.000000e+00
    outer loop
      vertex   4.698914e+01 3.575999e+01 1.641306e+01
      vertex   4.693564e+01 3.613967e+01 1.641306e+01
      vertex   4.700594e+01 3.512278e+01 1.641306e+01
    endloop
  endfacet
  facet normal 0.000000e+00 0.000000e+00 1.000000e+00
    outer loop
      vertex   4.698914e+01 3.575999e+01 1.641306e+01
      vertex   4.700594e+01 3.512278e+01 1.641306e+01
      vertex   4.701883e+01 3.512283e+01 1.641306e+01
    endloop
  endfacet
  facet normal 0.000000e+00 0.000000e+00 1.000000e+00
    outer loop
      vertex   4.701883e+01 3.512283e+01 1.641306e+01
      vertex   4.700594e+01 3.512278e+01 1.641306e+01
      vertex   4.701887e+01 3.509634e+01 1.641306e+01
    endloop
  endfacet
  facet normal 0.000000e+00 0.000000e+00 1.000000e+00
    outer loop
      vertex   4.701887e+01 3.509634e+01 1.641306e+01
      vertex   4.700594e+01 3.512278e+01 1.641306e+01
      vertex   4.700594e+01 2.531634e+01 1.641306e+01
    endloop
  endfacet
  facet normal 0.000000e+00 0.000000e+00 1.000000e+00
    outer loop
      vertex   4.701887e+01 3.509634e+01 1.641306e+01
      vertex   4.700594e+01 2.531634e+01 1.641306e+01
      vertex   4.701887e+01 2.531634e+01 1.641306e+01
    endloop
  endfacet
  facet normal 6.540262e-02 -9.978590e-01 -8.730382e-17
    outer loop
      vertex   3.954246e+01 -3.249722e+01 1.548306e+01
      vertex   3.979330e+01 -3.248078e+01 -9.986939e+00
      vertex   4.047895e+01 -3.243584e+01 1.548306e+01
    endloop
  endfacet
  facet normal 6.540262e-02 -9.978590e-01 1.619630e-16
    outer loop
      vertex   4.047895e+01 -3.243584e+01 1.548306e+01
      vertex   3.979330e+01 -3.248078e+01 -9.986939e+00
      vertex   4.038266e+01 -3.244215e+01 -9.986939e+00
    endloop
  endfacet
  facet normal 6.540262e-02 -9.978590e-01 0.000000e+00
    outer loop
      vertex   4.047895e+01 -3.243584e+01 1.548306e+01
      vertex   4.038266e+01 -3.244215e+01 -9.986939e+00
      vertex   4.047895e+01 -3.243584e+01 -1.158694e+01
    endloop
  endfacet
  facet normal 6.540262e-02 -9.978590e-01 0.000000e+00
    outer loop
      vertex   4.047895e+01 -3.243584e+01 -1.158694e+01
      vertex   4.038266e+01 -3.244215e+01 -9.986939e+00
      vertex   4.038266e+01 -3.244215e+01 -1.158694e+01
    endloop
  endfacet
  facet normal 6.540262e-02 -9.978590e-01 0.000000e+00
    outer loop
      vertex   3.954246e+01 -3.249722e+01 1.641306e+01
      vertex   3.950000e+01 -3.250000e+01 1.641306e+01
      vertex   3.954246e+01 -3.249722e+01 1.548306e+01
    endloop
  endfacet
  facet normal 6.540262e-02 -9.978590e-01 0.000000e+00
    outer loop
      vertex   3.954246e+01 -3.249722e+01 1.548306e+01
      vertex   3.950000e+01 -3.250000e+01 1.641306e+01
      vertex   3.950000e+01 -3.250000e+01 -1.158694e+01
    endloop
  endfacet
  facet normal 6.540262e-02 -9.978590e-01 -9.443327e-17
    outer loop
      vertex   3.954246e+01 -3.249722e+01 1.548306e+01
      vertex   3.950000e+01 -3.250000e+01 -1.158694e+01
      vertex   3.979330e+01 -3.248078e+01 -9.986939e+00
    endloop
  endfacet
  facet normal 6.540262e-02 -9.978590e-01 3.693351e-16
    outer loop
      vertex   3.979330e+01 -3.248078e+01 -9.986939e+00
      vertex   3.950000e+01 -3.250000e+01 -1.158694e+01
      vertex   3.978487e+01 -3.248133e+01 -1.158694e+01
    endloop
  endfacet
  facet normal 6.540262e-02 -9.978590e-01 0.000000e+00
    outer loop
      vertex   3.979330e+01 -3.248078e+01 -9.986939e+00
      vertex   3.978487e+01 -3.248133e+01 -1.158694e+01
      vertex   3.979330e+01 -3.248078e+01 -1.158694e+01
    endloop
  endfacet
  facet normal 2.204910e-01 9.753890e-01 0.000000e+00
    outer loop
      vertex   4.155499e+01 4.225385e+01 1.641306e+01
      vertex   4.155499e+01 4.225385e+01 1.548306e+01
      vertex   4.091161e+01 4.239929e+01 1.641306e+01
    endloop
  endfacet
  facet normal 2.196753e-01 9.755729e-01 -5.930696e-04
    outer loop
      vertex   4.091161e+01 4.239929e+01 1.641306e+01
      vertex   4.155499e+01 4.225385e+01 1.548306e+01
      vertex   4.075962e+01 4.242499e+01 2.380877e+00
    endloop
  endfacet
  facet normal 1.329955e-01 9.911166e-01 3.742591e-04
    outer loop
      vertex   4.091161e+01 4.239929e+01 1.641306e+01
      vertex   4.075962e+01 4.242499e+01 2.380877e+00
      vertex   4.025784e+01 4.248702e+01 1.641306e+01
    endloop
  endfacet
  facet normal 4.444875e-02 9.990077e-01 -2.826948e-03
    outer loop
      vertex   4.025784e+01 4.248702e+01 1.641306e+01
      vertex   4.075962e+01 4.242499e+01 2.380877e+00
      vertex   3.959887e+01 4.251634e+01 1.641306e+01
    endloop
  endfacet
  facet normal 8.439100e-02 9.964326e-01 4.938435e-04
    outer loop
      vertex   3.959887e+01 4.251634e+01 1.641306e+01
      vertex   4.075962e+01 4.242499e+01 2.380877e+00
      vertex   4.065485e+01 4.244081e+01 -1.165131e+01
    endloop
  endfacet
  facet normal 7.133918e-02 9.974521e-01 0.000000e+00
    outer loop
      vertex   3.959887e+01 4.251634e+01 1.641306e+01
      vertex   4.065485e+01 4.244081e+01 -1.165131e+01
      vertex   3.959887e+01 4.251634e+01 -1.165131e+01
    endloop
  endfacet
  facet normal 2.334451e-01 9.723689e-01 -1.470823e-03
    outer loop
      vertex   4.075962e+01 4.242499e+01 2.380877e+00
      vertex   4.155499e+01 4.225385e+01 1.548306e+01
      vertex   4.189178e+01 4.215318e+01 2.380877e+00
    endloop
  endfacet
  facet normal 3.366404e-01 9.416322e-01 1.417937e-03
    outer loop
      vertex   4.189178e+01 4.215318e+01 2.380877e+00
      vertex   4.155499e+01 4.225385e+01 1.548306e+01
      vertex   4.262387e+01 4.187172e+01 1.548306e+01
    endloop
  endfacet
  facet normal 3.826830e-01 9.238784e-01 -1.536076e-03
    outer loop
      vertex   4.189178e+01 4.215318e+01 2.380877e+00
      vertex   4.262387e+01 4.187172e+01 1.548306e+01
      vertex   4.296748e+01 4.170761e+01 2.380877e+00
    endloop
  endfacet
  facet normal 4.763316e-01 8.792645e-01 1.478778e-03
    outer loop
      vertex   4.296748e+01 4.170761e+01 2.380877e+00
      vertex   4.262387e+01 4.187172e+01 1.548306e+01
      vertex   4.362194e+01 4.133103e+01 1.548306e+01
    endloop
  endfacet
  facet normal 5.224979e-01 8.526391e-01 -1.592505e-03
    outer loop
      vertex   4.296748e+01 4.170761e+01 2.380877e+00
      vertex   4.362194e+01 4.133103e+01 1.548306e+01
      vertex   4.396024e+01 4.109925e+01 2.380877e+00
    endloop
  endfacet
  facet normal 6.048750e-01 7.963189e-01 1.530794e-03
    outer loop
      vertex   4.396024e+01 4.109925e+01 2.380877e+00
      vertex   4.362194e+01 4.133103e+01 1.548306e+01
      vertex   4.452586e+01 4.064442e+01 1.548306e+01
    endloop
  endfacet
  facet normal 6.494472e-01 7.604049e-01 -1.640108e-03
    outer loop
      vertex   4.396024e+01 4.109925e+01 2.380877e+00
      vertex   4.452586e+01 4.064442e+01 1.548306e+01
      vertex   4.484561e+01 4.034307e+01 2.380877e+00
    endloop
  endfacet
  facet normal 7.192623e-01 6.947368e-01 1.573984e-03
    outer loop
      vertex   4.484561e+01 4.034307e+01 2.380877e+00
      vertex   4.452586e+01 4.064442e+01 1.548306e+01
      vertex   4.531448e+01 3.982796e+01 1.548306e+01
    endloop
  endfacet
  facet normal 7.604049e-01 6.494471e-01 -1.678885e-03
    outer loop
      vertex   4.484561e+01 4.034307e+01 2.380877e+00
      vertex   4.531448e+01 3.982796e+01 1.548306e+01
      vertex   4.560178e+01 3.945771e+01 2.380877e+00
    endloop
  endfacet
  facet normal 7.900511e-01 6.130410e-01 0.000000e+00
    outer loop
      vertex   4.560178e+01 3.945771e+01 2.380877e+00
      vertex   4.531448e+01 3.982796e+01 1.548306e+01
      vertex   4.531448e+01 3.982796e+01 1.641306e+01
    endloop
  endfacet
  facet normal 7.969940e-01 6.039872e-01 3.810492e-04
    outer loop
      vertex   4.560178e+01 3.945771e+01 2.380877e+00
      vertex   4.531448e+01 3.982796e+01 1.641306e+01
      vertex   4.569973e+01 3.931960e+01 1.641306e+01
    endloop
  endfacet
  facet normal 8.366017e-01 5.478115e-01 -4.483071e-04
    outer loop
      vertex   4.569973e+01 3.931960e+01 1.641306e+01
      vertex   4.590907e+01 3.899991e+01 1.641306e+01
      vertex   4.560178e+01 3.945771e+01 2.380877e+00
    endloop
  endfacet
  facet normal 8.526390e-01 5.224979e-01 -1.625369e-03
    outer loop
      vertex   4.560178e+01 3.945771e+01 2.380877e+00
      vertex   4.590907e+01 3.899991e+01 1.641306e+01
      vertex   4.621014e+01 3.846495e+01 2.380877e+00
    endloop
  endfacet
  facet normal 8.526392e-01 5.224980e-01 1.508762e-03
    outer loop
      vertex   4.560178e+01 3.945771e+01 2.380877e+00
      vertex   4.621014e+01 3.846495e+01 2.380877e+00
      vertex   4.584097e+01 3.910789e+01 -1.165131e+01
    endloop
  endfacet
  facet normal 8.776784e-01 4.792487e-01 -1.131639e-03
    outer loop
      vertex   4.584097e+01 3.910789e+01 -1.165131e+01
      vertex   4.621014e+01 3.846495e+01 2.380877e+00
      vertex   4.634834e+01 3.817872e+01 -1.165131e+01
    endloop
  endfacet
  facet normal 9.238788e-01 3.826831e-01 1.293137e-03
    outer loop
      vertex   4.634834e+01 3.817872e+01 -1.165131e+01
      vertex   4.621014e+01 3.846495e+01 2.380877e+00
      vertex   4.665571e+01 3.738925e+01 2.380877e+00
    endloop
  endfacet
  facet normal 9.369494e-01 3.494640e-01 -8.621283e-04
    outer loop
      vertex   4.634834e+01 3.817872e+01 -1.165131e+01
      vertex   4.665571e+01 3.738925e+01 2.380877e+00
      vertex   4.671831e+01 3.718680e+01 -1.165131e+01
    endloop
  endfacet
  facet normal 9.723695e-01 2.334453e-01 9.697542e-04
    outer loop
      vertex   4.671831e+01 3.718680e+01 -1.165131e+01
      vertex   4.665571e+01 3.738925e+01 2.380877e+00
      vertex   4.692752e+01 3.625708e+01 2.380877e+00
    endloop
  endfacet
  facet normal 9.771468e-01 2.125653e-01 -4.848896e-04
    outer loop
      vertex   4.671831e+01 3.718680e+01 -1.165131e+01
      vertex   4.692752e+01 3.625708e+01 2.380877e+00
      vertex   4.694335e+01 3.615232e+01 -1.165131e+01
    endloop
  endfacet
  facet normal 9.974519e-01 7.133917e-02 5.924414e-04
    outer loop
      vertex   4.694335e+01 3.615232e+01 -1.165131e+01
      vertex   4.692752e+01 3.625708e+01 2.380877e+00
      vertex   4.701887e+01 3.509634e+01 -1.165131e+01
    endloop
  endfacet
  facet normal 9.957696e-01 9.187852e-02 -1.117528e-03
    outer loop
      vertex   4.701887e+01 3.509634e+01 -1.165131e+01
      vertex   4.692752e+01 3.625708e+01 2.380877e+00
      vertex   4.698914e+01 3.575999e+01 1.641306e+01
    endloop
  endfacet
  facet normal 9.989160e-01 4.654813e-02 -4.225262e-05
    outer loop
      vertex   4.701887e+01 3.509634e+01 -1.165131e+01
      vertex   4.698914e+01 3.575999e+01 1.641306e+01
      vertex   4.701883e+01 3.512283e+01 1.641306e+01
    endloop
  endfacet
  facet normal 8.593740e-01 5.113464e-01 -1.055733e-03
    outer loop
      vertex   4.590907e+01 3.899991e+01 1.641306e+01
      vertex   4.603990e+01 3.878003e+01 1.641306e+01
      vertex   4.621014e+01 3.846495e+01 2.380877e+00
    endloop
  endfacet
  facet normal 8.885989e-01 4.586848e-01 4.813125e-04
    outer loop
      vertex   4.621014e+01 3.846495e+01 2.380877e+00
      vertex   4.603990e+01 3.878003e+01 1.641306e+01
      vertex   4.633247e+01 3.821324e+01 1.641306e+01
    endloop
  endfacet
  facet normal 9.110424e-01 4.123122e-01 -5.461747e-04
    outer loop
      vertex   4.621014e+01 3.846495e+01 2.380877e+00
      vertex   4.633247e+01 3.821324e+01 1.641306e+01
      vertex   4.638466e+01 3.809793e+01 1.641306e+01
    endloop
  endfacet
  facet normal 9.238785e-01 3.826830e-01 -1.480779e-03
    outer loop
      vertex   4.621014e+01 3.846495e+01 2.380877e+00
      vertex   4.638466e+01 3.809793e+01 1.641306e+01
      vertex   4.665571e+01 3.738925e+01 2.380877e+00
    endloop
  endfacet
  facet normal 9.279222e-01 3.727729e-01 -9.021669e-04
    outer loop
      vertex   4.665571e+01 3.738925e+01 2.380877e+00
      vertex   4.638466e+01 3.809793e+01 1.641306e+01
      vertex   4.657528e+01 3.762342e+01 1.641306e+01
    endloop
  endfacet
  facet normal 9.539865e-01 2.998493e-01 4.641806e-04
    outer loop
      vertex   4.665571e+01 3.738925e+01 2.380877e+00
      vertex   4.657528e+01 3.762342e+01 1.641306e+01
      vertex   4.676654e+01 3.701492e+01 1.641306e+01
    endloop
  endfacet
  facet normal 9.723689e-01 2.334451e-01 -1.452439e-03
    outer loop
      vertex   4.665571e+01 3.738925e+01 2.380877e+00
      vertex   4.676654e+01 3.701492e+01 1.641306e+01
      vertex   4.692752e+01 3.625708e+01 2.380877e+00
    endloop
  endfacet
  facet normal 9.762139e-01 2.168093e-01 -5.098796e-04
    outer loop
      vertex   4.692752e+01 3.625708e+01 2.380877e+00
      vertex   4.676654e+01 3.701492e+01 1.641306e+01
      vertex   4.690483e+01 3.639224e+01 1.641306e+01
    endloop
  endfacet
  facet normal 9.912274e-01 1.321670e-01 3.296572e-04
    outer loop
      vertex   4.692752e+01 3.625708e+01 2.380877e+00
      vertex   4.690483e+01 3.639224e+01 1.641306e+01
      vertex   4.698914e+01 3.575999e+01 1.641306e+01
    endloop
  endfacet
  facet normal 9.999984e-01 1.784993e-03 0.000000e+00
    outer loop
      vertex   4.701883e+01 3.512283e+01 1.641306e+01
      vertex   4.701887e+01 3.509634e+01 1.641306e+01
      vertex   4.701887e+01 3.509634e+01 -1.165131e+01
    endloop
  endfacet
  facet normal 8.005406e-01 5.992772e-01 -1.293368e-03
    outer loop
      vertex   4.584097e+01 3.910789e+01 -1.165131e+01
      vertex   4.520654e+01 3.995541e+01 -1.165131e+01
      vertex   4.560178e+01 3.945771e+01 2.380877e+00
    endloop
  endfacet
  facet normal 7.604050e-01 6.494472e-01 1.616585e-03
    outer loop
      vertex   4.560178e+01 3.945771e+01 2.380877e+00
      vertex   4.520654e+01 3.995541e+01 -1.165131e+01
      vertex   4.484561e+01 4.034307e+01 2.380877e+00
    endloop
  endfacet
  facet normal 7.071061e-01 7.071061e-01 -1.347281e-03
    outer loop
      vertex   4.520654e+01 3.995541e+01 -1.165131e+01
      vertex   4.445794e+01 4.070400e+01 -1.165131e+01
      vertex   4.484561e+01 4.034307e+01 2.380877e+00
    endloop
  endfacet
  facet normal 6.494472e-01 7.604050e-01 1.616585e-03
    outer loop
      vertex   4.484561e+01 4.034307e+01 2.380877e+00
      vertex   4.445794e+01 4.070400e+01 -1.165131e+01
      vertex   4.396024e+01 4.109925e+01 2.380877e+00
    endloop
  endfacet
  facet normal 5.992772e-01 8.005406e-01 -1.293368e-03
    outer loop
      vertex   4.445794e+01 4.070400e+01 -1.165131e+01
      vertex   4.361043e+01 4.133844e+01 -1.165131e+01
      vertex   4.396024e+01 4.109925e+01 2.380877e+00
    endloop
  endfacet
  facet normal 5.224980e-01 8.526392e-01 1.508762e-03
    outer loop
      vertex   4.396024e+01 4.109925e+01 2.380877e+00
      vertex   4.361043e+01 4.133844e+01 -1.165131e+01
      vertex   4.296748e+01 4.170761e+01 2.380877e+00
    endloop
  endfacet
  facet normal 4.792487e-01 8.776784e-01 -1.131639e-03
    outer loop
      vertex   4.361043e+01 4.133844e+01 -1.165131e+01
      vertex   4.268125e+01 4.184581e+01 -1.165131e+01
      vertex   4.296748e+01 4.170761e+01 2.380877e+00
    endloop
  endfacet
  facet normal 3.826831e-01 9.238788e-01 1.293137e-03
    outer loop
      vertex   4.296748e+01 4.170761e+01 2.380877e+00
      vertex   4.268125e+01 4.184581e+01 -1.165131e+01
      vertex   4.189178e+01 4.215318e+01 2.380877e+00
    endloop
  endfacet
  facet normal 3.494640e-01 9.369494e-01 -8.621283e-04
    outer loop
      vertex   4.268125e+01 4.184581e+01 -1.165131e+01
      vertex   4.168933e+01 4.221578e+01 -1.165131e+01
      vertex   4.189178e+01 4.215318e+01 2.380877e+00
    endloop
  endfacet
  facet normal 2.334453e-01 9.723695e-01 9.697542e-04
    outer loop
      vertex   4.189178e+01 4.215318e+01 2.380877e+00
      vertex   4.168933e+01 4.221578e+01 -1.165131e+01
      vertex   4.075962e+01 4.242499e+01 2.380877e+00
    endloop
  endfacet
  facet normal 2.125653e-01 9.771468e-01 -4.848896e-04
    outer loop
      vertex   4.168933e+01 4.221578e+01 -1.165131e+01
      vertex   4.065485e+01 4.244081e+01 -1.165131e+01
      vertex   4.075962e+01 4.242499e+01 2.380877e+00
    endloop
  endfacet
  facet normal 1.950930e-01 -9.807848e-01 0.000000e+00
    outer loop
      vertex   4.144114e+01 -3.224444e+01 -9.986939e+00
      vertex   4.144114e+01 -3.224444e+01 1.548306e+01
      vertex   4.053943e+01 -3.242381e+01 -9.986939e+00
    endloop
  endfacet
  facet normal 1.950930e-01 -9.807848e-01 7.296498e-17
    outer loop
      vertex   4.053943e+01 -3.242381e+01 -9.986939e+00
      vertex   4.144114e+01 -3.224444e+01 1.548306e+01
      vertex   4.047895e+01 -3.243584e+01 1.548306e+01
    endloop
  endfacet
  facet normal 1.950930e-01 -9.807848e-01 0.000000e+00
    outer loop
      vertex   4.053943e+01 -3.242381e+01 -9.986939e+00
      vertex   4.047895e+01 -3.243584e+01 1.548306e+01
      vertex   4.047895e+01 -3.243584e+01 -1.158694e+01
    endloop
  endfacet
  facet normal 1.950930e-01 -9.807848e-01 0.000000e+00
    outer loop
      vertex   4.047895e+01 -3.243584e+01 -1.158694e+01
      vertex   4.053943e+01 -3.242381e+01 -1.158694e+01
      vertex   4.053943e+01 -3.242381e+01 -9.986939e+00
    endloop
  endfacet
  facet normal 3.214381e-01 -9.469306e-01 0.000000e+00
    outer loop
      vertex   4.144114e+01 -3.224444e+01 1.548306e+01
      vertex   4.144114e+01 -3.224444e+01 -9.986939e+00
      vertex   4.237012e+01 -3.192910e+01 1.548306e+01
    endloop
  endfacet
  facet normal 3.214381e-01 -9.469306e-01 0.000000e+00
    outer loop
      vertex   4.237012e+01 -3.192910e+01 1.548306e+01
      vertex   4.144114e+01 -3.224444e+01 -9.986939e+00
      vertex   4.237012e+01 -3.192910e+01 -9.986939e+00
    endloop
  endfacet
  facet normal 4.422880e-01 -8.968731e-01 0.000000e+00
    outer loop
      vertex   4.237012e+01 -3.192910e+01 1.548306e+01
      vertex   4.237012e+01 -3.192910e+01 -9.986939e+00
      vertex   4.325000e+01 -3.149519e+01 1.548306e+01
    endloop
  endfacet
  facet normal 4.422880e-01 -8.968731e-01 0.000000e+00
    outer loop
      vertex   4.325000e+01 -3.149519e+01 1.548306e+01
      vertex   4.237012e+01 -3.192910e+01 -9.986939e+00
      vertex   4.325000e+01 -3.149519e+01 -9.986939e+00
    endloop
  endfacet
  facet normal 5.555692e-01 -8.314703e-01 0.000000e+00
    outer loop
      vertex   4.325000e+01 -3.149519e+01 1.548306e+01
      vertex   4.325000e+01 -3.149519e+01 -9.986939e+00
      vertex   4.406571e+01 -3.095015e+01 1.548306e+01
    endloop
  endfacet
  facet normal 5.555692e-01 -8.314703e-01 0.000000e+00
    outer loop
      vertex   4.406571e+01 -3.095015e+01 1.548306e+01
      vertex   4.325000e+01 -3.149519e+01 -9.986939e+00
      vertex   4.406571e+01 -3.095015e+01 -9.986939e+00
    endloop
  endfacet
  facet normal 6.593452e-01 -7.518404e-01 0.000000e+00
    outer loop
      vertex   4.406571e+01 -3.095015e+01 1.548306e+01
      vertex   4.406571e+01 -3.095015e+01 -9.986939e+00
      vertex   4.480330e+01 -3.030330e+01 1.548306e+01
    endloop
  endfacet
  facet normal 6.593452e-01 -7.518404e-01 0.000000e+00
    outer loop
      vertex   4.480330e+01 -3.030330e+01 1.548306e+01
      vertex   4.406571e+01 -3.095015e+01 -9.986939e+00
      vertex   4.480330e+01 -3.030330e+01 -9.986939e+00
    endloop
  endfacet
  facet normal -9.999752e-01 1.779565e-03 -6.814485e-03
    outer loop
      vertex   -7.000108e+01 3.512275e+01 1.548306e+01
      vertex   -6.990977e+01 3.625708e+01 2.380877e+00
      vertex   -7.000113e+01 3.509634e+01 1.548306e+01
    endloop
  endfacet
  facet normal -9.966619e-01 8.163936e-02 2.835262e-04
    outer loop
      vertex   -7.000113e+01 3.509634e+01 1.548306e+01
      vertex   -6.990977e+01 3.625708e+01 2.380877e+00
      vertex   -6.991632e+01 3.621500e+01 -8.497628e+00
    endloop
  endfacet
  facet normal -9.971384e-01 7.559753e-02 0.000000e+00
    outer loop
      vertex   -7.000113e+01 3.509634e+01 1.548306e+01
      vertex   -6.991632e+01 3.621500e+01 -8.497628e+00
      vertex   -7.000113e+01 3.509634e+01 -8.497628e+00
    endloop
  endfacet
  facet normal -9.987692e-01 4.952704e-02 -2.672296e-03
    outer loop
      vertex   -7.000108e+01 3.512275e+01 1.548306e+01
      vertex   -6.996729e+01 3.580414e+01 1.548306e+01
      vertex   -6.990977e+01 3.625708e+01 2.380877e+00
    endloop
  endfacet
  facet normal -9.900020e-01 1.410520e-01 5.302366e-04
    outer loop
      vertex   -6.990977e+01 3.625708e+01 2.380877e+00
      vertex   -6.996729e+01 3.580414e+01 1.548306e+01
      vertex   -6.987106e+01 3.647954e+01 1.548306e+01
    endloop
  endfacet
  facet normal -9.728618e-01 2.313844e-01 -1.054135e-03
    outer loop
      vertex   -6.990977e+01 3.625708e+01 2.380877e+00
      vertex   -6.987106e+01 3.647954e+01 1.548306e+01
      vertex   -6.971321e+01 3.714325e+01 1.548306e+01
    endloop
  endfacet
  facet normal -9.723692e-01 2.334452e-01 -1.200910e-03
    outer loop
      vertex   -6.990977e+01 3.625708e+01 2.380877e+00
      vertex   -6.971321e+01 3.714325e+01 1.548306e+01
      vertex   -6.963797e+01 3.738925e+01 2.380877e+00
    endloop
  endfacet
  facet normal -9.474981e-01 3.197608e-01 5.624827e-04
    outer loop
      vertex   -6.963797e+01 3.738925e+01 2.380877e+00
      vertex   -6.971321e+01 3.714325e+01 1.548306e+01
      vertex   -6.949506e+01 3.778966e+01 1.548306e+01
    endloop
  endfacet
  facet normal -9.238783e-01 3.826829e-01 -1.618104e-03
    outer loop
      vertex   -6.963797e+01 3.738925e+01 2.380877e+00
      vertex   -6.949506e+01 3.778966e+01 1.548306e+01
      vertex   -6.919240e+01 3.846495e+01 2.380877e+00
    endloop
  endfacet
  facet normal -9.141243e-01 4.054341e-01 -2.201866e-04
    outer loop
      vertex   -6.919240e+01 3.846495e+01 2.380877e+00
      vertex   -6.949506e+01 3.778966e+01 1.548306e+01
      vertex   -6.921846e+01 3.841330e+01 1.548306e+01
    endloop
  endfacet
  facet normal -8.730225e-01 4.876799e-01 1.857950e-04
    outer loop
      vertex   -6.919240e+01 3.846495e+01 2.380877e+00
      vertex   -6.921846e+01 3.841330e+01 1.548306e+01
      vertex   -6.888575e+01 3.900890e+01 1.548306e+01
    endloop
  endfacet
  facet normal -8.526389e-01 5.224978e-01 -1.736760e-03
    outer loop
      vertex   -6.919240e+01 3.846495e+01 2.380877e+00
      vertex   -6.888575e+01 3.900890e+01 1.548306e+01
      vertex   -6.858403e+01 3.945771e+01 2.380877e+00
    endloop
  endfacet
  facet normal -8.245404e-01 5.658029e-01 3.936890e-04
    outer loop
      vertex   -6.858403e+01 3.945771e+01 2.380877e+00
      vertex   -6.888575e+01 3.900890e+01 1.548306e+01
      vertex   -6.849975e+01 3.957142e+01 1.548306e+01
    endloop
  endfacet
  facet normal -7.690879e-01 6.391428e-01 -5.995544e-04
    outer loop
      vertex   -6.858403e+01 3.945771e+01 2.380877e+00
      vertex   -6.849975e+01 3.957142e+01 1.548306e+01
      vertex   -6.806371e+01 4.009611e+01 1.548306e+01
    endloop
  endfacet
  facet normal -7.604052e-01 6.494474e-01 -1.446464e-03
    outer loop
      vertex   -6.858403e+01 3.945771e+01 2.380877e+00
      vertex   -6.806371e+01 4.009611e+01 1.548306e+01
      vertex   -6.782786e+01 4.034307e+01 2.380877e+00
    endloop
  endfacet
  facet normal -7.071338e-01 7.070795e-01 5.987527e-04
    outer loop
      vertex   -6.782786e+01 4.034307e+01 2.380877e+00
      vertex   -6.806371e+01 4.009611e+01 1.548306e+01
      vertex   -6.758132e+01 4.057854e+01 1.548306e+01
    endloop
  endfacet
  facet normal -6.494474e-01 7.604052e-01 -1.445050e-03
    outer loop
      vertex   -6.782786e+01 4.034307e+01 2.380877e+00
      vertex   -6.758132e+01 4.057854e+01 1.548306e+01
      vertex   -6.694249e+01 4.109925e+01 2.380877e+00
    endloop
  endfacet
  facet normal -6.392017e-01 7.690389e-01 -6.023808e-04
    outer loop
      vertex   -6.694249e+01 4.109925e+01 2.380877e+00
      vertex   -6.758132e+01 4.057854e+01 1.548306e+01
      vertex   -6.705666e+01 4.101462e+01 1.548306e+01
    endloop
  endfacet
  facet normal -5.658661e-01 8.244970e-01 3.948564e-04
    outer loop
      vertex   -6.694249e+01 4.109925e+01 2.380877e+00
      vertex   -6.705666e+01 4.101462e+01 1.548306e+01
      vertex   -6.649417e+01 4.140066e+01 1.548306e+01
    endloop
  endfacet
  facet normal -5.224978e-01 8.526389e-01 -1.736513e-03
    outer loop
      vertex   -6.694249e+01 4.109925e+01 2.380877e+00
      vertex   -6.649417e+01 4.140066e+01 1.548306e+01
      vertex   -6.594974e+01 4.170761e+01 2.380877e+00
    endloop
  endfacet
  facet normal -4.877468e-01 8.729851e-01 1.841346e-04
    outer loop
      vertex   -6.594974e+01 4.170761e+01 2.380877e+00
      vertex   -6.649417e+01 4.140066e+01 1.548306e+01
      vertex   -6.589860e+01 4.173342e+01 1.548306e+01
    endloop
  endfacet
  facet normal -4.055042e-01 9.140932e-01 -2.178527e-04
    outer loop
      vertex   -6.594974e+01 4.170761e+01 2.380877e+00
      vertex   -6.589860e+01 4.173342e+01 1.548306e+01
      vertex   -6.527498e+01 4.201006e+01 1.548306e+01
    endloop
  endfacet
  facet normal -3.826829e-01 9.238783e-01 -1.619024e-03
    outer loop
      vertex   -6.594974e+01 4.170761e+01 2.380877e+00
      vertex   -6.527498e+01 4.201006e+01 1.548306e+01
      vertex   -6.487403e+01 4.215318e+01 2.380877e+00
    endloop
  endfacet
  facet normal -3.198335e-01 9.474736e-01 5.619893e-04
    outer loop
      vertex   -6.487403e+01 4.215318e+01 2.380877e+00
      vertex   -6.527498e+01 4.201006e+01 1.548306e+01
      vertex   -6.462859e+01 4.222826e+01 1.548306e+01
    endloop
  endfacet
  facet normal -2.334452e-01 9.723692e-01 -1.199003e-03
    outer loop
      vertex   -6.487403e+01 4.215318e+01 2.380877e+00
      vertex   -6.462859e+01 4.222826e+01 1.548306e+01
      vertex   -6.374187e+01 4.242499e+01 2.380877e+00
    endloop
  endfacet
  facet normal -2.314590e-01 9.728441e-01 -1.057453e-03
    outer loop
      vertex   -6.374187e+01 4.242499e+01 2.380877e+00
      vertex   -6.462859e+01 4.222826e+01 1.548306e+01
      vertex   -6.396489e+01 4.238617e+01 1.548306e+01
    endloop
  endfacet
  facet normal -1.411280e-01 9.899912e-01 5.309107e-04
    outer loop
      vertex   -6.374187e+01 4.242499e+01 2.380877e+00
      vertex   -6.396489e+01 4.238617e+01 1.548306e+01
      vertex   -6.328949e+01 4.248245e+01 1.548306e+01
    endloop
  endfacet
  facet normal -8.047946e-02 9.967563e-01 0.000000e+00
    outer loop
      vertex   -6.328949e+01 4.248245e+01 1.641306e+01
      vertex   -6.306694e+01 4.250042e+01 1.641306e+01
      vertex   -6.328949e+01 4.248245e+01 1.548306e+01
    endloop
  endfacet
  facet normal -5.044978e-02 9.987005e-01 -7.223640e-03
    outer loop
      vertex   -6.328949e+01 4.248245e+01 1.548306e+01
      vertex   -6.306694e+01 4.250042e+01 1.641306e+01
      vertex   -6.284392e+01 4.251168e+01 1.641306e+01
    endloop
  endfacet
  facet normal -6.455915e-02 9.979138e-01 -4.390020e-04
    outer loop
      vertex   -6.328949e+01 4.248245e+01 1.548306e+01
      vertex   -6.284392e+01 4.251168e+01 1.641306e+01
      vertex   -6.258113e+01 4.251634e+01 -1.165131e+01
    endloop
  endfacet
  facet normal -2.037240e-02 9.997925e-01 -2.492739e-05
    outer loop
      vertex   -6.258113e+01 4.251634e+01 -1.165131e+01
      vertex   -6.284392e+01 4.251168e+01 1.641306e+01
      vertex   -6.262063e+01 4.251623e+01 1.641306e+01
    endloop
  endfacet
  facet normal -2.661638e-03 9.999965e-01 0.000000e+00
    outer loop
      vertex   -6.258113e+01 4.251634e+01 -1.165131e+01
      vertex   -6.262063e+01 4.251623e+01 1.641306e+01
      vertex   -6.258113e+01 4.251634e+01 1.641306e+01
    endloop
  endfacet
  facet normal -9.253254e-02 9.957090e-01 -1.172023e-03
    outer loop
      vertex   -6.328949e+01 4.248245e+01 1.548306e+01
      vertex   -6.258113e+01 4.251634e+01 -1.165131e+01
      vertex   -6.374187e+01 4.242499e+01 2.380877e+00
    endloop
  endfacet
  facet normal -6.622742e-02 9.978040e-01 1.017578e-03
    outer loop
      vertex   -6.374187e+01 4.242499e+01 2.380877e+00
      vertex   -6.258113e+01 4.251634e+01 -1.165131e+01
      vertex   -6.356178e+01 4.245125e+01 -1.165131e+01
    endloop
  endfacet
  facet normal -1.975204e-01 9.802985e-01 -7.001717e-04
    outer loop
      vertex   -6.374187e+01 4.242499e+01 2.380877e+00
      vertex   -6.356178e+01 4.245125e+01 -1.165131e+01
      vertex   -6.452524e+01 4.225712e+01 -1.165131e+01
    endloop
  endfacet
  facet normal -2.334451e-01 9.723690e-01 1.400237e-03
    outer loop
      vertex   -6.374187e+01 4.242499e+01 2.380877e+00
      vertex   -6.452524e+01 4.225712e+01 -1.165131e+01
      vertex   -6.487403e+01 4.215318e+01 2.380877e+00
    endloop
  endfacet
  facet normal -3.253479e-01 9.455938e-01 -1.082515e-03
    outer loop
      vertex   -6.487403e+01 4.215318e+01 2.380877e+00
      vertex   -6.452524e+01 4.225712e+01 -1.165131e+01
      vertex   -6.545458e+01 4.193737e+01 -1.165131e+01
    endloop
  endfacet
  facet normal -3.826829e-01 9.238783e-01 1.623568e-03
    outer loop
      vertex   -6.487403e+01 4.215318e+01 2.380877e+00
      vertex   -6.545458e+01 4.193737e+01 -1.165131e+01
      vertex   -6.594974e+01 4.170761e+01 2.380877e+00
    endloop
  endfacet
  facet normal -4.474674e-01 8.942995e-01 -1.146801e-03
    outer loop
      vertex   -6.594974e+01 4.170761e+01 2.380877e+00
      vertex   -6.545458e+01 4.193737e+01 -1.165131e+01
      vertex   -6.633351e+01 4.149759e+01 -1.165131e+01
    endloop
  endfacet
  facet normal -5.224980e-01 8.526392e-01 1.528799e-03
    outer loop
      vertex   -6.594974e+01 4.170761e+01 2.380877e+00
      vertex   -6.633351e+01 4.149759e+01 -1.165131e+01
      vertex   -6.694249e+01 4.109925e+01 2.380877e+00
    endloop
  endfacet
  facet normal -5.617366e-01 8.273156e-01 -8.929907e-04
    outer loop
      vertex   -6.694249e+01 4.109925e+01 2.380877e+00
      vertex   -6.633351e+01 4.149759e+01 -1.165131e+01
      vertex   -6.714661e+01 4.094551e+01 -1.165131e+01
    endloop
  endfacet
  facet normal -6.016291e-01 7.987756e-01 0.000000e+00
    outer loop
      vertex   -6.694249e+01 4.109925e+01 2.380877e+00
      vertex   -6.714661e+01 4.094551e+01 -1.165131e+01
      vertex   -6.714661e+01 4.094551e+01 -8.497628e+00
    endloop
  endfacet
  facet normal -6.494474e-01 7.604052e-01 1.439510e-03
    outer loop
      vertex   -6.694249e+01 4.109925e+01 2.380877e+00
      vertex   -6.714661e+01 4.094551e+01 -8.497628e+00
      vertex   -6.782786e+01 4.034307e+01 2.380877e+00
    endloop
  endfacet
  facet normal -6.731267e-01 7.395262e-01 -1.199610e-03
    outer loop
      vertex   -6.782786e+01 4.034307e+01 2.380877e+00
      vertex   -6.714661e+01 4.094551e+01 -8.497628e+00
      vertex   -6.797626e+01 4.019035e+01 -8.497628e+00
    endloop
  endfacet
  facet normal -7.604054e-01 6.494475e-01 1.255683e-03
    outer loop
      vertex   -6.782786e+01 4.034307e+01 2.380877e+00
      vertex   -6.797626e+01 4.019035e+01 -8.497628e+00
      vertex   -6.858403e+01 3.945771e+01 2.380877e+00
    endloop
  endfacet
  facet normal -7.769258e-01 6.295913e-01 -1.004559e-03
    outer loop
      vertex   -6.858403e+01 3.945771e+01 2.380877e+00
      vertex   -6.797626e+01 4.019035e+01 -8.497628e+00
      vertex   -6.868258e+01 3.931874e+01 -8.497628e+00
    endloop
  endfacet
  facet normal -8.526397e-01 5.224983e-01 1.049410e-03
    outer loop
      vertex   -6.858403e+01 3.945771e+01 2.380877e+00
      vertex   -6.868258e+01 3.931874e+01 -8.497628e+00
      vertex   -6.919240e+01 3.846495e+01 2.380877e+00
    endloop
  endfacet
  facet normal -8.629645e-01 5.052640e-01 -7.870654e-04
    outer loop
      vertex   -6.919240e+01 3.846495e+01 2.380877e+00
      vertex   -6.868258e+01 3.931874e+01 -8.497628e+00
      vertex   -6.924942e+01 3.835061e+01 -8.497628e+00
    endloop
  endfacet
  facet normal -9.238792e-01 3.826833e-01 8.206974e-04
    outer loop
      vertex   -6.919240e+01 3.846495e+01 2.380877e+00
      vertex   -6.924942e+01 3.835061e+01 -8.497628e+00
      vertex   -6.963797e+01 3.738925e+01 2.380877e+00
    endloop
  endfacet
  facet normal -9.292758e-01 3.693863e-01 -5.471355e-04
    outer loop
      vertex   -6.963797e+01 3.738925e+01 2.380877e+00
      vertex   -6.924942e+01 3.835061e+01 -8.497628e+00
      vertex   -6.966382e+01 3.730808e+01 -8.497628e+00
    endloop
  endfacet
  facet normal -9.723698e-01 2.334453e-01 5.695524e-04
    outer loop
      vertex   -6.963797e+01 3.738925e+01 2.380877e+00
      vertex   -6.966382e+01 3.730808e+01 -8.497628e+00
      vertex   -6.990977e+01 3.625708e+01 2.380877e+00
    endloop
  endfacet
  facet normal -9.743438e-01 2.250644e-01 -2.847774e-04
    outer loop
      vertex   -6.990977e+01 3.625708e+01 2.380877e+00
      vertex   -6.966382e+01 3.730808e+01 -8.497628e+00
      vertex   -6.991632e+01 3.621500e+01 -8.497628e+00
    endloop
  endfacet
  facet normal 2.334469e-01 9.723696e-01 0.000000e+00
    outer loop
      vertex   -4.042296e+01 -3.082736e+01 1.548306e+01
      vertex   -4.042296e+01 -3.082736e+01 -9.986939e+00
      vertex   -4.132320e+01 -3.061123e+01 1.548306e+01
    endloop
  endfacet
  facet normal 2.334469e-01 9.723696e-01 0.000000e+00
    outer loop
      vertex   -4.132320e+01 -3.061123e+01 1.548306e+01
      vertex   -4.042296e+01 -3.082736e+01 -9.986939e+00
      vertex   -4.132320e+01 -3.061123e+01 -9.986939e+00
    endloop
  endfacet
  facet normal 3.826825e-01 9.238799e-01 0.000000e+00
    outer loop
      vertex   -4.132320e+01 -3.061123e+01 1.548306e+01
      vertex   -4.132320e+01 -3.061123e+01 -9.986939e+00
      vertex   -4.217854e+01 -3.025694e+01 1.548306e+01
    endloop
  endfacet
  facet normal 3.826825e-01 9.238799e-01 0.000000e+00
    outer loop
      vertex   -4.217854e+01 -3.025694e+01 1.548306e+01
      vertex   -4.132320e+01 -3.061123e+01 -9.986939e+00
      vertex   -4.217854e+01 -3.025694e+01 -9.986939e+00
    endloop
  endfacet
  facet normal -9.238814e-01 -3.826790e-01 -0.000000e+00
    outer loop
      vertex   4.475694e+01 2.767854e+01 1.548306e+01
      vertex   4.475694e+01 2.767854e+01 -9.986939e+00
      vertex   4.511123e+01 2.682320e+01 1.548306e+01
    endloop
  endfacet
  facet normal -9.238814e-01 -3.826790e-01 -0.000000e+00
    outer loop
      vertex   4.511123e+01 2.682320e+01 1.548306e+01
      vertex   4.475694e+01 2.767854e+01 -9.986939e+00
      vertex   4.511123e+01 2.682320e+01 -9.986939e+00
    endloop
  endfacet
  facet normal -9.588717e-01 -2.838398e-01 -0.000000e+00
    outer loop
      vertex   4.511123e+01 2.682320e+01 1.548306e+01
      vertex   4.511123e+01 2.682320e+01 -9.986939e+00
      vertex   4.512143e+01 2.678875e+01 1.548306e+01
    endloop
  endfacet
  facet normal -9.588717e-01 -2.838398e-01 2.504728e-16
    outer loop
      vertex   4.512143e+01 2.678875e+01 1.548306e+01
      vertex   4.511123e+01 2.682320e+01 -9.986939e+00
      vertex   4.519950e+01 2.652500e+01 8.363062e+00
    endloop
  endfacet
  facet normal -9.588717e-01 -2.838398e-01 -0.000000e+00
    outer loop
      vertex   4.519950e+01 2.652500e+01 8.363062e+00
      vertex   4.511123e+01 2.682320e+01 -9.986939e+00
      vertex   4.519950e+01 2.652500e+01 -4.536939e+00
    endloop
  endfacet
  facet normal -9.640817e-01 -2.656047e-01 -7.326272e-04
    outer loop
      vertex   4.512143e+01 2.678875e+01 1.548306e+01
      vertex   4.519950e+01 2.652500e+01 8.363062e+00
      vertex   4.512229e+01 2.678563e+01 1.548306e+01
    endloop
  endfacet
  facet normal -9.640817e-01 -2.656047e-01 -7.326272e-04
    outer loop
      vertex   4.512229e+01 2.678563e+01 1.548306e+01
      vertex   4.519950e+01 2.652500e+01 8.363062e+00
      vertex   4.520463e+01 2.650584e+01 8.556464e+00
    endloop
  endfacet
  facet normal -9.672969e-01 -2.536436e-01 -1.254007e-03
    outer loop
      vertex   4.512229e+01 2.678563e+01 1.548306e+01
      vertex   4.520463e+01 2.650584e+01 8.556464e+00
      vertex   4.512437e+01 2.677770e+01 1.548306e+01
    endloop
  endfacet
  facet normal -9.672969e-01 -2.536436e-01 -1.254007e-03
    outer loop
      vertex   4.512437e+01 2.677770e+01 1.548306e+01
      vertex   4.520463e+01 2.650584e+01 8.556464e+00
      vertex   4.521951e+01 2.644816e+01 8.747478e+00
    endloop
  endfacet
  facet normal -9.706086e-01 -2.406560e-01 -1.936208e-03
    outer loop
      vertex   4.512437e+01 2.677770e+01 1.548306e+01
      vertex   4.521951e+01 2.644816e+01 8.747478e+00
      vertex   4.512754e+01 2.676489e+01 1.548306e+01
    endloop
  endfacet
  facet normal -9.706086e-01 -2.406560e-01 -1.936208e-03
    outer loop
      vertex   4.512754e+01 2.676489e+01 1.548306e+01
      vertex   4.521951e+01 2.644816e+01 8.747478e+00
      vertex   4.524261e+01 2.635358e+01 8.922463e+00
    endloop
  endfacet
  facet normal -9.723651e-01 -2.334529e-01 -2.418614e-03
    outer loop
      vertex   4.531685e+01 2.597643e+01 1.548306e+01
      vertex   4.512754e+01 2.676489e+01 1.548306e+01
      vertex   4.524261e+01 2.635358e+01 8.922463e+00
    endloop
  endfacet
  facet normal -9.752448e-01 -2.211214e-01 -1.677128e-03
    outer loop
      vertex   4.532012e+01 2.596200e+01 1.548306e+01
      vertex   4.531685e+01 2.597643e+01 1.548306e+01
      vertex   4.527011e+01 2.623116e+01 9.071108e+00
    endloop
  endfacet
  facet normal -9.752448e-01 -2.211214e-01 -1.677128e-03
    outer loop
      vertex   4.527011e+01 2.623116e+01 9.071108e+00
      vertex   4.531685e+01 2.597643e+01 1.548306e+01
      vertex   4.524261e+01 2.635358e+01 8.922463e+00
    endloop
  endfacet
  facet normal -9.805305e-01 -1.963657e-01 -5.967139e-04
    outer loop
      vertex   4.532383e+01 2.594348e+01 1.548306e+01
      vertex   4.532012e+01 2.596200e+01 1.548306e+01
      vertex   4.529987e+01 2.608222e+01 9.193116e+00
    endloop
  endfacet
  facet normal -9.805305e-01 -1.963657e-01 -5.967139e-04
    outer loop
      vertex   4.529987e+01 2.608222e+01 9.193116e+00
      vertex   4.532012e+01 2.596200e+01 1.548306e+01
      vertex   4.527011e+01 2.623116e+01 9.071108e+00
    endloop
  endfacet
  facet normal -9.856527e-01 -1.687861e-01 3.113288e-05
    outer loop
      vertex   4.532768e+01 2.592096e+01 1.548306e+01
      vertex   4.532383e+01 2.594348e+01 1.548306e+01
      vertex   4.532977e+01 2.590764e+01 9.286958e+00
    endloop
  endfacet
  facet normal -9.856527e-01 -1.687861e-01 3.113288e-05
    outer loop
      vertex   4.532977e+01 2.590764e+01 9.286958e+00
      vertex   4.532383e+01 2.594348e+01 1.548306e+01
      vertex   4.529987e+01 2.608222e+01 9.193116e+00
    endloop
  endfacet
  facet normal -9.905189e-01 -1.373765e-01 -3.803422e-05
    outer loop
      vertex   4.532768e+01 2.592096e+01 1.548306e+01
      vertex   4.532977e+01 2.590764e+01 9.286958e+00
      vertex   4.533115e+01 2.589593e+01 1.548306e+01
    endloop
  endfacet
  facet normal -9.905189e-01 -1.373765e-01 -3.803422e-05
    outer loop
      vertex   4.533115e+01 2.589593e+01 1.548306e+01
      vertex   4.532977e+01 2.590764e+01 9.286958e+00
      vertex   4.535614e+01 2.571750e+01 9.344085e+00
    endloop
  endfacet
  facet normal -9.943879e-01 -1.057911e-01 -9.718301e-04
    outer loop
      vertex   4.533115e+01 2.589593e+01 1.548306e+01
      vertex   4.535614e+01 2.571750e+01 9.344085e+00
      vertex   4.533386e+01 2.587047e+01 1.548306e+01
    endloop
  endfacet
  facet normal -9.943879e-01 -1.057911e-01 -9.718301e-04
    outer loop
      vertex   4.533386e+01 2.587047e+01 1.548306e+01
      vertex   4.535614e+01 2.571750e+01 9.344085e+00
      vertex   4.537660e+01 2.552500e+01 9.363061e+00
    endloop
  endfacet
  facet normal -9.969143e-01 -7.845647e-02 -2.532475e-03
    outer loop
      vertex   4.539692e+01 2.506926e+01 1.548306e+01
      vertex   4.533386e+01 2.587047e+01 1.548306e+01
      vertex   4.537660e+01 2.552500e+01 9.363061e+00
    endloop
  endfacet
  facet normal -9.972422e-01 -7.418224e-02 -2.213092e-03
    outer loop
      vertex   4.539863e+01 2.504620e+01 1.548306e+01
      vertex   4.539692e+01 2.506926e+01 1.548306e+01
      vertex   4.538960e+01 2.535026e+01 9.363061e+00
    endloop
  endfacet
  facet normal -9.972422e-01 -7.418224e-02 -2.213092e-03
    outer loop
      vertex   4.538960e+01 2.535026e+01 9.363061e+00
      vertex   4.539692e+01 2.506926e+01 1.548306e+01
      vertex   4.537660e+01 2.552500e+01 9.363061e+00
    endloop
  endfacet
  facet normal -9.990082e-01 -4.452010e-02 -7.368094e-04
    outer loop
      vertex   4.539966e+01 2.502311e+01 1.548306e+01
      vertex   4.539863e+01 2.504620e+01 1.548306e+01
      vertex   4.539740e+01 2.517521e+01 9.363061e+00
    endloop
  endfacet
  facet normal -9.990082e-01 -4.452010e-02 -7.368094e-04
    outer loop
      vertex   4.539740e+01 2.517521e+01 9.363061e+00
      vertex   4.539863e+01 2.504620e+01 1.548306e+01
      vertex   4.538960e+01 2.535026e+01 9.363061e+00
    endloop
  endfacet
  facet normal -0.000000e+00 -0.000000e+00 -1.000000e+00
    outer loop
      vertex   4.475694e+01 2.767854e+01 1.548306e+01
      vertex   4.511123e+01 2.682320e+01 1.548306e+01
      vertex   4.451887e+01 2.806703e+01 1.548306e+01
    endloop
  endfacet
  facet normal 0.000000e+00 0.000000e+00 -1.000000e+00
    outer loop
      vertex   4.451887e+01 2.806703e+01 1.548306e+01
      vertex   4.511123e+01 2.682320e+01 1.548306e+01
      vertex   4.512754e+01 2.676489e+01 1.548306e+01
    endloop
  endfacet
  facet normal 0.000000e+00 0.000000e+00 -1.000000e+00
    outer loop
      vertex   4.451887e+01 2.806703e+01 1.548306e+01
      vertex   4.512754e+01 2.676489e+01 1.548306e+01
      vertex   4.531685e+01 2.597643e+01 1.548306e+01
    endloop
  endfacet
  facet normal 0.000000e+00 0.000000e+00 -1.000000e+00
    outer loop
      vertex   4.512754e+01 2.676489e+01 1.548306e+01
      vertex   4.511123e+01 2.682320e+01 1.548306e+01
      vertex   4.512437e+01 2.677770e+01 1.548306e+01
    endloop
  endfacet
  facet normal 0.000000e+00 0.000000e+00 -1.000000e+00
    outer loop
      vertex   4.512437e+01 2.677770e+01 1.548306e+01
      vertex   4.511123e+01 2.682320e+01 1.548306e+01
      vertex   4.512143e+01 2.678875e+01 1.548306e+01
    endloop
  endfacet
  facet normal 0.000000e+00 0.000000e+00 -1.000000e+00
    outer loop
      vertex   4.512437e+01 2.677770e+01 1.548306e+01
      vertex   4.512143e+01 2.678875e+01 1.548306e+01
      vertex   4.512229e+01 2.678563e+01 1.548306e+01
    endloop
  endfacet
  facet normal -0.000000e+00 -0.000000e+00 -1.000000e+00
    outer loop
      vertex   4.532012e+01 2.596200e+01 1.548306e+01
      vertex   4.533115e+01 2.589593e+01 1.548306e+01
      vertex   4.531685e+01 2.597643e+01 1.548306e+01
    endloop
  endfacet
  facet normal 0.000000e+00 0.000000e+00 -1.000000e+00
    outer loop
      vertex   4.531685e+01 2.597643e+01 1.548306e+01
      vertex   4.533115e+01 2.589593e+01 1.548306e+01
      vertex   4.533386e+01 2.587047e+01 1.548306e+01
    endloop
  endfacet
  facet normal -0.000000e+00 -0.000000e+00 -1.000000e+00
    outer loop
      vertex   4.531685e+01 2.597643e+01 1.548306e+01
      vertex   4.533386e+01 2.587047e+01 1.548306e+01
      vertex   4.451887e+01 2.806703e+01 1.548306e+01
    endloop
  endfacet
  facet normal 0.000000e+00 0.000000e+00 -1.000000e+00
    outer loop
      vertex   4.451887e+01 2.806703e+01 1.548306e+01
      vertex   4.533386e+01 2.587047e+01 1.548306e+01
      vertex   4.539692e+01 2.506926e+01 1.548306e+01
    endloop
  endfacet
  facet normal 0.000000e+00 0.000000e+00 -1.000000e+00
    outer loop
      vertex   4.451887e+01 2.806703e+01 1.548306e+01
      vertex   4.539692e+01 2.506926e+01 1.548306e+01
      vertex   4.540000e+01 2.500000e+01 1.548306e+01
    endloop
  endfacet
  facet normal 0.000000e+00 0.000000e+00 -1.000000e+00
    outer loop
      vertex   4.540000e+01 2.500000e+01 1.548306e+01
      vertex   4.539692e+01 2.506926e+01 1.548306e+01
      vertex   4.539966e+01 2.502311e+01 1.548306e+01
    endloop
  endfacet
  facet normal 0.000000e+00 0.000000e+00 -1.000000e+00
    outer loop
      vertex   4.539966e+01 2.502311e+01 1.548306e+01
      vertex   4.539692e+01 2.506926e+01 1.548306e+01
      vertex   4.539863e+01 2.504620e+01 1.548306e+01
    endloop
  endfacet
  facet normal 0.000000e+00 0.000000e+00 -1.000000e+00
    outer loop
      vertex   4.532012e+01 2.596200e+01 1.548306e+01
      vertex   4.532383e+01 2.594348e+01 1.548306e+01
      vertex   4.533115e+01 2.589593e+01 1.548306e+01
    endloop
  endfacet
  facet normal 0.000000e+00 0.000000e+00 -1.000000e+00
    outer loop
      vertex   4.533115e+01 2.589593e+01 1.548306e+01
      vertex   4.532383e+01 2.594348e+01 1.548306e+01
      vertex   4.532768e+01 2.592096e+01 1.548306e+01
    endloop
  endfacet
  facet normal 0.000000e+00 0.000000e+00 -1.000000e+00
    outer loop
      vertex   4.451887e+01 2.806703e+01 1.548306e+01
      vertex   4.540000e+01 2.500000e+01 1.548306e+01
      vertex   4.451887e+01 -2.506366e+01 1.548306e+01
    endloop
  endfacet
  facet normal 0.000000e+00 0.000000e+00 -1.000000e+00
    outer loop
      vertex   4.451887e+01 -2.506366e+01 1.548306e+01
      vertex   4.540000e+01 2.500000e+01 1.548306e+01
      vertex   4.540000e+01 -2.500000e+01 1.548306e+01
    endloop
  endfacet
  facet normal 0.000000e+00 0.000000e+00 -1.000000e+00
    outer loop
      vertex   4.451887e+01 -2.506366e+01 1.548306e+01
      vertex   4.540000e+01 -2.500000e+01 1.548306e+01
      vertex   4.539731e+01 -2.507880e+01 1.548306e+01
    endloop
  endfacet
  facet normal -0.000000e+00 0.000000e+00 -1.000000e+00
    outer loop
      vertex   4.539731e+01 -2.507880e+01 1.548306e+01
      vertex   4.533890e+01 -2.582106e+01 1.548306e+01
      vertex   4.451887e+01 -2.506366e+01 1.548306e+01
    endloop
  endfacet
  facet normal 0.000000e+00 -0.000000e+00 -1.000000e+00
    outer loop
      vertex   4.451887e+01 -2.506366e+01 1.548306e+01
      vertex   4.533890e+01 -2.582106e+01 1.548306e+01
      vertex   4.444413e+01 -2.591801e+01 1.548306e+01
    endloop
  endfacet
  facet normal 0.000000e+00 0.000000e+00 -1.000000e+00
    outer loop
      vertex   4.444413e+01 -2.591801e+01 1.548306e+01
      vertex   4.533890e+01 -2.582106e+01 1.548306e+01
      vertex   4.533084e+01 -2.589950e+01 1.548306e+01
    endloop
  endfacet
  facet normal 0.000000e+00 0.000000e+00 -1.000000e+00
    outer loop
      vertex   4.444413e+01 -2.591801e+01 1.548306e+01
      vertex   4.533084e+01 -2.589950e+01 1.548306e+01
      vertex   4.531744e+01 -2.597720e+01 1.548306e+01
    endloop
  endfacet
  facet normal -0.000000e+00 0.000000e+00 -1.000000e+00
    outer loop
      vertex   4.531744e+01 -2.597720e+01 1.548306e+01
      vertex   4.531107e+01 -2.600595e+01 1.548306e+01
      vertex   4.444413e+01 -2.591801e+01 1.548306e+01
    endloop
  endfacet
  facet normal 0.000000e+00 0.000000e+00 -1.000000e+00
    outer loop
      vertex   4.444413e+01 -2.591801e+01 1.548306e+01
      vertex   4.531107e+01 -2.600595e+01 1.548306e+01
      vertex   4.513715e+01 -2.673034e+01 1.548306e+01
    endloop
  endfacet
  facet normal 0.000000e+00 -0.000000e+00 -1.000000e+00
    outer loop
      vertex   4.444413e+01 -2.591801e+01 1.548306e+01
      vertex   4.513715e+01 -2.673034e+01 1.548306e+01
      vertex   4.422216e+01 -2.674640e+01 1.548306e+01
    endloop
  endfacet
  facet normal 0.000000e+00 0.000000e+00 -1.000000e+00
    outer loop
      vertex   4.422216e+01 -2.674640e+01 1.548306e+01
      vertex   4.513715e+01 -2.673034e+01 1.548306e+01
      vertex   4.512984e+01 -2.675971e+01 1.548306e+01
    endloop
  endfacet
  facet normal 0.000000e+00 0.000000e+00 -1.000000e+00
    outer loop
      vertex   4.422216e+01 -2.674640e+01 1.548306e+01
      vertex   4.512984e+01 -2.675971e+01 1.548306e+01
      vertex   4.512212e+01 -2.678771e+01 1.548306e+01
    endloop
  endfacet
  facet normal -0.000000e+00 0.000000e+00 -1.000000e+00
    outer loop
      vertex   4.512212e+01 -2.678771e+01 1.548306e+01
      vertex   4.511449e+01 -2.681299e+01 1.548306e+01
      vertex   4.422216e+01 -2.674640e+01 1.548306e+01
    endloop
  endfacet
  facet normal 0.000000e+00 0.000000e+00 -1.000000e+00
    outer loop
      vertex   4.422216e+01 -2.674640e+01 1.548306e+01
      vertex   4.511449e+01 -2.681299e+01 1.548306e+01
      vertex   4.510745e+01 -2.683462e+01 1.548306e+01
    endloop
  endfacet
  facet normal 0.000000e+00 0.000000e+00 -1.000000e+00
    outer loop
      vertex   4.422216e+01 -2.674640e+01 1.548306e+01
      vertex   4.510745e+01 -2.683462e+01 1.548306e+01
      vertex   4.510129e+01 -2.685236e+01 1.548306e+01
    endloop
  endfacet
  facet normal -0.000000e+00 0.000000e+00 -1.000000e+00
    outer loop
      vertex   4.510129e+01 -2.685236e+01 1.548306e+01
      vertex   4.509601e+01 -2.686673e+01 1.548306e+01
      vertex   4.422216e+01 -2.674640e+01 1.548306e+01
    endloop
  endfacet
  facet normal 0.000000e+00 0.000000e+00 -1.000000e+00
    outer loop
      vertex   4.422216e+01 -2.674640e+01 1.548306e+01
      vertex   4.509601e+01 -2.686673e+01 1.548306e+01
      vertex   4.509206e+01 -2.687701e+01 1.548306e+01
    endloop
  endfacet
  facet normal 0.000000e+00 0.000000e+00 -1.000000e+00
    outer loop
      vertex   4.422216e+01 -2.674640e+01 1.548306e+01
      vertex   4.509206e+01 -2.687701e+01 1.548306e+01
      vertex   4.479883e+01 -2.758494e+01 1.548306e+01
    endloop
  endfacet
  facet normal 0.000000e+00 -0.000000e+00 -1.000000e+00
    outer loop
      vertex   4.422216e+01 -2.674640e+01 1.548306e+01
      vertex   4.479883e+01 -2.758494e+01 1.548306e+01
      vertex   4.385972e+01 -2.752366e+01 1.548306e+01
    endloop
  endfacet
  facet normal 0.000000e+00 0.000000e+00 -1.000000e+00
    outer loop
      vertex   4.385972e+01 -2.752366e+01 1.548306e+01
      vertex   4.479883e+01 -2.758494e+01 1.548306e+01
      vertex   4.475694e+01 -2.767854e+01 1.548306e+01
    endloop
  endfacet
  facet normal 0.000000e+00 0.000000e+00 -1.000000e+00
    outer loop
      vertex   4.385972e+01 -2.752366e+01 1.548306e+01
      vertex   4.475694e+01 -2.767854e+01 1.548306e+01
      vertex   4.427320e+01 -2.846793e+01 1.548306e+01
    endloop
  endfacet
  facet normal 0.000000e+00 -0.000000e+00 -1.000000e+00
    outer loop
      vertex   4.385972e+01 -2.752366e+01 1.548306e+01
      vertex   4.427320e+01 -2.846793e+01 1.548306e+01
      vertex   4.336781e+01 -2.822618e+01 1.548306e+01
    endloop
  endfacet
  facet normal 0.000000e+00 0.000000e+00 -1.000000e+00
    outer loop
      vertex   4.336781e+01 -2.822618e+01 1.548306e+01
      vertex   4.427320e+01 -2.846793e+01 1.548306e+01
      vertex   4.367193e+01 -2.917193e+01 1.548306e+01
    endloop
  endfacet
  facet normal 0.000000e+00 -0.000000e+00 -1.000000e+00
    outer loop
      vertex   4.336781e+01 -2.822618e+01 1.548306e+01
      vertex   4.367193e+01 -2.917193e+01 1.548306e+01
      vertex   4.276139e+01 -2.883260e+01 1.548306e+01
    endloop
  endfacet
  facet normal 0.000000e+00 0.000000e+00 -1.000000e+00
    outer loop
      vertex   4.276139e+01 -2.883260e+01 1.548306e+01
      vertex   4.367193e+01 -2.917193e+01 1.548306e+01
      vertex   4.296793e+01 -2.977320e+01 1.548306e+01
    endloop
  endfacet
  facet normal 0.000000e+00 -0.000000e+00 -1.000000e+00
    outer loop
      vertex   4.276139e+01 -2.883260e+01 1.548306e+01
      vertex   4.296793e+01 -2.977320e+01 1.548306e+01
      vertex   4.205887e+01 -2.932451e+01 1.548306e+01
    endloop
  endfacet
  facet normal 0.000000e+00 0.000000e+00 -1.000000e+00
    outer loop
      vertex   4.205887e+01 -2.932451e+01 1.548306e+01
      vertex   4.296793e+01 -2.977320e+01 1.548306e+01
      vertex   4.217854e+01 -3.025694e+01 1.548306e+01
    endloop
  endfacet
  facet normal 0.000000e+00 -0.000000e+00 -1.000000e+00
    outer loop
      vertex   4.205887e+01 -2.932451e+01 1.548306e+01
      vertex   4.217854e+01 -3.025694e+01 1.548306e+01
      vertex   4.128161e+01 -2.968695e+01 1.548306e+01
    endloop
  endfacet
  facet normal 0.000000e+00 0.000000e+00 -1.000000e+00
    outer loop
      vertex   4.128161e+01 -2.968695e+01 1.548306e+01
      vertex   4.217854e+01 -3.025694e+01 1.548306e+01
      vertex   4.132320e+01 -3.061123e+01 1.548306e+01
    endloop
  endfacet
  facet normal 0.000000e+00 -0.000000e+00 -1.000000e+00
    outer loop
      vertex   4.128161e+01 -2.968695e+01 1.548306e+01
      vertex   4.132320e+01 -3.061123e+01 1.548306e+01
      vertex   4.045322e+01 -2.990891e+01 1.548306e+01
    endloop
  endfacet
  facet normal 0.000000e+00 -0.000000e+00 -1.000000e+00
    outer loop
      vertex   4.045322e+01 -2.990891e+01 1.548306e+01
      vertex   4.132320e+01 -3.061123e+01 1.548306e+01
      vertex   4.042296e+01 -3.082736e+01 1.548306e+01
    endloop
  endfacet
  facet normal 0.000000e+00 0.000000e+00 -1.000000e+00
    outer loop
      vertex   4.045322e+01 -2.990891e+01 1.548306e+01
      vertex   4.042296e+01 -3.082736e+01 1.548306e+01
      vertex   3.959887e+01 -2.998366e+01 1.548306e+01
    endloop
  endfacet
  facet normal 0.000000e+00 -0.000000e+00 -1.000000e+00
    outer loop
      vertex   3.959887e+01 -2.998366e+01 1.548306e+01
      vertex   4.042296e+01 -3.082736e+01 1.548306e+01
      vertex   3.950000e+01 -3.090000e+01 1.548306e+01
    endloop
  endfacet
  facet normal -0.000000e+00 0.000000e+00 -1.000000e+00
    outer loop
      vertex   3.959887e+01 -2.998366e+01 1.548306e+01
      vertex   3.950000e+01 -3.090000e+01 1.548306e+01
      vertex   3.756336e+01 -2.998366e+01 1.548306e+01
    endloop
  endfacet
  facet normal 0.000000e+00 -0.000000e+00 -1.000000e+00
    outer loop
      vertex   3.756336e+01 -2.998366e+01 1.548306e+01
      vertex   3.950000e+01 -3.090000e+01 1.548306e+01
      vertex   3.741432e+01 -2.999119e+01 1.548306e+01
    endloop
  endfacet
  facet normal 0.000000e+00 -0.000000e+00 -1.000000e+00
    outer loop
      vertex   3.741432e+01 -2.999119e+01 1.548306e+01
      vertex   3.950000e+01 -3.090000e+01 1.548306e+01
      vertex   3.726516e+01 -2.999571e+01 1.548306e+01
    endloop
  endfacet
  facet normal 0.000000e+00 -0.000000e+00 -1.000000e+00
    outer loop
      vertex   3.726516e+01 -2.999571e+01 1.548306e+01
      vertex   3.950000e+01 -3.090000e+01 1.548306e+01
      vertex   3.711594e+01 -2.999722e+01 1.548306e+01
    endloop
  endfacet
  facet normal 0.000000e+00 -0.000000e+00 -1.000000e+00
    outer loop
      vertex   3.711594e+01 -2.999722e+01 1.548306e+01
      vertex   3.950000e+01 -3.090000e+01 1.548306e+01
      vertex   -3.950000e+01 -3.090000e+01 1.548306e+01
    endloop
  endfacet
  facet normal 0.000000e+00 0.000000e+00 -1.000000e+00
    outer loop
      vertex   3.711594e+01 -2.999722e+01 1.548306e+01
      vertex   -3.950000e+01 -3.090000e+01 1.548306e+01
      vertex   -4.260237e+01 -2.999722e+01 1.548306e+01
    endloop
  endfacet
  facet normal 0.000000e+00 0.000000e+00 -1.000000e+00
    outer loop
      vertex   -4.260237e+01 -2.999722e+01 1.548306e+01
      vertex   -3.950000e+01 -3.090000e+01 1.548306e+01
      vertex   -4.217854e+01 -3.025694e+01 1.548306e+01
    endloop
  endfacet
  facet normal 0.000000e+00 0.000000e+00 -1.000000e+00
    outer loop
      vertex   -4.217854e+01 -3.025694e+01 1.548306e+01
      vertex   -3.950000e+01 -3.090000e+01 1.548306e+01
      vertex   -4.132320e+01 -3.061123e+01 1.548306e+01
    endloop
  endfacet
  facet normal 0.000000e+00 0.000000e+00 -1.000000e+00
    outer loop
      vertex   -4.132320e+01 -3.061123e+01 1.548306e+01
      vertex   -3.950000e+01 -3.090000e+01 1.548306e+01
      vertex   -4.042296e+01 -3.082736e+01 1.548306e+01
    endloop
  endfacet
  facet normal -1.178743e-13 -2.181575e-14 -1.000000e+00
    outer loop
      vertex   -6.328949e+01 4.248245e+01 1.548306e+01
      vertex   -6.396489e+01 4.238617e+01 1.548306e+01
      vertex   -6.396548e+01 4.238938e+01 1.548306e+01
    endloop
  endfacet
  facet normal 0.000000e+00 -0.000000e+00 -1.000000e+00
    outer loop
      vertex   -6.396548e+01 4.238938e+01 1.548306e+01
      vertex   -6.396489e+01 4.238617e+01 1.548306e+01
      vertex   -6.436755e+01 4.230333e+01 1.548306e+01
    endloop
  endfacet
  facet normal 0.000000e+00 -0.000000e+00 -1.000000e+00
    outer loop
      vertex   -6.436755e+01 4.230333e+01 1.548306e+01
      vertex   -6.396489e+01 4.238617e+01 1.548306e+01
      vertex   -6.462859e+01 4.222826e+01 1.548306e+01
    endloop
  endfacet
  facet normal 0.000000e+00 0.000000e+00 -1.000000e+00
    outer loop
      vertex   -6.436755e+01 4.230333e+01 1.548306e+01
      vertex   -6.462859e+01 4.222826e+01 1.548306e+01
      vertex   -6.463029e+01 4.223427e+01 1.548306e+01
    endloop
  endfacet
  facet normal 0.000000e+00 -0.000000e+00 -1.000000e+00
    outer loop
      vertex   -6.463029e+01 4.223427e+01 1.548306e+01
      vertex   -6.462859e+01 4.222826e+01 1.548306e+01
      vertex   -6.527498e+01 4.201006e+01 1.548306e+01
    endloop
  endfacet
  facet normal 0.000000e+00 0.000000e+00 -1.000000e+00
    outer loop
      vertex   -6.463029e+01 4.223427e+01 1.548306e+01
      vertex   -6.527498e+01 4.201006e+01 1.548306e+01
      vertex   -6.527819e+01 4.201839e+01 1.548306e+01
    endloop
  endfacet
  facet normal 0.000000e+00 -0.000000e+00 -1.000000e+00
    outer loop
      vertex   -6.527819e+01 4.201839e+01 1.548306e+01
      vertex   -6.527498e+01 4.201006e+01 1.548306e+01
      vertex   -6.540741e+01 4.196718e+01 1.548306e+01
    endloop
  endfacet
  facet normal 0.000000e+00 -0.000000e+00 -1.000000e+00
    outer loop
      vertex   -6.540741e+01 4.196718e+01 1.548306e+01
      vertex   -6.527498e+01 4.201006e+01 1.548306e+01
      vertex   -6.589860e+01 4.173342e+01 1.548306e+01
    endloop
  endfacet
  facet normal 0.000000e+00 0.000000e+00 -1.000000e+00
    outer loop
      vertex   -6.540741e+01 4.196718e+01 1.548306e+01
      vertex   -6.589860e+01 4.173342e+01 1.548306e+01
      vertex   -6.590360e+01 4.174351e+01 1.548306e+01
    endloop
  endfacet
  facet normal 0.000000e+00 -0.000000e+00 -1.000000e+00
    outer loop
      vertex   -6.590360e+01 4.174351e+01 1.548306e+01
      vertex   -6.589860e+01 4.173342e+01 1.548306e+01
      vertex   -6.638632e+01 4.148136e+01 1.548306e+01
    endloop
  endfacet
  facet normal 0.000000e+00 -0.000000e+00 -1.000000e+00
    outer loop
      vertex   -6.638632e+01 4.148136e+01 1.548306e+01
      vertex   -6.589860e+01 4.173342e+01 1.548306e+01
      vertex   -6.649417e+01 4.140066e+01 1.548306e+01
    endloop
  endfacet
  facet normal 0.000000e+00 0.000000e+00 -1.000000e+00
    outer loop
      vertex   -6.638632e+01 4.148136e+01 1.548306e+01
      vertex   -6.649417e+01 4.140066e+01 1.548306e+01
      vertex   -6.706562e+01 4.102651e+01 1.548306e+01
    endloop
  endfacet
  facet normal 0.000000e+00 0.000000e+00 -1.000000e+00
    outer loop
      vertex   -6.706562e+01 4.102651e+01 1.548306e+01
      vertex   -6.649417e+01 4.140066e+01 1.548306e+01
      vertex   -6.705666e+01 4.101462e+01 1.548306e+01
    endloop
  endfacet
  facet normal 0.000000e+00 -0.000000e+00 -1.000000e+00
    outer loop
      vertex   -6.706562e+01 4.102651e+01 1.548306e+01
      vertex   -6.705666e+01 4.101462e+01 1.548306e+01
      vertex   -6.728289e+01 4.085648e+01 1.548306e+01
    endloop
  endfacet
  facet normal 0.000000e+00 -0.000000e+00 -1.000000e+00
    outer loop
      vertex   -6.728289e+01 4.085648e+01 1.548306e+01
      vertex   -6.705666e+01 4.101462e+01 1.548306e+01
      vertex   -6.758132e+01 4.057854e+01 1.548306e+01
    endloop
  endfacet
  facet normal 0.000000e+00 0.000000e+00 -1.000000e+00
    outer loop
      vertex   -6.728289e+01 4.085648e+01 1.548306e+01
      vertex   -6.758132e+01 4.057854e+01 1.548306e+01
      vertex   -6.759217e+01 4.059047e+01 1.548306e+01
    endloop
  endfacet
  facet normal 0.000000e+00 -0.000000e+00 -1.000000e+00
    outer loop
      vertex   -6.759217e+01 4.059047e+01 1.548306e+01
      vertex   -6.758132e+01 4.057854e+01 1.548306e+01
      vertex   -6.806371e+01 4.009611e+01 1.548306e+01
    endloop
  endfacet
  facet normal 0.000000e+00 0.000000e+00 -1.000000e+00
    outer loop
      vertex   -6.759217e+01 4.059047e+01 1.548306e+01
      vertex   -6.806371e+01 4.009611e+01 1.548306e+01
      vertex   -6.807749e+01 4.010621e+01 1.548306e+01
    endloop
  endfacet
  facet normal 0.000000e+00 -0.000000e+00 -1.000000e+00
    outer loop
      vertex   -6.807749e+01 4.010621e+01 1.548306e+01
      vertex   -6.806371e+01 4.009611e+01 1.548306e+01
      vertex   -6.849975e+01 3.957142e+01 1.548306e+01
    endloop
  endfacet
  facet normal 0.000000e+00 0.000000e+00 -1.000000e+00
    outer loop
      vertex   -6.807749e+01 4.010621e+01 1.548306e+01
      vertex   -6.849975e+01 3.957142e+01 1.548306e+01
      vertex   -6.851365e+01 3.958194e+01 1.548306e+01
    endloop
  endfacet
  facet normal 0.000000e+00 -0.000000e+00 -1.000000e+00
    outer loop
      vertex   -6.851365e+01 3.958194e+01 1.548306e+01
      vertex   -6.849975e+01 3.957142e+01 1.548306e+01
      vertex   -6.875276e+01 3.924696e+01 1.548306e+01
    endloop
  endfacet
  facet normal 0.000000e+00 -0.000000e+00 -1.000000e+00
    outer loop
      vertex   -6.875276e+01 3.924696e+01 1.548306e+01
      vertex   -6.849975e+01 3.957142e+01 1.548306e+01
      vertex   -6.888575e+01 3.900890e+01 1.548306e+01
    endloop
  endfacet
  facet normal 0.000000e+00 0.000000e+00 -1.000000e+00
    outer loop
      vertex   -6.875276e+01 3.924696e+01 1.548306e+01
      vertex   -6.888575e+01 3.900890e+01 1.548306e+01
      vertex   -6.929392e+01 3.829752e+01 1.548306e+01
    endloop
  endfacet
  facet normal 0.000000e+00 0.000000e+00 -1.000000e+00
    outer loop
      vertex   -6.929392e+01 3.829752e+01 1.548306e+01
      vertex   -6.888575e+01 3.900890e+01 1.548306e+01
      vertex   -6.921846e+01 3.841330e+01 1.548306e+01
    endloop
  endfacet
  facet normal 0.000000e+00 -0.000000e+00 -1.000000e+00
    outer loop
      vertex   -6.929392e+01 3.829752e+01 1.548306e+01
      vertex   -6.921846e+01 3.841330e+01 1.548306e+01
      vertex   -6.949506e+01 3.778966e+01 1.548306e+01
    endloop
  endfacet
  facet normal 0.000000e+00 0.000000e+00 -1.000000e+00
    outer loop
      vertex   -6.971321e+01 3.714325e+01 1.548306e+01
      vertex   -6.968915e+01 3.727865e+01 1.548306e+01
      vertex   -6.949506e+01 3.778966e+01 1.548306e+01
    endloop
  endfacet
  facet normal -0.000000e+00 0.000000e+00 -1.000000e+00
    outer loop
      vertex   -6.949506e+01 3.778966e+01 1.548306e+01
      vertex   -6.968915e+01 3.727865e+01 1.548306e+01
      vertex   -6.951033e+01 3.779558e+01 1.548306e+01
    endloop
  endfacet
  facet normal 0.000000e+00 0.000000e+00 -1.000000e+00
    outer loop
      vertex   -6.949506e+01 3.778966e+01 1.548306e+01
      vertex   -6.951033e+01 3.779558e+01 1.548306e+01
      vertex   -6.929392e+01 3.829752e+01 1.548306e+01
    endloop
  endfacet
  facet normal 0.000000e+00 0.000000e+00 -1.000000e+00
    outer loop
      vertex   -6.968915e+01 3.727865e+01 1.548306e+01
      vertex   -6.971321e+01 3.714325e+01 1.548306e+01
      vertex   -6.988452e+01 3.648206e+01 1.548306e+01
    endloop
  endfacet
  facet normal 0.000000e+00 0.000000e+00 -1.000000e+00
    outer loop
      vertex   -6.988452e+01 3.648206e+01 1.548306e+01
      vertex   -6.971321e+01 3.714325e+01 1.548306e+01
      vertex   -6.987106e+01 3.647954e+01 1.548306e+01
    endloop
  endfacet
  facet normal 0.000000e+00 -0.000000e+00 -1.000000e+00
    outer loop
      vertex   -6.988452e+01 3.648206e+01 1.548306e+01
      vertex   -6.987106e+01 3.647954e+01 1.548306e+01
      vertex   -6.992980e+01 3.621263e+01 1.548306e+01
    endloop
  endfacet
  facet normal 0.000000e+00 -0.000000e+00 -1.000000e+00
    outer loop
      vertex   -6.992980e+01 3.621263e+01 1.548306e+01
      vertex   -6.987106e+01 3.647954e+01 1.548306e+01
      vertex   -6.996729e+01 3.580414e+01 1.548306e+01
    endloop
  endfacet
  facet normal 0.000000e+00 0.000000e+00 -1.000000e+00
    outer loop
      vertex   -6.992980e+01 3.621263e+01 1.548306e+01
      vertex   -6.996729e+01 3.580414e+01 1.548306e+01
      vertex   -6.997903e+01 3.580523e+01 1.548306e+01
    endloop
  endfacet
  facet normal 0.000000e+00 -0.000000e+00 -1.000000e+00
    outer loop
      vertex   -6.997903e+01 3.580523e+01 1.548306e+01
      vertex   -6.996729e+01 3.580414e+01 1.548306e+01
      vertex   -7.000108e+01 3.512275e+01 1.548306e+01
    endloop
  endfacet
  facet normal 0.000000e+00 0.000000e+00 -1.000000e+00
    outer loop
      vertex   -6.997903e+01 3.580523e+01 1.548306e+01
      vertex   -7.000108e+01 3.512275e+01 1.548306e+01
      vertex   -7.001061e+01 3.512278e+01 1.548306e+01
    endloop
  endfacet
  facet normal 0.000000e+00 0.000000e+00 -1.000000e+00
    outer loop
      vertex   -7.001061e+01 3.512278e+01 1.548306e+01
      vertex   -7.000108e+01 3.512275e+01 1.548306e+01
      vertex   -7.000113e+01 3.509634e+01 1.548306e+01
    endloop
  endfacet
  facet normal 0.000000e+00 0.000000e+00 -1.000000e+00
    outer loop
      vertex   -7.001061e+01 3.512278e+01 1.548306e+01
      vertex   -7.000113e+01 3.509634e+01 1.548306e+01
      vertex   -7.000113e+01 -2.506366e+01 1.548306e+01
    endloop
  endfacet
  facet normal 0.000000e+00 0.000000e+00 -1.000000e+00
    outer loop
      vertex   -7.001061e+01 3.512278e+01 1.548306e+01
      vertex   -7.000113e+01 -2.506366e+01 1.548306e+01
      vertex   -7.001061e+01 -2.510722e+01 1.548306e+01
    endloop
  endfacet
  facet normal 0.000000e+00 0.000000e+00 -1.000000e+00
    outer loop
      vertex   -7.001061e+01 -2.510722e+01 1.548306e+01
      vertex   -7.000113e+01 -2.506366e+01 1.548306e+01
      vertex   -7.000100e+01 -2.510716e+01 1.548306e+01
    endloop
  endfacet
  facet normal 0.000000e+00 0.000000e+00 -1.000000e+00
    outer loop
      vertex   -7.001061e+01 -2.510722e+01 1.548306e+01
      vertex   -7.000100e+01 -2.510716e+01 1.548306e+01
      vertex   -6.997514e+01 -2.583041e+01 1.548306e+01
    endloop
  endfacet
  facet normal 0.000000e+00 0.000000e+00 -1.000000e+00
    outer loop
      vertex   -6.997514e+01 -2.583041e+01 1.548306e+01
      vertex   -7.000100e+01 -2.510716e+01 1.548306e+01
      vertex   -6.996154e+01 -2.582907e+01 1.548306e+01
    endloop
  endfacet
  facet normal 0.000000e+00 0.000000e+00 -1.000000e+00
    outer loop
      vertex   -6.997514e+01 -2.583041e+01 1.548306e+01
      vertex   -6.996154e+01 -2.582907e+01 1.548306e+01
      vertex   -6.991962e+01 -2.626327e+01 1.548306e+01
    endloop
  endfacet
  facet normal 0.000000e+00 0.000000e+00 -1.000000e+00
    outer loop
      vertex   -6.991962e+01 -2.626327e+01 1.548306e+01
      vertex   -6.996154e+01 -2.582907e+01 1.548306e+01
      vertex   -6.985202e+01 -2.654372e+01 1.548306e+01
    endloop
  endfacet
  facet normal 0.000000e+00 0.000000e+00 -1.000000e+00
    outer loop
      vertex   -6.991962e+01 -2.626327e+01 1.548306e+01
      vertex   -6.985202e+01 -2.654372e+01 1.548306e+01
      vertex   -6.964891e+01 -2.739085e+01 1.548306e+01
    endloop
  endfacet
  facet normal 0.000000e+00 0.000000e+00 -1.000000e+00
    outer loop
      vertex   -6.964891e+01 -2.739085e+01 1.548306e+01
      vertex   -6.985202e+01 -2.654372e+01 1.548306e+01
      vertex   -6.967346e+01 -2.724431e+01 1.548306e+01
    endloop
  endfacet
  facet normal 0.000000e+00 0.000000e+00 -1.000000e+00
    outer loop
      vertex   -6.964891e+01 -2.739085e+01 1.548306e+01
      vertex   -6.967346e+01 -2.724431e+01 1.548306e+01
      vertex   -6.942757e+01 -2.792420e+01 1.548306e+01
    endloop
  endfacet
  facet normal 0.000000e+00 0.000000e+00 -1.000000e+00
    outer loop
      vertex   -6.964891e+01 -2.739085e+01 1.548306e+01
      vertex   -6.942757e+01 -2.792420e+01 1.548306e+01
      vertex   -6.920515e+01 -2.846221e+01 1.548306e+01
    endloop
  endfacet
  facet normal 0.000000e+00 0.000000e+00 -1.000000e+00
    outer loop
      vertex   -6.920515e+01 -2.846221e+01 1.548306e+01
      vertex   -6.942757e+01 -2.792420e+01 1.548306e+01
      vertex   -6.911667e+01 -2.857693e+01 1.548306e+01
    endloop
  endfacet
  facet normal 0.000000e+00 0.000000e+00 -1.000000e+00
    outer loop
      vertex   -6.920515e+01 -2.846221e+01 1.548306e+01
      vertex   -6.911667e+01 -2.857693e+01 1.548306e+01
      vertex   -6.874373e+01 -2.919630e+01 1.548306e+01
    endloop
  endfacet
  facet normal 0.000000e+00 0.000000e+00 -1.000000e+00
    outer loop
      vertex   -6.920515e+01 -2.846221e+01 1.548306e+01
      vertex   -6.874373e+01 -2.919630e+01 1.548306e+01
      vertex   -6.859924e+01 -2.945095e+01 1.548306e+01
    endloop
  endfacet
  facet normal 0.000000e+00 0.000000e+00 -1.000000e+00
    outer loop
      vertex   -6.859924e+01 -2.945095e+01 1.548306e+01
      vertex   -6.874373e+01 -2.919630e+01 1.548306e+01
      vertex   -6.831228e+01 -2.977644e+01 1.548306e+01
    endloop
  endfacet
  facet normal 0.000000e+00 0.000000e+00 -1.000000e+00
    outer loop
      vertex   -6.859924e+01 -2.945095e+01 1.548306e+01
      vertex   -6.831228e+01 -2.977644e+01 1.548306e+01
      vertex   -6.784613e+01 -3.033274e+01 1.548306e+01
    endloop
  endfacet
  facet normal 0.000000e+00 0.000000e+00 -1.000000e+00
    outer loop
      vertex   -6.784613e+01 -3.033274e+01 1.548306e+01
      vertex   -6.831228e+01 -2.977644e+01 1.548306e+01
      vertex   -6.782641e+01 -3.031184e+01 1.548306e+01
    endloop
  endfacet
  facet normal 0.000000e+00 0.000000e+00 -1.000000e+00
    outer loop
      vertex   -6.784613e+01 -3.033274e+01 1.548306e+01
      vertex   -6.782641e+01 -3.031184e+01 1.548306e+01
      vertex   -6.729075e+01 -3.079741e+01 1.548306e+01
    endloop
  endfacet
  facet normal 0.000000e+00 0.000000e+00 -1.000000e+00
    outer loop
      vertex   -6.784613e+01 -3.033274e+01 1.548306e+01
      vertex   -6.729075e+01 -3.079741e+01 1.548306e+01
      vertex   -6.696434e+01 -3.108585e+01 1.548306e+01
    endloop
  endfacet
  facet normal 0.000000e+00 0.000000e+00 -1.000000e+00
    outer loop
      vertex   -6.696434e+01 -3.108585e+01 1.548306e+01
      vertex   -6.729075e+01 -3.079741e+01 1.548306e+01
      vertex   -6.671037e+01 -3.122854e+01 1.548306e+01
    endloop
  endfacet
  facet normal 0.000000e+00 0.000000e+00 -1.000000e+00
    outer loop
      vertex   -6.696434e+01 -3.108585e+01 1.548306e+01
      vertex   -6.671037e+01 -3.122854e+01 1.548306e+01
      vertex   -6.597560e+01 -3.169176e+01 1.548306e+01
    endloop
  endfacet
  facet normal 0.000000e+00 0.000000e+00 -1.000000e+00
    outer loop
      vertex   -6.597560e+01 -3.169176e+01 1.548306e+01
      vertex   -6.671037e+01 -3.122854e+01 1.548306e+01
      vertex   -6.609079e+01 -3.160114e+01 1.548306e+01
    endloop
  endfacet
  facet normal 0.000000e+00 0.000000e+00 -1.000000e+00
    outer loop
      vertex   -6.597560e+01 -3.169176e+01 1.548306e+01
      vertex   -6.609079e+01 -3.160114e+01 1.548306e+01
      vertex   -6.543789e+01 -3.191168e+01 1.548306e+01
    endloop
  endfacet
  facet normal 0.000000e+00 0.000000e+00 -1.000000e+00
    outer loop
      vertex   -6.597560e+01 -3.169176e+01 1.548306e+01
      vertex   -6.543789e+01 -3.191168e+01 1.548306e+01
      vertex   -6.490424e+01 -3.213552e+01 1.548306e+01
    endloop
  endfacet
  facet normal 0.000000e+00 0.000000e+00 -1.000000e+00
    outer loop
      vertex   -6.490424e+01 -3.213552e+01 1.548306e+01
      vertex   -6.543789e+01 -3.191168e+01 1.548306e+01
      vertex   -6.475786e+01 -3.215719e+01 1.548306e+01
    endloop
  endfacet
  facet normal 0.000000e+00 0.000000e+00 -1.000000e+00
    outer loop
      vertex   -6.490424e+01 -3.213552e+01 1.548306e+01
      vertex   -6.475786e+01 -3.215719e+01 1.548306e+01
      vertex   -6.405717e+01 -3.233537e+01 1.548306e+01
    endloop
  endfacet
  facet normal 0.000000e+00 0.000000e+00 -1.000000e+00
    outer loop
      vertex   -6.490424e+01 -3.213552e+01 1.548306e+01
      vertex   -6.405717e+01 -3.233537e+01 1.548306e+01
      vertex   -6.377666e+01 -3.240623e+01 1.548306e+01
    endloop
  endfacet
  facet normal 0.000000e+00 0.000000e+00 -1.000000e+00
    outer loop
      vertex   -6.377666e+01 -3.240623e+01 1.548306e+01
      vertex   -6.405717e+01 -3.233537e+01 1.548306e+01
      vertex   -6.334247e+01 -3.244450e+01 1.548306e+01
    endloop
  endfacet
  facet normal 0.000000e+00 0.000000e+00 -1.000000e+00
    outer loop
      vertex   -6.377666e+01 -3.240623e+01 1.548306e+01
      vertex   -6.334247e+01 -3.244450e+01 1.548306e+01
      vertex   -6.334416e+01 -3.246171e+01 1.548306e+01
    endloop
  endfacet
  facet normal 0.000000e+00 0.000000e+00 -1.000000e+00
    outer loop
      vertex   -6.334416e+01 -3.246171e+01 1.548306e+01
      vertex   -6.334247e+01 -3.244450e+01 1.548306e+01
      vertex   -6.262061e+01 -3.249722e+01 1.548306e+01
    endloop
  endfacet
  facet normal 0.000000e+00 0.000000e+00 -1.000000e+00
    outer loop
      vertex   -6.262061e+01 -3.249722e+01 1.548306e+01
      vertex   -6.334247e+01 -3.244450e+01 1.548306e+01
      vertex   -6.262053e+01 -3.248356e+01 1.548306e+01
    endloop
  endfacet
  facet normal 0.000000e+00 0.000000e+00 -1.000000e+00
    outer loop
      vertex   -6.262061e+01 -3.249722e+01 1.548306e+01
      vertex   -6.262053e+01 -3.248356e+01 1.548306e+01
      vertex   -6.258113e+01 -3.248366e+01 1.548306e+01
    endloop
  endfacet
  facet normal 0.000000e+00 -0.000000e+00 -1.000000e+00
    outer loop
      vertex   -6.258113e+01 -3.248366e+01 1.548306e+01
      vertex   -3.974930e+01 -3.248366e+01 1.548306e+01
      vertex   -6.262061e+01 -3.249722e+01 1.548306e+01
    endloop
  endfacet
  facet normal 0.000000e+00 0.000000e+00 -1.000000e+00
    outer loop
      vertex   -6.262061e+01 -3.249722e+01 1.548306e+01
      vertex   -3.974930e+01 -3.248366e+01 1.548306e+01
      vertex   -3.954246e+01 -3.249722e+01 1.548306e+01
    endloop
  endfacet
  facet normal 1.403965e-13 -1.124204e-13 -1.000000e+00
    outer loop
      vertex   4.531448e+01 3.982796e+01 1.548306e+01
      vertex   4.452586e+01 4.064442e+01 1.548306e+01
      vertex   4.452655e+01 4.064528e+01 1.548306e+01
    endloop
  endfacet
  facet normal -0.000000e+00 0.000000e+00 -1.000000e+00
    outer loop
      vertex   4.452655e+01 4.064528e+01 1.548306e+01
      vertex   4.452586e+01 4.064442e+01 1.548306e+01
      vertex   4.362194e+01 4.133103e+01 1.548306e+01
    endloop
  endfacet
  facet normal 0.000000e+00 0.000000e+00 -1.000000e+00
    outer loop
      vertex   4.452655e+01 4.064528e+01 1.548306e+01
      vertex   4.362194e+01 4.133103e+01 1.548306e+01
      vertex   4.362274e+01 4.133226e+01 1.548306e+01
    endloop
  endfacet
  facet normal -0.000000e+00 0.000000e+00 -1.000000e+00
    outer loop
      vertex   4.362274e+01 4.133226e+01 1.548306e+01
      vertex   4.362194e+01 4.133103e+01 1.548306e+01
      vertex   4.262387e+01 4.187172e+01 1.548306e+01
    endloop
  endfacet
  facet normal 0.000000e+00 0.000000e+00 -1.000000e+00
    outer loop
      vertex   4.362274e+01 4.133226e+01 1.548306e+01
      vertex   4.262387e+01 4.187172e+01 1.548306e+01
      vertex   4.262437e+01 4.187271e+01 1.548306e+01
    endloop
  endfacet
  facet normal -1.602839e-13 8.160018e-14 -1.000000e+00
    outer loop
      vertex   4.262437e+01 4.187271e+01 1.548306e+01
      vertex   4.262387e+01 4.187172e+01 1.548306e+01
      vertex   4.155499e+01 4.225385e+01 1.548306e+01
    endloop
  endfacet
  facet normal 0.000000e+00 0.000000e+00 -1.000000e+00
    outer loop
      vertex   3.954246e+01 -3.249722e+01 1.548306e+01
      vertex   4.047895e+01 -3.243584e+01 1.548306e+01
      vertex   3.961594e+01 -3.249722e+01 1.548306e+01
    endloop
  endfacet
  facet normal 0.000000e+00 0.000000e+00 -1.000000e+00
    outer loop
      vertex   3.961594e+01 -3.249722e+01 1.548306e+01
      vertex   4.047895e+01 -3.243584e+01 1.548306e+01
      vertex   4.048021e+01 -3.244650e+01 1.548306e+01
    endloop
  endfacet
  facet normal 0.000000e+00 0.000000e+00 -1.000000e+00
    outer loop
      vertex   4.048021e+01 -3.244650e+01 1.548306e+01
      vertex   4.047895e+01 -3.243584e+01 1.548306e+01
      vertex   4.108388e+01 -3.234995e+01 1.548306e+01
    endloop
  endfacet
  facet normal -0.000000e+00 0.000000e+00 -1.000000e+00
    outer loop
      vertex   4.108388e+01 -3.234995e+01 1.548306e+01
      vertex   4.047895e+01 -3.243584e+01 1.548306e+01
      vertex   4.144114e+01 -3.224444e+01 1.548306e+01
    endloop
  endfacet
  facet normal 0.000000e+00 0.000000e+00 -1.000000e+00
    outer loop
      vertex   4.108388e+01 -3.234995e+01 1.548306e+01
      vertex   4.144114e+01 -3.224444e+01 1.548306e+01
      vertex   4.167750e+01 -3.220384e+01 1.548306e+01
    endloop
  endfacet
  facet normal -0.000000e+00 0.000000e+00 -1.000000e+00
    outer loop
      vertex   4.167750e+01 -3.220384e+01 1.548306e+01
      vertex   4.144114e+01 -3.224444e+01 1.548306e+01
      vertex   4.237012e+01 -3.192910e+01 1.548306e+01
    endloop
  endfacet
  facet normal 0.000000e+00 0.000000e+00 -1.000000e+00
    outer loop
      vertex   4.167750e+01 -3.220384e+01 1.548306e+01
      vertex   4.237012e+01 -3.192910e+01 1.548306e+01
      vertex   4.225702e+01 -3.200916e+01 1.548306e+01
    endloop
  endfacet
  facet normal 0.000000e+00 0.000000e+00 -1.000000e+00
    outer loop
      vertex   4.225702e+01 -3.200916e+01 1.548306e+01
      vertex   4.237012e+01 -3.192910e+01 1.548306e+01
      vertex   4.281846e+01 -3.176724e+01 1.548306e+01
    endloop
  endfacet
  facet normal -0.000000e+00 0.000000e+00 -1.000000e+00
    outer loop
      vertex   4.281846e+01 -3.176724e+01 1.548306e+01
      vertex   4.237012e+01 -3.192910e+01 1.548306e+01
      vertex   4.325000e+01 -3.149519e+01 1.548306e+01
    endloop
  endfacet
  facet normal 0.000000e+00 0.000000e+00 -1.000000e+00
    outer loop
      vertex   4.281846e+01 -3.176724e+01 1.548306e+01
      vertex   4.325000e+01 -3.149519e+01 1.548306e+01
      vertex   4.335799e+01 -3.147975e+01 1.548306e+01
    endloop
  endfacet
  facet normal -0.000000e+00 0.000000e+00 -1.000000e+00
    outer loop
      vertex   4.335799e+01 -3.147975e+01 1.548306e+01
      vertex   4.325000e+01 -3.149519e+01 1.548306e+01
      vertex   4.387190e+01 -3.114864e+01 1.548306e+01
    endloop
  endfacet
  facet normal -0.000000e+00 0.000000e+00 -1.000000e+00
    outer loop
      vertex   4.387190e+01 -3.114864e+01 1.548306e+01
      vertex   4.325000e+01 -3.149519e+01 1.548306e+01
      vertex   4.406571e+01 -3.095015e+01 1.548306e+01
    endloop
  endfacet
  facet normal 0.000000e+00 0.000000e+00 -1.000000e+00
    outer loop
      vertex   4.387190e+01 -3.114864e+01 1.548306e+01
      vertex   4.406571e+01 -3.095015e+01 1.548306e+01
      vertex   4.435669e+01 -3.077620e+01 1.548306e+01
    endloop
  endfacet
  facet normal -0.000000e+00 0.000000e+00 -1.000000e+00
    outer loop
      vertex   4.435669e+01 -3.077620e+01 1.548306e+01
      vertex   4.406571e+01 -3.095015e+01 1.548306e+01
      vertex   4.480330e+01 -3.030330e+01 1.548306e+01
    endloop
  endfacet
  facet normal 0.000000e+00 0.000000e+00 -1.000000e+00
    outer loop
      vertex   4.435669e+01 -3.077620e+01 1.548306e+01
      vertex   4.480330e+01 -3.030330e+01 1.548306e+01
      vertex   4.480904e+01 -3.036495e+01 1.548306e+01
    endloop
  endfacet
  facet normal 0.000000e+00 0.000000e+00 -1.000000e+00
    outer loop
      vertex   4.480904e+01 -3.036495e+01 1.548306e+01
      vertex   4.480330e+01 -3.030330e+01 1.548306e+01
      vertex   4.522585e+01 -2.991772e+01 1.548306e+01
    endloop
  endfacet
  facet normal -0.000000e+00 0.000000e+00 -1.000000e+00
    outer loop
      vertex   4.522585e+01 -2.991772e+01 1.548306e+01
      vertex   4.480330e+01 -3.030330e+01 1.548306e+01
      vertex   4.545015e+01 -2.956571e+01 1.548306e+01
    endloop
  endfacet
  facet normal 0.000000e+00 0.000000e+00 -1.000000e+00
    outer loop
      vertex   4.522585e+01 -2.991772e+01 1.548306e+01
      vertex   4.545015e+01 -2.956571e+01 1.548306e+01
      vertex   4.560427e+01 -2.943758e+01 1.548306e+01
    endloop
  endfacet
  facet normal -0.000000e+00 0.000000e+00 -1.000000e+00
    outer loop
      vertex   4.560427e+01 -2.943758e+01 1.548306e+01
      vertex   4.545015e+01 -2.956571e+01 1.548306e+01
      vertex   4.599519e+01 -2.875000e+01 1.548306e+01
    endloop
  endfacet
  facet normal 0.000000e+00 0.000000e+00 -1.000000e+00
    outer loop
      vertex   4.560427e+01 -2.943758e+01 1.548306e+01
      vertex   4.599519e+01 -2.875000e+01 1.548306e+01
      vertex   4.594170e+01 -2.892779e+01 1.548306e+01
    endloop
  endfacet
  facet normal 0.000000e+00 0.000000e+00 -1.000000e+00
    outer loop
      vertex   4.594170e+01 -2.892779e+01 1.548306e+01
      vertex   4.599519e+01 -2.875000e+01 1.548306e+01
      vertex   4.623584e+01 -2.839187e+01 1.548306e+01
    endloop
  endfacet
  facet normal -0.000000e+00 0.000000e+00 -1.000000e+00
    outer loop
      vertex   4.623584e+01 -2.839187e+01 1.548306e+01
      vertex   4.599519e+01 -2.875000e+01 1.548306e+01
      vertex   4.642910e+01 -2.787013e+01 1.548306e+01
    endloop
  endfacet
  facet normal 0.000000e+00 0.000000e+00 -1.000000e+00
    outer loop
      vertex   4.623584e+01 -2.839187e+01 1.548306e+01
      vertex   4.642910e+01 -2.787013e+01 1.548306e+01
      vertex   4.648469e+01 -2.783346e+01 1.548306e+01
    endloop
  endfacet
  facet normal -0.000000e+00 0.000000e+00 -1.000000e+00
    outer loop
      vertex   4.648469e+01 -2.783346e+01 1.548306e+01
      vertex   4.642910e+01 -2.787013e+01 1.548306e+01
      vertex   4.646807e+01 -2.776174e+01 1.548306e+01
    endloop
  endfacet
  facet normal 0.000000e+00 0.000000e+00 -1.000000e+00
    outer loop
      vertex   4.648469e+01 -2.783346e+01 1.548306e+01
      vertex   4.646807e+01 -2.776174e+01 1.548306e+01
      vertex   4.647043e+01 -2.775471e+01 1.548306e+01
    endloop
  endfacet
  facet normal 0.000000e+00 0.000000e+00 -1.000000e+00
    outer loop
      vertex   4.648469e+01 -2.783346e+01 1.548306e+01
      vertex   4.647043e+01 -2.775471e+01 1.548306e+01
      vertex   4.668652e+01 -2.725639e+01 1.548306e+01
    endloop
  endfacet
  facet normal -0.000000e+00 0.000000e+00 -1.000000e+00
    outer loop
      vertex   4.668652e+01 -2.725639e+01 1.548306e+01
      vertex   4.647043e+01 -2.775471e+01 1.548306e+01
      vertex   4.673298e+01 -2.698124e+01 1.548306e+01
    endloop
  endfacet
  facet normal 0.000000e+00 0.000000e+00 -1.000000e+00
    outer loop
      vertex   4.668652e+01 -2.725639e+01 1.548306e+01
      vertex   4.673298e+01 -2.698124e+01 1.548306e+01
      vertex   4.673559e+01 -2.697258e+01 1.548306e+01
    endloop
  endfacet
  facet normal 0.000000e+00 -0.000000e+00 -1.000000e+00
    outer loop
      vertex   4.673559e+01 -2.697258e+01 1.548306e+01
      vertex   4.674020e+01 -2.695659e+01 1.548306e+01
      vertex   4.668652e+01 -2.725639e+01 1.548306e+01
    endloop
  endfacet
  facet normal 0.000000e+00 0.000000e+00 -1.000000e+00
    outer loop
      vertex   4.668652e+01 -2.725639e+01 1.548306e+01
      vertex   4.674020e+01 -2.695659e+01 1.548306e+01
      vertex   4.674623e+01 -2.693441e+01 1.548306e+01
    endloop
  endfacet
  facet normal 0.000000e+00 0.000000e+00 -1.000000e+00
    outer loop
      vertex   4.668652e+01 -2.725639e+01 1.548306e+01
      vertex   4.674623e+01 -2.693441e+01 1.548306e+01
      vertex   4.675336e+01 -2.690604e+01 1.548306e+01
    endloop
  endfacet
  facet normal 0.000000e+00 0.000000e+00 -1.000000e+00
    outer loop
      vertex   4.668652e+01 -2.725639e+01 1.548306e+01
      vertex   4.675336e+01 -2.690604e+01 1.548306e+01
      vertex   4.683997e+01 -2.666462e+01 1.548306e+01
    endloop
  endfacet
  facet normal 0.000000e+00 0.000000e+00 -1.000000e+00
    outer loop
      vertex   4.683997e+01 -2.666462e+01 1.548306e+01
      vertex   4.675336e+01 -2.690604e+01 1.548306e+01
      vertex   4.676120e+01 -2.687178e+01 1.548306e+01
    endloop
  endfacet
  facet normal 0.000000e+00 0.000000e+00 -1.000000e+00
    outer loop
      vertex   4.683997e+01 -2.666462e+01 1.548306e+01
      vertex   4.676120e+01 -2.687178e+01 1.548306e+01
      vertex   4.676886e+01 -2.683400e+01 1.548306e+01
    endloop
  endfacet
  facet normal 0.000000e+00 0.000000e+00 -1.000000e+00
    outer loop
      vertex   4.676886e+01 -2.683400e+01 1.548306e+01
      vertex   4.692294e+01 -2.605945e+01 1.548306e+01
      vertex   4.683997e+01 -2.666462e+01 1.548306e+01
    endloop
  endfacet
  facet normal 0.000000e+00 0.000000e+00 -1.000000e+00
    outer loop
      vertex   4.683997e+01 -2.666462e+01 1.548306e+01
      vertex   4.692294e+01 -2.605945e+01 1.548306e+01
      vertex   4.694397e+01 -2.606219e+01 1.548306e+01
    endloop
  endfacet
  facet normal 0.000000e+00 0.000000e+00 -1.000000e+00
    outer loop
      vertex   4.694397e+01 -2.606219e+01 1.548306e+01
      vertex   4.692294e+01 -2.605945e+01 1.548306e+01
      vertex   4.692948e+01 -2.602223e+01 1.548306e+01
    endloop
  endfacet
  facet normal 0.000000e+00 0.000000e+00 -1.000000e+00
    outer loop
      vertex   4.694397e+01 -2.606219e+01 1.548306e+01
      vertex   4.692948e+01 -2.602223e+01 1.548306e+01
      vertex   4.693998e+01 -2.594429e+01 1.548306e+01
    endloop
  endfacet
  facet normal 0.000000e+00 -0.000000e+00 -1.000000e+00
    outer loop
      vertex   4.694630e+01 -2.586590e+01 1.548306e+01
      vertex   4.695814e+01 -2.594636e+01 1.548306e+01
      vertex   4.693998e+01 -2.594429e+01 1.548306e+01
    endloop
  endfacet
  facet normal 0.000000e+00 0.000000e+00 -1.000000e+00
    outer loop
      vertex   4.693998e+01 -2.594429e+01 1.548306e+01
      vertex   4.695814e+01 -2.594636e+01 1.548306e+01
      vertex   4.694877e+01 -2.602464e+01 1.548306e+01
    endloop
  endfacet
  facet normal 0.000000e+00 0.000000e+00 -1.000000e+00
    outer loop
      vertex   4.693998e+01 -2.594429e+01 1.548306e+01
      vertex   4.694877e+01 -2.602464e+01 1.548306e+01
      vertex   4.694397e+01 -2.606219e+01 1.548306e+01
    endloop
  endfacet
  facet normal 0.000000e+00 0.000000e+00 -1.000000e+00
    outer loop
      vertex   4.695814e+01 -2.594636e+01 1.548306e+01
      vertex   4.694630e+01 -2.586590e+01 1.548306e+01
      vertex   4.696667e+01 -2.586800e+01 1.548306e+01
    endloop
  endfacet
  facet normal 0.000000e+00 0.000000e+00 -1.000000e+00
    outer loop
      vertex   4.696667e+01 -2.586800e+01 1.548306e+01
      vertex   4.694630e+01 -2.586590e+01 1.548306e+01
      vertex   4.699790e+01 -2.507862e+01 1.548306e+01
    endloop
  endfacet
  facet normal 0.000000e+00 0.000000e+00 -1.000000e+00
    outer loop
      vertex   4.696667e+01 -2.586800e+01 1.548306e+01
      vertex   4.699790e+01 -2.507862e+01 1.548306e+01
      vertex   4.700594e+01 -2.510722e+01 1.548306e+01
    endloop
  endfacet
  facet normal 0.000000e+00 0.000000e+00 -1.000000e+00
    outer loop
      vertex   4.700594e+01 -2.510722e+01 1.548306e+01
      vertex   4.699790e+01 -2.507862e+01 1.548306e+01
      vertex   4.700000e+01 -2.500000e+01 1.548306e+01
    endloop
  endfacet
  facet normal 0.000000e+00 0.000000e+00 -1.000000e+00
    outer loop
      vertex   4.700594e+01 -2.510722e+01 1.548306e+01
      vertex   4.700000e+01 -2.500000e+01 1.548306e+01
      vertex   4.700000e+01 2.500000e+01 1.548306e+01
    endloop
  endfacet
  facet normal 0.000000e+00 0.000000e+00 -1.000000e+00
    outer loop
      vertex   4.700594e+01 -2.510722e+01 1.548306e+01
      vertex   4.700000e+01 2.500000e+01 1.548306e+01
      vertex   4.700594e+01 2.531634e+01 1.548306e+01
    endloop
  endfacet
  facet normal 0.000000e+00 0.000000e+00 -1.000000e+00
    outer loop
      vertex   4.700594e+01 2.531634e+01 1.548306e+01
      vertex   4.700000e+01 2.500000e+01 1.548306e+01
      vertex   4.699973e+01 2.502310e+01 1.548306e+01
    endloop
  endfacet
  facet normal 0.000000e+00 0.000000e+00 -1.000000e+00
    outer loop
      vertex   4.700594e+01 2.531634e+01 1.548306e+01
      vertex   4.699973e+01 2.502310e+01 1.548306e+01
      vertex   4.699892e+01 2.504619e+01 1.548306e+01
    endloop
  endfacet
  facet normal 0.000000e+00 0.000000e+00 -1.000000e+00
    outer loop
      vertex   4.699892e+01 2.504619e+01 1.548306e+01
      vertex   4.699758e+01 2.506926e+01 1.548306e+01
      vertex   4.700594e+01 2.531634e+01 1.548306e+01
    endloop
  endfacet
  facet normal -0.000000e+00 0.000000e+00 -1.000000e+00
    outer loop
      vertex   4.700594e+01 2.531634e+01 1.548306e+01
      vertex   4.699758e+01 2.506926e+01 1.548306e+01
      vertex   4.698138e+01 2.531634e+01 1.548306e+01
    endloop
  endfacet
  facet normal -8.526386e-01 -5.225011e-01 2.638659e-16
    outer loop
      vertex   4.451887e+01 2.806703e+01 1.548306e+01
      vertex   4.451887e+01 2.806703e+01 1.413060e+00
      vertex   4.475694e+01 2.767854e+01 1.548306e+01
    endloop
  endfacet
  facet normal -8.526386e-01 -5.225011e-01 -0.000000e+00
    outer loop
      vertex   4.475694e+01 2.767854e+01 1.548306e+01
      vertex   4.451887e+01 2.806703e+01 1.413060e+00
      vertex   4.475694e+01 2.767854e+01 -9.986939e+00
    endloop
  endfacet
  facet normal -8.526386e-01 -5.225011e-01 1.577867e-17
    outer loop
      vertex   4.475694e+01 2.767854e+01 -9.986939e+00
      vertex   4.451887e+01 2.806703e+01 1.413060e+00
      vertex   4.427320e+01 2.846793e+01 -9.986939e+00
    endloop
  endfacet
  facet normal -8.526386e-01 -5.225011e-01 0.000000e+00
    outer loop
      vertex   4.427320e+01 2.846793e+01 -9.986939e+00
      vertex   4.451887e+01 2.806703e+01 1.413060e+00
      vertex   4.427320e+01 2.846793e+01 1.413060e+00
    endloop
  endfacet
  facet normal 5.224992e-01 8.526398e-01 -2.657180e-16
    outer loop
      vertex   -4.296793e+01 -2.977320e+01 1.413060e+00
      vertex   -4.260237e+01 -2.999722e+01 1.413060e+00
      vertex   -4.296793e+01 -2.977320e+01 -9.986939e+00
    endloop
  endfacet
  facet normal 5.224992e-01 8.526398e-01 1.630464e-16
    outer loop
      vertex   -4.296793e+01 -2.977320e+01 -9.986939e+00
      vertex   -4.260237e+01 -2.999722e+01 1.413060e+00
      vertex   -4.217854e+01 -3.025694e+01 -9.986939e+00
    endloop
  endfacet
  facet normal 5.224992e-01 8.526398e-01 -0.000000e+00
    outer loop
      vertex   -4.217854e+01 -3.025694e+01 -9.986939e+00
      vertex   -4.260237e+01 -2.999722e+01 1.413060e+00
      vertex   -4.217854e+01 -3.025694e+01 1.548306e+01
    endloop
  endfacet
  facet normal 5.224992e-01 8.526398e-01 -5.278188e-16
    outer loop
      vertex   -4.217854e+01 -3.025694e+01 1.548306e+01
      vertex   -4.260237e+01 -2.999722e+01 1.413060e+00
      vertex   -4.260237e+01 -2.999722e+01 1.548306e+01
    endloop
  endfacet
  facet normal 6.494488e-01 7.604054e-01 -2.369739e-16
    outer loop
      vertex   -4.296793e+01 -2.977320e+01 1.413060e+00
      vertex   -4.296793e+01 -2.977320e+01 -9.986939e+00
      vertex   -4.367193e+01 -2.917193e+01 1.413060e+00
    endloop
  endfacet
  facet normal 6.494488e-01 7.604054e-01 -2.369739e-16
    outer loop
      vertex   -4.367193e+01 -2.917193e+01 1.413060e+00
      vertex   -4.296793e+01 -2.977320e+01 -9.986939e+00
      vertex   -4.367193e+01 -2.917193e+01 -9.986939e+00
    endloop
  endfacet
  facet normal 7.604050e-01 6.494492e-01 -2.023954e-16
    outer loop
      vertex   -4.367193e+01 -2.917193e+01 1.413060e+00
      vertex   -4.367193e+01 -2.917193e+01 -9.986939e+00
      vertex   -4.427320e+01 -2.846793e+01 1.413060e+00
    endloop
  endfacet
  facet normal 7.604050e-01 6.494492e-01 -2.023954e-16
    outer loop
      vertex   -4.427320e+01 -2.846793e+01 1.413060e+00
      vertex   -4.367193e+01 -2.917193e+01 -9.986939e+00
      vertex   -4.427320e+01 -2.846793e+01 -9.986939e+00
    endloop
  endfacet
  facet normal 8.526386e-01 5.225011e-01 -1.628331e-16
    outer loop
      vertex   -4.427320e+01 -2.846793e+01 1.413060e+00
      vertex   -4.427320e+01 -2.846793e+01 -9.986939e+00
      vertex   -4.475694e+01 -2.767854e+01 1.413060e+00
    endloop
  endfacet
  facet normal 8.526386e-01 5.225011e-01 -1.628331e-16
    outer loop
      vertex   -4.475694e+01 -2.767854e+01 1.413060e+00
      vertex   -4.427320e+01 -2.846793e+01 -9.986939e+00
      vertex   -4.475694e+01 -2.767854e+01 -9.986939e+00
    endloop
  endfacet
  facet normal 9.238814e-01 3.826790e-01 -1.192587e-16
    outer loop
      vertex   -4.475694e+01 -2.767854e+01 1.413060e+00
      vertex   -4.475694e+01 -2.767854e+01 -9.986939e+00
      vertex   -4.511123e+01 -2.682320e+01 1.413060e+00
    endloop
  endfacet
  facet normal 9.238814e-01 3.826790e-01 -1.192587e-16
    outer loop
      vertex   -4.511123e+01 -2.682320e+01 1.413060e+00
      vertex   -4.475694e+01 -2.767854e+01 -9.986939e+00
      vertex   -4.511123e+01 -2.682320e+01 -9.986939e+00
    endloop
  endfacet
  facet normal -9.978589e-01 6.540278e-02 0.000000e+00
    outer loop
      vertex   -4.697927e+01 2.531634e+01 1.413060e+00
      vertex   -4.697927e+01 2.531634e+01 -9.986939e+00
      vertex   -4.700000e+01 2.500000e+01 1.413060e+00
    endloop
  endfacet
  facet normal -9.978589e-01 6.540278e-02 0.000000e+00
    outer loop
      vertex   -4.700000e+01 2.500000e+01 1.413060e+00
      vertex   -4.697927e+01 2.531634e+01 -9.986939e+00
      vertex   -4.700000e+01 2.500000e+01 -9.986939e+00
    endloop
  endfacet
  facet normal 0.000000e+00 -0.000000e+00 1.000000e+00
    outer loop
      vertex   4.451887e+01 2.806703e+01 1.413060e+00
      vertex   4.451887e+01 3.509634e+01 1.413060e+00
      vertex   4.427320e+01 2.846793e+01 1.413060e+00
    endloop
  endfacet
  facet normal 0.000000e+00 -0.000000e+00 1.000000e+00
    outer loop
      vertex   4.427320e+01 2.846793e+01 1.413060e+00
      vertex   4.451887e+01 3.509634e+01 1.413060e+00
      vertex   4.367193e+01 2.917193e+01 1.413060e+00
    endloop
  endfacet
  facet normal 0.000000e+00 -0.000000e+00 1.000000e+00
    outer loop
      vertex   4.367193e+01 2.917193e+01 1.413060e+00
      vertex   4.451887e+01 3.509634e+01 1.413060e+00
      vertex   4.296793e+01 2.977320e+01 1.413060e+00
    endloop
  endfacet
  facet normal 0.000000e+00 -0.000000e+00 1.000000e+00
    outer loop
      vertex   4.296793e+01 2.977320e+01 1.413060e+00
      vertex   4.451887e+01 3.509634e+01 1.413060e+00
      vertex   4.217854e+01 3.025694e+01 1.413060e+00
    endloop
  endfacet
  facet normal 0.000000e+00 -0.000000e+00 1.000000e+00
    outer loop
      vertex   4.217854e+01 3.025694e+01 1.413060e+00
      vertex   4.451887e+01 3.509634e+01 1.413060e+00
      vertex   4.132320e+01 3.061123e+01 1.413060e+00
    endloop
  endfacet
  facet normal 0.000000e+00 -0.000000e+00 1.000000e+00
    outer loop
      vertex   4.132320e+01 3.061123e+01 1.413060e+00
      vertex   4.451887e+01 3.509634e+01 1.413060e+00
      vertex   4.042296e+01 3.082736e+01 1.413060e+00
    endloop
  endfacet
  facet normal 0.000000e+00 -0.000000e+00 1.000000e+00
    outer loop
      vertex   4.042296e+01 3.082736e+01 1.413060e+00
      vertex   4.451887e+01 3.509634e+01 1.413060e+00
      vertex   3.950000e+01 3.090000e+01 1.413060e+00
    endloop
  endfacet
  facet normal 0.000000e+00 0.000000e+00 1.000000e+00
    outer loop
      vertex   3.950000e+01 3.090000e+01 1.413060e+00
      vertex   4.451887e+01 3.509634e+01 1.413060e+00
      vertex   4.444413e+01 3.595069e+01 1.413060e+00
    endloop
  endfacet
  facet normal 0.000000e+00 0.000000e+00 1.000000e+00
    outer loop
      vertex   3.950000e+01 3.090000e+01 1.413060e+00
      vertex   4.444413e+01 3.595069e+01 1.413060e+00
      vertex   3.959887e+01 4.001634e+01 1.413060e+00
    endloop
  endfacet
  facet normal 0.000000e+00 0.000000e+00 1.000000e+00
    outer loop
      vertex   3.959887e+01 4.001634e+01 1.413060e+00
      vertex   4.444413e+01 3.595069e+01 1.413060e+00
      vertex   4.422216e+01 3.677908e+01 1.413060e+00
    endloop
  endfacet
  facet normal 0.000000e+00 0.000000e+00 1.000000e+00
    outer loop
      vertex   3.959887e+01 4.001634e+01 1.413060e+00
      vertex   4.422216e+01 3.677908e+01 1.413060e+00
      vertex   4.385972e+01 3.755634e+01 1.413060e+00
    endloop
  endfacet
  facet normal 0.000000e+00 0.000000e+00 1.000000e+00
    outer loop
      vertex   4.385972e+01 3.755634e+01 1.413060e+00
      vertex   4.336781e+01 3.825885e+01 1.413060e+00
      vertex   3.959887e+01 4.001634e+01 1.413060e+00
    endloop
  endfacet
  facet normal 0.000000e+00 0.000000e+00 1.000000e+00
    outer loop
      vertex   3.959887e+01 4.001634e+01 1.413060e+00
      vertex   4.336781e+01 3.825885e+01 1.413060e+00
      vertex   4.276139e+01 3.886528e+01 1.413060e+00
    endloop
  endfacet
  facet normal 0.000000e+00 0.000000e+00 1.000000e+00
    outer loop
      vertex   3.959887e+01 4.001634e+01 1.413060e+00
      vertex   4.276139e+01 3.886528e+01 1.413060e+00
      vertex   4.205887e+01 3.935718e+01 1.413060e+00
    endloop
  endfacet
  facet normal 0.000000e+00 0.000000e+00 1.000000e+00
    outer loop
      vertex   4.205887e+01 3.935718e+01 1.413060e+00
      vertex   4.128161e+01 3.971963e+01 1.413060e+00
      vertex   3.959887e+01 4.001634e+01 1.413060e+00
    endloop
  endfacet
  facet normal 0.000000e+00 0.000000e+00 1.000000e+00
    outer loop
      vertex   3.959887e+01 4.001634e+01 1.413060e+00
      vertex   4.128161e+01 3.971963e+01 1.413060e+00
      vertex   4.045322e+01 3.994159e+01 1.413060e+00
    endloop
  endfacet
  facet normal 0.000000e+00 -0.000000e+00 1.000000e+00
    outer loop
      vertex   3.950000e+01 3.090000e+01 1.413060e+00
      vertex   3.959887e+01 4.001634e+01 1.413060e+00
      vertex   -3.950000e+01 3.090000e+01 1.413060e+00
    endloop
  endfacet
  facet normal 0.000000e+00 -0.000000e+00 1.000000e+00
    outer loop
      vertex   -3.950000e+01 3.090000e+01 1.413060e+00
      vertex   3.959887e+01 4.001634e+01 1.413060e+00
      vertex   -6.258113e+01 4.001634e+01 1.413060e+00
    endloop
  endfacet
  facet normal 0.000000e+00 0.000000e+00 1.000000e+00
    outer loop
      vertex   -3.950000e+01 3.090000e+01 1.413060e+00
      vertex   -6.258113e+01 4.001634e+01 1.413060e+00
      vertex   -4.042296e+01 3.082736e+01 1.413060e+00
    endloop
  endfacet
  facet normal 0.000000e+00 0.000000e+00 1.000000e+00
    outer loop
      vertex   -4.042296e+01 3.082736e+01 1.413060e+00
      vertex   -6.258113e+01 4.001634e+01 1.413060e+00
      vertex   -4.132320e+01 3.061123e+01 1.413060e+00
    endloop
  endfacet
  facet normal 0.000000e+00 0.000000e+00 1.000000e+00
    outer loop
      vertex   -4.132320e+01 3.061123e+01 1.413060e+00
      vertex   -6.258113e+01 4.001634e+01 1.413060e+00
      vertex   -4.217854e+01 3.025694e+01 1.413060e+00
    endloop
  endfacet
  facet normal 0.000000e+00 0.000000e+00 1.000000e+00
    outer loop
      vertex   -4.217854e+01 3.025694e+01 1.413060e+00
      vertex   -6.258113e+01 4.001634e+01 1.413060e+00
      vertex   -4.296793e+01 2.977320e+01 1.413060e+00
    endloop
  endfacet
  facet normal 0.000000e+00 0.000000e+00 1.000000e+00
    outer loop
      vertex   -4.296793e+01 2.977320e+01 1.413060e+00
      vertex   -6.258113e+01 4.001634e+01 1.413060e+00
      vertex   -4.367193e+01 2.917193e+01 1.413060e+00
    endloop
  endfacet
  facet normal 0.000000e+00 0.000000e+00 1.000000e+00
    outer loop
      vertex   -4.367193e+01 2.917193e+01 1.413060e+00
      vertex   -6.258113e+01 4.001634e+01 1.413060e+00
      vertex   -6.750113e+01 3.299699e+01 1.413060e+00
    endloop
  endfacet
  facet normal 0.000000e+00 0.000000e+00 1.000000e+00
    outer loop
      vertex   -4.367193e+01 2.917193e+01 1.413060e+00
      vertex   -6.750113e+01 3.299699e+01 1.413060e+00
      vertex   -6.750639e+01 3.287231e+01 1.413060e+00
    endloop
  endfacet
  facet normal -0.000000e+00 0.000000e+00 1.000000e+00
    outer loop
      vertex   -6.343548e+01 3.994159e+01 1.413060e+00
      vertex   -6.426387e+01 3.971963e+01 1.413060e+00
      vertex   -6.258113e+01 4.001634e+01 1.413060e+00
    endloop
  endfacet
  facet normal 0.000000e+00 0.000000e+00 1.000000e+00
    outer loop
      vertex   -6.258113e+01 4.001634e+01 1.413060e+00
      vertex   -6.426387e+01 3.971963e+01 1.413060e+00
      vertex   -6.504113e+01 3.935718e+01 1.413060e+00
    endloop
  endfacet
  facet normal 0.000000e+00 0.000000e+00 1.000000e+00
    outer loop
      vertex   -6.258113e+01 4.001634e+01 1.413060e+00
      vertex   -6.504113e+01 3.935718e+01 1.413060e+00
      vertex   -6.574364e+01 3.886528e+01 1.413060e+00
    endloop
  endfacet
  facet normal -0.000000e+00 0.000000e+00 1.000000e+00
    outer loop
      vertex   -6.574364e+01 3.886528e+01 1.413060e+00
      vertex   -6.635007e+01 3.825885e+01 1.413060e+00
      vertex   -6.258113e+01 4.001634e+01 1.413060e+00
    endloop
  endfacet
  facet normal 0.000000e+00 0.000000e+00 1.000000e+00
    outer loop
      vertex   -6.258113e+01 4.001634e+01 1.413060e+00
      vertex   -6.635007e+01 3.825885e+01 1.413060e+00
      vertex   -6.684197e+01 3.755634e+01 1.413060e+00
    endloop
  endfacet
  facet normal 0.000000e+00 0.000000e+00 1.000000e+00
    outer loop
      vertex   -6.258113e+01 4.001634e+01 1.413060e+00
      vertex   -6.684197e+01 3.755634e+01 1.413060e+00
      vertex   -6.720441e+01 3.677908e+01 1.413060e+00
    endloop
  endfacet
  facet normal -0.000000e+00 0.000000e+00 1.000000e+00
    outer loop
      vertex   -6.720441e+01 3.677908e+01 1.413060e+00
      vertex   -6.742638e+01 3.595069e+01 1.413060e+00
      vertex   -6.258113e+01 4.001634e+01 1.413060e+00
    endloop
  endfacet
  facet normal 0.000000e+00 0.000000e+00 1.000000e+00
    outer loop
      vertex   -6.258113e+01 4.001634e+01 1.413060e+00
      vertex   -6.742638e+01 3.595069e+01 1.413060e+00
      vertex   -6.750113e+01 3.509634e+01 1.413060e+00
    endloop
  endfacet
  facet normal 0.000000e+00 0.000000e+00 1.000000e+00
    outer loop
      vertex   -6.258113e+01 4.001634e+01 1.413060e+00
      vertex   -6.750113e+01 3.509634e+01 1.413060e+00
      vertex   -6.750113e+01 3.299699e+01 1.413060e+00
    endloop
  endfacet
  facet normal 0.000000e+00 0.000000e+00 1.000000e+00
    outer loop
      vertex   -6.750639e+01 3.287231e+01 1.413060e+00
      vertex   -6.750955e+01 3.274756e+01 1.413060e+00
      vertex   -4.367193e+01 2.917193e+01 1.413060e+00
    endloop
  endfacet
  facet normal 0.000000e+00 0.000000e+00 1.000000e+00
    outer loop
      vertex   -4.367193e+01 2.917193e+01 1.413060e+00
      vertex   -6.750955e+01 3.274756e+01 1.413060e+00
      vertex   -6.751061e+01 3.262278e+01 1.413060e+00
    endloop
  endfacet
  facet normal 0.000000e+00 0.000000e+00 1.000000e+00
    outer loop
      vertex   -4.367193e+01 2.917193e+01 1.413060e+00
      vertex   -6.751061e+01 3.262278e+01 1.413060e+00
      vertex   -4.427320e+01 2.846793e+01 1.413060e+00
    endloop
  endfacet
  facet normal 0.000000e+00 0.000000e+00 1.000000e+00
    outer loop
      vertex   -4.427320e+01 2.846793e+01 1.413060e+00
      vertex   -6.751061e+01 3.262278e+01 1.413060e+00
      vertex   -4.475694e+01 2.767854e+01 1.413060e+00
    endloop
  endfacet
  facet normal 0.000000e+00 0.000000e+00 1.000000e+00
    outer loop
      vertex   -4.475694e+01 2.767854e+01 1.413060e+00
      vertex   -6.751061e+01 3.262278e+01 1.413060e+00
      vertex   -4.700000e+01 2.531634e+01 1.413060e+00
    endloop
  endfacet
  facet normal 0.000000e+00 0.000000e+00 1.000000e+00
    outer loop
      vertex   -4.475694e+01 2.767854e+01 1.413060e+00
      vertex   -4.700000e+01 2.531634e+01 1.413060e+00
      vertex   -4.511123e+01 2.682320e+01 1.413060e+00
    endloop
  endfacet
  facet normal 0.000000e+00 0.000000e+00 1.000000e+00
    outer loop
      vertex   -4.511123e+01 2.682320e+01 1.413060e+00
      vertex   -4.700000e+01 2.531634e+01 1.413060e+00
      vertex   -4.532737e+01 2.592296e+01 1.413060e+00
    endloop
  endfacet
  facet normal 0.000000e+00 0.000000e+00 1.000000e+00
    outer loop
      vertex   -4.532737e+01 2.592296e+01 1.413060e+00
      vertex   -4.700000e+01 2.531634e+01 1.413060e+00
      vertex   -4.697927e+01 2.531634e+01 1.413060e+00
    endloop
  endfacet
  facet normal 0.000000e+00 0.000000e+00 1.000000e+00
    outer loop
      vertex   -4.532737e+01 2.592296e+01 1.413060e+00
      vertex   -4.697927e+01 2.531634e+01 1.413060e+00
      vertex   -4.540000e+01 2.500000e+01 1.413060e+00
    endloop
  endfacet
  facet normal 0.000000e+00 0.000000e+00 1.000000e+00
    outer loop
      vertex   -4.540000e+01 2.500000e+01 1.413060e+00
      vertex   -4.697927e+01 2.531634e+01 1.413060e+00
      vertex   -4.700000e+01 2.500000e+01 1.413060e+00
    endloop
  endfacet
  facet normal 0.000000e+00 0.000000e+00 1.000000e+00
    outer loop
      vertex   -4.540000e+01 2.500000e+01 1.413060e+00
      vertex   -4.700000e+01 2.500000e+01 1.413060e+00
      vertex   -4.540000e+01 -2.500000e+01 1.413060e+00
    endloop
  endfacet
  facet normal 0.000000e+00 0.000000e+00 1.000000e+00
    outer loop
      vertex   -4.540000e+01 -2.500000e+01 1.413060e+00
      vertex   -4.700000e+01 2.500000e+01 1.413060e+00
      vertex   -6.751061e+01 -2.260722e+01 1.413060e+00
    endloop
  endfacet
  facet normal 0.000000e+00 0.000000e+00 1.000000e+00
    outer loop
      vertex   -4.540000e+01 -2.500000e+01 1.413060e+00
      vertex   -6.751061e+01 -2.260722e+01 1.413060e+00
      vertex   -6.750955e+01 -2.273200e+01 1.413060e+00
    endloop
  endfacet
  facet normal 0.000000e+00 0.000000e+00 1.000000e+00
    outer loop
      vertex   -4.700000e+01 2.531634e+01 1.413060e+00
      vertex   -6.751061e+01 3.262278e+01 1.413060e+00
      vertex   -4.700000e+01 2.500000e+01 1.413060e+00
    endloop
  endfacet
  facet normal 0.000000e+00 0.000000e+00 1.000000e+00
    outer loop
      vertex   -4.700000e+01 2.500000e+01 1.413060e+00
      vertex   -6.751061e+01 3.262278e+01 1.413060e+00
      vertex   -6.751061e+01 -2.260722e+01 1.413060e+00
    endloop
  endfacet
  facet normal 0.000000e+00 0.000000e+00 1.000000e+00
    outer loop
      vertex   -6.750955e+01 -2.273200e+01 1.413060e+00
      vertex   -6.750639e+01 -2.285674e+01 1.413060e+00
      vertex   -4.540000e+01 -2.500000e+01 1.413060e+00
    endloop
  endfacet
  facet normal 0.000000e+00 0.000000e+00 1.000000e+00
    outer loop
      vertex   -4.540000e+01 -2.500000e+01 1.413060e+00
      vertex   -6.750639e+01 -2.285674e+01 1.413060e+00
      vertex   -6.750113e+01 -2.298142e+01 1.413060e+00
    endloop
  endfacet
  facet normal 0.000000e+00 0.000000e+00 1.000000e+00
    outer loop
      vertex   -4.540000e+01 -2.500000e+01 1.413060e+00
      vertex   -6.750113e+01 -2.298142e+01 1.413060e+00
      vertex   -6.012061e+01 -2.999722e+01 1.413060e+00
    endloop
  endfacet
  facet normal 0.000000e+00 0.000000e+00 1.000000e+00
    outer loop
      vertex   -6.012061e+01 -2.999722e+01 1.413060e+00
      vertex   -6.750113e+01 -2.298142e+01 1.413060e+00
      vertex   -6.750113e+01 -2.506366e+01 1.413060e+00
    endloop
  endfacet
  facet normal 0.000000e+00 0.000000e+00 1.000000e+00
    outer loop
      vertex   -6.012061e+01 -2.999722e+01 1.413060e+00
      vertex   -6.750113e+01 -2.506366e+01 1.413060e+00
      vertex   -6.742638e+01 -2.591801e+01 1.413060e+00
    endloop
  endfacet
  facet normal 0.000000e+00 0.000000e+00 1.000000e+00
    outer loop
      vertex   -6.012061e+01 -2.999722e+01 1.413060e+00
      vertex   -6.742638e+01 -2.591801e+01 1.413060e+00
      vertex   -6.056803e+01 -2.998366e+01 1.413060e+00
    endloop
  endfacet
  facet normal 0.000000e+00 0.000000e+00 1.000000e+00
    outer loop
      vertex   -6.056803e+01 -2.998366e+01 1.413060e+00
      vertex   -6.742638e+01 -2.591801e+01 1.413060e+00
      vertex   -6.720441e+01 -2.674640e+01 1.413060e+00
    endloop
  endfacet
  facet normal 0.000000e+00 0.000000e+00 1.000000e+00
    outer loop
      vertex   -6.056803e+01 -2.998366e+01 1.413060e+00
      vertex   -6.720441e+01 -2.674640e+01 1.413060e+00
      vertex   -6.684197e+01 -2.752366e+01 1.413060e+00
    endloop
  endfacet
  facet normal 0.000000e+00 0.000000e+00 1.000000e+00
    outer loop
      vertex   -6.684197e+01 -2.752366e+01 1.413060e+00
      vertex   -6.635007e+01 -2.822618e+01 1.413060e+00
      vertex   -6.056803e+01 -2.998366e+01 1.413060e+00
    endloop
  endfacet
  facet normal 0.000000e+00 0.000000e+00 1.000000e+00
    outer loop
      vertex   -6.056803e+01 -2.998366e+01 1.413060e+00
      vertex   -6.635007e+01 -2.822618e+01 1.413060e+00
      vertex   -6.574364e+01 -2.883260e+01 1.413060e+00
    endloop
  endfacet
  facet normal 0.000000e+00 0.000000e+00 1.000000e+00
    outer loop
      vertex   -6.056803e+01 -2.998366e+01 1.413060e+00
      vertex   -6.574364e+01 -2.883260e+01 1.413060e+00
      vertex   -6.258113e+01 -2.998366e+01 1.413060e+00
    endloop
  endfacet
  facet normal 0.000000e+00 0.000000e+00 1.000000e+00
    outer loop
      vertex   -6.258113e+01 -2.998366e+01 1.413060e+00
      vertex   -6.574364e+01 -2.883260e+01 1.413060e+00
      vertex   -6.504113e+01 -2.932451e+01 1.413060e+00
    endloop
  endfacet
  facet normal 0.000000e+00 0.000000e+00 1.000000e+00
    outer loop
      vertex   -6.258113e+01 -2.998366e+01 1.413060e+00
      vertex   -6.504113e+01 -2.932451e+01 1.413060e+00
      vertex   -6.426387e+01 -2.968695e+01 1.413060e+00
    endloop
  endfacet
  facet normal 0.000000e+00 0.000000e+00 1.000000e+00
    outer loop
      vertex   -6.426387e+01 -2.968695e+01 1.413060e+00
      vertex   -6.343548e+01 -2.990891e+01 1.413060e+00
      vertex   -6.258113e+01 -2.998366e+01 1.413060e+00
    endloop
  endfacet
  facet normal 0.000000e+00 0.000000e+00 1.000000e+00
    outer loop
      vertex   -6.056803e+01 -2.998366e+01 1.413060e+00
      vertex   -6.041899e+01 -2.999119e+01 1.413060e+00
      vertex   -6.012061e+01 -2.999722e+01 1.413060e+00
    endloop
  endfacet
  facet normal 0.000000e+00 0.000000e+00 1.000000e+00
    outer loop
      vertex   -6.012061e+01 -2.999722e+01 1.413060e+00
      vertex   -6.041899e+01 -2.999119e+01 1.413060e+00
      vertex   -6.026983e+01 -2.999571e+01 1.413060e+00
    endloop
  endfacet
  facet normal 0.000000e+00 0.000000e+00 1.000000e+00
    outer loop
      vertex   -4.260237e+01 -2.999722e+01 1.413060e+00
      vertex   -4.296793e+01 -2.977320e+01 1.413060e+00
      vertex   -6.012061e+01 -2.999722e+01 1.413060e+00
    endloop
  endfacet
  facet normal 0.000000e+00 0.000000e+00 1.000000e+00
    outer loop
      vertex   -6.012061e+01 -2.999722e+01 1.413060e+00
      vertex   -4.296793e+01 -2.977320e+01 1.413060e+00
      vertex   -4.367193e+01 -2.917193e+01 1.413060e+00
    endloop
  endfacet
  facet normal 0.000000e+00 0.000000e+00 1.000000e+00
    outer loop
      vertex   -6.012061e+01 -2.999722e+01 1.413060e+00
      vertex   -4.367193e+01 -2.917193e+01 1.413060e+00
      vertex   -4.427320e+01 -2.846793e+01 1.413060e+00
    endloop
  endfacet
  facet normal 0.000000e+00 0.000000e+00 1.000000e+00
    outer loop
      vertex   -4.427320e+01 -2.846793e+01 1.413060e+00
      vertex   -4.475694e+01 -2.767854e+01 1.413060e+00
      vertex   -6.012061e+01 -2.999722e+01 1.413060e+00
    endloop
  endfacet
  facet normal 0.000000e+00 0.000000e+00 1.000000e+00
    outer loop
      vertex   -6.012061e+01 -2.999722e+01 1.413060e+00
      vertex   -4.475694e+01 -2.767854e+01 1.413060e+00
      vertex   -4.511123e+01 -2.682320e+01 1.413060e+00
    endloop
  endfacet
  facet normal 0.000000e+00 0.000000e+00 1.000000e+00
    outer loop
      vertex   -6.012061e+01 -2.999722e+01 1.413060e+00
      vertex   -4.511123e+01 -2.682320e+01 1.413060e+00
      vertex   -4.532737e+01 -2.592296e+01 1.413060e+00
    endloop
  endfacet
  facet normal 0.000000e+00 0.000000e+00 1.000000e+00
    outer loop
      vertex   -4.532737e+01 -2.592296e+01 1.413060e+00
      vertex   -4.540000e+01 -2.500000e+01 1.413060e+00
      vertex   -6.012061e+01 -2.999722e+01 1.413060e+00
    endloop
  endfacet
  facet normal -5.046282e-02 9.987259e-01 0.000000e+00
    outer loop
      vertex   3.756336e+01 -2.998366e+01 1.548306e+01
      vertex   3.741432e+01 -2.999119e+01 1.548306e+01
      vertex   3.756336e+01 -2.998366e+01 2.371446e+01
    endloop
  endfacet
  facet normal -3.028593e-02 9.995412e-01 -3.660712e-04
    outer loop
      vertex   3.756336e+01 -2.998366e+01 2.371446e+01
      vertex   3.741432e+01 -2.999119e+01 1.548306e+01
      vertex   3.726516e+01 -2.999571e+01 1.548306e+01
    endloop
  endfacet
  facet normal -3.029699e-02 9.995409e-01 -3.656697e-04
    outer loop
      vertex   3.756336e+01 -2.998366e+01 2.371446e+01
      vertex   3.726516e+01 -2.999571e+01 1.548306e+01
      vertex   3.711594e+01 -2.999722e+01 2.372802e+01
    endloop
  endfacet
  facet normal -1.009668e-02 9.999490e-01 0.000000e+00
    outer loop
      vertex   3.711594e+01 -2.999722e+01 2.372802e+01
      vertex   3.726516e+01 -2.999571e+01 1.548306e+01
      vertex   3.711594e+01 -2.999722e+01 1.548306e+01
    endloop
  endfacet
  facet normal -8.913169e-17 1.000000e+00 0.000000e+00
    outer loop
      vertex   3.711594e+01 -2.999722e+01 1.548306e+01
      vertex   -4.260237e+01 -2.999722e+01 1.548306e+01
      vertex   3.711594e+01 -2.999722e+01 2.372802e+01
    endloop
  endfacet
  facet normal -7.307363e-17 1.000000e+00 -1.552610e-16
    outer loop
      vertex   3.711594e+01 -2.999722e+01 2.372802e+01
      vertex   -4.260237e+01 -2.999722e+01 1.548306e+01
      vertex   -6.012061e+01 -2.999722e+01 2.372802e+01
    endloop
  endfacet
  facet normal 0.000000e+00 1.000000e+00 0.000000e+00
    outer loop
      vertex   -6.012061e+01 -2.999722e+01 2.372802e+01
      vertex   -4.260237e+01 -2.999722e+01 1.548306e+01
      vertex   -6.012061e+01 -2.999722e+01 1.413060e+00
    endloop
  endfacet
  facet normal 0.000000e+00 1.000000e+00 0.000000e+00
    outer loop
      vertex   -6.012061e+01 -2.999722e+01 1.413060e+00
      vertex   -4.260237e+01 -2.999722e+01 1.548306e+01
      vertex   -4.260237e+01 -2.999722e+01 1.413060e+00
    endloop
  endfacet
  facet normal 1.009668e-02 9.999490e-01 -0.000000e+00
    outer loop
      vertex   -6.012061e+01 -2.999722e+01 1.413060e+00
      vertex   -6.026983e+01 -2.999571e+01 1.413060e+00
      vertex   -6.012061e+01 -2.999722e+01 2.372802e+01
    endloop
  endfacet
  facet normal 3.029002e-02 9.995411e-01 -1.350614e-04
    outer loop
      vertex   -6.012061e+01 -2.999722e+01 2.372802e+01
      vertex   -6.026983e+01 -2.999571e+01 1.413060e+00
      vertex   -6.056803e+01 -2.998366e+01 2.371446e+01
    endloop
  endfacet
  facet normal 3.028593e-02 9.995413e-01 -1.351162e-04
    outer loop
      vertex   -6.056803e+01 -2.998366e+01 2.371446e+01
      vertex   -6.026983e+01 -2.999571e+01 1.413060e+00
      vertex   -6.041899e+01 -2.999119e+01 1.413060e+00
    endloop
  endfacet
  facet normal 5.046282e-02 9.987259e-01 -1.430236e-16
    outer loop
      vertex   -6.056803e+01 -2.998366e+01 2.371446e+01
      vertex   -6.041899e+01 -2.999119e+01 1.413060e+00
      vertex   -6.056803e+01 -2.998366e+01 1.413060e+00
    endloop
  endfacet
  facet normal -0.000000e+00 -1.000000e+00 -0.000000e+00
    outer loop
      vertex   -6.012061e+01 -3.249722e+01 2.624700e+01
      vertex   -6.262061e+01 -3.249722e+01 2.624700e+01
      vertex   -3.954246e+01 -3.249722e+01 1.641306e+01
    endloop
  endfacet
  facet normal -0.000000e+00 -1.000000e+00 0.000000e+00
    outer loop
      vertex   -3.954246e+01 -3.249722e+01 1.641306e+01
      vertex   -6.262061e+01 -3.249722e+01 2.624700e+01
      vertex   -6.262061e+01 -3.249722e+01 1.548306e+01
    endloop
  endfacet
  facet normal 0.000000e+00 -1.000000e+00 -0.000000e+00
    outer loop
      vertex   -3.954246e+01 -3.249722e+01 1.641306e+01
      vertex   -6.262061e+01 -3.249722e+01 1.548306e+01
      vertex   -3.954246e+01 -3.249722e+01 1.548306e+01
    endloop
  endfacet
  facet normal 1.461473e-16 -1.000000e+00 3.058224e-16
    outer loop
      vertex   -6.012061e+01 -3.249722e+01 2.624700e+01
      vertex   -3.954246e+01 -3.249722e+01 1.641306e+01
      vertex   3.711594e+01 -3.249722e+01 2.624700e+01
    endloop
  endfacet
  facet normal 8.984554e-17 -1.000000e+00 7.447104e-16
    outer loop
      vertex   3.711594e+01 -3.249722e+01 2.624700e+01
      vertex   -3.954246e+01 -3.249722e+01 1.641306e+01
      vertex   3.954246e+01 -3.249722e+01 1.641306e+01
    endloop
  endfacet
  facet normal -2.842171e-15 -1.000000e+00 2.123582e-17
    outer loop
      vertex   3.711594e+01 -3.249722e+01 2.624700e+01
      vertex   3.954246e+01 -3.249722e+01 1.641306e+01
      vertex   3.961594e+01 -3.249722e+01 2.624700e+01
    endloop
  endfacet
  facet normal 0.000000e+00 -1.000000e+00 0.000000e+00
    outer loop
      vertex   3.961594e+01 -3.249722e+01 2.624700e+01
      vertex   3.954246e+01 -3.249722e+01 1.641306e+01
      vertex   3.961594e+01 -3.249722e+01 1.548306e+01
    endloop
  endfacet
  facet normal 0.000000e+00 -1.000000e+00 0.000000e+00
    outer loop
      vertex   3.961594e+01 -3.249722e+01 1.548306e+01
      vertex   3.954246e+01 -3.249722e+01 1.641306e+01
      vertex   3.954246e+01 -3.249722e+01 1.548306e+01
    endloop
  endfacet
  facet normal 5.857618e-02 -9.982829e-01 -3.866695e-17
    outer loop
      vertex   3.961594e+01 -3.249722e+01 1.548306e+01
      vertex   4.048021e+01 -3.244650e+01 1.548306e+01
      vertex   3.961594e+01 -3.249722e+01 2.624700e+01
    endloop
  endfacet
  facet normal 7.807003e-02 -9.969466e-01 1.571516e-03
    outer loop
      vertex   3.961594e+01 -3.249722e+01 2.624700e+01
      vertex   4.048021e+01 -3.244650e+01 1.548306e+01
      vertex   4.076629e+01 -3.240713e+01 2.624700e+01
    endloop
  endfacet
  facet normal 1.579301e-01 -9.874501e-01 -5.857493e-04
    outer loop
      vertex   4.076629e+01 -3.240713e+01 2.624700e+01
      vertex   4.048021e+01 -3.244650e+01 1.548306e+01
      vertex   4.108388e+01 -3.234995e+01 1.548306e+01
    endloop
  endfacet
  facet normal 2.323067e-01 -9.726411e-01 1.687368e-03
    outer loop
      vertex   4.076629e+01 -3.240713e+01 2.624700e+01
      vertex   4.108388e+01 -3.234995e+01 1.548306e+01
      vertex   4.188860e+01 -3.213908e+01 2.624700e+01
    endloop
  endfacet
  facet normal 2.390072e-01 -9.710171e-01 1.154617e-03
    outer loop
      vertex   4.188860e+01 -3.213908e+01 2.624700e+01
      vertex   4.108388e+01 -3.234995e+01 1.548306e+01
      vertex   4.167750e+01 -3.220384e+01 1.548306e+01
    endloop
  endfacet
  facet normal 3.184489e-01 -9.479399e-01 -5.422052e-04
    outer loop
      vertex   4.188860e+01 -3.213908e+01 2.624700e+01
      vertex   4.167750e+01 -3.220384e+01 1.548306e+01
      vertex   4.225702e+01 -3.200916e+01 1.548306e+01
    endloop
  endfacet
  facet normal 3.808797e-01 -9.246227e-01 1.876059e-03
    outer loop
      vertex   4.188860e+01 -3.213908e+01 2.624700e+01
      vertex   4.225702e+01 -3.200916e+01 1.548306e+01
      vertex   4.295550e+01 -3.169959e+01 2.624700e+01
    endloop
  endfacet
  facet normal 3.957111e-01 -9.183748e-01 7.339452e-04
    outer loop
      vertex   4.295550e+01 -3.169959e+01 2.624700e+01
      vertex   4.225702e+01 -3.200916e+01 1.548306e+01
      vertex   4.281846e+01 -3.176724e+01 1.548306e+01
    endloop
  endfacet
  facet normal 4.702653e-01 -8.825250e-01 -4.405636e-04
    outer loop
      vertex   4.295550e+01 -3.169959e+01 2.624700e+01
      vertex   4.281846e+01 -3.176724e+01 1.548306e+01
      vertex   4.335799e+01 -3.147975e+01 1.548306e+01
    endloop
  endfacet
  facet normal 5.201669e-01 -8.540623e-01 2.006667e-03
    outer loop
      vertex   4.295550e+01 -3.169959e+01 2.624700e+01
      vertex   4.335799e+01 -3.147975e+01 1.548306e+01
      vertex   4.394099e+01 -3.109938e+01 2.624700e+01
    endloop
  endfacet
  facet normal 5.416013e-01 -8.406354e-01 3.712628e-04
    outer loop
      vertex   4.394099e+01 -3.109938e+01 2.624700e+01
      vertex   4.335799e+01 -3.147975e+01 1.548306e+01
      vertex   4.387190e+01 -3.114864e+01 1.548306e+01
    endloop
  endfacet
  facet normal 6.092307e-01 -7.929930e-01 -2.808331e-04
    outer loop
      vertex   4.394099e+01 -3.109938e+01 2.624700e+01
      vertex   4.387190e+01 -3.114864e+01 1.548306e+01
      vertex   4.435669e+01 -3.077620e+01 1.548306e+01
    endloop
  endfacet
  facet normal 6.467725e-01 -7.626802e-01 2.079181e-03
    outer loop
      vertex   4.394099e+01 -3.109938e+01 2.624700e+01
      vertex   4.435669e+01 -3.077620e+01 1.548306e+01
      vertex   4.482103e+01 -3.035308e+01 2.624700e+01
    endloop
  endfacet
  facet normal 6.726909e-01 -7.399236e-01 6.660048e-05
    outer loop
      vertex   4.482103e+01 -3.035308e+01 2.624700e+01
      vertex   4.435669e+01 -3.077620e+01 1.548306e+01
      vertex   4.480904e+01 -3.036495e+01 1.548306e+01
    endloop
  endfacet
  facet normal 7.315474e-01 -6.817906e-01 -6.302718e-05
    outer loop
      vertex   4.482103e+01 -3.035308e+01 2.624700e+01
      vertex   4.480904e+01 -3.036495e+01 1.548306e+01
      vertex   4.522585e+01 -2.991772e+01 1.548306e+01
    endloop
  endfacet
  facet normal 7.576100e-01 -6.527042e-01 2.093596e-03
    outer loop
      vertex   4.482103e+01 -3.035308e+01 2.624700e+01
      vertex   4.522585e+01 -2.991772e+01 1.548306e+01
      vertex   4.557417e+01 -2.947889e+01 2.624700e+01
    endloop
  endfacet
  facet normal 7.853976e-01 -6.189916e-01 -1.800159e-04
    outer loop
      vertex   4.557417e+01 -2.947889e+01 2.624700e+01
      vertex   4.522585e+01 -2.991772e+01 1.548306e+01
      vertex   4.560427e+01 -2.943758e+01 1.548306e+01
    endloop
  endfacet
  facet normal 8.338728e-01 -5.519566e-01 2.128357e-04
    outer loop
      vertex   4.557417e+01 -2.947889e+01 2.624700e+01
      vertex   4.560427e+01 -2.943758e+01 1.548306e+01
      vertex   4.594170e+01 -2.892779e+01 1.548306e+01
    endloop
  endfacet
  facet normal 8.499772e-01 -5.268154e-01 2.049910e-03
    outer loop
      vertex   4.557417e+01 -2.947889e+01 2.624700e+01
      vertex   4.594170e+01 -2.892779e+01 1.548306e+01
      vertex   4.618205e+01 -2.849812e+01 2.624700e+01
    endloop
  endfacet
  facet normal 8.766414e-01 -4.811442e-01 -3.685654e-04
    outer loop
      vertex   4.618205e+01 -2.849812e+01 2.624700e+01
      vertex   4.594170e+01 -2.892779e+01 1.548306e+01
      vertex   4.623584e+01 -2.839187e+01 1.548306e+01
    endloop
  endfacet
  facet normal 9.134106e-01 -4.070391e-01 5.467321e-04
    outer loop
      vertex   4.618205e+01 -2.849812e+01 2.624700e+01
      vertex   4.623584e+01 -2.839187e+01 1.548306e+01
      vertex   4.648469e+01 -2.783346e+01 1.548306e+01
    endloop
  endfacet
  facet normal 9.439289e-01 -3.301484e-01 -5.005451e-04
    outer loop
      vertex   4.668652e+01 -2.725639e+01 1.548306e+01
      vertex   4.662985e+01 -2.743468e+01 2.621446e+01
      vertex   4.648469e+01 -2.783346e+01 1.548306e+01
    endloop
  endfacet
  facet normal 9.396745e-01 -3.420698e-01 -2.055292e-13
    outer loop
      vertex   4.648469e+01 -2.783346e+01 1.548306e+01
      vertex   4.662985e+01 -2.743468e+01 2.621446e+01
      vertex   4.662985e+01 -2.743468e+01 2.624700e+01
    endloop
  endfacet
  facet normal 9.216223e-01 -3.880831e-01 1.948127e-03
    outer loop
      vertex   4.648469e+01 -2.783346e+01 1.548306e+01
      vertex   4.662985e+01 -2.743468e+01 2.624700e+01
      vertex   4.618205e+01 -2.849812e+01 2.624700e+01
    endloop
  endfacet
  facet normal 9.613891e-01 -2.751921e-01 5.046865e-04
    outer loop
      vertex   4.662985e+01 -2.743468e+01 2.621446e+01
      vertex   4.668652e+01 -2.725639e+01 1.548306e+01
      vertex   4.679561e+01 -2.685560e+01 2.621145e+01
    endloop
  endfacet
  facet normal 9.679874e-01 -2.509983e-01 -4.662550e-04
    outer loop
      vertex   4.679561e+01 -2.685560e+01 2.621145e+01
      vertex   4.668652e+01 -2.725639e+01 1.548306e+01
      vertex   4.683997e+01 -2.666462e+01 1.548306e+01
    endloop
  endfacet
  facet normal 9.805109e-01 -1.964638e-01 5.562850e-04
    outer loop
      vertex   4.679561e+01 -2.685560e+01 2.621145e+01
      vertex   4.683997e+01 -2.666462e+01 1.548306e+01
      vertex   4.691300e+01 -2.626973e+01 2.620827e+01
    endloop
  endfacet
  facet normal 9.854214e-01 -1.701306e-01 -4.467107e-04
    outer loop
      vertex   4.691300e+01 -2.626973e+01 2.620827e+01
      vertex   4.683997e+01 -2.666462e+01 1.548306e+01
      vertex   4.694397e+01 -2.606219e+01 1.548306e+01
    endloop
  endfacet
  facet normal 9.919429e-01 -1.266849e-01 4.128351e-04
    outer loop
      vertex   4.691300e+01 -2.626973e+01 2.620827e+01
      vertex   4.694397e+01 -2.606219e+01 1.548306e+01
      vertex   4.694877e+01 -2.602464e+01 1.548306e+01
    endloop
  endfacet
  facet normal 9.929121e-01 -1.188492e-01 5.951278e-04
    outer loop
      vertex   4.694877e+01 -2.602464e+01 1.548306e+01
      vertex   4.695814e+01 -2.594636e+01 1.548306e+01
      vertex   4.691300e+01 -2.626973e+01 2.620827e+01
    endloop
  endfacet
  facet normal 9.929561e-01 -1.184813e-01 6.064052e-04
    outer loop
      vertex   4.691300e+01 -2.626973e+01 2.620827e+01
      vertex   4.695814e+01 -2.594636e+01 1.548306e+01
      vertex   4.698284e+01 -2.568448e+01 2.620500e+01
    endloop
  endfacet
  facet normal 9.941235e-01 -1.082513e-01 3.538486e-04
    outer loop
      vertex   4.698284e+01 -2.568448e+01 2.620500e+01
      vertex   4.695814e+01 -2.594636e+01 1.548306e+01
      vertex   4.696667e+01 -2.586800e+01 1.548306e+01
    endloop
  endfacet
  facet normal 9.986706e-01 -5.154264e-02 -6.236855e-04
    outer loop
      vertex   4.698284e+01 -2.568448e+01 2.620500e+01
      vertex   4.696667e+01 -2.586800e+01 1.548306e+01
      vertex   4.700594e+01 -2.510722e+01 1.548306e+01
    endloop
  endfacet
  facet normal 9.992005e-01 -3.997963e-02 0.000000e+00
    outer loop
      vertex   4.700594e+01 -2.510722e+01 1.548306e+01
      vertex   4.700594e+01 -2.510722e+01 2.620166e+01
      vertex   4.698284e+01 -2.568448e+01 2.620500e+01
    endloop
  endfacet
  facet normal 1.000000e+00 0.000000e+00 0.000000e+00
    outer loop
      vertex   4.700594e+01 -2.510722e+01 2.620166e+01
      vertex   4.700594e+01 -2.510722e+01 1.548306e+01
      vertex   4.700594e+01 -2.506366e+01 2.620153e+01
    endloop
  endfacet
  facet normal 1.000000e+00 0.000000e+00 0.000000e+00
    outer loop
      vertex   4.700594e+01 -2.506366e+01 2.620153e+01
      vertex   4.700594e+01 -2.510722e+01 1.548306e+01
      vertex   4.700594e+01 2.531634e+01 1.641306e+01
    endloop
  endfacet
  facet normal 1.000000e+00 0.000000e+00 0.000000e+00
    outer loop
      vertex   4.700594e+01 -2.506366e+01 2.620153e+01
      vertex   4.700594e+01 2.531634e+01 1.641306e+01
      vertex   4.700594e+01 3.509634e+01 2.620153e+01
    endloop
  endfacet
  facet normal 1.000000e+00 0.000000e+00 0.000000e+00
    outer loop
      vertex   4.700594e+01 3.509634e+01 2.620153e+01
      vertex   4.700594e+01 2.531634e+01 1.641306e+01
      vertex   4.700594e+01 3.512278e+01 1.641306e+01
    endloop
  endfacet
  facet normal 1.000000e+00 -0.000000e+00 0.000000e+00
    outer loop
      vertex   4.700594e+01 3.509634e+01 2.620153e+01
      vertex   4.700594e+01 3.512278e+01 1.641306e+01
      vertex   4.700594e+01 3.512278e+01 2.620158e+01
    endloop
  endfacet
  facet normal 1.000000e+00 0.000000e+00 0.000000e+00
    outer loop
      vertex   4.700594e+01 -2.510722e+01 1.548306e+01
      vertex   4.700594e+01 2.531634e+01 1.548306e+01
      vertex   4.700594e+01 2.531634e+01 1.641306e+01
    endloop
  endfacet
  facet normal 9.990627e-01 4.328675e-02 0.000000e+00
    outer loop
      vertex   4.700594e+01 3.512278e+01 2.620158e+01
      vertex   4.700594e+01 3.512278e+01 1.641306e+01
      vertex   4.697919e+01 3.574009e+01 2.620372e+01
    endloop
  endfacet
  facet normal 9.976177e-01 6.896567e-02 -1.623007e-03
    outer loop
      vertex   4.697919e+01 3.574009e+01 2.620372e+01
      vertex   4.700594e+01 3.512278e+01 1.641306e+01
      vertex   4.693564e+01 3.613967e+01 1.641306e+01
    endloop
  endfacet
  facet normal 9.918339e-01 1.275340e-01 7.930611e-04
    outer loop
      vertex   4.697919e+01 3.574009e+01 2.620372e+01
      vertex   4.693564e+01 3.613967e+01 1.641306e+01
      vertex   4.689871e+01 3.636601e+01 2.620577e+01
    endloop
  endfacet
  facet normal 9.786387e-01 2.055851e-01 -1.060686e-03
    outer loop
      vertex   4.689871e+01 3.636601e+01 2.620577e+01
      vertex   4.693564e+01 3.613967e+01 1.641306e+01
      vertex   4.672608e+01 3.713721e+01 1.641306e+01
    endloop
  endfacet
  facet normal 9.776365e-01 2.103007e-01 -6.716497e-04
    outer loop
      vertex   4.689871e+01 3.636601e+01 2.620577e+01
      vertex   4.672608e+01 3.713721e+01 1.641306e+01
      vertex   4.676411e+01 3.699171e+01 2.620769e+01
    endloop
  endfacet
  facet normal 9.560679e-01 2.931447e-01 6.427472e-04
    outer loop
      vertex   4.676411e+01 3.699171e+01 2.620769e+01
      vertex   4.672608e+01 3.713721e+01 1.641306e+01
      vertex   4.657504e+01 3.760836e+01 2.620945e+01
    endloop
  endfacet
  facet normal 9.410392e-01 3.382929e-01 -1.760327e-03
    outer loop
      vertex   4.657504e+01 3.760836e+01 2.620945e+01
      vertex   4.672608e+01 3.713721e+01 1.641306e+01
      vertex   4.638126e+01 3.809643e+01 1.641306e+01
    endloop
  endfacet
  facet normal 9.262339e-01 3.769489e-01 4.584287e-04
    outer loop
      vertex   4.657504e+01 3.760836e+01 2.620945e+01
      vertex   4.638126e+01 3.809643e+01 1.641306e+01
      vertex   4.633131e+01 3.820723e+01 2.621103e+01
    endloop
  endfacet
  facet normal 8.892935e-01 4.573364e-01 -6.390002e-04
    outer loop
      vertex   4.633131e+01 3.820723e+01 2.621103e+01
      vertex   4.638126e+01 3.809643e+01 1.641306e+01
      vertex   4.603615e+01 3.878117e+01 2.621239e+01
    endloop
  endfacet
  facet normal 8.855381e-01 4.645651e-01 -1.276376e-03
    outer loop
      vertex   4.603615e+01 3.878117e+01 2.621239e+01
      vertex   4.638126e+01 3.809643e+01 1.641306e+01
      vertex   4.590772e+01 3.899907e+01 1.641306e+01
    endloop
  endfacet
  facet normal 8.467118e-01 5.320512e-01 7.331029e-04
    outer loop
      vertex   4.603615e+01 3.878117e+01 2.621239e+01
      vertex   4.590772e+01 3.899907e+01 1.641306e+01
      vertex   4.569529e+01 3.932362e+01 2.621354e+01
    endloop
  endfacet
  facet normal 8.131883e-01 5.819984e-01 -1.647574e-03
    outer loop
      vertex   4.569529e+01 3.932362e+01 2.621354e+01
      vertex   4.590772e+01 3.899907e+01 1.641306e+01
      vertex   4.531448e+01 3.982796e+01 1.641306e+01
    endloop
  endfacet
  facet normal 7.980535e-01 6.025866e-01 0.000000e+00
    outer loop
      vertex   4.569529e+01 3.932362e+01 2.621354e+01
      vertex   4.531448e+01 3.982796e+01 1.641306e+01
      vertex   4.531448e+01 3.982796e+01 2.621446e+01
    endloop
  endfacet
  facet normal 7.199319e-01 6.940447e-01 0.000000e+00
    outer loop
      vertex   4.531448e+01 3.982796e+01 2.621446e+01
      vertex   4.531448e+01 3.982796e+01 1.641306e+01
      vertex   4.452655e+01 4.064528e+01 2.624700e+01
    endloop
  endfacet
  facet normal 7.199319e-01 6.940447e-01 -0.000000e+00
    outer loop
      vertex   4.531448e+01 3.982796e+01 2.621446e+01
      vertex   4.452655e+01 4.064528e+01 2.624700e+01
      vertex   4.531448e+01 3.982796e+01 2.624700e+01
    endloop
  endfacet
  facet normal 7.199319e-01 6.940447e-01 -0.000000e+00
    outer loop
      vertex   4.531448e+01 3.982796e+01 1.548306e+01
      vertex   4.452655e+01 4.064528e+01 1.548306e+01
      vertex   4.531448e+01 3.982796e+01 1.641306e+01
    endloop
  endfacet
  facet normal 7.199319e-01 6.940447e-01 0.000000e+00
    outer loop
      vertex   4.531448e+01 3.982796e+01 1.641306e+01
      vertex   4.452655e+01 4.064528e+01 1.548306e+01
      vertex   4.452655e+01 4.064528e+01 2.624700e+01
    endloop
  endfacet
  facet normal 6.051313e-01 7.961257e-01 -0.000000e+00
    outer loop
      vertex   4.452655e+01 4.064528e+01 1.548306e+01
      vertex   4.362274e+01 4.133226e+01 1.548306e+01
      vertex   4.452655e+01 4.064528e+01 2.624700e+01
    endloop
  endfacet
  facet normal 6.051313e-01 7.961257e-01 0.000000e+00
    outer loop
      vertex   4.452655e+01 4.064528e+01 2.624700e+01
      vertex   4.362274e+01 4.133226e+01 1.548306e+01
      vertex   4.362274e+01 4.133226e+01 2.624700e+01
    endloop
  endfacet
  facet normal 4.760499e-01 8.794183e-01 0.000000e+00
    outer loop
      vertex   4.362274e+01 4.133226e+01 2.624700e+01
      vertex   4.362274e+01 4.133226e+01 1.548306e+01
      vertex   4.262437e+01 4.187271e+01 1.548306e+01
    endloop
  endfacet
  facet normal 4.760499e-01 8.794183e-01 0.000000e+00
    outer loop
      vertex   4.362274e+01 4.133226e+01 2.624700e+01
      vertex   4.262437e+01 4.187271e+01 1.548306e+01
      vertex   4.262437e+01 4.187271e+01 2.624700e+01
    endloop
  endfacet
  facet normal 3.357338e-01 9.419569e-01 0.000000e+00
    outer loop
      vertex   4.262437e+01 4.187271e+01 2.624700e+01
      vertex   4.262437e+01 4.187271e+01 1.548306e+01
      vertex   4.155499e+01 4.225385e+01 1.641306e+01
    endloop
  endfacet
  facet normal 3.357338e-01 9.419569e-01 0.000000e+00
    outer loop
      vertex   4.262437e+01 4.187271e+01 2.624700e+01
      vertex   4.155499e+01 4.225385e+01 1.641306e+01
      vertex   4.155499e+01 4.225385e+01 2.621446e+01
    endloop
  endfacet
  facet normal 2.194473e-01 9.756244e-01 0.000000e+00
    outer loop
      vertex   4.155499e+01 4.225385e+01 2.621446e+01
      vertex   4.155499e+01 4.225385e+01 1.641306e+01
      vertex   4.091714e+01 4.239733e+01 1.641306e+01
    endloop
  endfacet
  facet normal 1.965004e-01 9.805025e-01 1.564750e-03
    outer loop
      vertex   4.155499e+01 4.225385e+01 2.621446e+01
      vertex   4.091714e+01 4.239733e+01 1.641306e+01
      vertex   4.058102e+01 4.244905e+01 2.621292e+01
    endloop
  endfacet
  facet normal 1.323592e-01 9.912016e-01 -6.915978e-04
    outer loop
      vertex   4.058102e+01 4.244905e+01 2.621292e+01
      vertex   4.091714e+01 4.239733e+01 1.641306e+01
      vertex   4.026909e+01 4.248386e+01 1.641306e+01
    endloop
  endfacet
  facet normal 6.589571e-02 9.978255e-01 1.447488e-03
    outer loop
      vertex   4.058102e+01 4.244905e+01 2.621292e+01
      vertex   4.026909e+01 4.248386e+01 1.641306e+01
      vertex   3.961594e+01 4.251278e+01 2.621093e+01
    endloop
  endfacet
  facet normal 4.423514e-02 9.990211e-01 0.000000e+00
    outer loop
      vertex   3.961594e+01 4.251278e+01 2.621093e+01
      vertex   4.026909e+01 4.248386e+01 1.641306e+01
      vertex   3.961594e+01 4.251278e+01 1.641306e+01
    endloop
  endfacet
  facet normal 3.357338e-01 9.419569e-01 0.000000e+00
    outer loop
      vertex   4.262437e+01 4.187271e+01 1.548306e+01
      vertex   4.155499e+01 4.225385e+01 1.548306e+01
      vertex   4.155499e+01 4.225385e+01 1.641306e+01
    endloop
  endfacet
  facet normal 3.357338e-01 9.419569e-01 -0.000000e+00
    outer loop
      vertex   4.155499e+01 4.225385e+01 2.621446e+01
      vertex   4.155499e+01 4.225385e+01 2.624700e+01
      vertex   4.262437e+01 4.187271e+01 2.624700e+01
    endloop
  endfacet
endsolid
