solid ASCII
  facet normal 1.000000e+00 -2.367376e-16 0.000000e+00
    outer loop
      vertex   -2.316905e+00 -3.118121e+01 3.340735e+01
      vertex   -2.316905e+00 -2.930534e+01 3.340735e+01
      vertex   -2.316905e+00 -3.118121e+01 3.440735e+01
    endloop
  endfacet
  facet normal 1.000000e+00 -0.000000e+00 4.440892e-16
    outer loop
      vertex   -2.316905e+00 -3.118121e+01 3.440735e+01
      vertex   -2.316905e+00 -2.930534e+01 3.340735e+01
      vertex   -2.316905e+00 -2.930534e+01 3.440735e+01
    endloop
  endfacet
  facet normal 0.000000e+00 0.000000e+00 1.000000e+00
    outer loop
      vertex   -7.173624e+00 -3.118121e+01 3.440735e+01
      vertex   -9.412498e+00 -3.081319e+01 3.440735e+01
      vertex   -7.173624e+00 -3.118453e+01 3.440735e+01
    endloop
  endfacet
  facet normal 0.000000e+00 0.000000e+00 1.000000e+00
    outer loop
      vertex   -7.173624e+00 -3.118453e+01 3.440735e+01
      vertex   -9.412498e+00 -3.081319e+01 3.440735e+01
      vertex   -9.832153e+00 -3.098702e+01 3.440735e+01
    endloop
  endfacet
  facet normal 0.000000e+00 0.000000e+00 1.000000e+00
    outer loop
      vertex   -7.173624e+00 -3.118453e+01 3.440735e+01
      vertex   -9.832153e+00 -3.098702e+01 3.440735e+01
      vertex   -1.028250e+01 -3.104631e+01 3.440735e+01
    endloop
  endfacet
  facet normal 0.000000e+00 -0.000000e+00 1.000000e+00
    outer loop
      vertex   -2.316905e+00 -3.118121e+01 3.440735e+01
      vertex   -2.316905e+00 -2.930534e+01 3.440735e+01
      vertex   -7.173624e+00 -3.118121e+01 3.440735e+01
    endloop
  endfacet
  facet normal 0.000000e+00 -0.000000e+00 1.000000e+00
    outer loop
      vertex   -7.173624e+00 -3.118121e+01 3.440735e+01
      vertex   -2.316905e+00 -2.930534e+01 3.440735e+01
      vertex   -8.601787e+00 -2.975665e+01 3.440735e+01
    endloop
  endfacet
  facet normal 0.000000e+00 0.000000e+00 1.000000e+00
    outer loop
      vertex   -7.173624e+00 -3.118121e+01 3.440735e+01
      vertex   -8.601787e+00 -2.975665e+01 3.440735e+01
      vertex   -8.775614e+00 -3.017631e+01 3.440735e+01
    endloop
  endfacet
  facet normal -0.000000e+00 0.000000e+00 1.000000e+00
    outer loop
      vertex   -8.542498e+00 -2.930534e+01 3.440735e+01
      vertex   -8.542498e+00 -2.930631e+01 3.440735e+01
      vertex   -2.316905e+00 -2.930534e+01 3.440735e+01
    endloop
  endfacet
  facet normal 0.000000e+00 0.000000e+00 1.000000e+00
    outer loop
      vertex   -2.316905e+00 -2.930534e+01 3.440735e+01
      vertex   -8.542498e+00 -2.930631e+01 3.440735e+01
      vertex   -8.601787e+00 -2.975665e+01 3.440735e+01
    endloop
  endfacet
  facet normal 0.000000e+00 0.000000e+00 1.000000e+00
    outer loop
      vertex   -8.775614e+00 -3.017631e+01 3.440735e+01
      vertex   -9.052132e+00 -3.053667e+01 3.440735e+01
      vertex   -7.173624e+00 -3.118121e+01 3.440735e+01
    endloop
  endfacet
  facet normal 0.000000e+00 0.000000e+00 1.000000e+00
    outer loop
      vertex   -7.173624e+00 -3.118121e+01 3.440735e+01
      vertex   -9.052132e+00 -3.053667e+01 3.440735e+01
      vertex   -9.412498e+00 -3.081319e+01 3.440735e+01
    endloop
  endfacet
  facet normal 0.000000e+00 0.000000e+00 1.000000e+00
    outer loop
      vertex   -1.028250e+01 -3.104631e+01 3.440735e+01
      vertex   -2.617250e+01 -3.104631e+01 3.440735e+01
      vertex   -7.173624e+00 -3.118453e+01 3.440735e+01
    endloop
  endfacet
  facet normal 0.000000e+00 0.000000e+00 1.000000e+00
    outer loop
      vertex   -7.173624e+00 -3.118453e+01 3.440735e+01
      vertex   -2.617250e+01 -3.104631e+01 3.440735e+01
      vertex   -4.749362e+01 -3.118453e+01 3.440735e+01
    endloop
  endfacet
  facet normal 0.000000e+00 0.000000e+00 1.000000e+00
    outer loop
      vertex   -4.749362e+01 -3.118453e+01 3.440735e+01
      vertex   -2.617250e+01 -3.104631e+01 3.440735e+01
      vertex   -2.662284e+01 -3.098702e+01 3.440735e+01
    endloop
  endfacet
  facet normal 0.000000e+00 0.000000e+00 1.000000e+00
    outer loop
      vertex   -4.749362e+01 -3.118453e+01 3.440735e+01
      vertex   -2.662284e+01 -3.098702e+01 3.440735e+01
      vertex   -2.704250e+01 -3.081319e+01 3.440735e+01
    endloop
  endfacet
  facet normal 0.000000e+00 0.000000e+00 1.000000e+00
    outer loop
      vertex   -2.704250e+01 -3.081319e+01 3.440735e+01
      vertex   -2.740286e+01 -3.053667e+01 3.440735e+01
      vertex   -4.749362e+01 -3.118453e+01 3.440735e+01
    endloop
  endfacet
  facet normal 0.000000e+00 0.000000e+00 1.000000e+00
    outer loop
      vertex   -4.749362e+01 -3.118453e+01 3.440735e+01
      vertex   -2.740286e+01 -3.053667e+01 3.440735e+01
      vertex   -2.767938e+01 -3.017631e+01 3.440735e+01
    endloop
  endfacet
  facet normal 0.000000e+00 0.000000e+00 1.000000e+00
    outer loop
      vertex   -4.749362e+01 -3.118453e+01 3.440735e+01
      vertex   -2.767938e+01 -3.017631e+01 3.440735e+01
      vertex   -2.785321e+01 -2.975665e+01 3.440735e+01
    endloop
  endfacet
  facet normal 0.000000e+00 0.000000e+00 1.000000e+00
    outer loop
      vertex   -2.791250e+01 -2.930631e+01 3.440735e+01
      vertex   -4.479303e+01 -2.608631e+01 3.440735e+01
      vertex   -2.785321e+01 -2.975665e+01 3.440735e+01
    endloop
  endfacet
  facet normal 0.000000e+00 0.000000e+00 1.000000e+00
    outer loop
      vertex   -2.785321e+01 -2.975665e+01 3.440735e+01
      vertex   -4.479303e+01 -2.608631e+01 3.440735e+01
      vertex   -4.749362e+01 -3.118121e+01 3.440735e+01
    endloop
  endfacet
  facet normal 0.000000e+00 0.000000e+00 1.000000e+00
    outer loop
      vertex   -2.785321e+01 -2.975665e+01 3.440735e+01
      vertex   -4.749362e+01 -3.118121e+01 3.440735e+01
      vertex   -4.749362e+01 -3.118453e+01 3.440735e+01
    endloop
  endfacet
  facet normal -0.000000e+00 0.000000e+00 1.000000e+00
    outer loop
      vertex   -4.479303e+01 -2.608631e+01 3.440735e+01
      vertex   -2.791250e+01 -2.930631e+01 3.440735e+01
      vertex   -2.965250e+01 -2.608631e+01 3.440735e+01
    endloop
  endfacet
  facet normal 0.000000e+00 0.000000e+00 1.000000e+00
    outer loop
      vertex   -2.965250e+01 -2.608631e+01 3.440735e+01
      vertex   -2.791250e+01 -2.930631e+01 3.440735e+01
      vertex   -2.791250e+01 -2.782631e+01 3.440735e+01
    endloop
  endfacet
  facet normal 0.000000e+00 0.000000e+00 1.000000e+00
    outer loop
      vertex   -2.965250e+01 -2.608631e+01 3.440735e+01
      vertex   -2.791250e+01 -2.782631e+01 3.440735e+01
      vertex   -2.797179e+01 -2.737596e+01 3.440735e+01
    endloop
  endfacet
  facet normal 0.000000e+00 0.000000e+00 1.000000e+00
    outer loop
      vertex   -2.797179e+01 -2.737596e+01 3.440735e+01
      vertex   -2.814561e+01 -2.695631e+01 3.440735e+01
      vertex   -2.965250e+01 -2.608631e+01 3.440735e+01
    endloop
  endfacet
  facet normal 0.000000e+00 0.000000e+00 1.000000e+00
    outer loop
      vertex   -2.965250e+01 -2.608631e+01 3.440735e+01
      vertex   -2.814561e+01 -2.695631e+01 3.440735e+01
      vertex   -2.842213e+01 -2.659594e+01 3.440735e+01
    endloop
  endfacet
  facet normal 0.000000e+00 0.000000e+00 1.000000e+00
    outer loop
      vertex   -2.965250e+01 -2.608631e+01 3.440735e+01
      vertex   -2.842213e+01 -2.659594e+01 3.440735e+01
      vertex   -2.878250e+01 -2.631942e+01 3.440735e+01
    endloop
  endfacet
  facet normal 0.000000e+00 0.000000e+00 1.000000e+00
    outer loop
      vertex   -2.878250e+01 -2.631942e+01 3.440735e+01
      vertex   -2.920215e+01 -2.614560e+01 3.440735e+01
      vertex   -2.965250e+01 -2.608631e+01 3.440735e+01
    endloop
  endfacet
  facet normal 0.000000e+00 0.000000e+00 1.000000e+00
    outer loop
      vertex   -4.479303e+01 -9.496307e+00 3.440735e+01
      vertex   -4.749362e+01 -2.252887e+01 3.440735e+01
      vertex   -4.479303e+01 -2.608631e+01 3.440735e+01
    endloop
  endfacet
  facet normal 0.000000e+00 0.000000e+00 1.000000e+00
    outer loop
      vertex   -4.479303e+01 -2.608631e+01 3.440735e+01
      vertex   -4.749362e+01 -2.252887e+01 3.440735e+01
      vertex   -4.749362e+01 -2.491534e+01 3.440735e+01
    endloop
  endfacet
  facet normal 0.000000e+00 0.000000e+00 1.000000e+00
    outer loop
      vertex   -4.479303e+01 -2.608631e+01 3.440735e+01
      vertex   -4.749362e+01 -2.491534e+01 3.440735e+01
      vertex   -4.749690e+01 -2.491534e+01 3.440735e+01
    endloop
  endfacet
  facet normal 0.000000e+00 -0.000000e+00 1.000000e+00
    outer loop
      vertex   -1.155806e+01 -9.496307e+00 3.440735e+01
      vertex   -1.155806e+01 -4.738871e+00 3.440735e+01
      vertex   -4.479303e+01 -9.496307e+00 3.440735e+01
    endloop
  endfacet
  facet normal 0.000000e+00 -0.000000e+00 1.000000e+00
    outer loop
      vertex   -4.479303e+01 -9.496307e+00 3.440735e+01
      vertex   -1.155806e+01 -4.738871e+00 3.440735e+01
      vertex   -4.749690e+01 -4.738871e+00 3.440735e+01
    endloop
  endfacet
  facet normal 0.000000e+00 0.000000e+00 1.000000e+00
    outer loop
      vertex   -4.479303e+01 -9.496307e+00 3.440735e+01
      vertex   -4.749690e+01 -4.738871e+00 3.440735e+01
      vertex   -4.749690e+01 -2.252887e+01 3.440735e+01
    endloop
  endfacet
  facet normal 0.000000e+00 0.000000e+00 1.000000e+00
    outer loop
      vertex   -4.749690e+01 -2.252887e+01 3.440735e+01
      vertex   -4.749362e+01 -2.252887e+01 3.440735e+01
      vertex   -4.479303e+01 -9.496307e+00 3.440735e+01
    endloop
  endfacet
  facet normal 0.000000e+00 0.000000e+00 1.000000e+00
    outer loop
      vertex   -4.749690e+01 -2.491534e+01 3.440735e+01
      vertex   -4.749690e+01 -3.118121e+01 3.440735e+01
      vertex   -4.479303e+01 -2.608631e+01 3.440735e+01
    endloop
  endfacet
  facet normal 0.000000e+00 0.000000e+00 1.000000e+00
    outer loop
      vertex   -4.479303e+01 -2.608631e+01 3.440735e+01
      vertex   -4.749690e+01 -3.118121e+01 3.440735e+01
      vertex   -4.749362e+01 -3.118121e+01 3.440735e+01
    endloop
  endfacet
  facet normal -1.000000e+00 0.000000e+00 0.000000e+00
    outer loop
      vertex   -4.749690e+01 -2.252887e+01 3.440735e+01
      vertex   -4.749690e+01 -4.738871e+00 3.440735e+01
      vertex   -4.749690e+01 -2.252887e+01 3.340446e+01
    endloop
  endfacet
  facet normal -1.000000e+00 0.000000e+00 0.000000e+00
    outer loop
      vertex   -4.749690e+01 -2.252887e+01 3.340446e+01
      vertex   -4.749690e+01 -4.738871e+00 3.440735e+01
      vertex   -4.749690e+01 -4.738871e+00 3.340446e+01
    endloop
  endfacet
  facet normal -1.000000e+00 0.000000e+00 0.000000e+00
    outer loop
      vertex   -4.749690e+01 -3.118121e+01 3.440735e+01
      vertex   -4.749690e+01 -2.491534e+01 3.440735e+01
      vertex   -4.749690e+01 -2.848534e+01 3.340735e+01
    endloop
  endfacet
  facet normal -1.000000e+00 0.000000e+00 0.000000e+00
    outer loop
      vertex   -4.749690e+01 -2.848534e+01 3.340735e+01
      vertex   -4.749690e+01 -2.491534e+01 3.440735e+01
      vertex   -4.749690e+01 -2.491534e+01 3.339448e+01
    endloop
  endfacet
  facet normal -1.000000e+00 0.000000e+00 0.000000e+00
    outer loop
      vertex   -4.749690e+01 -2.848534e+01 3.340735e+01
      vertex   -4.749690e+01 -2.491534e+01 3.339448e+01
      vertex   -4.749690e+01 -2.848534e+01 3.339448e+01
    endloop
  endfacet
  facet normal -1.000000e+00 0.000000e+00 0.000000e+00
    outer loop
      vertex   -4.749690e+01 -2.848534e+01 3.340735e+01
      vertex   -4.749690e+01 -3.118121e+01 3.340735e+01
      vertex   -4.749690e+01 -3.118121e+01 3.440735e+01
    endloop
  endfacet
  facet normal -3.524518e-16 -1.000000e+00 -0.000000e+00
    outer loop
      vertex   -7.173624e+00 -3.118453e+01 3.440735e+01
      vertex   -4.749362e+01 -3.118453e+01 3.440735e+01
      vertex   -7.173624e+00 -3.118453e+01 3.255446e+01
    endloop
  endfacet
  facet normal -3.524518e-16 -1.000000e+00 0.000000e+00
    outer loop
      vertex   -7.173624e+00 -3.118453e+01 3.255446e+01
      vertex   -4.749362e+01 -3.118453e+01 3.440735e+01
      vertex   -4.749362e+01 -3.118453e+01 3.255446e+01
    endloop
  endfacet
  facet normal -1.000000e+00 0.000000e+00 0.000000e+00
    outer loop
      vertex   -7.173624e+00 -3.118121e+01 3.440735e+01
      vertex   -7.173624e+00 -3.118453e+01 3.440735e+01
      vertex   -7.173624e+00 -3.118121e+01 3.660446e+01
    endloop
  endfacet
  facet normal -1.000000e+00 -0.000000e+00 0.000000e+00
    outer loop
      vertex   -7.173624e+00 -3.118121e+01 3.660446e+01
      vertex   -7.173624e+00 -3.118453e+01 3.440735e+01
      vertex   -7.173624e+00 -3.119887e+01 3.660446e+01
    endloop
  endfacet
  facet normal -1.000000e+00 0.000000e+00 0.000000e+00
    outer loop
      vertex   -7.173624e+00 -3.119887e+01 3.660446e+01
      vertex   -7.173624e+00 -3.118453e+01 3.440735e+01
      vertex   -7.173624e+00 -3.119887e+01 3.255446e+01
    endloop
  endfacet
  facet normal -1.000000e+00 0.000000e+00 0.000000e+00
    outer loop
      vertex   -7.173624e+00 -3.119887e+01 3.255446e+01
      vertex   -7.173624e+00 -3.118453e+01 3.440735e+01
      vertex   -7.173624e+00 -3.118453e+01 3.255446e+01
    endloop
  endfacet
  facet normal 1.000000e+00 0.000000e+00 -0.000000e+00
    outer loop
      vertex   -4.749362e+01 -2.252887e+01 3.440735e+01
      vertex   -4.749362e+01 -2.252887e+01 3.860446e+01
      vertex   -4.749362e+01 -2.491534e+01 3.440735e+01
    endloop
  endfacet
  facet normal 1.000000e+00 0.000000e+00 -0.000000e+00
    outer loop
      vertex   -4.749362e+01 -2.491534e+01 3.440735e+01
      vertex   -4.749362e+01 -2.252887e+01 3.860446e+01
      vertex   -4.749362e+01 -2.491534e+01 3.860446e+01
    endloop
  endfacet
  facet normal 0.000000e+00 1.000000e+00 -0.000000e+00
    outer loop
      vertex   -4.749362e+01 -2.252887e+01 3.440735e+01
      vertex   -4.749690e+01 -2.252887e+01 3.440735e+01
      vertex   -4.749362e+01 -2.252887e+01 3.860446e+01
    endloop
  endfacet
  facet normal 0.000000e+00 1.000000e+00 0.000000e+00
    outer loop
      vertex   -4.749362e+01 -2.252887e+01 3.860446e+01
      vertex   -4.749690e+01 -2.252887e+01 3.440735e+01
      vertex   -4.810483e+01 -2.252887e+01 3.860446e+01
    endloop
  endfacet
  facet normal 0.000000e+00 1.000000e+00 0.000000e+00
    outer loop
      vertex   -4.810483e+01 -2.252887e+01 3.860446e+01
      vertex   -4.749690e+01 -2.252887e+01 3.440735e+01
      vertex   -4.810483e+01 -2.252887e+01 3.340446e+01
    endloop
  endfacet
  facet normal 0.000000e+00 1.000000e+00 0.000000e+00
    outer loop
      vertex   -4.810483e+01 -2.252887e+01 3.340446e+01
      vertex   -4.749690e+01 -2.252887e+01 3.440735e+01
      vertex   -4.749690e+01 -2.252887e+01 3.340446e+01
    endloop
  endfacet
  facet normal 1.000000e+00 -0.000000e+00 0.000000e+00
    outer loop
      vertex   -1.155806e+01 -9.496307e+00 3.440735e+01
      vertex   -1.155806e+01 -9.496307e+00 3.055446e+01
      vertex   -1.155806e+01 -4.738871e+00 3.440735e+01
    endloop
  endfacet
  facet normal 1.000000e+00 0.000000e+00 0.000000e+00
    outer loop
      vertex   -1.155806e+01 -4.738871e+00 3.440735e+01
      vertex   -1.155806e+01 -9.496307e+00 3.055446e+01
      vertex   -1.155806e+01 -2.345343e+00 2.114503e+01
    endloop
  endfacet
  facet normal 1.000000e+00 -0.000000e+00 0.000000e+00
    outer loop
      vertex   -1.155806e+01 -4.738871e+00 3.440735e+01
      vertex   -1.155806e+01 -2.345343e+00 2.114503e+01
      vertex   -1.155806e+01 -2.345343e+00 3.860446e+01
    endloop
  endfacet
  facet normal 1.000000e+00 -0.000000e+00 0.000000e+00
    outer loop
      vertex   -1.155806e+01 -2.930534e+01 3.055446e+01
      vertex   -1.155806e+01 -2.930534e+01 2.114503e+01
      vertex   -1.155806e+01 -9.496307e+00 3.055446e+01
    endloop
  endfacet
  facet normal 1.000000e+00 0.000000e+00 0.000000e+00
    outer loop
      vertex   -1.155806e+01 -9.496307e+00 3.055446e+01
      vertex   -1.155806e+01 -2.930534e+01 2.114503e+01
      vertex   -1.155806e+01 -2.345343e+00 2.114503e+01
    endloop
  endfacet
  facet normal 1.000000e+00 2.226450e-15 -1.269700e-15
    outer loop
      vertex   -1.155806e+01 -2.345343e+00 3.860446e+01
      vertex   -1.155806e+01 -4.738871e+00 3.860446e+01
      vertex   -1.155806e+01 -4.738871e+00 3.440735e+01
    endloop
  endfacet
  facet normal 0.000000e+00 0.000000e+00 1.000000e+00
    outer loop
      vertex   -1.155806e+01 -9.496307e+00 3.055446e+01
      vertex   -2.878250e+01 -2.631942e+01 3.055446e+01
      vertex   -1.155806e+01 -2.930534e+01 3.055446e+01
    endloop
  endfacet
  facet normal 0.000000e+00 0.000000e+00 1.000000e+00
    outer loop
      vertex   -1.155806e+01 -2.930534e+01 3.055446e+01
      vertex   -2.878250e+01 -2.631942e+01 3.055446e+01
      vertex   -2.842213e+01 -2.659594e+01 3.055446e+01
    endloop
  endfacet
  facet normal 0.000000e+00 0.000000e+00 1.000000e+00
    outer loop
      vertex   -1.155806e+01 -2.930534e+01 3.055446e+01
      vertex   -2.842213e+01 -2.659594e+01 3.055446e+01
      vertex   -2.814561e+01 -2.695631e+01 3.055446e+01
    endloop
  endfacet
  facet normal -0.000000e+00 0.000000e+00 1.000000e+00
    outer loop
      vertex   -4.479303e+01 -9.496307e+00 3.055446e+01
      vertex   -2.965250e+01 -2.608631e+01 3.055446e+01
      vertex   -1.155806e+01 -9.496307e+00 3.055446e+01
    endloop
  endfacet
  facet normal 0.000000e+00 0.000000e+00 1.000000e+00
    outer loop
      vertex   -1.155806e+01 -9.496307e+00 3.055446e+01
      vertex   -2.965250e+01 -2.608631e+01 3.055446e+01
      vertex   -2.920215e+01 -2.614560e+01 3.055446e+01
    endloop
  endfacet
  facet normal 0.000000e+00 0.000000e+00 1.000000e+00
    outer loop
      vertex   -1.155806e+01 -9.496307e+00 3.055446e+01
      vertex   -2.920215e+01 -2.614560e+01 3.055446e+01
      vertex   -2.878250e+01 -2.631942e+01 3.055446e+01
    endloop
  endfacet
  facet normal 0.000000e+00 0.000000e+00 1.000000e+00
    outer loop
      vertex   -4.479303e+01 -9.496307e+00 3.055446e+01
      vertex   -4.479303e+01 -2.608631e+01 3.055446e+01
      vertex   -2.965250e+01 -2.608631e+01 3.055446e+01
    endloop
  endfacet
  facet normal 0.000000e+00 0.000000e+00 1.000000e+00
    outer loop
      vertex   -2.814561e+01 -2.695631e+01 3.055446e+01
      vertex   -2.797179e+01 -2.737596e+01 3.055446e+01
      vertex   -1.155806e+01 -2.930534e+01 3.055446e+01
    endloop
  endfacet
  facet normal -9.418872e-16 -8.012871e-15 1.000000e+00
    outer loop
      vertex   -1.155806e+01 -2.930534e+01 3.055446e+01
      vertex   -2.797179e+01 -2.737596e+01 3.055446e+01
      vertex   -2.791250e+01 -2.782631e+01 3.055446e+01
    endloop
  endfacet
  facet normal -2.283938e-16 -1.234178e-16 1.000000e+00
    outer loop
      vertex   -1.155806e+01 -2.930534e+01 3.055446e+01
      vertex   -2.791250e+01 -2.782631e+01 3.055446e+01
      vertex   -2.617250e+01 -3.104631e+01 3.055446e+01
    endloop
  endfacet
  facet normal 0.000000e+00 0.000000e+00 1.000000e+00
    outer loop
      vertex   -2.617250e+01 -3.104631e+01 3.055446e+01
      vertex   -2.791250e+01 -2.782631e+01 3.055446e+01
      vertex   -2.791250e+01 -2.930631e+01 3.055446e+01
    endloop
  endfacet
  facet normal 9.084921e-15 9.084921e-15 1.000000e+00
    outer loop
      vertex   -2.617250e+01 -3.104631e+01 3.055446e+01
      vertex   -2.791250e+01 -2.930631e+01 3.055446e+01
      vertex   -2.785321e+01 -2.975665e+01 3.055446e+01
    endloop
  endfacet
  facet normal 3.098697e-15 1.283523e-15 1.000000e+00
    outer loop
      vertex   -2.785321e+01 -2.975665e+01 3.055446e+01
      vertex   -2.767938e+01 -3.017631e+01 3.055446e+01
      vertex   -2.617250e+01 -3.104631e+01 3.055446e+01
    endloop
  endfacet
  facet normal 4.232899e-15 3.248018e-15 1.000000e+00
    outer loop
      vertex   -2.617250e+01 -3.104631e+01 3.055446e+01
      vertex   -2.767938e+01 -3.017631e+01 3.055446e+01
      vertex   -2.740286e+01 -3.053667e+01 3.055446e+01
    endloop
  endfacet
  facet normal 6.274689e-15 8.177334e-15 1.000000e+00
    outer loop
      vertex   -2.617250e+01 -3.104631e+01 3.055446e+01
      vertex   -2.740286e+01 -3.053667e+01 3.055446e+01
      vertex   -2.704250e+01 -3.081319e+01 3.055446e+01
    endloop
  endfacet
  facet normal 1.156450e-14 2.791916e-14 1.000000e+00
    outer loop
      vertex   -2.704250e+01 -3.081319e+01 3.055446e+01
      vertex   -2.662284e+01 -3.098702e+01 3.055446e+01
      vertex   -2.617250e+01 -3.104631e+01 3.055446e+01
    endloop
  endfacet
  facet normal 0.000000e+00 -2.040659e-15 1.000000e+00
    outer loop
      vertex   -2.617250e+01 -3.104631e+01 3.055446e+01
      vertex   -1.028250e+01 -3.104631e+01 3.055446e+01
      vertex   -1.155806e+01 -2.930534e+01 3.055446e+01
    endloop
  endfacet
  facet normal -6.949841e-15 -7.132627e-15 1.000000e+00
    outer loop
      vertex   -1.155806e+01 -2.930534e+01 3.055446e+01
      vertex   -1.028250e+01 -3.104631e+01 3.055446e+01
      vertex   -9.832153e+00 -3.098702e+01 3.055446e+01
    endloop
  endfacet
  facet normal 0.000000e+00 0.000000e+00 1.000000e+00
    outer loop
      vertex   -1.155806e+01 -2.930534e+01 3.055446e+01
      vertex   -9.832153e+00 -3.098702e+01 3.055446e+01
      vertex   -9.412498e+00 -3.081319e+01 3.055446e+01
    endloop
  endfacet
  facet normal 0.000000e+00 -0.000000e+00 1.000000e+00
    outer loop
      vertex   -9.412498e+00 -3.081319e+01 3.055446e+01
      vertex   -9.052132e+00 -3.053667e+01 3.055446e+01
      vertex   -1.155806e+01 -2.930534e+01 3.055446e+01
    endloop
  endfacet
  facet normal 0.000000e+00 0.000000e+00 1.000000e+00
    outer loop
      vertex   -1.155806e+01 -2.930534e+01 3.055446e+01
      vertex   -9.052132e+00 -3.053667e+01 3.055446e+01
      vertex   -8.775614e+00 -3.017631e+01 3.055446e+01
    endloop
  endfacet
  facet normal 0.000000e+00 0.000000e+00 1.000000e+00
    outer loop
      vertex   -1.155806e+01 -2.930534e+01 3.055446e+01
      vertex   -8.775614e+00 -3.017631e+01 3.055446e+01
      vertex   -8.601787e+00 -2.975665e+01 3.055446e+01
    endloop
  endfacet
  facet normal 1.180600e-15 7.733440e-15 1.000000e+00
    outer loop
      vertex   -8.601787e+00 -2.975665e+01 3.055446e+01
      vertex   -8.542498e+00 -2.930631e+01 3.055446e+01
      vertex   -1.155806e+01 -2.930534e+01 3.055446e+01
    endloop
  endfacet
  facet normal 1.178128e-15 0.000000e+00 1.000000e+00
    outer loop
      vertex   -1.155806e+01 -2.930534e+01 3.055446e+01
      vertex   -8.542498e+00 -2.930631e+01 3.055446e+01
      vertex   -8.542498e+00 -2.930534e+01 3.055446e+01
    endloop
  endfacet
  facet normal 0.000000e+00 1.000000e+00 0.000000e+00
    outer loop
      vertex   -2.617250e+01 -3.104631e+01 3.055446e+01
      vertex   -2.617250e+01 -3.104631e+01 3.440735e+01
      vertex   -1.028250e+01 -3.104631e+01 3.055446e+01
    endloop
  endfacet
  facet normal 0.000000e+00 1.000000e+00 -0.000000e+00
    outer loop
      vertex   -1.028250e+01 -3.104631e+01 3.055446e+01
      vertex   -2.617250e+01 -3.104631e+01 3.440735e+01
      vertex   -1.028250e+01 -3.104631e+01 3.440735e+01
    endloop
  endfacet
  facet normal 1.305262e-01 9.914449e-01 0.000000e+00
    outer loop
      vertex   -2.617250e+01 -3.104631e+01 3.440735e+01
      vertex   -2.617250e+01 -3.104631e+01 3.055446e+01
      vertex   -2.662284e+01 -3.098702e+01 3.440735e+01
    endloop
  endfacet
  facet normal 1.305262e-01 9.914449e-01 0.000000e+00
    outer loop
      vertex   -2.662284e+01 -3.098702e+01 3.440735e+01
      vertex   -2.617250e+01 -3.104631e+01 3.055446e+01
      vertex   -2.662284e+01 -3.098702e+01 3.055446e+01
    endloop
  endfacet
  facet normal 3.826834e-01 9.238795e-01 0.000000e+00
    outer loop
      vertex   -2.662284e+01 -3.098702e+01 3.440735e+01
      vertex   -2.662284e+01 -3.098702e+01 3.055446e+01
      vertex   -2.704250e+01 -3.081319e+01 3.440735e+01
    endloop
  endfacet
  facet normal 3.826834e-01 9.238795e-01 0.000000e+00
    outer loop
      vertex   -2.704250e+01 -3.081319e+01 3.440735e+01
      vertex   -2.662284e+01 -3.098702e+01 3.055446e+01
      vertex   -2.704250e+01 -3.081319e+01 3.055446e+01
    endloop
  endfacet
  facet normal 6.087614e-01 7.933533e-01 0.000000e+00
    outer loop
      vertex   -2.704250e+01 -3.081319e+01 3.440735e+01
      vertex   -2.704250e+01 -3.081319e+01 3.055446e+01
      vertex   -2.740286e+01 -3.053667e+01 3.440735e+01
    endloop
  endfacet
  facet normal 6.087614e-01 7.933533e-01 0.000000e+00
    outer loop
      vertex   -2.740286e+01 -3.053667e+01 3.440735e+01
      vertex   -2.704250e+01 -3.081319e+01 3.055446e+01
      vertex   -2.740286e+01 -3.053667e+01 3.055446e+01
    endloop
  endfacet
  facet normal 7.933533e-01 6.087614e-01 0.000000e+00
    outer loop
      vertex   -2.740286e+01 -3.053667e+01 3.440735e+01
      vertex   -2.740286e+01 -3.053667e+01 3.055446e+01
      vertex   -2.767938e+01 -3.017631e+01 3.440735e+01
    endloop
  endfacet
  facet normal 7.933533e-01 6.087614e-01 0.000000e+00
    outer loop
      vertex   -2.767938e+01 -3.017631e+01 3.440735e+01
      vertex   -2.740286e+01 -3.053667e+01 3.055446e+01
      vertex   -2.767938e+01 -3.017631e+01 3.055446e+01
    endloop
  endfacet
  facet normal 9.238795e-01 3.826834e-01 0.000000e+00
    outer loop
      vertex   -2.767938e+01 -3.017631e+01 3.440735e+01
      vertex   -2.767938e+01 -3.017631e+01 3.055446e+01
      vertex   -2.785321e+01 -2.975665e+01 3.440735e+01
    endloop
  endfacet
  facet normal 9.238795e-01 3.826834e-01 0.000000e+00
    outer loop
      vertex   -2.785321e+01 -2.975665e+01 3.440735e+01
      vertex   -2.767938e+01 -3.017631e+01 3.055446e+01
      vertex   -2.785321e+01 -2.975665e+01 3.055446e+01
    endloop
  endfacet
  facet normal 9.914449e-01 1.305262e-01 0.000000e+00
    outer loop
      vertex   -2.785321e+01 -2.975665e+01 3.440735e+01
      vertex   -2.785321e+01 -2.975665e+01 3.055446e+01
      vertex   -2.791250e+01 -2.930631e+01 3.440735e+01
    endloop
  endfacet
  facet normal 9.914449e-01 1.305262e-01 0.000000e+00
    outer loop
      vertex   -2.791250e+01 -2.930631e+01 3.440735e+01
      vertex   -2.785321e+01 -2.975665e+01 3.055446e+01
      vertex   -2.791250e+01 -2.930631e+01 3.055446e+01
    endloop
  endfacet
  facet normal 1.000000e+00 0.000000e+00 0.000000e+00
    outer loop
      vertex   -2.791250e+01 -2.930631e+01 3.055446e+01
      vertex   -2.791250e+01 -2.782631e+01 3.055446e+01
      vertex   -2.791250e+01 -2.930631e+01 3.440735e+01
    endloop
  endfacet
  facet normal 1.000000e+00 -0.000000e+00 0.000000e+00
    outer loop
      vertex   -2.791250e+01 -2.930631e+01 3.440735e+01
      vertex   -2.791250e+01 -2.782631e+01 3.055446e+01
      vertex   -2.791250e+01 -2.782631e+01 3.440735e+01
    endloop
  endfacet
  facet normal 9.914449e-01 1.305262e-01 0.000000e+00
    outer loop
      vertex   -2.791250e+01 -2.782631e+01 3.440735e+01
      vertex   -2.791250e+01 -2.782631e+01 3.055446e+01
      vertex   -2.797179e+01 -2.737596e+01 3.440735e+01
    endloop
  endfacet
  facet normal 9.914449e-01 1.305262e-01 0.000000e+00
    outer loop
      vertex   -2.797179e+01 -2.737596e+01 3.440735e+01
      vertex   -2.791250e+01 -2.782631e+01 3.055446e+01
      vertex   -2.797179e+01 -2.737596e+01 3.055446e+01
    endloop
  endfacet
  facet normal 9.238795e-01 3.826834e-01 0.000000e+00
    outer loop
      vertex   -2.797179e+01 -2.737596e+01 3.440735e+01
      vertex   -2.797179e+01 -2.737596e+01 3.055446e+01
      vertex   -2.814561e+01 -2.695631e+01 3.440735e+01
    endloop
  endfacet
  facet normal 9.238795e-01 3.826834e-01 0.000000e+00
    outer loop
      vertex   -2.814561e+01 -2.695631e+01 3.440735e+01
      vertex   -2.797179e+01 -2.737596e+01 3.055446e+01
      vertex   -2.814561e+01 -2.695631e+01 3.055446e+01
    endloop
  endfacet
  facet normal 7.933533e-01 6.087614e-01 0.000000e+00
    outer loop
      vertex   -2.814561e+01 -2.695631e+01 3.440735e+01
      vertex   -2.814561e+01 -2.695631e+01 3.055446e+01
      vertex   -2.842213e+01 -2.659594e+01 3.440735e+01
    endloop
  endfacet
  facet normal 7.933533e-01 6.087614e-01 0.000000e+00
    outer loop
      vertex   -2.842213e+01 -2.659594e+01 3.440735e+01
      vertex   -2.814561e+01 -2.695631e+01 3.055446e+01
      vertex   -2.842213e+01 -2.659594e+01 3.055446e+01
    endloop
  endfacet
  facet normal 6.087614e-01 7.933533e-01 0.000000e+00
    outer loop
      vertex   -2.842213e+01 -2.659594e+01 3.440735e+01
      vertex   -2.842213e+01 -2.659594e+01 3.055446e+01
      vertex   -2.878250e+01 -2.631942e+01 3.440735e+01
    endloop
  endfacet
  facet normal 6.087614e-01 7.933533e-01 0.000000e+00
    outer loop
      vertex   -2.878250e+01 -2.631942e+01 3.440735e+01
      vertex   -2.842213e+01 -2.659594e+01 3.055446e+01
      vertex   -2.878250e+01 -2.631942e+01 3.055446e+01
    endloop
  endfacet
  facet normal 3.826834e-01 9.238795e-01 0.000000e+00
    outer loop
      vertex   -2.878250e+01 -2.631942e+01 3.440735e+01
      vertex   -2.878250e+01 -2.631942e+01 3.055446e+01
      vertex   -2.920215e+01 -2.614560e+01 3.440735e+01
    endloop
  endfacet
  facet normal 3.826834e-01 9.238795e-01 0.000000e+00
    outer loop
      vertex   -2.920215e+01 -2.614560e+01 3.440735e+01
      vertex   -2.878250e+01 -2.631942e+01 3.055446e+01
      vertex   -2.920215e+01 -2.614560e+01 3.055446e+01
    endloop
  endfacet
  facet normal 1.305262e-01 9.914449e-01 0.000000e+00
    outer loop
      vertex   -2.920215e+01 -2.614560e+01 3.440735e+01
      vertex   -2.920215e+01 -2.614560e+01 3.055446e+01
      vertex   -2.965250e+01 -2.608631e+01 3.440735e+01
    endloop
  endfacet
  facet normal 1.305262e-01 9.914449e-01 0.000000e+00
    outer loop
      vertex   -2.965250e+01 -2.608631e+01 3.440735e+01
      vertex   -2.920215e+01 -2.614560e+01 3.055446e+01
      vertex   -2.965250e+01 -2.608631e+01 3.055446e+01
    endloop
  endfacet
  facet normal 0.000000e+00 1.000000e+00 0.000000e+00
    outer loop
      vertex   -4.479303e+01 -2.608631e+01 3.055446e+01
      vertex   -4.479303e+01 -2.608631e+01 3.440735e+01
      vertex   -2.965250e+01 -2.608631e+01 3.055446e+01
    endloop
  endfacet
  facet normal 0.000000e+00 1.000000e+00 -0.000000e+00
    outer loop
      vertex   -2.965250e+01 -2.608631e+01 3.055446e+01
      vertex   -4.479303e+01 -2.608631e+01 3.440735e+01
      vertex   -2.965250e+01 -2.608631e+01 3.440735e+01
    endloop
  endfacet
  facet normal 1.000000e+00 0.000000e+00 -0.000000e+00
    outer loop
      vertex   -4.479303e+01 -9.496307e+00 3.055446e+01
      vertex   -4.479303e+01 -9.496307e+00 3.440735e+01
      vertex   -4.479303e+01 -2.608631e+01 3.055446e+01
    endloop
  endfacet
  facet normal 1.000000e+00 0.000000e+00 0.000000e+00
    outer loop
      vertex   -4.479303e+01 -2.608631e+01 3.055446e+01
      vertex   -4.479303e+01 -9.496307e+00 3.440735e+01
      vertex   -4.479303e+01 -2.608631e+01 3.440735e+01
    endloop
  endfacet
  facet normal 0.000000e+00 -0.000000e+00 1.000000e+00
    outer loop
      vertex   -4.841612e+01 -2.251064e+01 3.660446e+01
      vertex   -4.810483e+01 -2.210495e+01 3.660446e+01
      vertex   -4.852483e+01 -2.252495e+01 3.660446e+01
    endloop
  endfacet
  facet normal 0.000000e+00 0.000000e+00 1.000000e+00
    outer loop
      vertex   -4.852483e+01 -2.252495e+01 3.660446e+01
      vertex   -4.810483e+01 -2.210495e+01 3.660446e+01
      vertex   -4.810483e+01 -4.738871e+00 3.660446e+01
    endloop
  endfacet
  facet normal 0.000000e+00 -0.000000e+00 1.000000e+00
    outer loop
      vertex   -4.852483e+01 -2.252495e+01 3.660446e+01
      vertex   -4.810483e+01 -4.738871e+00 3.660446e+01
      vertex   -6.540483e+01 -1.544495e+01 3.660446e+01
    endloop
  endfacet
  facet normal 0.000000e+00 -0.000000e+00 1.000000e+00
    outer loop
      vertex   -6.540483e+01 -1.544495e+01 3.660446e+01
      vertex   -4.810483e+01 -4.738871e+00 3.660446e+01
      vertex   -6.541914e+01 -1.533625e+01 3.660446e+01
    endloop
  endfacet
  facet normal 0.000000e+00 -0.000000e+00 1.000000e+00
    outer loop
      vertex   -6.541914e+01 -1.533625e+01 3.660446e+01
      vertex   -4.810483e+01 -4.738871e+00 3.660446e+01
      vertex   -6.546110e+01 -1.523495e+01 3.660446e+01
    endloop
  endfacet
  facet normal 0.000000e+00 -0.000000e+00 1.000000e+00
    outer loop
      vertex   -6.546110e+01 -1.523495e+01 3.660446e+01
      vertex   -4.810483e+01 -4.738871e+00 3.660446e+01
      vertex   -6.552784e+01 -1.514797e+01 3.660446e+01
    endloop
  endfacet
  facet normal 0.000000e+00 -0.000000e+00 1.000000e+00
    outer loop
      vertex   -6.552784e+01 -1.514797e+01 3.660446e+01
      vertex   -4.810483e+01 -4.738871e+00 3.660446e+01
      vertex   -6.681483e+01 1.697233e+00 3.660446e+01
    endloop
  endfacet
  facet normal 0.000000e+00 0.000000e+00 1.000000e+00
    outer loop
      vertex   -6.552784e+01 -1.514797e+01 3.660446e+01
      vertex   -6.681483e+01 1.697233e+00 3.660446e+01
      vertex   -6.561483e+01 -1.508122e+01 3.660446e+01
    endloop
  endfacet
  facet normal 0.000000e+00 0.000000e+00 1.000000e+00
    outer loop
      vertex   -6.561483e+01 -1.508122e+01 3.660446e+01
      vertex   -6.681483e+01 1.697233e+00 3.660446e+01
      vertex   -6.571612e+01 -1.503927e+01 3.660446e+01
    endloop
  endfacet
  facet normal 0.000000e+00 0.000000e+00 1.000000e+00
    outer loop
      vertex   -6.571612e+01 -1.503927e+01 3.660446e+01
      vertex   -6.681483e+01 1.697233e+00 3.660446e+01
      vertex   -6.681483e+01 -1.460495e+01 3.660446e+01
    endloop
  endfacet
  facet normal 0.000000e+00 0.000000e+00 1.000000e+00
    outer loop
      vertex   -6.571612e+01 -1.503927e+01 3.660446e+01
      vertex   -6.681483e+01 -1.460495e+01 3.660446e+01
      vertex   -6.582483e+01 -1.502495e+01 3.660446e+01
    endloop
  endfacet
  facet normal 0.000000e+00 0.000000e+00 1.000000e+00
    outer loop
      vertex   -6.582483e+01 -1.502495e+01 3.660446e+01
      vertex   -6.681483e+01 -1.460495e+01 3.660446e+01
      vertex   -6.639483e+01 -1.502495e+01 3.660446e+01
    endloop
  endfacet
  facet normal 0.000000e+00 0.000000e+00 1.000000e+00
    outer loop
      vertex   -6.639483e+01 -1.502495e+01 3.660446e+01
      vertex   -6.681483e+01 -1.460495e+01 3.660446e+01
      vertex   -6.650353e+01 -1.501064e+01 3.660446e+01
    endloop
  endfacet
  facet normal 0.000000e+00 0.000000e+00 1.000000e+00
    outer loop
      vertex   -6.650353e+01 -1.501064e+01 3.660446e+01
      vertex   -6.681483e+01 -1.460495e+01 3.660446e+01
      vertex   -6.660483e+01 -1.496868e+01 3.660446e+01
    endloop
  endfacet
  facet normal 0.000000e+00 0.000000e+00 1.000000e+00
    outer loop
      vertex   -6.660483e+01 -1.496868e+01 3.660446e+01
      vertex   -6.681483e+01 -1.460495e+01 3.660446e+01
      vertex   -6.669181e+01 -1.490194e+01 3.660446e+01
    endloop
  endfacet
  facet normal 0.000000e+00 0.000000e+00 1.000000e+00
    outer loop
      vertex   -6.669181e+01 -1.490194e+01 3.660446e+01
      vertex   -6.681483e+01 -1.460495e+01 3.660446e+01
      vertex   -6.675856e+01 -1.481495e+01 3.660446e+01
    endloop
  endfacet
  facet normal 0.000000e+00 0.000000e+00 1.000000e+00
    outer loop
      vertex   -6.675856e+01 -1.481495e+01 3.660446e+01
      vertex   -6.681483e+01 -1.460495e+01 3.660446e+01
      vertex   -6.680052e+01 -1.471366e+01 3.660446e+01
    endloop
  endfacet
  facet normal 0.000000e+00 0.000000e+00 1.000000e+00
    outer loop
      vertex   -4.841612e+01 -2.251064e+01 3.660446e+01
      vertex   -4.831483e+01 -2.246868e+01 3.660446e+01
      vertex   -4.810483e+01 -2.210495e+01 3.660446e+01
    endloop
  endfacet
  facet normal 0.000000e+00 0.000000e+00 1.000000e+00
    outer loop
      vertex   -4.810483e+01 -2.210495e+01 3.660446e+01
      vertex   -4.831483e+01 -2.246868e+01 3.660446e+01
      vertex   -4.822784e+01 -2.240194e+01 3.660446e+01
    endloop
  endfacet
  facet normal 0.000000e+00 0.000000e+00 1.000000e+00
    outer loop
      vertex   -4.810483e+01 -2.210495e+01 3.660446e+01
      vertex   -4.822784e+01 -2.240194e+01 3.660446e+01
      vertex   -4.816110e+01 -2.231495e+01 3.660446e+01
    endloop
  endfacet
  facet normal 0.000000e+00 0.000000e+00 1.000000e+00
    outer loop
      vertex   -4.816110e+01 -2.231495e+01 3.660446e+01
      vertex   -4.811914e+01 -2.221366e+01 3.660446e+01
      vertex   -4.810483e+01 -2.210495e+01 3.660446e+01
    endloop
  endfacet
  facet normal 0.000000e+00 0.000000e+00 1.000000e+00
    outer loop
      vertex   -4.810483e+01 -4.738871e+00 3.660446e+01
      vertex   -4.810483e+01 1.697233e+00 3.660446e+01
      vertex   -6.681483e+01 1.697233e+00 3.660446e+01
    endloop
  endfacet
  facet normal 0.000000e+00 0.000000e+00 1.000000e+00
    outer loop
      vertex   -4.852483e+01 -2.252495e+01 3.660446e+01
      vertex   -6.540483e+01 -1.544495e+01 3.660446e+01
      vertex   -6.498483e+01 -2.252495e+01 3.660446e+01
    endloop
  endfacet
  facet normal 0.000000e+00 0.000000e+00 1.000000e+00
    outer loop
      vertex   -6.498483e+01 -2.252495e+01 3.660446e+01
      vertex   -6.540483e+01 -1.544495e+01 3.660446e+01
      vertex   -6.540483e+01 -2.210495e+01 3.660446e+01
    endloop
  endfacet
  facet normal 0.000000e+00 0.000000e+00 1.000000e+00
    outer loop
      vertex   -6.498483e+01 -2.252495e+01 3.660446e+01
      vertex   -6.540483e+01 -2.210495e+01 3.660446e+01
      vertex   -6.509353e+01 -2.251064e+01 3.660446e+01
    endloop
  endfacet
  facet normal 0.000000e+00 0.000000e+00 1.000000e+00
    outer loop
      vertex   -6.509353e+01 -2.251064e+01 3.660446e+01
      vertex   -6.540483e+01 -2.210495e+01 3.660446e+01
      vertex   -6.519483e+01 -2.246868e+01 3.660446e+01
    endloop
  endfacet
  facet normal 0.000000e+00 0.000000e+00 1.000000e+00
    outer loop
      vertex   -6.519483e+01 -2.246868e+01 3.660446e+01
      vertex   -6.540483e+01 -2.210495e+01 3.660446e+01
      vertex   -6.528181e+01 -2.240194e+01 3.660446e+01
    endloop
  endfacet
  facet normal 0.000000e+00 0.000000e+00 1.000000e+00
    outer loop
      vertex   -6.528181e+01 -2.240194e+01 3.660446e+01
      vertex   -6.540483e+01 -2.210495e+01 3.660446e+01
      vertex   -6.534856e+01 -2.231495e+01 3.660446e+01
    endloop
  endfacet
  facet normal 0.000000e+00 0.000000e+00 1.000000e+00
    outer loop
      vertex   -6.534856e+01 -2.231495e+01 3.660446e+01
      vertex   -6.540483e+01 -2.210495e+01 3.660446e+01
      vertex   -6.539052e+01 -2.221366e+01 3.660446e+01
    endloop
  endfacet
  facet normal 1.305262e-01 9.914449e-01 0.000000e+00
    outer loop
      vertex   -6.639483e+01 -1.502495e+01 3.860446e+01
      vertex   -6.639483e+01 -1.502495e+01 3.660446e+01
      vertex   -6.650353e+01 -1.501064e+01 3.860446e+01
    endloop
  endfacet
  facet normal 1.305262e-01 9.914449e-01 0.000000e+00
    outer loop
      vertex   -6.650353e+01 -1.501064e+01 3.860446e+01
      vertex   -6.639483e+01 -1.502495e+01 3.660446e+01
      vertex   -6.650353e+01 -1.501064e+01 3.660446e+01
    endloop
  endfacet
  facet normal 3.826834e-01 9.238795e-01 0.000000e+00
    outer loop
      vertex   -6.650353e+01 -1.501064e+01 3.860446e+01
      vertex   -6.650353e+01 -1.501064e+01 3.660446e+01
      vertex   -6.660483e+01 -1.496868e+01 3.860446e+01
    endloop
  endfacet
  facet normal 3.826834e-01 9.238795e-01 0.000000e+00
    outer loop
      vertex   -6.660483e+01 -1.496868e+01 3.860446e+01
      vertex   -6.650353e+01 -1.501064e+01 3.660446e+01
      vertex   -6.660483e+01 -1.496868e+01 3.660446e+01
    endloop
  endfacet
  facet normal 6.087614e-01 7.933533e-01 0.000000e+00
    outer loop
      vertex   -6.660483e+01 -1.496868e+01 3.860446e+01
      vertex   -6.660483e+01 -1.496868e+01 3.660446e+01
      vertex   -6.669181e+01 -1.490194e+01 3.860446e+01
    endloop
  endfacet
  facet normal 6.087614e-01 7.933533e-01 0.000000e+00
    outer loop
      vertex   -6.669181e+01 -1.490194e+01 3.860446e+01
      vertex   -6.660483e+01 -1.496868e+01 3.660446e+01
      vertex   -6.669181e+01 -1.490194e+01 3.660446e+01
    endloop
  endfacet
  facet normal 7.933533e-01 6.087614e-01 0.000000e+00
    outer loop
      vertex   -6.669181e+01 -1.490194e+01 3.860446e+01
      vertex   -6.669181e+01 -1.490194e+01 3.660446e+01
      vertex   -6.675856e+01 -1.481495e+01 3.860446e+01
    endloop
  endfacet
  facet normal 7.933533e-01 6.087614e-01 0.000000e+00
    outer loop
      vertex   -6.675856e+01 -1.481495e+01 3.860446e+01
      vertex   -6.669181e+01 -1.490194e+01 3.660446e+01
      vertex   -6.675856e+01 -1.481495e+01 3.660446e+01
    endloop
  endfacet
  facet normal 9.238795e-01 3.826834e-01 0.000000e+00
    outer loop
      vertex   -6.675856e+01 -1.481495e+01 3.860446e+01
      vertex   -6.675856e+01 -1.481495e+01 3.660446e+01
      vertex   -6.680052e+01 -1.471366e+01 3.860446e+01
    endloop
  endfacet
  facet normal 9.238795e-01 3.826834e-01 0.000000e+00
    outer loop
      vertex   -6.680052e+01 -1.471366e+01 3.860446e+01
      vertex   -6.675856e+01 -1.481495e+01 3.660446e+01
      vertex   -6.680052e+01 -1.471366e+01 3.660446e+01
    endloop
  endfacet
  facet normal 9.914449e-01 1.305262e-01 0.000000e+00
    outer loop
      vertex   -6.680052e+01 -1.471366e+01 3.860446e+01
      vertex   -6.680052e+01 -1.471366e+01 3.660446e+01
      vertex   -6.681483e+01 -1.460495e+01 3.860446e+01
    endloop
  endfacet
  facet normal 9.914449e-01 1.305262e-01 0.000000e+00
    outer loop
      vertex   -6.681483e+01 -1.460495e+01 3.860446e+01
      vertex   -6.680052e+01 -1.471366e+01 3.660446e+01
      vertex   -6.681483e+01 -1.460495e+01 3.660446e+01
    endloop
  endfacet
  facet normal 1.000000e+00 0.000000e+00 0.000000e+00
    outer loop
      vertex   -6.681483e+01 1.697233e+00 3.660446e+01
      vertex   -6.681483e+01 1.697233e+00 3.667737e+01
      vertex   -6.681483e+01 -1.460495e+01 3.660446e+01
    endloop
  endfacet
  facet normal 1.000000e+00 0.000000e+00 0.000000e+00
    outer loop
      vertex   -6.681483e+01 -1.460495e+01 3.660446e+01
      vertex   -6.681483e+01 1.697233e+00 3.667737e+01
      vertex   -6.681483e+01 -1.460495e+01 3.860446e+01
    endloop
  endfacet
  facet normal 1.000000e+00 -0.000000e+00 0.000000e+00
    outer loop
      vertex   -6.681483e+01 -1.460495e+01 3.860446e+01
      vertex   -6.681483e+01 1.697233e+00 3.667737e+01
      vertex   -6.681483e+01 1.697233e+00 3.860446e+01
    endloop
  endfacet
  facet normal -4.747079e-16 -1.000000e+00 -2.741000e-14
    outer loop
      vertex   -6.681483e+01 1.697233e+00 3.660446e+01
      vertex   -4.810483e+01 1.697233e+00 3.660446e+01
      vertex   -6.681483e+01 1.697233e+00 3.667737e+01
    endloop
  endfacet
  facet normal -2.373539e-16 -1.000000e+00 3.350112e-14
    outer loop
      vertex   -6.681483e+01 1.697233e+00 3.667737e+01
      vertex   -4.810483e+01 1.697233e+00 3.660446e+01
      vertex   -4.810483e+01 1.697233e+00 3.667737e+01
    endloop
  endfacet
  facet normal -1.000000e+00 -1.103995e-15 3.698507e-29
    outer loop
      vertex   -4.810483e+01 1.697233e+00 3.660446e+01
      vertex   -4.810483e+01 -4.738871e+00 3.660446e+01
      vertex   -4.810483e+01 1.697233e+00 3.667737e+01
    endloop
  endfacet
  facet normal -1.000000e+00 -1.063750e-15 -3.552714e-15
    outer loop
      vertex   -4.810483e+01 1.697233e+00 3.667737e+01
      vertex   -4.810483e+01 -4.738871e+00 3.660446e+01
      vertex   -4.810483e+01 -4.738871e+00 3.860446e+01
    endloop
  endfacet
  facet normal -1.000000e+00 0.000000e+00 0.000000e+00
    outer loop
      vertex   -4.810483e+01 1.697233e+00 3.667737e+01
      vertex   -4.810483e+01 -4.738871e+00 3.860446e+01
      vertex   -4.810483e+01 1.697233e+00 3.860446e+01
    endloop
  endfacet
  facet normal 1.578739e-13 1.000000e+00 -0.000000e+00
    outer loop
      vertex   -6.681483e+01 1.697233e+00 3.667737e+01
      vertex   -6.682748e+01 1.697233e+00 3.667737e+01
      vertex   -6.681483e+01 1.697233e+00 3.860446e+01
    endloop
  endfacet
  facet normal -1.754154e-14 1.000000e+00 1.152226e-15
    outer loop
      vertex   -6.681483e+01 1.697233e+00 3.860446e+01
      vertex   -6.682748e+01 1.697233e+00 3.667737e+01
      vertex   -6.682748e+01 1.697233e+00 3.860446e+01
    endloop
  endfacet
  facet normal 1.000000e+00 0.000000e+00 -0.000000e+00
    outer loop
      vertex   -6.682748e+01 1.697233e+00 3.667737e+01
      vertex   -6.682748e+01 3.697233e+00 3.667737e+01
      vertex   -6.682748e+01 1.697233e+00 3.860446e+01
    endloop
  endfacet
  facet normal 1.000000e+00 -0.000000e+00 0.000000e+00
    outer loop
      vertex   -6.682748e+01 1.697233e+00 3.860446e+01
      vertex   -6.682748e+01 3.697233e+00 3.667737e+01
      vertex   -6.682748e+01 3.697233e+00 3.860446e+01
    endloop
  endfacet
  facet normal 0.000000e+00 0.000000e+00 1.000000e+00
    outer loop
      vertex   -6.682748e+01 3.697233e+00 3.860446e+01
      vertex   -6.683210e+01 3.697233e+00 3.860446e+01
      vertex   -6.682748e+01 1.697233e+00 3.860446e+01
    endloop
  endfacet
  facet normal 0.000000e+00 0.000000e+00 1.000000e+00
    outer loop
      vertex   -6.682748e+01 1.697233e+00 3.860446e+01
      vertex   -6.683210e+01 3.697233e+00 3.860446e+01
      vertex   -6.683210e+01 -2.491534e+01 3.860446e+01
    endloop
  endfacet
  facet normal 0.000000e+00 0.000000e+00 1.000000e+00
    outer loop
      vertex   -6.682748e+01 1.697233e+00 3.860446e+01
      vertex   -6.683210e+01 -2.491534e+01 3.860446e+01
      vertex   -6.681483e+01 -1.460495e+01 3.860446e+01
    endloop
  endfacet
  facet normal 0.000000e+00 0.000000e+00 1.000000e+00
    outer loop
      vertex   -6.681483e+01 -1.460495e+01 3.860446e+01
      vertex   -6.683210e+01 -2.491534e+01 3.860446e+01
      vertex   -6.680052e+01 -1.471366e+01 3.860446e+01
    endloop
  endfacet
  facet normal 0.000000e+00 0.000000e+00 1.000000e+00
    outer loop
      vertex   -6.680052e+01 -1.471366e+01 3.860446e+01
      vertex   -6.683210e+01 -2.491534e+01 3.860446e+01
      vertex   -6.675856e+01 -1.481495e+01 3.860446e+01
    endloop
  endfacet
  facet normal 0.000000e+00 0.000000e+00 1.000000e+00
    outer loop
      vertex   -6.675856e+01 -1.481495e+01 3.860446e+01
      vertex   -6.683210e+01 -2.491534e+01 3.860446e+01
      vertex   -6.669181e+01 -1.490194e+01 3.860446e+01
    endloop
  endfacet
  facet normal 0.000000e+00 0.000000e+00 1.000000e+00
    outer loop
      vertex   -6.669181e+01 -1.490194e+01 3.860446e+01
      vertex   -6.683210e+01 -2.491534e+01 3.860446e+01
      vertex   -6.540483e+01 -2.210495e+01 3.860446e+01
    endloop
  endfacet
  facet normal 0.000000e+00 0.000000e+00 1.000000e+00
    outer loop
      vertex   -6.669181e+01 -1.490194e+01 3.860446e+01
      vertex   -6.540483e+01 -2.210495e+01 3.860446e+01
      vertex   -6.660483e+01 -1.496868e+01 3.860446e+01
    endloop
  endfacet
  facet normal 0.000000e+00 0.000000e+00 1.000000e+00
    outer loop
      vertex   -6.660483e+01 -1.496868e+01 3.860446e+01
      vertex   -6.540483e+01 -2.210495e+01 3.860446e+01
      vertex   -6.650353e+01 -1.501064e+01 3.860446e+01
    endloop
  endfacet
  facet normal 0.000000e+00 0.000000e+00 1.000000e+00
    outer loop
      vertex   -6.650353e+01 -1.501064e+01 3.860446e+01
      vertex   -6.540483e+01 -2.210495e+01 3.860446e+01
      vertex   -6.639483e+01 -1.502495e+01 3.860446e+01
    endloop
  endfacet
  facet normal 0.000000e+00 0.000000e+00 1.000000e+00
    outer loop
      vertex   -6.639483e+01 -1.502495e+01 3.860446e+01
      vertex   -6.540483e+01 -2.210495e+01 3.860446e+01
      vertex   -6.540483e+01 -1.544495e+01 3.860446e+01
    endloop
  endfacet
  facet normal -0.000000e+00 0.000000e+00 1.000000e+00
    outer loop
      vertex   -6.639483e+01 -1.502495e+01 3.860446e+01
      vertex   -6.540483e+01 -1.544495e+01 3.860446e+01
      vertex   -6.582483e+01 -1.502495e+01 3.860446e+01
    endloop
  endfacet
  facet normal 0.000000e+00 0.000000e+00 1.000000e+00
    outer loop
      vertex   -6.582483e+01 -1.502495e+01 3.860446e+01
      vertex   -6.540483e+01 -1.544495e+01 3.860446e+01
      vertex   -6.571612e+01 -1.503927e+01 3.860446e+01
    endloop
  endfacet
  facet normal 0.000000e+00 0.000000e+00 1.000000e+00
    outer loop
      vertex   -6.571612e+01 -1.503927e+01 3.860446e+01
      vertex   -6.540483e+01 -1.544495e+01 3.860446e+01
      vertex   -6.561483e+01 -1.508122e+01 3.860446e+01
    endloop
  endfacet
  facet normal 0.000000e+00 0.000000e+00 1.000000e+00
    outer loop
      vertex   -6.561483e+01 -1.508122e+01 3.860446e+01
      vertex   -6.540483e+01 -1.544495e+01 3.860446e+01
      vertex   -6.552784e+01 -1.514797e+01 3.860446e+01
    endloop
  endfacet
  facet normal 0.000000e+00 0.000000e+00 1.000000e+00
    outer loop
      vertex   -6.552784e+01 -1.514797e+01 3.860446e+01
      vertex   -6.540483e+01 -1.544495e+01 3.860446e+01
      vertex   -6.546110e+01 -1.523495e+01 3.860446e+01
    endloop
  endfacet
  facet normal 0.000000e+00 0.000000e+00 1.000000e+00
    outer loop
      vertex   -6.546110e+01 -1.523495e+01 3.860446e+01
      vertex   -6.540483e+01 -1.544495e+01 3.860446e+01
      vertex   -6.541914e+01 -1.533625e+01 3.860446e+01
    endloop
  endfacet
  facet normal -3.674243e-16 2.839431e-16 1.000000e+00
    outer loop
      vertex   -4.749362e+01 -2.491534e+01 3.860446e+01
      vertex   -6.498483e+01 -2.252495e+01 3.860446e+01
      vertex   -6.683210e+01 -2.491534e+01 3.860446e+01
    endloop
  endfacet
  facet normal 0.000000e+00 0.000000e+00 1.000000e+00
    outer loop
      vertex   -6.683210e+01 -2.491534e+01 3.860446e+01
      vertex   -6.498483e+01 -2.252495e+01 3.860446e+01
      vertex   -6.509353e+01 -2.251064e+01 3.860446e+01
    endloop
  endfacet
  facet normal 0.000000e+00 0.000000e+00 1.000000e+00
    outer loop
      vertex   -6.683210e+01 -2.491534e+01 3.860446e+01
      vertex   -6.509353e+01 -2.251064e+01 3.860446e+01
      vertex   -6.519483e+01 -2.246868e+01 3.860446e+01
    endloop
  endfacet
  facet normal 0.000000e+00 2.977377e-15 1.000000e+00
    outer loop
      vertex   -4.749362e+01 -2.252887e+01 3.860446e+01
      vertex   -4.810483e+01 -2.252887e+01 3.860446e+01
      vertex   -4.749362e+01 -2.491534e+01 3.860446e+01
    endloop
  endfacet
  facet normal 1.769931e-16 3.022707e-15 1.000000e+00
    outer loop
      vertex   -4.749362e+01 -2.491534e+01 3.860446e+01
      vertex   -4.810483e+01 -2.252887e+01 3.860446e+01
      vertex   -4.841612e+01 -2.251064e+01 3.860446e+01
    endloop
  endfacet
  facet normal -3.703056e-16 2.812750e-15 1.000000e+00
    outer loop
      vertex   -4.749362e+01 -2.491534e+01 3.860446e+01
      vertex   -4.841612e+01 -2.251064e+01 3.860446e+01
      vertex   -4.852483e+01 -2.252495e+01 3.860446e+01
    endloop
  endfacet
  facet normal 0.000000e+00 0.000000e+00 1.000000e+00
    outer loop
      vertex   -4.810483e+01 -2.210495e+01 3.860446e+01
      vertex   -4.811914e+01 -2.221366e+01 3.860446e+01
      vertex   -4.810483e+01 -2.252887e+01 3.860446e+01
    endloop
  endfacet
  facet normal 0.000000e+00 0.000000e+00 1.000000e+00
    outer loop
      vertex   -4.810483e+01 -2.252887e+01 3.860446e+01
      vertex   -4.811914e+01 -2.221366e+01 3.860446e+01
      vertex   -4.816110e+01 -2.231495e+01 3.860446e+01
    endloop
  endfacet
  facet normal 0.000000e+00 0.000000e+00 1.000000e+00
    outer loop
      vertex   -4.810483e+01 -2.252887e+01 3.860446e+01
      vertex   -4.816110e+01 -2.231495e+01 3.860446e+01
      vertex   -4.822784e+01 -2.240194e+01 3.860446e+01
    endloop
  endfacet
  facet normal 0.000000e+00 0.000000e+00 1.000000e+00
    outer loop
      vertex   -4.822784e+01 -2.240194e+01 3.860446e+01
      vertex   -4.831483e+01 -2.246868e+01 3.860446e+01
      vertex   -4.810483e+01 -2.252887e+01 3.860446e+01
    endloop
  endfacet
  facet normal 0.000000e+00 0.000000e+00 1.000000e+00
    outer loop
      vertex   -4.810483e+01 -2.252887e+01 3.860446e+01
      vertex   -4.831483e+01 -2.246868e+01 3.860446e+01
      vertex   -4.841612e+01 -2.251064e+01 3.860446e+01
    endloop
  endfacet
  facet normal 0.000000e+00 2.972498e-15 1.000000e+00
    outer loop
      vertex   -4.852483e+01 -2.252495e+01 3.860446e+01
      vertex   -6.498483e+01 -2.252495e+01 3.860446e+01
      vertex   -4.749362e+01 -2.491534e+01 3.860446e+01
    endloop
  endfacet
  facet normal 0.000000e+00 0.000000e+00 1.000000e+00
    outer loop
      vertex   -6.519483e+01 -2.246868e+01 3.860446e+01
      vertex   -6.528181e+01 -2.240194e+01 3.860446e+01
      vertex   -6.683210e+01 -2.491534e+01 3.860446e+01
    endloop
  endfacet
  facet normal 0.000000e+00 0.000000e+00 1.000000e+00
    outer loop
      vertex   -6.683210e+01 -2.491534e+01 3.860446e+01
      vertex   -6.528181e+01 -2.240194e+01 3.860446e+01
      vertex   -6.534856e+01 -2.231495e+01 3.860446e+01
    endloop
  endfacet
  facet normal 0.000000e+00 0.000000e+00 1.000000e+00
    outer loop
      vertex   -6.683210e+01 -2.491534e+01 3.860446e+01
      vertex   -6.534856e+01 -2.231495e+01 3.860446e+01
      vertex   -6.539052e+01 -2.221366e+01 3.860446e+01
    endloop
  endfacet
  facet normal 0.000000e+00 0.000000e+00 1.000000e+00
    outer loop
      vertex   -6.539052e+01 -2.221366e+01 3.860446e+01
      vertex   -6.540483e+01 -2.210495e+01 3.860446e+01
      vertex   -6.683210e+01 -2.491534e+01 3.860446e+01
    endloop
  endfacet
  facet normal 0.000000e+00 -0.000000e+00 1.000000e+00
    outer loop
      vertex   -6.681483e+01 -1.460495e+01 3.860446e+01
      vertex   -6.681483e+01 1.697233e+00 3.860446e+01
      vertex   -6.682748e+01 1.697233e+00 3.860446e+01
    endloop
  endfacet
  facet normal 1.000000e+00 0.000000e+00 0.000000e+00
    outer loop
      vertex   -6.683210e+01 -2.491534e+01 3.860446e+01
      vertex   -6.683210e+01 3.697233e+00 3.860446e+01
      vertex   -6.683210e+01 -2.491534e+01 3.967737e+01
    endloop
  endfacet
  facet normal 1.000000e+00 -0.000000e+00 0.000000e+00
    outer loop
      vertex   -6.683210e+01 -2.491534e+01 3.967737e+01
      vertex   -6.683210e+01 3.697233e+00 3.860446e+01
      vertex   -6.683210e+01 3.757335e+01 3.967737e+01
    endloop
  endfacet
  facet normal 1.000000e+00 0.000000e+00 0.000000e+00
    outer loop
      vertex   -6.683210e+01 3.757335e+01 3.967737e+01
      vertex   -6.683210e+01 3.697233e+00 3.860446e+01
      vertex   -6.683210e+01 3.757335e+01 3.952860e+01
    endloop
  endfacet
  facet normal 1.000000e+00 0.000000e+00 0.000000e+00
    outer loop
      vertex   -6.683210e+01 3.757335e+01 3.952860e+01
      vertex   -6.683210e+01 3.697233e+00 3.860446e+01
      vertex   -6.683210e+01 3.991102e+01 3.660737e+01
    endloop
  endfacet
  facet normal 1.000000e+00 -0.000000e+00 0.000000e+00
    outer loop
      vertex   -6.683210e+01 3.757335e+01 3.952860e+01
      vertex   -6.683210e+01 3.991102e+01 3.660737e+01
      vertex   -6.683210e+01 3.991102e+01 3.952860e+01
    endloop
  endfacet
  facet normal 1.000000e+00 0.000000e+00 0.000000e+00
    outer loop
      vertex   -6.683210e+01 3.697233e+00 3.860446e+01
      vertex   -6.683210e+01 3.697233e+00 3.660737e+01
      vertex   -6.683210e+01 3.991102e+01 3.660737e+01
    endloop
  endfacet
  facet normal 2.304881e-16 1.000000e+00 -1.613117e-14
    outer loop
      vertex   2.992790e+01 1.697233e+00 3.667737e+01
      vertex   -4.810483e+01 1.697233e+00 3.667737e+01
      vertex   2.992790e+01 1.697233e+00 3.860446e+01
    endloop
  endfacet
  facet normal 0.000000e+00 1.000000e+00 -6.798134e-15
    outer loop
      vertex   2.992790e+01 1.697233e+00 3.860446e+01
      vertex   -4.810483e+01 1.697233e+00 3.667737e+01
      vertex   -4.810483e+01 1.697233e+00 3.860446e+01
    endloop
  endfacet
  facet normal 1.000000e+00 0.000000e+00 -1.843562e-15
    outer loop
      vertex   2.992790e+01 6.972330e-01 3.667737e+01
      vertex   2.992790e+01 1.697233e+00 3.667737e+01
      vertex   2.992790e+01 6.972330e-01 3.860446e+01
    endloop
  endfacet
  facet normal 1.000000e+00 -3.552714e-15 -3.687124e-15
    outer loop
      vertex   2.992790e+01 6.972330e-01 3.860446e+01
      vertex   2.992790e+01 1.697233e+00 3.667737e+01
      vertex   2.992790e+01 1.697233e+00 3.860446e+01
    endloop
  endfacet
  facet normal 0.000000e+00 0.000000e+00 1.000000e+00
    outer loop
      vertex   -1.155806e+01 -4.738871e+00 3.860446e+01
      vertex   -1.155806e+01 -2.345343e+00 3.860446e+01
      vertex   -4.810483e+01 -4.738871e+00 3.860446e+01
    endloop
  endfacet
  facet normal 0.000000e+00 0.000000e+00 1.000000e+00
    outer loop
      vertex   -4.810483e+01 -4.738871e+00 3.860446e+01
      vertex   -1.155806e+01 -2.345343e+00 3.860446e+01
      vertex   -4.810483e+01 1.697233e+00 3.860446e+01
    endloop
  endfacet
  facet normal -0.000000e+00 0.000000e+00 1.000000e+00
    outer loop
      vertex   -4.810483e+01 1.697233e+00 3.860446e+01
      vertex   -1.155806e+01 -2.345343e+00 3.860446e+01
      vertex   2.992790e+01 1.697233e+00 3.860446e+01
    endloop
  endfacet
  facet normal 0.000000e+00 0.000000e+00 1.000000e+00
    outer loop
      vertex   2.992790e+01 1.697233e+00 3.860446e+01
      vertex   -1.155806e+01 -2.345343e+00 3.860446e+01
      vertex   2.051194e+01 -2.345343e+00 3.860446e+01
    endloop
  endfacet
  facet normal 0.000000e+00 0.000000e+00 1.000000e+00
    outer loop
      vertex   2.992790e+01 1.697233e+00 3.860446e+01
      vertex   2.051194e+01 -2.345343e+00 3.860446e+01
      vertex   2.992790e+01 6.972330e-01 3.860446e+01
    endloop
  endfacet
  facet normal 0.000000e+00 0.000000e+00 1.000000e+00
    outer loop
      vertex   2.992790e+01 6.972330e-01 3.860446e+01
      vertex   2.051194e+01 -2.345343e+00 3.860446e+01
      vertex   2.992790e+01 -2.491534e+01 3.860446e+01
    endloop
  endfacet
  facet normal 0.000000e+00 0.000000e+00 1.000000e+00
    outer loop
      vertex   2.992790e+01 -2.491534e+01 3.860446e+01
      vertex   2.051194e+01 -2.345343e+00 3.860446e+01
      vertex   2.051194e+01 -2.491534e+01 3.860446e+01
    endloop
  endfacet
  facet normal 2.105449e-15 1.000000e+00 1.613117e-15
    outer loop
      vertex   2.992790e+01 6.972330e-01 3.667737e+01
      vertex   2.992790e+01 6.972330e-01 3.860446e+01
      vertex   3.098252e+01 6.972330e-01 3.667737e+01
    endloop
  endfacet
  facet normal -9.212489e-15 1.000000e+00 -4.580727e-15
    outer loop
      vertex   3.098252e+01 6.972330e-01 3.667737e+01
      vertex   2.992790e+01 6.972330e-01 3.860446e+01
      vertex   3.298570e+01 6.972330e-01 3.967737e+01
    endloop
  endfacet
  facet normal -1.574013e-14 1.000000e+00 -2.220446e-16
    outer loop
      vertex   3.098252e+01 6.972330e-01 3.667737e+01
      vertex   3.298570e+01 6.972330e-01 3.967737e+01
      vertex   3.298570e+01 6.972330e-01 3.467737e+01
    endloop
  endfacet
  facet normal 2.541553e-16 1.000000e+00 -3.156078e-14
    outer loop
      vertex   2.992790e+01 6.972330e-01 3.860446e+01
      vertex   2.992790e+01 6.972330e-01 3.967737e+01
      vertex   3.298570e+01 6.972330e-01 3.967737e+01
    endloop
  endfacet
  facet normal -1.440998e-14 1.000000e+00 1.110223e-15
    outer loop
      vertex   3.298570e+01 6.972330e-01 3.467737e+01
      vertex   3.098252e+01 6.972330e-01 3.467737e+01
      vertex   3.098252e+01 6.972330e-01 3.667737e+01
    endloop
  endfacet
  facet normal 0.000000e+00 0.000000e+00 1.000000e+00
    outer loop
      vertex   3.298570e+01 6.972330e-01 3.967737e+01
      vertex   4.451887e+01 3.509634e+01 3.967737e+01
      vertex   3.298570e+01 3.999723e+01 3.967737e+01
    endloop
  endfacet
  facet normal 0.000000e+00 0.000000e+00 1.000000e+00
    outer loop
      vertex   3.298570e+01 3.999723e+01 3.967737e+01
      vertex   4.451887e+01 3.509634e+01 3.967737e+01
      vertex   4.444413e+01 3.595069e+01 3.967737e+01
    endloop
  endfacet
  facet normal -0.000000e+00 0.000000e+00 1.000000e+00
    outer loop
      vertex   3.298570e+01 3.999723e+01 3.967737e+01
      vertex   4.444413e+01 3.595069e+01 3.967737e+01
      vertex   3.959887e+01 4.001634e+01 3.967737e+01
    endloop
  endfacet
  facet normal 0.000000e+00 0.000000e+00 1.000000e+00
    outer loop
      vertex   3.959887e+01 4.001634e+01 3.967737e+01
      vertex   4.444413e+01 3.595069e+01 3.967737e+01
      vertex   4.422216e+01 3.677908e+01 3.967737e+01
    endloop
  endfacet
  facet normal 0.000000e+00 0.000000e+00 1.000000e+00
    outer loop
      vertex   3.959887e+01 4.001634e+01 3.967737e+01
      vertex   4.422216e+01 3.677908e+01 3.967737e+01
      vertex   4.385972e+01 3.755634e+01 3.967737e+01
    endloop
  endfacet
  facet normal 0.000000e+00 0.000000e+00 1.000000e+00
    outer loop
      vertex   2.992790e+01 6.972330e-01 3.967737e+01
      vertex   2.993137e+01 -2.491534e+01 3.967737e+01
      vertex   3.298570e+01 6.972330e-01 3.967737e+01
    endloop
  endfacet
  facet normal 0.000000e+00 0.000000e+00 1.000000e+00
    outer loop
      vertex   3.298570e+01 6.972330e-01 3.967737e+01
      vertex   2.993137e+01 -2.491534e+01 3.967737e+01
      vertex   4.451887e+01 -2.506366e+01 3.967737e+01
    endloop
  endfacet
  facet normal -0.000000e+00 0.000000e+00 1.000000e+00
    outer loop
      vertex   3.298570e+01 6.972330e-01 3.967737e+01
      vertex   4.451887e+01 -2.506366e+01 3.967737e+01
      vertex   4.451887e+01 3.509634e+01 3.967737e+01
    endloop
  endfacet
  facet normal 0.000000e+00 0.000000e+00 1.000000e+00
    outer loop
      vertex   2.992790e+01 6.972330e-01 3.967737e+01
      vertex   2.992790e+01 -2.491534e+01 3.967737e+01
      vertex   2.993137e+01 -2.491534e+01 3.967737e+01
    endloop
  endfacet
  facet normal -0.000000e+00 -0.000000e+00 1.000000e+00
    outer loop
      vertex   2.993137e+01 -2.848534e+01 3.967737e+01
      vertex   3.711594e+01 -2.999722e+01 3.967737e+01
      vertex   2.993137e+01 -2.491534e+01 3.967737e+01
    endloop
  endfacet
  facet normal 0.000000e+00 0.000000e+00 1.000000e+00
    outer loop
      vertex   2.993137e+01 -2.491534e+01 3.967737e+01
      vertex   3.711594e+01 -2.999722e+01 3.967737e+01
      vertex   3.756336e+01 -2.998366e+01 3.967737e+01
    endloop
  endfacet
  facet normal 0.000000e+00 0.000000e+00 1.000000e+00
    outer loop
      vertex   2.993137e+01 -2.491534e+01 3.967737e+01
      vertex   3.756336e+01 -2.998366e+01 3.967737e+01
      vertex   4.444413e+01 -2.591801e+01 3.967737e+01
    endloop
  endfacet
  facet normal 0.000000e+00 0.000000e+00 1.000000e+00
    outer loop
      vertex   4.444413e+01 -2.591801e+01 3.967737e+01
      vertex   3.756336e+01 -2.998366e+01 3.967737e+01
      vertex   4.422216e+01 -2.674640e+01 3.967737e+01
    endloop
  endfacet
  facet normal 0.000000e+00 0.000000e+00 1.000000e+00
    outer loop
      vertex   4.422216e+01 -2.674640e+01 3.967737e+01
      vertex   3.756336e+01 -2.998366e+01 3.967737e+01
      vertex   4.385972e+01 -2.752366e+01 3.967737e+01
    endloop
  endfacet
  facet normal 0.000000e+00 0.000000e+00 1.000000e+00
    outer loop
      vertex   4.385972e+01 -2.752366e+01 3.967737e+01
      vertex   3.756336e+01 -2.998366e+01 3.967737e+01
      vertex   4.336781e+01 -2.822618e+01 3.967737e+01
    endloop
  endfacet
  facet normal 0.000000e+00 0.000000e+00 1.000000e+00
    outer loop
      vertex   4.336781e+01 -2.822618e+01 3.967737e+01
      vertex   3.756336e+01 -2.998366e+01 3.967737e+01
      vertex   3.959887e+01 -2.998366e+01 3.967737e+01
    endloop
  endfacet
  facet normal 0.000000e+00 0.000000e+00 1.000000e+00
    outer loop
      vertex   4.336781e+01 -2.822618e+01 3.967737e+01
      vertex   3.959887e+01 -2.998366e+01 3.967737e+01
      vertex   4.276139e+01 -2.883260e+01 3.967737e+01
    endloop
  endfacet
  facet normal 0.000000e+00 0.000000e+00 1.000000e+00
    outer loop
      vertex   4.276139e+01 -2.883260e+01 3.967737e+01
      vertex   3.959887e+01 -2.998366e+01 3.967737e+01
      vertex   4.205887e+01 -2.932451e+01 3.967737e+01
    endloop
  endfacet
  facet normal 0.000000e+00 0.000000e+00 1.000000e+00
    outer loop
      vertex   4.205887e+01 -2.932451e+01 3.967737e+01
      vertex   3.959887e+01 -2.998366e+01 3.967737e+01
      vertex   4.128161e+01 -2.968695e+01 3.967737e+01
    endloop
  endfacet
  facet normal 0.000000e+00 0.000000e+00 1.000000e+00
    outer loop
      vertex   4.128161e+01 -2.968695e+01 3.967737e+01
      vertex   3.959887e+01 -2.998366e+01 3.967737e+01
      vertex   4.045322e+01 -2.990891e+01 3.967737e+01
    endloop
  endfacet
  facet normal -0.000000e+00 0.000000e+00 1.000000e+00
    outer loop
      vertex   2.820620e+01 -2.848534e+01 3.967737e+01
      vertex   2.669432e+01 -2.999722e+01 3.967737e+01
      vertex   2.993137e+01 -2.848534e+01 3.967737e+01
    endloop
  endfacet
  facet normal 0.000000e+00 0.000000e+00 1.000000e+00
    outer loop
      vertex   2.993137e+01 -2.848534e+01 3.967737e+01
      vertex   2.669432e+01 -2.999722e+01 3.967737e+01
      vertex   3.711594e+01 -2.999722e+01 3.967737e+01
    endloop
  endfacet
  facet normal 0.000000e+00 -0.000000e+00 1.000000e+00
    outer loop
      vertex   3.726516e+01 -2.999571e+01 3.967737e+01
      vertex   3.741432e+01 -2.999119e+01 3.967737e+01
      vertex   3.711594e+01 -2.999722e+01 3.967737e+01
    endloop
  endfacet
  facet normal 0.000000e+00 0.000000e+00 1.000000e+00
    outer loop
      vertex   3.711594e+01 -2.999722e+01 3.967737e+01
      vertex   3.741432e+01 -2.999119e+01 3.967737e+01
      vertex   3.756336e+01 -2.998366e+01 3.967737e+01
    endloop
  endfacet
  facet normal 0.000000e+00 -0.000000e+00 1.000000e+00
    outer loop
      vertex   4.444413e+01 -2.591801e+01 3.967737e+01
      vertex   4.451887e+01 -2.506366e+01 3.967737e+01
      vertex   2.993137e+01 -2.491534e+01 3.967737e+01
    endloop
  endfacet
  facet normal 0.000000e+00 0.000000e+00 1.000000e+00
    outer loop
      vertex   4.385972e+01 3.755634e+01 3.967737e+01
      vertex   4.336781e+01 3.825885e+01 3.967737e+01
      vertex   3.959887e+01 4.001634e+01 3.967737e+01
    endloop
  endfacet
  facet normal 0.000000e+00 0.000000e+00 1.000000e+00
    outer loop
      vertex   3.959887e+01 4.001634e+01 3.967737e+01
      vertex   4.336781e+01 3.825885e+01 3.967737e+01
      vertex   4.276139e+01 3.886528e+01 3.967737e+01
    endloop
  endfacet
  facet normal 0.000000e+00 0.000000e+00 1.000000e+00
    outer loop
      vertex   3.959887e+01 4.001634e+01 3.967737e+01
      vertex   4.276139e+01 3.886528e+01 3.967737e+01
      vertex   4.205887e+01 3.935718e+01 3.967737e+01
    endloop
  endfacet
  facet normal 0.000000e+00 0.000000e+00 1.000000e+00
    outer loop
      vertex   4.205887e+01 3.935718e+01 3.967737e+01
      vertex   4.128161e+01 3.971963e+01 3.967737e+01
      vertex   3.959887e+01 4.001634e+01 3.967737e+01
    endloop
  endfacet
  facet normal 0.000000e+00 0.000000e+00 1.000000e+00
    outer loop
      vertex   3.959887e+01 4.001634e+01 3.967737e+01
      vertex   4.128161e+01 3.971963e+01 3.967737e+01
      vertex   4.045322e+01 3.994159e+01 3.967737e+01
    endloop
  endfacet
  facet normal 0.000000e+00 -0.000000e+00 1.000000e+00
    outer loop
      vertex   3.298570e+01 3.999723e+01 3.967737e+01
      vertex   3.959887e+01 4.001634e+01 3.967737e+01
      vertex   -5.021430e+01 3.999723e+01 3.967737e+01
    endloop
  endfacet
  facet normal 0.000000e+00 -0.000000e+00 1.000000e+00
    outer loop
      vertex   -5.021430e+01 3.999723e+01 3.967737e+01
      vertex   3.959887e+01 4.001634e+01 3.967737e+01
      vertex   -6.258113e+01 4.001634e+01 3.967737e+01
    endloop
  endfacet
  facet normal 0.000000e+00 0.000000e+00 1.000000e+00
    outer loop
      vertex   -5.021430e+01 3.999723e+01 3.967737e+01
      vertex   -6.258113e+01 4.001634e+01 3.967737e+01
      vertex   -5.021430e+01 3.991102e+01 3.967737e+01
    endloop
  endfacet
  facet normal 0.000000e+00 0.000000e+00 1.000000e+00
    outer loop
      vertex   -5.021430e+01 3.991102e+01 3.967737e+01
      vertex   -6.258113e+01 4.001634e+01 3.967737e+01
      vertex   -6.359366e+01 3.991102e+01 3.967737e+01
    endloop
  endfacet
  facet normal 0.000000e+00 0.000000e+00 1.000000e+00
    outer loop
      vertex   -6.359366e+01 3.991102e+01 3.967737e+01
      vertex   -6.258113e+01 4.001634e+01 3.967737e+01
      vertex   -6.325885e+01 3.996944e+01 3.967737e+01
    endloop
  endfacet
  facet normal 0.000000e+00 0.000000e+00 1.000000e+00
    outer loop
      vertex   -6.325885e+01 3.996944e+01 3.967737e+01
      vertex   -6.258113e+01 4.001634e+01 3.967737e+01
      vertex   -6.292080e+01 4.000460e+01 3.967737e+01
    endloop
  endfacet
  facet normal -0.000000e+00 0.000000e+00 1.000000e+00
    outer loop
      vertex   -5.021430e+01 3.999723e+01 3.869737e+01
      vertex   -5.021430e+01 3.991102e+01 3.869737e+01
      vertex   -4.804600e+01 3.999723e+01 3.869737e+01
    endloop
  endfacet
  facet normal 0.000000e+00 0.000000e+00 1.000000e+00
    outer loop
      vertex   -4.804600e+01 3.999723e+01 3.869737e+01
      vertex   -5.021430e+01 3.991102e+01 3.869737e+01
      vertex   -4.804600e+01 3.550723e+01 3.869737e+01
    endloop
  endfacet
  facet normal 0.000000e+00 0.000000e+00 1.000000e+00
    outer loop
      vertex   -4.804600e+01 3.550723e+01 3.869737e+01
      vertex   -5.021430e+01 3.991102e+01 3.869737e+01
      vertex   -5.359600e+01 3.550723e+01 3.869737e+01
    endloop
  endfacet
  facet normal 0.000000e+00 0.000000e+00 1.000000e+00
    outer loop
      vertex   -5.359600e+01 3.550723e+01 3.869737e+01
      vertex   -5.021430e+01 3.991102e+01 3.869737e+01
      vertex   -5.359600e+01 3.991102e+01 3.869737e+01
    endloop
  endfacet
  facet normal 0.000000e+00 -1.000000e+00 0.000000e+00
    outer loop
      vertex   -5.359600e+01 3.991102e+01 3.660737e+01
      vertex   -5.359600e+01 3.991102e+01 3.869737e+01
      vertex   -6.683210e+01 3.991102e+01 3.660737e+01
    endloop
  endfacet
  facet normal 0.000000e+00 -1.000000e+00 0.000000e+00
    outer loop
      vertex   -6.683210e+01 3.991102e+01 3.660737e+01
      vertex   -5.359600e+01 3.991102e+01 3.869737e+01
      vertex   -6.359366e+01 3.991102e+01 3.952860e+01
    endloop
  endfacet
  facet normal 0.000000e+00 -1.000000e+00 0.000000e+00
    outer loop
      vertex   -6.683210e+01 3.991102e+01 3.660737e+01
      vertex   -6.359366e+01 3.991102e+01 3.952860e+01
      vertex   -6.683210e+01 3.991102e+01 3.952860e+01
    endloop
  endfacet
  facet normal 0.000000e+00 -1.000000e+00 0.000000e+00
    outer loop
      vertex   -5.021430e+01 3.991102e+01 3.869737e+01
      vertex   -5.021430e+01 3.991102e+01 3.967737e+01
      vertex   -5.359600e+01 3.991102e+01 3.869737e+01
    endloop
  endfacet
  facet normal 0.000000e+00 -1.000000e+00 0.000000e+00
    outer loop
      vertex   -5.359600e+01 3.991102e+01 3.869737e+01
      vertex   -5.021430e+01 3.991102e+01 3.967737e+01
      vertex   -6.359366e+01 3.991102e+01 3.967737e+01
    endloop
  endfacet
  facet normal 0.000000e+00 -1.000000e+00 0.000000e+00
    outer loop
      vertex   -5.359600e+01 3.991102e+01 3.869737e+01
      vertex   -6.359366e+01 3.991102e+01 3.967737e+01
      vertex   -6.359366e+01 3.991102e+01 3.952860e+01
    endloop
  endfacet
  facet normal -1.000000e+00 0.000000e+00 0.000000e+00
    outer loop
      vertex   -6.682748e+01 3.697233e+00 3.667737e+01
      vertex   -6.682748e+01 5.899366e+00 3.667737e+01
      vertex   -6.682748e+01 3.697233e+00 3.467737e+01
    endloop
  endfacet
  facet normal -1.000000e+00 0.000000e+00 0.000000e+00
    outer loop
      vertex   -6.682748e+01 3.697233e+00 3.467737e+01
      vertex   -6.682748e+01 5.899366e+00 3.667737e+01
      vertex   -6.682748e+01 5.899366e+00 3.467737e+01
    endloop
  endfacet
  facet normal 9.440282e-14 -1.000000e+00 0.000000e+00
    outer loop
      vertex   2.587850e+01 2.641096e+01 3.367737e+01
      vertex   2.591613e+01 2.641096e+01 3.367737e+01
      vertex   2.587850e+01 2.641096e+01 3.667737e+01
    endloop
  endfacet
  facet normal 9.440282e-14 -1.000000e+00 0.000000e+00
    outer loop
      vertex   2.587850e+01 2.641096e+01 3.667737e+01
      vertex   2.591613e+01 2.641096e+01 3.367737e+01
      vertex   2.591613e+01 2.641096e+01 3.667737e+01
    endloop
  endfacet
  facet normal 1.000000e+00 -4.519992e-16 -5.018199e-31
    outer loop
      vertex   3.098252e+01 6.972330e-01 3.467737e+01
      vertex   3.098252e+01 3.999723e+01 3.467737e+01
      vertex   3.098252e+01 6.972330e-01 3.667737e+01
    endloop
  endfacet
  facet normal 1.000000e+00 -4.519992e-16 0.000000e+00
    outer loop
      vertex   3.098252e+01 6.972330e-01 3.667737e+01
      vertex   3.098252e+01 3.999723e+01 3.467737e+01
      vertex   3.098252e+01 3.999723e+01 3.667737e+01
    endloop
  endfacet
  facet normal 0.000000e+00 1.000000e+00 -0.000000e+00
    outer loop
      vertex   2.591613e+01 2.588564e+01 3.367737e+01
      vertex   2.587850e+01 2.588564e+01 3.367737e+01
      vertex   2.591613e+01 2.588564e+01 3.667737e+01
    endloop
  endfacet
  facet normal 0.000000e+00 1.000000e+00 0.000000e+00
    outer loop
      vertex   2.591613e+01 2.588564e+01 3.667737e+01
      vertex   2.587850e+01 2.588564e+01 3.367737e+01
      vertex   2.587850e+01 2.588564e+01 3.667737e+01
    endloop
  endfacet
  facet normal -0.000000e+00 0.000000e+00 1.000000e+00
    outer loop
      vertex   2.587850e+01 2.588564e+01 3.667737e+01
      vertex   2.588224e+01 1.674715e+01 3.667737e+01
      vertex   2.591613e+01 2.588564e+01 3.667737e+01
    endloop
  endfacet
  facet normal -0.000000e+00 0.000000e+00 1.000000e+00
    outer loop
      vertex   2.591613e+01 2.588564e+01 3.667737e+01
      vertex   2.588224e+01 1.674715e+01 3.667737e+01
      vertex   3.098252e+01 3.999723e+01 3.667737e+01
    endloop
  endfacet
  facet normal 0.000000e+00 0.000000e+00 1.000000e+00
    outer loop
      vertex   2.591613e+01 2.588564e+01 3.667737e+01
      vertex   3.098252e+01 3.999723e+01 3.667737e+01
      vertex   2.591613e+01 2.641096e+01 3.667737e+01
    endloop
  endfacet
  facet normal 0.000000e+00 -0.000000e+00 1.000000e+00
    outer loop
      vertex   2.591613e+01 2.641096e+01 3.667737e+01
      vertex   3.098252e+01 3.999723e+01 3.667737e+01
      vertex   2.587850e+01 3.996687e+01 3.667737e+01
    endloop
  endfacet
  facet normal 0.000000e+00 0.000000e+00 1.000000e+00
    outer loop
      vertex   2.591613e+01 2.641096e+01 3.667737e+01
      vertex   2.587850e+01 3.996687e+01 3.667737e+01
      vertex   2.587850e+01 2.641096e+01 3.667737e+01
    endloop
  endfacet
  facet normal 0.000000e+00 0.000000e+00 1.000000e+00
    outer loop
      vertex   2.587850e+01 2.588564e+01 3.667737e+01
      vertex   2.587850e+01 1.674715e+01 3.667737e+01
      vertex   2.588224e+01 1.674715e+01 3.667737e+01
    endloop
  endfacet
  facet normal -0.000000e+00 0.000000e+00 1.000000e+00
    outer loop
      vertex   2.588224e+01 5.927147e+00 3.667737e+01
      vertex   2.992790e+01 1.697233e+00 3.667737e+01
      vertex   2.588224e+01 1.674715e+01 3.667737e+01
    endloop
  endfacet
  facet normal 0.000000e+00 0.000000e+00 1.000000e+00
    outer loop
      vertex   2.588224e+01 1.674715e+01 3.667737e+01
      vertex   2.992790e+01 1.697233e+00 3.667737e+01
      vertex   3.098252e+01 6.972330e-01 3.667737e+01
    endloop
  endfacet
  facet normal -0.000000e+00 0.000000e+00 1.000000e+00
    outer loop
      vertex   2.588224e+01 1.674715e+01 3.667737e+01
      vertex   3.098252e+01 6.972330e-01 3.667737e+01
      vertex   3.098252e+01 3.999723e+01 3.667737e+01
    endloop
  endfacet
  facet normal -0.000000e+00 0.000000e+00 1.000000e+00
    outer loop
      vertex   -4.025748e+01 5.927147e+00 3.667737e+01
      vertex   -4.025748e+01 5.899366e+00 3.667737e+01
      vertex   2.588224e+01 5.927147e+00 3.667737e+01
    endloop
  endfacet
  facet normal 0.000000e+00 0.000000e+00 1.000000e+00
    outer loop
      vertex   2.588224e+01 5.927147e+00 3.667737e+01
      vertex   -4.025748e+01 5.899366e+00 3.667737e+01
      vertex   2.992790e+01 1.697233e+00 3.667737e+01
    endloop
  endfacet
  facet normal 0.000000e+00 0.000000e+00 1.000000e+00
    outer loop
      vertex   2.992790e+01 1.697233e+00 3.667737e+01
      vertex   -4.025748e+01 5.899366e+00 3.667737e+01
      vertex   -4.810483e+01 1.697233e+00 3.667737e+01
    endloop
  endfacet
  facet normal 0.000000e+00 -0.000000e+00 1.000000e+00
    outer loop
      vertex   -4.810483e+01 1.697233e+00 3.667737e+01
      vertex   -4.025748e+01 5.899366e+00 3.667737e+01
      vertex   -5.824192e+01 5.899366e+00 3.667737e+01
    endloop
  endfacet
  facet normal 0.000000e+00 0.000000e+00 1.000000e+00
    outer loop
      vertex   -4.810483e+01 1.697233e+00 3.667737e+01
      vertex   -5.824192e+01 5.899366e+00 3.667737e+01
      vertex   -6.681483e+01 1.697233e+00 3.667737e+01
    endloop
  endfacet
  facet normal 0.000000e+00 0.000000e+00 1.000000e+00
    outer loop
      vertex   -6.681483e+01 1.697233e+00 3.667737e+01
      vertex   -5.824192e+01 5.899366e+00 3.667737e+01
      vertex   -5.852347e+01 5.889736e+00 3.667737e+01
    endloop
  endfacet
  facet normal 0.000000e+00 0.000000e+00 1.000000e+00
    outer loop
      vertex   -6.681483e+01 1.697233e+00 3.667737e+01
      vertex   -5.852347e+01 5.889736e+00 3.667737e+01
      vertex   -5.880518e+01 5.889736e+00 3.667737e+01
    endloop
  endfacet
  facet normal 0.000000e+00 -0.000000e+00 1.000000e+00
    outer loop
      vertex   -6.681483e+01 1.697233e+00 3.667737e+01
      vertex   -5.880518e+01 5.889736e+00 3.667737e+01
      vertex   -6.682748e+01 3.697233e+00 3.667737e+01
    endloop
  endfacet
  facet normal 0.000000e+00 0.000000e+00 1.000000e+00
    outer loop
      vertex   -6.682748e+01 3.697233e+00 3.667737e+01
      vertex   -5.880518e+01 5.889736e+00 3.667737e+01
      vertex   -5.908673e+01 5.899366e+00 3.667737e+01
    endloop
  endfacet
  facet normal 0.000000e+00 0.000000e+00 1.000000e+00
    outer loop
      vertex   -6.682748e+01 3.697233e+00 3.667737e+01
      vertex   -5.908673e+01 5.899366e+00 3.667737e+01
      vertex   -6.682748e+01 5.899366e+00 3.667737e+01
    endloop
  endfacet
  facet normal 0.000000e+00 0.000000e+00 1.000000e+00
    outer loop
      vertex   -6.682748e+01 3.697233e+00 3.667737e+01
      vertex   -6.682748e+01 1.697233e+00 3.667737e+01
      vertex   -6.681483e+01 1.697233e+00 3.667737e+01
    endloop
  endfacet
  facet normal 0.000000e+00 0.000000e+00 1.000000e+00
    outer loop
      vertex   2.992790e+01 1.697233e+00 3.667737e+01
      vertex   2.992790e+01 6.972330e-01 3.667737e+01
      vertex   3.098252e+01 6.972330e-01 3.667737e+01
    endloop
  endfacet
  facet normal 0.000000e+00 0.000000e+00 1.000000e+00
    outer loop
      vertex   3.098252e+01 3.999723e+01 3.667737e+01
      vertex   -4.804600e+01 3.999723e+01 3.667737e+01
      vertex   2.587850e+01 3.996687e+01 3.667737e+01
    endloop
  endfacet
  facet normal 0.000000e+00 0.000000e+00 1.000000e+00
    outer loop
      vertex   2.587850e+01 3.996687e+01 3.667737e+01
      vertex   -4.804600e+01 3.999723e+01 3.667737e+01
      vertex   -4.593387e+01 3.996687e+01 3.667737e+01
    endloop
  endfacet
  facet normal 0.000000e+00 0.000000e+00 1.000000e+00
    outer loop
      vertex   -4.593387e+01 3.996687e+01 3.667737e+01
      vertex   -4.804600e+01 3.999723e+01 3.667737e+01
      vertex   -4.804600e+01 3.550937e+01 3.667737e+01
    endloop
  endfacet
  facet normal 0.000000e+00 0.000000e+00 1.000000e+00
    outer loop
      vertex   -4.593387e+01 3.996687e+01 3.667737e+01
      vertex   -4.804600e+01 3.550937e+01 3.667737e+01
      vertex   -4.593387e+01 3.550937e+01 3.667737e+01
    endloop
  endfacet
  facet normal 1.000000e+00 0.000000e+00 -0.000000e+00
    outer loop
      vertex   -4.804600e+01 3.550937e+01 3.367737e+01
      vertex   -4.804600e+01 3.550937e+01 3.667737e+01
      vertex   -4.804600e+01 3.550723e+01 3.367737e+01
    endloop
  endfacet
  facet normal 1.000000e+00 0.000000e+00 0.000000e+00
    outer loop
      vertex   -4.804600e+01 3.550723e+01 3.367737e+01
      vertex   -4.804600e+01 3.550937e+01 3.667737e+01
      vertex   -4.804600e+01 3.550723e+01 3.869737e+01
    endloop
  endfacet
  facet normal 1.000000e+00 -0.000000e+00 0.000000e+00
    outer loop
      vertex   -4.804600e+01 3.550723e+01 3.869737e+01
      vertex   -4.804600e+01 3.550937e+01 3.667737e+01
      vertex   -4.804600e+01 3.999723e+01 3.869737e+01
    endloop
  endfacet
  facet normal 1.000000e+00 0.000000e+00 0.000000e+00
    outer loop
      vertex   -4.804600e+01 3.999723e+01 3.869737e+01
      vertex   -4.804600e+01 3.550937e+01 3.667737e+01
      vertex   -4.804600e+01 3.999723e+01 3.667737e+01
    endloop
  endfacet
  facet normal -2.697290e-16 -1.000000e+00 0.000000e+00
    outer loop
      vertex   -4.804600e+01 3.999723e+01 3.667737e+01
      vertex   3.098252e+01 3.999723e+01 3.667737e+01
      vertex   -4.804600e+01 3.999723e+01 3.869737e+01
    endloop
  endfacet
  facet normal -8.663288e-17 -1.000000e+00 7.163274e-15
    outer loop
      vertex   -4.804600e+01 3.999723e+01 3.869737e+01
      vertex   3.098252e+01 3.999723e+01 3.667737e+01
      vertex   3.298570e+01 3.999723e+01 3.967737e+01
    endloop
  endfacet
  facet normal 0.000000e+00 -1.000000e+00 0.000000e+00
    outer loop
      vertex   -4.804600e+01 3.999723e+01 3.869737e+01
      vertex   3.298570e+01 3.999723e+01 3.967737e+01
      vertex   -5.021430e+01 3.999723e+01 3.967737e+01
    endloop
  endfacet
  facet normal 1.064121e-14 -1.000000e+00 0.000000e+00
    outer loop
      vertex   3.098252e+01 3.999723e+01 3.467737e+01
      vertex   3.298570e+01 3.999723e+01 3.467737e+01
      vertex   3.098252e+01 3.999723e+01 3.667737e+01
    endloop
  endfacet
  facet normal 1.064121e-14 -1.000000e+00 -1.512207e-29
    outer loop
      vertex   3.098252e+01 3.999723e+01 3.667737e+01
      vertex   3.298570e+01 3.999723e+01 3.467737e+01
      vertex   3.298570e+01 3.999723e+01 3.967737e+01
    endloop
  endfacet
  facet normal 0.000000e+00 -1.000000e+00 0.000000e+00
    outer loop
      vertex   -5.021430e+01 3.999723e+01 3.967737e+01
      vertex   -5.021430e+01 3.999723e+01 3.869737e+01
      vertex   -4.804600e+01 3.999723e+01 3.869737e+01
    endloop
  endfacet
  facet normal 0.000000e+00 0.000000e+00 1.000000e+00
    outer loop
      vertex   1.048451e+01 3.551330e+01 3.663737e+01
      vertex   2.587850e+01 3.551330e+01 3.663737e+01
      vertex   1.048451e+01 3.996687e+01 3.663737e+01
    endloop
  endfacet
  facet normal -0.000000e+00 0.000000e+00 1.000000e+00
    outer loop
      vertex   1.048451e+01 3.996687e+01 3.663737e+01
      vertex   2.587850e+01 3.551330e+01 3.663737e+01
      vertex   2.587850e+01 3.996687e+01 3.663737e+01
    endloop
  endfacet
  facet normal 0.000000e+00 -1.000000e+00 -6.943087e-14
    outer loop
      vertex   -3.254549e+01 3.996687e+01 2.457503e+01
      vertex   1.048451e+01 3.996687e+01 2.457503e+01
      vertex   -3.254549e+01 3.996687e+01 2.467737e+01
    endloop
  endfacet
  facet normal 1.637263e-16 -1.000000e+00 -5.890589e-16
    outer loop
      vertex   -3.254549e+01 3.996687e+01 2.467737e+01
      vertex   1.048451e+01 3.996687e+01 2.457503e+01
      vertex   1.048451e+01 3.996687e+01 3.663737e+01
    endloop
  endfacet
  facet normal -1.715381e-16 -1.000000e+00 6.171643e-16
    outer loop
      vertex   -3.254549e+01 3.996687e+01 2.467737e+01
      vertex   1.048451e+01 3.996687e+01 3.663737e+01
      vertex   -4.993387e+01 3.996687e+01 3.135737e+01
    endloop
  endfacet
  facet normal 4.123692e-17 -1.000000e+00 -1.817594e-15
    outer loop
      vertex   -4.993387e+01 3.996687e+01 3.135737e+01
      vertex   1.048451e+01 3.996687e+01 3.663737e+01
      vertex   -4.593387e+01 3.996687e+01 3.535737e+01
    endloop
  endfacet
  facet normal 0.000000e+00 -1.000000e+00 0.000000e+00
    outer loop
      vertex   -4.593387e+01 3.996687e+01 3.535737e+01
      vertex   1.048451e+01 3.996687e+01 3.663737e+01
      vertex   -4.593387e+01 3.996687e+01 3.667737e+01
    endloop
  endfacet
  facet normal 0.000000e+00 -1.000000e+00 0.000000e+00
    outer loop
      vertex   -4.593387e+01 3.996687e+01 3.667737e+01
      vertex   1.048451e+01 3.996687e+01 3.663737e+01
      vertex   2.587850e+01 3.996687e+01 3.667737e+01
    endloop
  endfacet
  facet normal 0.000000e+00 -1.000000e+00 0.000000e+00
    outer loop
      vertex   2.587850e+01 3.996687e+01 3.667737e+01
      vertex   1.048451e+01 3.996687e+01 3.663737e+01
      vertex   2.587850e+01 3.996687e+01 3.663737e+01
    endloop
  endfacet
  facet normal -5.148490e-28 -1.000000e+00 1.063687e-15
    outer loop
      vertex   -4.993387e+01 3.996687e+01 3.135737e+01
      vertex   -4.993387e+01 3.996687e+01 2.467737e+01
      vertex   -3.254549e+01 3.996687e+01 2.467737e+01
    endloop
  endfacet
  facet normal 0.000000e+00 -1.000000e+00 0.000000e+00
    outer loop
      vertex   -6.258113e+01 4.001634e+01 3.967737e+01
      vertex   3.959887e+01 4.001634e+01 3.967737e+01
      vertex   -6.258113e+01 4.001634e+01 4.156860e+01
    endloop
  endfacet
  facet normal 0.000000e+00 -1.000000e+00 0.000000e+00
    outer loop
      vertex   -6.258113e+01 4.001634e+01 4.156860e+01
      vertex   3.959887e+01 4.001634e+01 3.967737e+01
      vertex   3.959887e+01 4.001634e+01 4.156860e+01
    endloop
  endfacet
  facet normal -8.715574e-02 -9.961947e-01 -0.000000e+00
    outer loop
      vertex   3.959887e+01 4.001634e+01 4.156860e+01
      vertex   3.959887e+01 4.001634e+01 3.967737e+01
      vertex   4.045322e+01 3.994159e+01 4.156860e+01
    endloop
  endfacet
  facet normal -8.715574e-02 -9.961947e-01 -0.000000e+00
    outer loop
      vertex   4.045322e+01 3.994159e+01 4.156860e+01
      vertex   3.959887e+01 4.001634e+01 3.967737e+01
      vertex   4.045322e+01 3.994159e+01 3.967737e+01
    endloop
  endfacet
  facet normal -2.588190e-01 -9.659258e-01 -0.000000e+00
    outer loop
      vertex   4.045322e+01 3.994159e+01 4.156860e+01
      vertex   4.045322e+01 3.994159e+01 3.967737e+01
      vertex   4.128161e+01 3.971963e+01 4.156860e+01
    endloop
  endfacet
  facet normal -2.588190e-01 -9.659258e-01 -0.000000e+00
    outer loop
      vertex   4.128161e+01 3.971963e+01 4.156860e+01
      vertex   4.045322e+01 3.994159e+01 3.967737e+01
      vertex   4.128161e+01 3.971963e+01 3.967737e+01
    endloop
  endfacet
  facet normal -4.226183e-01 -9.063078e-01 -0.000000e+00
    outer loop
      vertex   4.128161e+01 3.971963e+01 4.156860e+01
      vertex   4.128161e+01 3.971963e+01 3.967737e+01
      vertex   4.205887e+01 3.935718e+01 4.156860e+01
    endloop
  endfacet
  facet normal -4.226183e-01 -9.063078e-01 -0.000000e+00
    outer loop
      vertex   4.205887e+01 3.935718e+01 4.156860e+01
      vertex   4.128161e+01 3.971963e+01 3.967737e+01
      vertex   4.205887e+01 3.935718e+01 3.967737e+01
    endloop
  endfacet
  facet normal -5.735764e-01 -8.191520e-01 -0.000000e+00
    outer loop
      vertex   4.205887e+01 3.935718e+01 4.156860e+01
      vertex   4.205887e+01 3.935718e+01 3.967737e+01
      vertex   4.276139e+01 3.886528e+01 4.156860e+01
    endloop
  endfacet
  facet normal -5.735764e-01 -8.191520e-01 -0.000000e+00
    outer loop
      vertex   4.276139e+01 3.886528e+01 4.156860e+01
      vertex   4.205887e+01 3.935718e+01 3.967737e+01
      vertex   4.276139e+01 3.886528e+01 3.967737e+01
    endloop
  endfacet
  facet normal -7.071068e-01 -7.071068e-01 -0.000000e+00
    outer loop
      vertex   4.276139e+01 3.886528e+01 4.156860e+01
      vertex   4.276139e+01 3.886528e+01 3.967737e+01
      vertex   4.336781e+01 3.825885e+01 4.156860e+01
    endloop
  endfacet
  facet normal -7.071068e-01 -7.071068e-01 -0.000000e+00
    outer loop
      vertex   4.336781e+01 3.825885e+01 4.156860e+01
      vertex   4.276139e+01 3.886528e+01 3.967737e+01
      vertex   4.336781e+01 3.825885e+01 3.967737e+01
    endloop
  endfacet
  facet normal -8.191520e-01 -5.735764e-01 -0.000000e+00
    outer loop
      vertex   4.336781e+01 3.825885e+01 4.156860e+01
      vertex   4.336781e+01 3.825885e+01 3.967737e+01
      vertex   4.385972e+01 3.755634e+01 4.156860e+01
    endloop
  endfacet
  facet normal -8.191520e-01 -5.735764e-01 -0.000000e+00
    outer loop
      vertex   4.385972e+01 3.755634e+01 4.156860e+01
      vertex   4.336781e+01 3.825885e+01 3.967737e+01
      vertex   4.385972e+01 3.755634e+01 3.967737e+01
    endloop
  endfacet
  facet normal -9.063078e-01 -4.226183e-01 -0.000000e+00
    outer loop
      vertex   4.385972e+01 3.755634e+01 4.156860e+01
      vertex   4.385972e+01 3.755634e+01 3.967737e+01
      vertex   4.422216e+01 3.677908e+01 4.156860e+01
    endloop
  endfacet
  facet normal -9.063078e-01 -4.226183e-01 -0.000000e+00
    outer loop
      vertex   4.422216e+01 3.677908e+01 4.156860e+01
      vertex   4.385972e+01 3.755634e+01 3.967737e+01
      vertex   4.422216e+01 3.677908e+01 3.967737e+01
    endloop
  endfacet
  facet normal -9.659258e-01 -2.588190e-01 -0.000000e+00
    outer loop
      vertex   4.422216e+01 3.677908e+01 4.156860e+01
      vertex   4.422216e+01 3.677908e+01 3.967737e+01
      vertex   4.444413e+01 3.595069e+01 4.156860e+01
    endloop
  endfacet
  facet normal -9.659258e-01 -2.588190e-01 -0.000000e+00
    outer loop
      vertex   4.444413e+01 3.595069e+01 4.156860e+01
      vertex   4.422216e+01 3.677908e+01 3.967737e+01
      vertex   4.444413e+01 3.595069e+01 3.967737e+01
    endloop
  endfacet
  facet normal -9.961947e-01 -8.715574e-02 -0.000000e+00
    outer loop
      vertex   4.444413e+01 3.595069e+01 4.156860e+01
      vertex   4.444413e+01 3.595069e+01 3.967737e+01
      vertex   4.451887e+01 3.509634e+01 4.156860e+01
    endloop
  endfacet
  facet normal -9.961947e-01 -8.715574e-02 -0.000000e+00
    outer loop
      vertex   4.451887e+01 3.509634e+01 4.156860e+01
      vertex   4.444413e+01 3.595069e+01 3.967737e+01
      vertex   4.451887e+01 3.509634e+01 3.967737e+01
    endloop
  endfacet
  facet normal -1.000000e+00 0.000000e+00 0.000000e+00
    outer loop
      vertex   4.451887e+01 3.509634e+01 3.967737e+01
      vertex   4.451887e+01 -2.506366e+01 3.967737e+01
      vertex   4.451887e+01 3.509634e+01 4.156860e+01
    endloop
  endfacet
  facet normal -1.000000e+00 -0.000000e+00 0.000000e+00
    outer loop
      vertex   4.451887e+01 3.509634e+01 4.156860e+01
      vertex   4.451887e+01 -2.506366e+01 3.967737e+01
      vertex   4.451887e+01 -2.506366e+01 4.156860e+01
    endloop
  endfacet
  facet normal -9.961947e-01 8.715574e-02 0.000000e+00
    outer loop
      vertex   4.451887e+01 -2.506366e+01 4.156860e+01
      vertex   4.451887e+01 -2.506366e+01 3.967737e+01
      vertex   4.444413e+01 -2.591801e+01 4.156860e+01
    endloop
  endfacet
  facet normal -9.961947e-01 8.715574e-02 0.000000e+00
    outer loop
      vertex   4.444413e+01 -2.591801e+01 4.156860e+01
      vertex   4.451887e+01 -2.506366e+01 3.967737e+01
      vertex   4.444413e+01 -2.591801e+01 3.967737e+01
    endloop
  endfacet
  facet normal -9.659258e-01 2.588190e-01 0.000000e+00
    outer loop
      vertex   4.444413e+01 -2.591801e+01 4.156860e+01
      vertex   4.444413e+01 -2.591801e+01 3.967737e+01
      vertex   4.422216e+01 -2.674640e+01 4.156860e+01
    endloop
  endfacet
  facet normal -9.659258e-01 2.588190e-01 0.000000e+00
    outer loop
      vertex   4.422216e+01 -2.674640e+01 4.156860e+01
      vertex   4.444413e+01 -2.591801e+01 3.967737e+01
      vertex   4.422216e+01 -2.674640e+01 3.967737e+01
    endloop
  endfacet
  facet normal -9.063078e-01 4.226183e-01 0.000000e+00
    outer loop
      vertex   4.422216e+01 -2.674640e+01 4.156860e+01
      vertex   4.422216e+01 -2.674640e+01 3.967737e+01
      vertex   4.385972e+01 -2.752366e+01 4.156860e+01
    endloop
  endfacet
  facet normal -9.063078e-01 4.226183e-01 0.000000e+00
    outer loop
      vertex   4.385972e+01 -2.752366e+01 4.156860e+01
      vertex   4.422216e+01 -2.674640e+01 3.967737e+01
      vertex   4.385972e+01 -2.752366e+01 3.967737e+01
    endloop
  endfacet
  facet normal -8.191520e-01 5.735764e-01 0.000000e+00
    outer loop
      vertex   4.385972e+01 -2.752366e+01 4.156860e+01
      vertex   4.385972e+01 -2.752366e+01 3.967737e+01
      vertex   4.336781e+01 -2.822618e+01 4.156860e+01
    endloop
  endfacet
  facet normal -8.191520e-01 5.735764e-01 0.000000e+00
    outer loop
      vertex   4.336781e+01 -2.822618e+01 4.156860e+01
      vertex   4.385972e+01 -2.752366e+01 3.967737e+01
      vertex   4.336781e+01 -2.822618e+01 3.967737e+01
    endloop
  endfacet
  facet normal -7.071068e-01 7.071068e-01 0.000000e+00
    outer loop
      vertex   4.336781e+01 -2.822618e+01 4.156860e+01
      vertex   4.336781e+01 -2.822618e+01 3.967737e+01
      vertex   4.276139e+01 -2.883260e+01 4.156860e+01
    endloop
  endfacet
  facet normal -7.071068e-01 7.071068e-01 0.000000e+00
    outer loop
      vertex   4.276139e+01 -2.883260e+01 4.156860e+01
      vertex   4.336781e+01 -2.822618e+01 3.967737e+01
      vertex   4.276139e+01 -2.883260e+01 3.967737e+01
    endloop
  endfacet
  facet normal -5.735764e-01 8.191520e-01 0.000000e+00
    outer loop
      vertex   4.276139e+01 -2.883260e+01 4.156860e+01
      vertex   4.276139e+01 -2.883260e+01 3.967737e+01
      vertex   4.205887e+01 -2.932451e+01 4.156860e+01
    endloop
  endfacet
  facet normal -5.735764e-01 8.191520e-01 0.000000e+00
    outer loop
      vertex   4.205887e+01 -2.932451e+01 4.156860e+01
      vertex   4.276139e+01 -2.883260e+01 3.967737e+01
      vertex   4.205887e+01 -2.932451e+01 3.967737e+01
    endloop
  endfacet
  facet normal -4.226183e-01 9.063078e-01 0.000000e+00
    outer loop
      vertex   4.205887e+01 -2.932451e+01 4.156860e+01
      vertex   4.205887e+01 -2.932451e+01 3.967737e+01
      vertex   4.128161e+01 -2.968695e+01 4.156860e+01
    endloop
  endfacet
  facet normal -4.226183e-01 9.063078e-01 0.000000e+00
    outer loop
      vertex   4.128161e+01 -2.968695e+01 4.156860e+01
      vertex   4.205887e+01 -2.932451e+01 3.967737e+01
      vertex   4.128161e+01 -2.968695e+01 3.967737e+01
    endloop
  endfacet
  facet normal -2.588190e-01 9.659258e-01 0.000000e+00
    outer loop
      vertex   4.128161e+01 -2.968695e+01 4.156860e+01
      vertex   4.128161e+01 -2.968695e+01 3.967737e+01
      vertex   4.045322e+01 -2.990891e+01 4.156860e+01
    endloop
  endfacet
  facet normal -2.588190e-01 9.659258e-01 0.000000e+00
    outer loop
      vertex   4.045322e+01 -2.990891e+01 4.156860e+01
      vertex   4.128161e+01 -2.968695e+01 3.967737e+01
      vertex   4.045322e+01 -2.990891e+01 3.967737e+01
    endloop
  endfacet
  facet normal -8.715574e-02 9.961947e-01 0.000000e+00
    outer loop
      vertex   4.045322e+01 -2.990891e+01 4.156860e+01
      vertex   4.045322e+01 -2.990891e+01 3.967737e+01
      vertex   3.959887e+01 -2.998366e+01 4.156860e+01
    endloop
  endfacet
  facet normal -8.715574e-02 9.961947e-01 0.000000e+00
    outer loop
      vertex   3.959887e+01 -2.998366e+01 4.156860e+01
      vertex   4.045322e+01 -2.990891e+01 3.967737e+01
      vertex   3.959887e+01 -2.998366e+01 3.967737e+01
    endloop
  endfacet
  facet normal 1.745362e-15 1.000000e+00 -0.000000e+00
    outer loop
      vertex   3.959887e+01 -2.998366e+01 3.967737e+01
      vertex   3.756336e+01 -2.998366e+01 3.967737e+01
      vertex   3.959887e+01 -2.998366e+01 4.156860e+01
    endloop
  endfacet
  facet normal 1.745362e-15 1.000000e+00 0.000000e+00
    outer loop
      vertex   3.959887e+01 -2.998366e+01 4.156860e+01
      vertex   3.756336e+01 -2.998366e+01 3.967737e+01
      vertex   3.756336e+01 -2.998366e+01 4.156860e+01
    endloop
  endfacet
  facet normal -5.046282e-02 9.987259e-01 0.000000e+00
    outer loop
      vertex   3.756336e+01 -2.998366e+01 3.967737e+01
      vertex   3.741432e+01 -2.999119e+01 3.967737e+01
      vertex   3.756336e+01 -2.998366e+01 4.156860e+01
    endloop
  endfacet
  facet normal -3.028589e-02 9.995400e-01 -1.593289e-03
    outer loop
      vertex   3.756336e+01 -2.998366e+01 4.156860e+01
      vertex   3.741432e+01 -2.999119e+01 3.967737e+01
      vertex   3.726516e+01 -2.999571e+01 3.967737e+01
    endloop
  endfacet
  facet normal -3.033389e-02 9.995386e-01 -1.585711e-03
    outer loop
      vertex   3.756336e+01 -2.998366e+01 4.156860e+01
      vertex   3.726516e+01 -2.999571e+01 3.967737e+01
      vertex   3.711594e+01 -2.999722e+01 4.158216e+01
    endloop
  endfacet
  facet normal -1.009668e-02 9.999490e-01 0.000000e+00
    outer loop
      vertex   3.711594e+01 -2.999722e+01 4.158216e+01
      vertex   3.726516e+01 -2.999571e+01 3.967737e+01
      vertex   3.711594e+01 -2.999722e+01 3.967737e+01
    endloop
  endfacet
  facet normal 0.000000e+00 1.000000e+00 -0.000000e+00
    outer loop
      vertex   3.711594e+01 -2.999722e+01 3.967737e+01
      vertex   2.669432e+01 -2.999722e+01 3.967737e+01
      vertex   3.711594e+01 -2.999722e+01 4.158216e+01
    endloop
  endfacet
  facet normal -7.307363e-17 1.000000e+00 3.998059e-16
    outer loop
      vertex   3.711594e+01 -2.999722e+01 4.158216e+01
      vertex   2.669432e+01 -2.999722e+01 3.967737e+01
      vertex   -6.012061e+01 -2.999722e+01 4.158216e+01
    endloop
  endfacet
  facet normal -8.184569e-17 1.000000e+00 2.831909e-31
    outer loop
      vertex   -6.012061e+01 -2.999722e+01 4.158216e+01
      vertex   2.669432e+01 -2.999722e+01 3.967737e+01
      vertex   -6.012061e+01 -2.999722e+01 3.952860e+01
    endloop
  endfacet
  facet normal -8.184569e-17 1.000000e+00 -7.818132e-30
    outer loop
      vertex   -6.012061e+01 -2.999722e+01 3.952860e+01
      vertex   2.669432e+01 -2.999722e+01 3.967737e+01
      vertex   2.669432e+01 -2.999722e+01 3.952860e+01
    endloop
  endfacet
  facet normal 9.249591e-01 -3.800666e-01 4.417736e-14
    outer loop
      vertex   4.662985e+01 -2.743468e+01 3.952860e+01
      vertex   4.662985e+01 -2.743468e+01 3.967737e+01
      vertex   4.623995e+01 -2.838359e+01 3.952860e+01
    endloop
  endfacet
  facet normal 9.249591e-01 -3.800666e-01 2.952994e-16
    outer loop
      vertex   4.623995e+01 -2.838359e+01 3.952860e+01
      vertex   4.662985e+01 -2.743468e+01 3.967737e+01
      vertex   4.623995e+01 -2.838359e+01 4.410114e+01
    endloop
  endfacet
  facet normal 8.634126e-01 -5.044985e-01 3.919789e-16
    outer loop
      vertex   4.623995e+01 -2.838359e+01 3.952860e+01
      vertex   4.623995e+01 -2.838359e+01 4.410114e+01
      vertex   4.572239e+01 -2.926935e+01 4.410114e+01
    endloop
  endfacet
  facet normal 9.645651e-01 -2.638401e-01 -1.618375e-03
    outer loop
      vertex   4.683799e+01 -2.667375e+01 3.967737e+01
      vertex   4.679561e+01 -2.685560e+01 4.406558e+01
      vertex   4.662985e+01 -2.743468e+01 3.967737e+01
    endloop
  endfacet
  facet normal 9.613885e-01 -2.751946e-01 0.000000e+00
    outer loop
      vertex   4.662985e+01 -2.743468e+01 3.967737e+01
      vertex   4.679561e+01 -2.685560e+01 4.406558e+01
      vertex   4.662985e+01 -2.743468e+01 4.406860e+01
    endloop
  endfacet
  facet normal 9.249591e-01 -3.800666e-01 0.000000e+00
    outer loop
      vertex   4.662985e+01 -2.743468e+01 3.967737e+01
      vertex   4.662985e+01 -2.743468e+01 4.406860e+01
      vertex   4.623995e+01 -2.838359e+01 4.410114e+01
    endloop
  endfacet
  facet normal 9.249591e-01 -3.800666e-01 -2.028855e-13
    outer loop
      vertex   4.623995e+01 -2.838359e+01 4.410114e+01
      vertex   4.662985e+01 -2.743468e+01 4.406860e+01
      vertex   4.662985e+01 -2.743468e+01 4.410114e+01
    endloop
  endfacet
  facet normal 9.805110e-01 -1.964597e-01 1.327784e-03
    outer loop
      vertex   4.679561e+01 -2.685560e+01 4.406558e+01
      vertex   4.683799e+01 -2.667375e+01 3.967737e+01
      vertex   4.691300e+01 -2.626973e+01 4.406241e+01
    endloop
  endfacet
  facet normal 9.871929e-01 -1.595162e-01 -2.190350e-03
    outer loop
      vertex   4.691300e+01 -2.626973e+01 4.406241e+01
      vertex   4.683799e+01 -2.667375e+01 3.967737e+01
      vertex   4.696383e+01 -2.589497e+01 3.967737e+01
    endloop
  endfacet
  facet normal 9.929558e-01 -1.184769e-01 1.383792e-03
    outer loop
      vertex   4.691300e+01 -2.626973e+01 4.406241e+01
      vertex   4.696383e+01 -2.589497e+01 3.967737e+01
      vertex   4.698284e+01 -2.568448e+01 4.405913e+01
    endloop
  endfacet
  facet normal 9.985730e-01 -5.337486e-02 -1.768020e-03
    outer loop
      vertex   4.698284e+01 -2.568448e+01 4.405913e+01
      vertex   4.696383e+01 -2.589497e+01 3.967737e+01
      vertex   4.700594e+01 -2.510722e+01 3.967737e+01
    endloop
  endfacet
  facet normal 9.992005e-01 -3.997963e-02 0.000000e+00
    outer loop
      vertex   4.698284e+01 -2.568448e+01 4.405913e+01
      vertex   4.700594e+01 -2.510722e+01 3.967737e+01
      vertex   4.700594e+01 -2.510722e+01 4.405579e+01
    endloop
  endfacet
  facet normal 8.634126e-01 -5.044985e-01 7.810292e-16
    outer loop
      vertex   4.623995e+01 -2.838359e+01 3.952860e+01
      vertex   4.572239e+01 -2.926935e+01 4.410114e+01
      vertex   4.572239e+01 -2.926935e+01 3.952860e+01
    endloop
  endfacet
  facet normal 7.852270e-01 -6.192080e-01 9.622091e-16
    outer loop
      vertex   4.572239e+01 -2.926935e+01 3.952860e+01
      vertex   4.572239e+01 -2.926935e+01 4.410114e+01
      vertex   4.508715e+01 -3.007491e+01 4.410114e+01
    endloop
  endfacet
  facet normal 7.852270e-01 -6.192080e-01 0.000000e+00
    outer loop
      vertex   4.572239e+01 -2.926935e+01 3.952860e+01
      vertex   4.508715e+01 -3.007491e+01 4.410114e+01
      vertex   4.508715e+01 -3.007491e+01 3.952860e+01
    endloop
  endfacet
  facet normal 6.919091e-01 -7.219846e-01 0.000000e+00
    outer loop
      vertex   4.508715e+01 -3.007491e+01 3.952860e+01
      vertex   4.508715e+01 -3.007491e+01 4.410114e+01
      vertex   4.434647e+01 -3.078473e+01 4.410114e+01
    endloop
  endfacet
  facet normal 6.919091e-01 -7.219846e-01 5.680212e-16
    outer loop
      vertex   4.508715e+01 -3.007491e+01 3.952860e+01
      vertex   4.434647e+01 -3.078473e+01 4.410114e+01
      vertex   4.434647e+01 -3.078473e+01 3.952860e+01
    endloop
  endfacet
  facet normal 5.852572e-01 -8.108477e-01 6.300024e-16
    outer loop
      vertex   4.434647e+01 -3.078473e+01 3.952860e+01
      vertex   4.434647e+01 -3.078473e+01 4.410114e+01
      vertex   4.351464e+01 -3.138513e+01 4.410114e+01
    endloop
  endfacet
  facet normal 5.852572e-01 -8.108477e-01 -9.112007e-16
    outer loop
      vertex   4.434647e+01 -3.078473e+01 3.952860e+01
      vertex   4.351464e+01 -3.138513e+01 4.410114e+01
      vertex   4.351464e+01 -3.138513e+01 3.952860e+01
    endloop
  endfacet
  facet normal 4.673267e-01 -8.840847e-01 -7.261953e-16
    outer loop
      vertex   4.351464e+01 -3.138513e+01 3.952860e+01
      vertex   4.351464e+01 -3.138513e+01 4.410114e+01
      vertex   4.260767e+01 -3.186456e+01 4.410114e+01
    endloop
  endfacet
  facet normal 4.673267e-01 -8.840847e-01 -7.218603e-16
    outer loop
      vertex   4.351464e+01 -3.138513e+01 3.952860e+01
      vertex   4.260767e+01 -3.186456e+01 4.410114e+01
      vertex   4.260767e+01 -3.186456e+01 3.952860e+01
    endloop
  endfacet
  facet normal 3.403901e-01 -9.402843e-01 -5.289442e-16
    outer loop
      vertex   4.260767e+01 -3.186456e+01 3.952860e+01
      vertex   4.260767e+01 -3.186456e+01 4.410114e+01
      vertex   4.164304e+01 -3.221376e+01 4.410114e+01
    endloop
  endfacet
  facet normal 3.403901e-01 -9.402843e-01 0.000000e+00
    outer loop
      vertex   4.260767e+01 -3.186456e+01 3.952860e+01
      vertex   4.164304e+01 -3.221376e+01 4.410114e+01
      vertex   4.164304e+01 -3.221376e+01 3.952860e+01
    endloop
  endfacet
  facet normal 2.068939e-01 -9.783634e-01 0.000000e+00
    outer loop
      vertex   4.164304e+01 -3.221376e+01 3.952860e+01
      vertex   4.164304e+01 -3.221376e+01 4.410114e+01
      vertex   4.063935e+01 -3.242601e+01 4.410114e+01
    endloop
  endfacet
  facet normal 2.068939e-01 -9.783634e-01 0.000000e+00
    outer loop
      vertex   4.164304e+01 -3.221376e+01 3.952860e+01
      vertex   4.063935e+01 -3.242601e+01 4.410114e+01
      vertex   4.063935e+01 -3.242601e+01 3.952860e+01
    endloop
  endfacet
  facet normal 6.941050e-02 -9.975882e-01 0.000000e+00
    outer loop
      vertex   4.063935e+01 -3.242601e+01 3.952860e+01
      vertex   4.063935e+01 -3.242601e+01 4.410114e+01
      vertex   3.961594e+01 -3.249722e+01 3.952860e+01
    endloop
  endfacet
  facet normal 6.941050e-02 -9.975882e-01 -1.078594e-16
    outer loop
      vertex   3.961594e+01 -3.249722e+01 3.952860e+01
      vertex   4.063935e+01 -3.242601e+01 4.410114e+01
      vertex   3.961594e+01 -3.249722e+01 4.410114e+01
    endloop
  endfacet
  facet normal 1.000000e+00 0.000000e+00 0.000000e+00
    outer loop
      vertex   4.700594e+01 -2.510722e+01 4.405579e+01
      vertex   4.700594e+01 -2.510722e+01 3.967737e+01
      vertex   4.700594e+01 -2.506366e+01 4.405566e+01
    endloop
  endfacet
  facet normal 1.000000e+00 0.000000e+00 0.000000e+00
    outer loop
      vertex   4.700594e+01 -2.506366e+01 4.405566e+01
      vertex   4.700594e+01 -2.510722e+01 3.967737e+01
      vertex   4.700594e+01 3.512278e+01 3.967737e+01
    endloop
  endfacet
  facet normal 1.000000e+00 -0.000000e+00 0.000000e+00
    outer loop
      vertex   4.700594e+01 -2.506366e+01 4.405566e+01
      vertex   4.700594e+01 3.512278e+01 3.967737e+01
      vertex   4.700594e+01 3.509634e+01 4.405566e+01
    endloop
  endfacet
  facet normal 1.000000e+00 -0.000000e+00 0.000000e+00
    outer loop
      vertex   4.700594e+01 3.509634e+01 4.405566e+01
      vertex   4.700594e+01 3.512278e+01 3.967737e+01
      vertex   4.700594e+01 3.512278e+01 4.405571e+01
    endloop
  endfacet
  facet normal -6.601098e-13 5.285731e-13 -1.000000e+00
    outer loop
      vertex   4.531448e+01 3.982796e+01 3.952860e+01
      vertex   4.452586e+01 4.064442e+01 3.952860e+01
      vertex   4.452655e+01 4.064528e+01 3.952860e+01
    endloop
  endfacet
  facet normal -0.000000e+00 0.000000e+00 -1.000000e+00
    outer loop
      vertex   4.452655e+01 4.064528e+01 3.952860e+01
      vertex   4.452586e+01 4.064442e+01 3.952860e+01
      vertex   4.362194e+01 4.133103e+01 3.952860e+01
    endloop
  endfacet
  facet normal 0.000000e+00 0.000000e+00 -1.000000e+00
    outer loop
      vertex   4.452655e+01 4.064528e+01 3.952860e+01
      vertex   4.362194e+01 4.133103e+01 3.952860e+01
      vertex   4.362274e+01 4.133226e+01 3.952860e+01
    endloop
  endfacet
  facet normal -0.000000e+00 0.000000e+00 -1.000000e+00
    outer loop
      vertex   4.362274e+01 4.133226e+01 3.952860e+01
      vertex   4.362194e+01 4.133103e+01 3.952860e+01
      vertex   4.262387e+01 4.187172e+01 3.952860e+01
    endloop
  endfacet
  facet normal 0.000000e+00 0.000000e+00 -1.000000e+00
    outer loop
      vertex   4.362274e+01 4.133226e+01 3.952860e+01
      vertex   4.262387e+01 4.187172e+01 3.952860e+01
      vertex   4.262437e+01 4.187271e+01 3.952860e+01
    endloop
  endfacet
  facet normal 7.536156e-13 -3.836640e-13 -1.000000e+00
    outer loop
      vertex   4.262437e+01 4.187271e+01 3.952860e+01
      vertex   4.262387e+01 4.187172e+01 3.952860e+01
      vertex   4.155499e+01 4.225385e+01 3.952860e+01
    endloop
  endfacet
  facet normal -8.202939e-15 1.434326e-14 -1.000000e+00
    outer loop
      vertex   -6.685863e+01 -2.749457e+01 3.952860e+01
      vertex   -6.636796e+01 -2.820473e+01 3.952860e+01
      vertex   -6.685863e+01 -2.848534e+01 3.952860e+01
    endloop
  endfacet
  facet normal 0.000000e+00 0.000000e+00 -1.000000e+00
    outer loop
      vertex   -6.685863e+01 -2.848534e+01 3.952860e+01
      vertex   -6.636796e+01 -2.820473e+01 3.952860e+01
      vertex   -6.648380e+01 -2.848534e+01 3.952860e+01
    endloop
  endfacet
  facet normal 0.000000e+00 0.000000e+00 -1.000000e+00
    outer loop
      vertex   -6.648380e+01 -2.848534e+01 3.952860e+01
      vertex   -6.636796e+01 -2.820473e+01 3.952860e+01
      vertex   -6.576073e+01 -2.881820e+01 3.952860e+01
    endloop
  endfacet
  facet normal 0.000000e+00 0.000000e+00 -1.000000e+00
    outer loop
      vertex   -6.648380e+01 -2.848534e+01 3.952860e+01
      vertex   -6.576073e+01 -2.881820e+01 3.952860e+01
      vertex   -6.505563e+01 -2.931610e+01 3.952860e+01
    endloop
  endfacet
  facet normal 0.000000e+00 0.000000e+00 -1.000000e+00
    outer loop
      vertex   -6.648380e+01 -2.848534e+01 3.952860e+01
      vertex   -6.505563e+01 -2.931610e+01 3.952860e+01
      vertex   -6.433380e+01 -3.063534e+01 3.952860e+01
    endloop
  endfacet
  facet normal 0.000000e+00 0.000000e+00 -1.000000e+00
    outer loop
      vertex   -6.433380e+01 -3.063534e+01 3.952860e+01
      vertex   -6.505563e+01 -2.931610e+01 3.952860e+01
      vertex   -6.427436e+01 -2.968311e+01 3.952860e+01
    endloop
  endfacet
  facet normal 0.000000e+00 0.000000e+00 -1.000000e+00
    outer loop
      vertex   -6.433380e+01 -3.063534e+01 3.952860e+01
      vertex   -6.427436e+01 -2.968311e+01 3.952860e+01
      vertex   -6.344098e+01 -2.990794e+01 3.952860e+01
    endloop
  endfacet
  facet normal 0.000000e+00 -0.000000e+00 -1.000000e+00
    outer loop
      vertex   -6.344098e+01 -2.990794e+01 3.952860e+01
      vertex   -6.258113e+01 -2.998366e+01 3.952860e+01
      vertex   -6.433380e+01 -3.063534e+01 3.952860e+01
    endloop
  endfacet
  facet normal 0.000000e+00 0.000000e+00 -1.000000e+00
    outer loop
      vertex   -6.433380e+01 -3.063534e+01 3.952860e+01
      vertex   -6.258113e+01 -2.998366e+01 3.952860e+01
      vertex   -6.026983e+01 -2.999571e+01 3.952860e+01
    endloop
  endfacet
  facet normal 0.000000e+00 0.000000e+00 -1.000000e+00
    outer loop
      vertex   -6.433380e+01 -3.063534e+01 3.952860e+01
      vertex   -6.026983e+01 -2.999571e+01 3.952860e+01
      vertex   -6.012061e+01 -2.999722e+01 3.952860e+01
    endloop
  endfacet
  facet normal -0.000000e+00 -0.000000e+00 -1.000000e+00
    outer loop
      vertex   -6.056803e+01 -2.998366e+01 3.952860e+01
      vertex   -6.041899e+01 -2.999119e+01 3.952860e+01
      vertex   -6.258113e+01 -2.998366e+01 3.952860e+01
    endloop
  endfacet
  facet normal 0.000000e+00 0.000000e+00 -1.000000e+00
    outer loop
      vertex   -6.258113e+01 -2.998366e+01 3.952860e+01
      vertex   -6.041899e+01 -2.999119e+01 3.952860e+01
      vertex   -6.026983e+01 -2.999571e+01 3.952860e+01
    endloop
  endfacet
  facet normal 0.000000e+00 0.000000e+00 -1.000000e+00
    outer loop
      vertex   2.669432e+01 -2.999722e+01 3.952860e+01
      vertex   2.605620e+01 -3.063534e+01 3.952860e+01
      vertex   -6.012061e+01 -2.999722e+01 3.952860e+01
    endloop
  endfacet
  facet normal 0.000000e+00 -0.000000e+00 -1.000000e+00
    outer loop
      vertex   -6.012061e+01 -2.999722e+01 3.952860e+01
      vertex   2.605620e+01 -3.063534e+01 3.952860e+01
      vertex   -6.433380e+01 -3.063534e+01 3.952860e+01
    endloop
  endfacet
  facet normal 0.000000e+00 0.000000e+00 -1.000000e+00
    outer loop
      vertex   2.605620e+01 -3.118121e+01 3.952860e+01
      vertex   -6.433380e+01 -3.118121e+01 3.952860e+01
      vertex   2.605620e+01 -3.063534e+01 3.952860e+01
    endloop
  endfacet
  facet normal 0.000000e+00 0.000000e+00 -1.000000e+00
    outer loop
      vertex   2.605620e+01 -3.063534e+01 3.952860e+01
      vertex   -6.433380e+01 -3.118121e+01 3.952860e+01
      vertex   -6.433380e+01 -3.063534e+01 3.952860e+01
    endloop
  endfacet
  facet normal 0.000000e+00 0.000000e+00 -1.000000e+00
    outer loop
      vertex   -6.683210e+01 3.757335e+01 3.952860e+01
      vertex   -6.683210e+01 3.991102e+01 3.952860e+01
      vertex   -6.636064e+01 3.824621e+01 3.952860e+01
    endloop
  endfacet
  facet normal 0.000000e+00 0.000000e+00 -1.000000e+00
    outer loop
      vertex   -6.636064e+01 3.824621e+01 3.952860e+01
      vertex   -6.683210e+01 3.991102e+01 3.952860e+01
      vertex   -6.578379e+01 3.883122e+01 3.952860e+01
    endloop
  endfacet
  facet normal 0.000000e+00 0.000000e+00 -1.000000e+00
    outer loop
      vertex   -6.578379e+01 3.883122e+01 3.952860e+01
      vertex   -6.683210e+01 3.991102e+01 3.952860e+01
      vertex   -6.511763e+01 3.931209e+01 3.952860e+01
    endloop
  endfacet
  facet normal 0.000000e+00 0.000000e+00 -1.000000e+00
    outer loop
      vertex   -6.511763e+01 3.931209e+01 3.952860e+01
      vertex   -6.683210e+01 3.991102e+01 3.952860e+01
      vertex   -6.438074e+01 3.967540e+01 3.952860e+01
    endloop
  endfacet
  facet normal 0.000000e+00 0.000000e+00 -1.000000e+00
    outer loop
      vertex   -6.438074e+01 3.967540e+01 3.952860e+01
      vertex   -6.683210e+01 3.991102e+01 3.952860e+01
      vertex   -6.359366e+01 3.991102e+01 3.952860e+01
    endloop
  endfacet
  facet normal 9.990627e-01 4.328675e-02 0.000000e+00
    outer loop
      vertex   4.700594e+01 3.512278e+01 4.405571e+01
      vertex   4.700594e+01 3.512278e+01 3.967737e+01
      vertex   4.697919e+01 3.574009e+01 4.405785e+01
    endloop
  endfacet
  facet normal 9.976125e-01 6.896531e-02 -3.627504e-03
    outer loop
      vertex   4.697919e+01 3.574009e+01 4.405785e+01
      vertex   4.700594e+01 3.512278e+01 3.967737e+01
      vertex   4.693564e+01 3.613967e+01 3.967737e+01
    endloop
  endfacet
  facet normal 9.918330e-01 1.275306e-01 1.772248e-03
    outer loop
      vertex   4.697919e+01 3.574009e+01 4.405785e+01
      vertex   4.693564e+01 3.613967e+01 3.967737e+01
      vertex   4.689871e+01 3.636601e+01 4.405990e+01
    endloop
  endfacet
  facet normal 9.786365e-01 2.055846e-01 -2.370083e-03
    outer loop
      vertex   4.689871e+01 3.636601e+01 4.405990e+01
      vertex   4.693564e+01 3.613967e+01 3.967737e+01
      vertex   4.672608e+01 3.713721e+01 3.967737e+01
    endloop
  endfacet
  facet normal 9.776351e-01 2.103030e-01 -1.500342e-03
    outer loop
      vertex   4.689871e+01 3.636601e+01 4.405990e+01
      vertex   4.672608e+01 3.713721e+01 3.967737e+01
      vertex   4.676411e+01 3.699171e+01 4.406182e+01
    endloop
  endfacet
  facet normal 9.560677e-01 2.931423e-01 1.435786e-03
    outer loop
      vertex   4.676411e+01 3.699171e+01 4.406182e+01
      vertex   4.672608e+01 3.713721e+01 3.967737e+01
      vertex   4.657504e+01 3.760836e+01 4.406359e+01
    endloop
  endfacet
  facet normal 9.410334e-01 3.382908e-01 -3.931576e-03
    outer loop
      vertex   4.657504e+01 3.760836e+01 4.406359e+01
      vertex   4.672608e+01 3.713721e+01 3.967737e+01
      vertex   4.638126e+01 3.809643e+01 3.967737e+01
    endloop
  endfacet
  facet normal 9.262341e-01 3.769475e-01 1.023712e-03
    outer loop
      vertex   4.657504e+01 3.760836e+01 4.406359e+01
      vertex   4.638126e+01 3.809643e+01 3.967737e+01
      vertex   4.633131e+01 3.820723e+01 4.406516e+01
    endloop
  endfacet
  facet normal 8.892921e-01 4.573375e-01 -1.426936e-03
    outer loop
      vertex   4.633131e+01 3.820723e+01 4.406516e+01
      vertex   4.638126e+01 3.809643e+01 3.967737e+01
      vertex   4.603615e+01 3.878117e+01 4.406653e+01
    endloop
  endfacet
  facet normal 8.855352e-01 4.645636e-01 -2.849657e-03
    outer loop
      vertex   4.603615e+01 3.878117e+01 4.406653e+01
      vertex   4.638126e+01 3.809643e+01 3.967737e+01
      vertex   4.590772e+01 3.899907e+01 3.967737e+01
    endloop
  endfacet
  facet normal 8.467118e-01 5.320493e-01 1.636646e-03
    outer loop
      vertex   4.603615e+01 3.878117e+01 4.406653e+01
      vertex   4.590772e+01 3.899907e+01 3.967737e+01
      vertex   4.569529e+01 3.932362e+01 4.406768e+01
    endloop
  endfacet
  facet normal 8.131839e-01 5.819952e-01 -3.677858e-03
    outer loop
      vertex   4.569529e+01 3.932362e+01 4.406768e+01
      vertex   4.590772e+01 3.899907e+01 3.967737e+01
      vertex   4.531448e+01 3.982796e+01 3.967737e+01
    endloop
  endfacet
  facet normal 7.980535e-01 6.025866e-01 0.000000e+00
    outer loop
      vertex   4.569529e+01 3.932362e+01 4.406768e+01
      vertex   4.531448e+01 3.982796e+01 3.967737e+01
      vertex   4.531448e+01 3.982796e+01 4.406860e+01
    endloop
  endfacet
  facet normal 7.199319e-01 6.940447e-01 0.000000e+00
    outer loop
      vertex   4.531448e+01 3.982796e+01 4.406860e+01
      vertex   4.531448e+01 3.982796e+01 3.967737e+01
      vertex   4.452655e+01 4.064528e+01 4.410114e+01
    endloop
  endfacet
  facet normal 7.199319e-01 6.940447e-01 -0.000000e+00
    outer loop
      vertex   4.531448e+01 3.982796e+01 4.406860e+01
      vertex   4.452655e+01 4.064528e+01 4.410114e+01
      vertex   4.531448e+01 3.982796e+01 4.410114e+01
    endloop
  endfacet
  facet normal 7.199319e-01 6.940447e-01 -0.000000e+00
    outer loop
      vertex   4.531448e+01 3.982796e+01 3.952860e+01
      vertex   4.452655e+01 4.064528e+01 3.952860e+01
      vertex   4.531448e+01 3.982796e+01 3.967737e+01
    endloop
  endfacet
  facet normal 7.199319e-01 6.940447e-01 0.000000e+00
    outer loop
      vertex   4.531448e+01 3.982796e+01 3.967737e+01
      vertex   4.452655e+01 4.064528e+01 3.952860e+01
      vertex   4.452655e+01 4.064528e+01 4.410114e+01
    endloop
  endfacet
  facet normal 6.051313e-01 7.961257e-01 -0.000000e+00
    outer loop
      vertex   4.452655e+01 4.064528e+01 3.952860e+01
      vertex   4.362274e+01 4.133226e+01 3.952860e+01
      vertex   4.452655e+01 4.064528e+01 4.410114e+01
    endloop
  endfacet
  facet normal 6.051313e-01 7.961257e-01 0.000000e+00
    outer loop
      vertex   4.452655e+01 4.064528e+01 4.410114e+01
      vertex   4.362274e+01 4.133226e+01 3.952860e+01
      vertex   4.362274e+01 4.133226e+01 4.410114e+01
    endloop
  endfacet
  facet normal 4.760499e-01 8.794183e-01 0.000000e+00
    outer loop
      vertex   4.362274e+01 4.133226e+01 4.410114e+01
      vertex   4.362274e+01 4.133226e+01 3.952860e+01
      vertex   4.262437e+01 4.187271e+01 3.952860e+01
    endloop
  endfacet
  facet normal 4.760499e-01 8.794183e-01 0.000000e+00
    outer loop
      vertex   4.362274e+01 4.133226e+01 4.410114e+01
      vertex   4.262437e+01 4.187271e+01 3.952860e+01
      vertex   4.262437e+01 4.187271e+01 4.410114e+01
    endloop
  endfacet
  facet normal 3.357338e-01 9.419569e-01 0.000000e+00
    outer loop
      vertex   4.262437e+01 4.187271e+01 4.410114e+01
      vertex   4.262437e+01 4.187271e+01 3.952860e+01
      vertex   4.155499e+01 4.225385e+01 3.967737e+01
    endloop
  endfacet
  facet normal 3.357338e-01 9.419569e-01 0.000000e+00
    outer loop
      vertex   4.262437e+01 4.187271e+01 4.410114e+01
      vertex   4.155499e+01 4.225385e+01 3.967737e+01
      vertex   4.155499e+01 4.225385e+01 4.406860e+01
    endloop
  endfacet
  facet normal 2.194473e-01 9.756244e-01 0.000000e+00
    outer loop
      vertex   4.155499e+01 4.225385e+01 4.406860e+01
      vertex   4.155499e+01 4.225385e+01 3.967737e+01
      vertex   4.091714e+01 4.239733e+01 3.967737e+01
    endloop
  endfacet
  facet normal 1.964965e-01 9.804983e-01 3.493016e-03
    outer loop
      vertex   4.155499e+01 4.225385e+01 4.406860e+01
      vertex   4.091714e+01 4.239733e+01 3.967737e+01
      vertex   4.058102e+01 4.244905e+01 4.406706e+01
    endloop
  endfacet
  facet normal 1.323590e-01 9.912006e-01 -1.543973e-03
    outer loop
      vertex   4.058102e+01 4.244905e+01 4.406706e+01
      vertex   4.091714e+01 4.239733e+01 3.967737e+01
      vertex   4.026909e+01 4.248386e+01 3.967737e+01
    endloop
  endfacet
  facet normal 6.589177e-02 9.978215e-01 3.231729e-03
    outer loop
      vertex   4.058102e+01 4.244905e+01 4.406706e+01
      vertex   4.026909e+01 4.248386e+01 3.967737e+01
      vertex   3.961594e+01 4.251278e+01 4.406506e+01
    endloop
  endfacet
  facet normal 4.423514e-02 9.990211e-01 0.000000e+00
    outer loop
      vertex   3.961594e+01 4.251278e+01 4.406506e+01
      vertex   4.026909e+01 4.248386e+01 3.967737e+01
      vertex   3.961594e+01 4.251278e+01 3.967737e+01
    endloop
  endfacet
  facet normal 3.357338e-01 9.419569e-01 0.000000e+00
    outer loop
      vertex   4.262437e+01 4.187271e+01 3.952860e+01
      vertex   4.155499e+01 4.225385e+01 3.952860e+01
      vertex   4.155499e+01 4.225385e+01 3.967737e+01
    endloop
  endfacet
  facet normal 3.357338e-01 9.419569e-01 -0.000000e+00
    outer loop
      vertex   4.155499e+01 4.225385e+01 4.406860e+01
      vertex   4.155499e+01 4.225385e+01 4.410114e+01
      vertex   4.262437e+01 4.187271e+01 4.410114e+01
    endloop
  endfacet
  facet normal -1.389998e-16 1.000000e+00 1.250717e-18
    outer loop
      vertex   -6.262061e+01 4.251278e+01 3.967737e+01
      vertex   -6.258113e+01 4.251278e+01 4.406504e+01
      vertex   3.961594e+01 4.251278e+01 3.967737e+01
    endloop
  endfacet
  facet normal -1.390767e-16 1.000000e+00 -5.408504e-19
    outer loop
      vertex   3.961594e+01 4.251278e+01 3.967737e+01
      vertex   -6.258113e+01 4.251278e+01 4.406504e+01
      vertex   3.959887e+01 4.251278e+01 4.406504e+01
    endloop
  endfacet
  facet normal 0.000000e+00 1.000000e+00 -0.000000e+00
    outer loop
      vertex   3.961594e+01 4.251278e+01 3.967737e+01
      vertex   3.959887e+01 4.251278e+01 4.406504e+01
      vertex   3.961594e+01 4.251278e+01 4.406506e+01
    endloop
  endfacet
  facet normal 0.000000e+00 1.000000e+00 0.000000e+00
    outer loop
      vertex   -6.262061e+01 4.251278e+01 3.967737e+01
      vertex   -6.262061e+01 4.251278e+01 4.406515e+01
      vertex   -6.258113e+01 4.251278e+01 4.406504e+01
    endloop
  endfacet
  facet normal -0.000000e+00 1.000000e+00 0.000000e+00
    outer loop
      vertex   -6.258113e+01 -2.998366e+01 4.156860e+01
      vertex   -6.056803e+01 -2.998366e+01 4.156860e+01
      vertex   -6.258113e+01 -2.998366e+01 3.952860e+01
    endloop
  endfacet
  facet normal 0.000000e+00 1.000000e+00 0.000000e+00
    outer loop
      vertex   -6.258113e+01 -2.998366e+01 3.952860e+01
      vertex   -6.056803e+01 -2.998366e+01 4.156860e+01
      vertex   -6.056803e+01 -2.998366e+01 3.952860e+01
    endloop
  endfacet
  facet normal 9.086922e-01 4.174656e-01 9.897376e-04
    outer loop
      vertex   -6.721201e+01 -2.672538e+01 3.967737e+01
      vertex   -6.720441e+01 -2.674640e+01 4.156860e+01
      vertex   -6.685863e+01 -2.749457e+01 3.967737e+01
    endloop
  endfacet
  facet normal 9.063068e-01 4.226178e-01 -1.484604e-03
    outer loop
      vertex   -6.685863e+01 -2.749457e+01 3.967737e+01
      vertex   -6.720441e+01 -2.674640e+01 4.156860e+01
      vertex   -6.684197e+01 -2.752366e+01 4.156860e+01
    endloop
  endfacet
  facet normal 8.677237e-01 4.970469e-01 1.186983e-14
    outer loop
      vertex   -6.685863e+01 -2.749457e+01 3.967737e+01
      vertex   -6.684197e+01 -2.752366e+01 4.156860e+01
      vertex   -6.685863e+01 -2.749457e+01 3.952860e+01
    endloop
  endfacet
  facet normal 8.227174e-01 5.684488e-01 1.385634e-03
    outer loop
      vertex   -6.685863e+01 -2.749457e+01 3.952860e+01
      vertex   -6.684197e+01 -2.752366e+01 4.156860e+01
      vertex   -6.636796e+01 -2.820473e+01 3.952860e+01
    endloop
  endfacet
  facet normal 8.191515e-01 5.735761e-01 -1.154696e-03
    outer loop
      vertex   -6.636796e+01 -2.820473e+01 3.952860e+01
      vertex   -6.684197e+01 -2.752366e+01 4.156860e+01
      vertex   -6.635007e+01 -2.822618e+01 4.156860e+01
    endloop
  endfacet
  facet normal 7.107103e-01 7.034839e-01 1.162442e-03
    outer loop
      vertex   -6.636796e+01 -2.820473e+01 3.952860e+01
      vertex   -6.635007e+01 -2.822618e+01 4.156860e+01
      vertex   -6.576073e+01 -2.881820e+01 3.952860e+01
    endloop
  endfacet
  facet normal 7.071065e-01 7.071065e-01 -9.299547e-04
    outer loop
      vertex   -6.576073e+01 -2.881820e+01 3.952860e+01
      vertex   -6.635007e+01 -2.822618e+01 4.156860e+01
      vertex   -6.574364e+01 -2.883260e+01 4.156860e+01
    endloop
  endfacet
  facet normal 5.768272e-01 8.168656e-01 9.361515e-04
    outer loop
      vertex   -6.576073e+01 -2.881820e+01 3.952860e+01
      vertex   -6.574364e+01 -2.883260e+01 4.156860e+01
      vertex   -6.505563e+01 -2.931610e+01 3.952860e+01
    endloop
  endfacet
  facet normal 5.735763e-01 8.191518e-01 -7.021141e-04
    outer loop
      vertex   -6.505563e+01 -2.931610e+01 3.952860e+01
      vertex   -6.574364e+01 -2.883260e+01 4.156860e+01
      vertex   -6.504113e+01 -2.932451e+01 4.156860e+01
    endloop
  endfacet
  facet normal 4.251893e-01 9.051042e-01 7.067615e-04
    outer loop
      vertex   -6.505563e+01 -2.931610e+01 3.952860e+01
      vertex   -6.504113e+01 -2.932451e+01 4.156860e+01
      vertex   -6.427436e+01 -2.968311e+01 3.952860e+01
    endloop
  endfacet
  facet normal 4.226182e-01 9.063077e-01 -4.711745e-04
    outer loop
      vertex   -6.427436e+01 -2.968311e+01 3.952860e+01
      vertex   -6.504113e+01 -2.932451e+01 4.156860e+01
      vertex   -6.426387e+01 -2.968695e+01 4.156860e+01
    endloop
  endfacet
  facet normal 2.604639e-01 9.654835e-01 4.742727e-04
    outer loop
      vertex   -6.427436e+01 -2.968311e+01 3.952860e+01
      vertex   -6.426387e+01 -2.968695e+01 4.156860e+01
      vertex   -6.344098e+01 -2.990794e+01 3.952860e+01
    endloop
  endfacet
  facet normal 2.588190e-01 9.659258e-01 -2.371364e-04
    outer loop
      vertex   -6.344098e+01 -2.990794e+01 3.952860e+01
      vertex   -6.426387e+01 -2.968695e+01 4.156860e+01
      vertex   -6.343548e+01 -2.990891e+01 4.156860e+01
    endloop
  endfacet
  facet normal 8.772133e-02 9.961450e-01 2.386854e-04
    outer loop
      vertex   -6.344098e+01 -2.990794e+01 3.952860e+01
      vertex   -6.343548e+01 -2.990891e+01 4.156860e+01
      vertex   -6.258113e+01 -2.998366e+01 3.952860e+01
    endloop
  endfacet
  facet normal 8.715574e-02 9.961947e-01 -0.000000e+00
    outer loop
      vertex   -6.258113e+01 -2.998366e+01 3.952860e+01
      vertex   -6.343548e+01 -2.990891e+01 4.156860e+01
      vertex   -6.258113e+01 -2.998366e+01 4.156860e+01
    endloop
  endfacet
  facet normal 9.659253e-01 2.588189e-01 -1.003107e-03
    outer loop
      vertex   -6.720441e+01 -2.674640e+01 4.156860e+01
      vertex   -6.721201e+01 -2.672538e+01 3.967737e+01
      vertex   -6.742638e+01 -2.591801e+01 4.156860e+01
    endloop
  endfacet
  facet normal 9.668018e-01 2.555270e-01 5.015542e-04
    outer loop
      vertex   -6.742638e+01 -2.591801e+01 4.156860e+01
      vertex   -6.721201e+01 -2.672538e+01 3.967737e+01
      vertex   -6.742831e+01 -2.590700e+01 3.967737e+01
    endloop
  endfacet
  facet normal 9.961946e-01 8.715573e-02 -5.082383e-04
    outer loop
      vertex   -6.742638e+01 -2.591801e+01 4.156860e+01
      vertex   -6.742831e+01 -2.590700e+01 3.967737e+01
      vertex   -6.750113e+01 -2.506366e+01 4.156860e+01
    endloop
  endfacet
  facet normal 9.962930e-01 8.602449e-02 0.000000e+00
    outer loop
      vertex   -6.750113e+01 -2.506366e+01 4.156860e+01
      vertex   -6.742831e+01 -2.590700e+01 3.967737e+01
      vertex   -6.750113e+01 -2.506366e+01 3.967737e+01
    endloop
  endfacet
  facet normal 1.000000e+00 0.000000e+00 0.000000e+00
    outer loop
      vertex   -6.750113e+01 -2.506366e+01 3.967737e+01
      vertex   -6.750113e+01 -2.298142e+01 3.967737e+01
      vertex   -6.750113e+01 -2.506366e+01 4.156860e+01
    endloop
  endfacet
  facet normal 1.000000e+00 -0.000000e+00 0.000000e+00
    outer loop
      vertex   -6.750113e+01 -2.506366e+01 4.156860e+01
      vertex   -6.750113e+01 -2.298142e+01 3.967737e+01
      vertex   -6.750113e+01 -2.298142e+01 4.156860e+01
    endloop
  endfacet
  facet normal 1.000000e+00 0.000000e+00 0.000000e+00
    outer loop
      vertex   -6.750113e+01 3.299699e+01 3.967737e+01
      vertex   -6.750113e+01 3.509634e+01 3.967737e+01
      vertex   -6.750113e+01 3.299699e+01 4.156860e+01
    endloop
  endfacet
  facet normal 1.000000e+00 -0.000000e+00 0.000000e+00
    outer loop
      vertex   -6.750113e+01 3.299699e+01 4.156860e+01
      vertex   -6.750113e+01 3.509634e+01 3.967737e+01
      vertex   -6.750113e+01 3.509634e+01 4.156860e+01
    endloop
  endfacet
  facet normal 8.189667e-01 -5.738410e-01 0.000000e+00
    outer loop
      vertex   -6.683210e+01 3.757335e+01 3.952860e+01
      vertex   -6.636064e+01 3.824621e+01 3.952860e+01
      vertex   -6.683210e+01 3.757335e+01 3.967737e+01
    endloop
  endfacet
  facet normal 8.188951e-01 -5.739428e-01 -6.873995e-04
    outer loop
      vertex   -6.683210e+01 3.757335e+01 3.967737e+01
      vertex   -6.636064e+01 3.824621e+01 3.952860e+01
      vertex   -6.635007e+01 3.825885e+01 4.156860e+01
    endloop
  endfacet
  facet normal 8.191517e-01 -5.735762e-01 -8.856918e-04
    outer loop
      vertex   -6.683210e+01 3.757335e+01 3.967737e+01
      vertex   -6.635007e+01 3.825885e+01 4.156860e+01
      vertex   -6.684197e+01 3.755634e+01 4.156860e+01
    endloop
  endfacet
  facet normal 7.120574e-01 -7.021209e-01 6.614050e-04
    outer loop
      vertex   -6.636064e+01 3.824621e+01 3.952860e+01
      vertex   -6.578379e+01 3.883122e+01 3.952860e+01
      vertex   -6.635007e+01 3.825885e+01 4.156860e+01
    endloop
  endfacet
  facet normal 7.071052e-01 -7.071052e-01 -2.111698e-03
    outer loop
      vertex   -6.635007e+01 3.825885e+01 4.156860e+01
      vertex   -6.578379e+01 3.883122e+01 3.952860e+01
      vertex   -6.574364e+01 3.886528e+01 4.156860e+01
    endloop
  endfacet
  facet normal 5.852912e-01 -8.108206e-01 2.017169e-03
    outer loop
      vertex   -6.574364e+01 3.886528e+01 4.156860e+01
      vertex   -6.578379e+01 3.883122e+01 3.952860e+01
      vertex   -6.511763e+01 3.931209e+01 3.952860e+01
    endloop
  endfacet
  facet normal 5.735731e-01 -8.191473e-01 -3.402502e-03
    outer loop
      vertex   -6.574364e+01 3.886528e+01 4.156860e+01
      vertex   -6.511763e+01 3.931209e+01 3.952860e+01
      vertex   -6.504113e+01 3.935718e+01 4.156860e+01
    endloop
  endfacet
  facet normal 4.422039e-01 -8.969087e-01 3.243008e-03
    outer loop
      vertex   -6.504113e+01 3.935718e+01 4.156860e+01
      vertex   -6.511763e+01 3.931209e+01 3.952860e+01
      vertex   -6.438074e+01 3.967540e+01 3.952860e+01
    endloop
  endfacet
  facet normal 4.226139e-01 -9.062984e-01 -4.563343e-03
    outer loop
      vertex   -6.504113e+01 3.935718e+01 4.156860e+01
      vertex   -6.438074e+01 3.967540e+01 3.952860e+01
      vertex   -6.426387e+01 3.971963e+01 4.156860e+01
    endloop
  endfacet
  facet normal 2.867862e-01 -9.579848e-01 4.338855e-03
    outer loop
      vertex   -6.426387e+01 3.971963e+01 4.156860e+01
      vertex   -6.438074e+01 3.967540e+01 3.952860e+01
      vertex   -6.359366e+01 3.991102e+01 3.952860e+01
    endloop
  endfacet
  facet normal 2.746000e-01 -9.615586e-01 0.000000e+00
    outer loop
      vertex   -6.426387e+01 3.971963e+01 4.156860e+01
      vertex   -6.359366e+01 3.991102e+01 3.952860e+01
      vertex   -6.359366e+01 3.991102e+01 3.967737e+01
    endloop
  endfacet
  facet normal 2.588143e-01 -9.659082e-01 -6.034195e-03
    outer loop
      vertex   -6.426387e+01 3.971963e+01 4.156860e+01
      vertex   -6.359366e+01 3.991102e+01 3.967737e+01
      vertex   -6.343548e+01 3.994159e+01 4.156860e+01
    endloop
  endfacet
  facet normal 1.718766e-01 -9.851173e-01 1.548055e-03
    outer loop
      vertex   -6.343548e+01 3.994159e+01 4.156860e+01
      vertex   -6.359366e+01 3.991102e+01 3.967737e+01
      vertex   -6.325885e+01 3.996944e+01 3.967737e+01
    endloop
  endfacet
  facet normal 1.034540e-01 -9.946218e-01 -4.982074e-03
    outer loop
      vertex   -6.343548e+01 3.994159e+01 4.156860e+01
      vertex   -6.325885e+01 3.996944e+01 3.967737e+01
      vertex   -6.292080e+01 4.000460e+01 3.967737e+01
    endloop
  endfacet
  facet normal 3.454003e-02 -9.994033e-01 0.000000e+00
    outer loop
      vertex   -6.258113e+01 4.001634e+01 3.967737e+01
      vertex   -6.258113e+01 4.001634e+01 4.156860e+01
      vertex   -6.292080e+01 4.000460e+01 3.967737e+01
    endloop
  endfacet
  facet normal 8.715184e-02 -9.961500e-01 -9.469442e-03
    outer loop
      vertex   -6.292080e+01 4.000460e+01 3.967737e+01
      vertex   -6.258113e+01 4.001634e+01 4.156860e+01
      vertex   -6.343548e+01 3.994159e+01 4.156860e+01
    endloop
  endfacet
  facet normal 9.048945e-01 -4.256350e-01 8.925956e-04
    outer loop
      vertex   -6.683210e+01 3.757335e+01 3.967737e+01
      vertex   -6.684197e+01 3.755634e+01 4.156860e+01
      vertex   -6.719991e+01 3.679139e+01 3.967737e+01
    endloop
  endfacet
  facet normal 9.063076e-01 -4.226182e-01 -5.950641e-04
    outer loop
      vertex   -6.719991e+01 3.679139e+01 3.967737e+01
      vertex   -6.684197e+01 3.755634e+01 4.156860e+01
      vertex   -6.720441e+01 3.677908e+01 4.156860e+01
    endloop
  endfacet
  facet normal 9.654064e-01 -2.607492e-01 5.996663e-04
    outer loop
      vertex   -6.719991e+01 3.679139e+01 3.967737e+01
      vertex   -6.720441e+01 3.677908e+01 4.156860e+01
      vertex   -6.742524e+01 3.595714e+01 3.967737e+01
    endloop
  endfacet
  facet normal 9.659258e-01 -2.588190e-01 -2.998333e-04
    outer loop
      vertex   -6.742524e+01 3.595714e+01 3.967737e+01
      vertex   -6.720441e+01 3.677908e+01 4.156860e+01
      vertex   -6.742638e+01 3.595069e+01 4.156860e+01
    endloop
  endfacet
  facet normal 9.961364e-01 -8.781946e-02 3.021342e-04
    outer loop
      vertex   -6.742524e+01 3.595714e+01 3.967737e+01
      vertex   -6.742638e+01 3.595069e+01 4.156860e+01
      vertex   -6.750113e+01 3.509634e+01 3.967737e+01
    endloop
  endfacet
  facet normal 9.961947e-01 -8.715574e-02 0.000000e+00
    outer loop
      vertex   -6.750113e+01 3.509634e+01 3.967737e+01
      vertex   -6.742638e+01 3.595069e+01 4.156860e+01
      vertex   -6.750113e+01 3.509634e+01 4.156860e+01
    endloop
  endfacet
  facet normal 0.000000e+00 0.000000e+00 -1.000000e+00
    outer loop
      vertex   -6.258113e+01 -3.248366e+01 3.952860e+01
      vertex   3.959887e+01 -3.248366e+01 3.952860e+01
      vertex   3.961594e+01 -3.249722e+01 3.952860e+01
    endloop
  endfacet
  facet normal 0.000000e+00 0.000000e+00 -1.000000e+00
    outer loop
      vertex   3.961594e+01 -3.249722e+01 3.952860e+01
      vertex   3.959887e+01 -3.248366e+01 3.952860e+01
      vertex   4.062248e+01 -3.241272e+01 3.952860e+01
    endloop
  endfacet
  facet normal 0.000000e+00 0.000000e+00 -1.000000e+00
    outer loop
      vertex   3.961594e+01 -3.249722e+01 3.952860e+01
      vertex   4.062248e+01 -3.241272e+01 3.952860e+01
      vertex   4.063935e+01 -3.242601e+01 3.952860e+01
    endloop
  endfacet
  facet normal 0.000000e+00 0.000000e+00 -1.000000e+00
    outer loop
      vertex   4.063935e+01 -3.242601e+01 3.952860e+01
      vertex   4.062248e+01 -3.241272e+01 3.952860e+01
      vertex   4.162652e+01 -3.220124e+01 3.952860e+01
    endloop
  endfacet
  facet normal 0.000000e+00 0.000000e+00 -1.000000e+00
    outer loop
      vertex   4.063935e+01 -3.242601e+01 3.952860e+01
      vertex   4.162652e+01 -3.220124e+01 3.952860e+01
      vertex   4.164304e+01 -3.221376e+01 3.952860e+01
    endloop
  endfacet
  facet normal 0.000000e+00 0.000000e+00 -1.000000e+00
    outer loop
      vertex   4.164304e+01 -3.221376e+01 3.952860e+01
      vertex   4.162652e+01 -3.220124e+01 3.952860e+01
      vertex   4.259178e+01 -3.185328e+01 3.952860e+01
    endloop
  endfacet
  facet normal 0.000000e+00 0.000000e+00 -1.000000e+00
    outer loop
      vertex   4.164304e+01 -3.221376e+01 3.952860e+01
      vertex   4.259178e+01 -3.185328e+01 3.952860e+01
      vertex   4.260767e+01 -3.186456e+01 3.952860e+01
    endloop
  endfacet
  facet normal 0.000000e+00 0.000000e+00 -1.000000e+00
    outer loop
      vertex   4.260767e+01 -3.186456e+01 3.952860e+01
      vertex   4.259178e+01 -3.185328e+01 3.952860e+01
      vertex   4.349981e+01 -3.137548e+01 3.952860e+01
    endloop
  endfacet
  facet normal 0.000000e+00 0.000000e+00 -1.000000e+00
    outer loop
      vertex   4.260767e+01 -3.186456e+01 3.952860e+01
      vertex   4.349981e+01 -3.137548e+01 3.952860e+01
      vertex   4.351464e+01 -3.138513e+01 3.952860e+01
    endloop
  endfacet
  facet normal 0.000000e+00 0.000000e+00 -1.000000e+00
    outer loop
      vertex   4.351464e+01 -3.138513e+01 3.952860e+01
      vertex   4.349981e+01 -3.137548e+01 3.952860e+01
      vertex   4.434647e+01 -3.078473e+01 3.952860e+01
    endloop
  endfacet
  facet normal -0.000000e+00 0.000000e+00 -1.000000e+00
    outer loop
      vertex   4.434647e+01 -3.078473e+01 3.952860e+01
      vertex   4.349981e+01 -3.137548e+01 3.952860e+01
      vertex   4.433325e+01 -3.077699e+01 3.952860e+01
    endloop
  endfacet
  facet normal 0.000000e+00 0.000000e+00 -1.000000e+00
    outer loop
      vertex   4.434647e+01 -3.078473e+01 3.952860e+01
      vertex   4.433325e+01 -3.077699e+01 3.952860e+01
      vertex   4.508715e+01 -3.007491e+01 3.952860e+01
    endloop
  endfacet
  facet normal -0.000000e+00 0.000000e+00 -1.000000e+00
    outer loop
      vertex   4.508715e+01 -3.007491e+01 3.952860e+01
      vertex   4.433325e+01 -3.077699e+01 3.952860e+01
      vertex   4.507615e+01 -3.006924e+01 3.952860e+01
    endloop
  endfacet
  facet normal 0.000000e+00 0.000000e+00 -1.000000e+00
    outer loop
      vertex   4.508715e+01 -3.007491e+01 3.952860e+01
      vertex   4.507615e+01 -3.006924e+01 3.952860e+01
      vertex   4.572239e+01 -2.926935e+01 3.952860e+01
    endloop
  endfacet
  facet normal -0.000000e+00 0.000000e+00 -1.000000e+00
    outer loop
      vertex   4.572239e+01 -2.926935e+01 3.952860e+01
      vertex   4.507615e+01 -3.006924e+01 3.952860e+01
      vertex   4.571431e+01 -2.926578e+01 3.952860e+01
    endloop
  endfacet
  facet normal 0.000000e+00 0.000000e+00 -1.000000e+00
    outer loop
      vertex   4.572239e+01 -2.926935e+01 3.952860e+01
      vertex   4.571431e+01 -2.926578e+01 3.952860e+01
      vertex   4.623995e+01 -2.838359e+01 3.952860e+01
    endloop
  endfacet
  facet normal -0.000000e+00 0.000000e+00 -1.000000e+00
    outer loop
      vertex   4.623995e+01 -2.838359e+01 3.952860e+01
      vertex   4.571431e+01 -2.926578e+01 3.952860e+01
      vertex   4.623554e+01 -2.838196e+01 3.952860e+01
    endloop
  endfacet
  facet normal 6.251222e-14 1.690027e-13 -1.000000e+00
    outer loop
      vertex   4.623995e+01 -2.838359e+01 3.952860e+01
      vertex   4.623554e+01 -2.838196e+01 3.952860e+01
      vertex   4.662985e+01 -2.743468e+01 3.952860e+01
    endloop
  endfacet
  facet normal -0.000000e+00 0.000000e+00 -1.000000e+00
    outer loop
      vertex   3.961594e+01 -3.249722e+01 3.952860e+01
      vertex   -6.262061e+01 -3.249722e+01 3.952860e+01
      vertex   -6.258113e+01 -3.248366e+01 3.952860e+01
    endloop
  endfacet
  facet normal -0.000000e+00 0.000000e+00 -1.000000e+00
    outer loop
      vertex   -6.258113e+01 -3.248366e+01 3.952860e+01
      vertex   -6.262061e+01 -3.249722e+01 3.952860e+01
      vertex   -6.262053e+01 -3.248356e+01 3.952860e+01
    endloop
  endfacet
  facet normal -0.000000e+00 0.000000e+00 -1.000000e+00
    outer loop
      vertex   -6.262053e+01 -3.248356e+01 3.952860e+01
      vertex   -6.262061e+01 -3.249722e+01 3.952860e+01
      vertex   -6.334247e+01 -3.244450e+01 3.952860e+01
    endloop
  endfacet
  facet normal -0.000000e+00 -0.000000e+00 -1.000000e+00
    outer loop
      vertex   -6.334247e+01 -3.244450e+01 3.952860e+01
      vertex   -6.262061e+01 -3.249722e+01 3.952860e+01
      vertex   -6.367231e+01 -3.242200e+01 3.952860e+01
    endloop
  endfacet
  facet normal 0.000000e+00 0.000000e+00 -1.000000e+00
    outer loop
      vertex   -6.334247e+01 -3.244450e+01 3.952860e+01
      vertex   -6.367231e+01 -3.242200e+01 3.952860e+01
      vertex   -6.405717e+01 -3.233537e+01 3.952860e+01
    endloop
  endfacet
  facet normal -0.000000e+00 -0.000000e+00 -1.000000e+00
    outer loop
      vertex   -6.405717e+01 -3.233537e+01 3.952860e+01
      vertex   -6.367231e+01 -3.242200e+01 3.952860e+01
      vertex   -6.470261e+01 -3.219787e+01 3.952860e+01
    endloop
  endfacet
  facet normal 0.000000e+00 0.000000e+00 -1.000000e+00
    outer loop
      vertex   -6.405717e+01 -3.233537e+01 3.952860e+01
      vertex   -6.470261e+01 -3.219787e+01 3.952860e+01
      vertex   -6.475786e+01 -3.215719e+01 3.952860e+01
    endloop
  endfacet
  facet normal -0.000000e+00 -0.000000e+00 -1.000000e+00
    outer loop
      vertex   -6.475786e+01 -3.215719e+01 3.952860e+01
      vertex   -6.470261e+01 -3.219787e+01 3.952860e+01
      vertex   -6.543789e+01 -3.191168e+01 3.952860e+01
    endloop
  endfacet
  facet normal -0.000000e+00 -0.000000e+00 -1.000000e+00
    outer loop
      vertex   -6.543789e+01 -3.191168e+01 3.952860e+01
      vertex   -6.470261e+01 -3.219787e+01 3.952860e+01
      vertex   -6.569052e+01 -3.182940e+01 3.952860e+01
    endloop
  endfacet
  facet normal 0.000000e+00 0.000000e+00 -1.000000e+00
    outer loop
      vertex   -6.543789e+01 -3.191168e+01 3.952860e+01
      vertex   -6.569052e+01 -3.182940e+01 3.952860e+01
      vertex   -6.609079e+01 -3.160114e+01 3.952860e+01
    endloop
  endfacet
  facet normal -0.000000e+00 -0.000000e+00 -1.000000e+00
    outer loop
      vertex   -6.609079e+01 -3.160114e+01 3.952860e+01
      vertex   -6.569052e+01 -3.182940e+01 3.952860e+01
      vertex   -6.661594e+01 -3.132408e+01 3.952860e+01
    endloop
  endfacet
  facet normal 0.000000e+00 0.000000e+00 -1.000000e+00
    outer loop
      vertex   -6.609079e+01 -3.160114e+01 3.952860e+01
      vertex   -6.661594e+01 -3.132408e+01 3.952860e+01
      vertex   -6.671037e+01 -3.122854e+01 3.952860e+01
    endloop
  endfacet
  facet normal -0.000000e+00 -0.000000e+00 -1.000000e+00
    outer loop
      vertex   -6.671037e+01 -3.122854e+01 3.952860e+01
      vertex   -6.661594e+01 -3.132408e+01 3.952860e+01
      vertex   -6.729075e+01 -3.079741e+01 3.952860e+01
    endloop
  endfacet
  facet normal -0.000000e+00 -0.000000e+00 -1.000000e+00
    outer loop
      vertex   -6.729075e+01 -3.079741e+01 3.952860e+01
      vertex   -6.661594e+01 -3.132408e+01 3.952860e+01
      vertex   -6.746003e+01 -3.069221e+01 3.952860e+01
    endloop
  endfacet
  facet normal 0.000000e+00 0.000000e+00 -1.000000e+00
    outer loop
      vertex   -6.729075e+01 -3.079741e+01 3.952860e+01
      vertex   -6.746003e+01 -3.069221e+01 3.952860e+01
      vertex   -6.782641e+01 -3.031184e+01 3.952860e+01
    endloop
  endfacet
  facet normal -0.000000e+00 -0.000000e+00 -1.000000e+00
    outer loop
      vertex   -6.782641e+01 -3.031184e+01 3.952860e+01
      vertex   -6.746003e+01 -3.069221e+01 3.952860e+01
      vertex   -6.820560e+01 -2.994664e+01 3.952860e+01
    endloop
  endfacet
  facet normal 0.000000e+00 0.000000e+00 -1.000000e+00
    outer loop
      vertex   -6.782641e+01 -3.031184e+01 3.952860e+01
      vertex   -6.820560e+01 -2.994664e+01 3.952860e+01
      vertex   -6.831228e+01 -2.977644e+01 3.952860e+01
    endloop
  endfacet
  facet normal -0.000000e+00 -0.000000e+00 -1.000000e+00
    outer loop
      vertex   -6.831228e+01 -2.977644e+01 3.952860e+01
      vertex   -6.820560e+01 -2.994664e+01 3.952860e+01
      vertex   -6.883747e+01 -2.910255e+01 3.952860e+01
    endloop
  endfacet
  facet normal 0.000000e+00 0.000000e+00 -1.000000e+00
    outer loop
      vertex   -6.831228e+01 -2.977644e+01 3.952860e+01
      vertex   -6.883747e+01 -2.910255e+01 3.952860e+01
      vertex   -6.874373e+01 -2.919630e+01 3.952860e+01
    endloop
  endfacet
  facet normal 0.000000e+00 0.000000e+00 -1.000000e+00
    outer loop
      vertex   -6.874373e+01 -2.919630e+01 3.952860e+01
      vertex   -6.883747e+01 -2.910255e+01 3.952860e+01
      vertex   -6.911667e+01 -2.857693e+01 3.952860e+01
    endloop
  endfacet
  facet normal -0.000000e+00 -0.000000e+00 -1.000000e+00
    outer loop
      vertex   -6.911667e+01 -2.857693e+01 3.952860e+01
      vertex   -6.883747e+01 -2.910255e+01 3.952860e+01
      vertex   -6.934279e+01 -2.817713e+01 3.952860e+01
    endloop
  endfacet
  facet normal 0.000000e+00 0.000000e+00 -1.000000e+00
    outer loop
      vertex   -6.911667e+01 -2.857693e+01 3.952860e+01
      vertex   -6.934279e+01 -2.817713e+01 3.952860e+01
      vertex   -6.942757e+01 -2.792420e+01 3.952860e+01
    endloop
  endfacet
  facet normal -0.000000e+00 -0.000000e+00 -1.000000e+00
    outer loop
      vertex   -6.942757e+01 -2.792420e+01 3.952860e+01
      vertex   -6.934279e+01 -2.817713e+01 3.952860e+01
      vertex   -6.971126e+01 -2.718922e+01 3.952860e+01
    endloop
  endfacet
  facet normal 0.000000e+00 0.000000e+00 -1.000000e+00
    outer loop
      vertex   -6.942757e+01 -2.792420e+01 3.952860e+01
      vertex   -6.971126e+01 -2.718922e+01 3.952860e+01
      vertex   -6.967346e+01 -2.724431e+01 3.952860e+01
    endloop
  endfacet
  facet normal 0.000000e+00 0.000000e+00 -1.000000e+00
    outer loop
      vertex   -6.967346e+01 -2.724431e+01 3.952860e+01
      vertex   -6.971126e+01 -2.718922e+01 3.952860e+01
      vertex   -6.985202e+01 -2.654372e+01 3.952860e+01
    endloop
  endfacet
  facet normal 0.000000e+00 -0.000000e+00 -1.000000e+00
    outer loop
      vertex   -6.985202e+01 -2.654372e+01 3.952860e+01
      vertex   -6.971126e+01 -2.718922e+01 3.952860e+01
      vertex   -6.986898e+01 -2.654709e+01 3.952860e+01
    endloop
  endfacet
  facet normal -0.000000e+00 0.000000e+00 -1.000000e+00
    outer loop
      vertex   -6.985202e+01 -2.654372e+01 3.952860e+01
      vertex   -6.986898e+01 -2.654709e+01 3.952860e+01
      vertex   -6.993539e+01 -2.615892e+01 3.952860e+01
    endloop
  endfacet
  facet normal 0.000000e+00 0.000000e+00 -1.000000e+00
    outer loop
      vertex   -6.985202e+01 -2.654372e+01 3.952860e+01
      vertex   -6.993539e+01 -2.615892e+01 3.952860e+01
      vertex   -6.996154e+01 -2.582907e+01 3.952860e+01
    endloop
  endfacet
  facet normal 0.000000e+00 -0.000000e+00 -1.000000e+00
    outer loop
      vertex   -6.996154e+01 -2.582907e+01 3.952860e+01
      vertex   -6.993539e+01 -2.615892e+01 3.952860e+01
      vertex   -6.997514e+01 -2.583041e+01 3.952860e+01
    endloop
  endfacet
  facet normal -0.000000e+00 0.000000e+00 -1.000000e+00
    outer loop
      vertex   -6.996154e+01 -2.582907e+01 3.952860e+01
      vertex   -6.997514e+01 -2.583041e+01 3.952860e+01
      vertex   -7.001061e+01 -2.510722e+01 3.952860e+01
    endloop
  endfacet
  facet normal 0.000000e+00 0.000000e+00 -1.000000e+00
    outer loop
      vertex   -7.001061e+01 3.512278e+01 3.952860e+01
      vertex   -7.000113e+01 -2.506366e+01 3.952860e+01
      vertex   -7.001061e+01 -2.510722e+01 3.952860e+01
    endloop
  endfacet
  facet normal 0.000000e+00 0.000000e+00 -1.000000e+00
    outer loop
      vertex   -7.001061e+01 -2.510722e+01 3.952860e+01
      vertex   -7.000113e+01 -2.506366e+01 3.952860e+01
      vertex   -7.000100e+01 -2.510716e+01 3.952860e+01
    endloop
  endfacet
  facet normal 0.000000e+00 0.000000e+00 -1.000000e+00
    outer loop
      vertex   -7.001061e+01 -2.510722e+01 3.952860e+01
      vertex   -7.000100e+01 -2.510716e+01 3.952860e+01
      vertex   -6.996154e+01 -2.582907e+01 3.952860e+01
    endloop
  endfacet
  facet normal 0.000000e+00 -0.000000e+00 -1.000000e+00
    outer loop
      vertex   -6.997903e+01 3.580523e+01 3.952860e+01
      vertex   -6.996729e+01 3.580414e+01 3.952860e+01
      vertex   -7.001061e+01 3.512278e+01 3.952860e+01
    endloop
  endfacet
  facet normal 0.000000e+00 0.000000e+00 -1.000000e+00
    outer loop
      vertex   -7.001061e+01 3.512278e+01 3.952860e+01
      vertex   -6.996729e+01 3.580414e+01 3.952860e+01
      vertex   -7.000108e+01 3.512275e+01 3.952860e+01
    endloop
  endfacet
  facet normal 0.000000e+00 0.000000e+00 -1.000000e+00
    outer loop
      vertex   -7.001061e+01 3.512278e+01 3.952860e+01
      vertex   -7.000108e+01 3.512275e+01 3.952860e+01
      vertex   -7.000113e+01 3.509634e+01 3.952860e+01
    endloop
  endfacet
  facet normal 0.000000e+00 0.000000e+00 -1.000000e+00
    outer loop
      vertex   -6.997903e+01 3.580523e+01 3.952860e+01
      vertex   -6.992980e+01 3.621263e+01 3.952860e+01
      vertex   -6.996729e+01 3.580414e+01 3.952860e+01
    endloop
  endfacet
  facet normal 0.000000e+00 0.000000e+00 -1.000000e+00
    outer loop
      vertex   -6.996729e+01 3.580414e+01 3.952860e+01
      vertex   -6.992980e+01 3.621263e+01 3.952860e+01
      vertex   -6.987106e+01 3.647954e+01 3.952860e+01
    endloop
  endfacet
  facet normal -0.000000e+00 0.000000e+00 -1.000000e+00
    outer loop
      vertex   -6.987106e+01 3.647954e+01 3.952860e+01
      vertex   -6.992980e+01 3.621263e+01 3.952860e+01
      vertex   -6.988452e+01 3.648206e+01 3.952860e+01
    endloop
  endfacet
  facet normal 0.000000e+00 0.000000e+00 -1.000000e+00
    outer loop
      vertex   -6.987106e+01 3.647954e+01 3.952860e+01
      vertex   -6.988452e+01 3.648206e+01 3.952860e+01
      vertex   -6.971321e+01 3.714325e+01 3.952860e+01
    endloop
  endfacet
  facet normal -0.000000e+00 0.000000e+00 -1.000000e+00
    outer loop
      vertex   -6.971321e+01 3.714325e+01 3.952860e+01
      vertex   -6.988452e+01 3.648206e+01 3.952860e+01
      vertex   -6.968915e+01 3.727865e+01 3.952860e+01
    endloop
  endfacet
  facet normal 0.000000e+00 0.000000e+00 -1.000000e+00
    outer loop
      vertex   -6.971321e+01 3.714325e+01 3.952860e+01
      vertex   -6.968915e+01 3.727865e+01 3.952860e+01
      vertex   -6.949506e+01 3.778966e+01 3.952860e+01
    endloop
  endfacet
  facet normal -0.000000e+00 0.000000e+00 -1.000000e+00
    outer loop
      vertex   -6.949506e+01 3.778966e+01 3.952860e+01
      vertex   -6.968915e+01 3.727865e+01 3.952860e+01
      vertex   -6.951033e+01 3.779558e+01 3.952860e+01
    endloop
  endfacet
  facet normal 0.000000e+00 0.000000e+00 -1.000000e+00
    outer loop
      vertex   -6.949506e+01 3.778966e+01 3.952860e+01
      vertex   -6.951033e+01 3.779558e+01 3.952860e+01
      vertex   -6.929392e+01 3.829752e+01 3.952860e+01
    endloop
  endfacet
  facet normal 0.000000e+00 0.000000e+00 -1.000000e+00
    outer loop
      vertex   -6.875276e+01 3.924696e+01 3.952860e+01
      vertex   -6.888575e+01 3.900890e+01 3.952860e+01
      vertex   -6.929392e+01 3.829752e+01 3.952860e+01
    endloop
  endfacet
  facet normal 0.000000e+00 0.000000e+00 -1.000000e+00
    outer loop
      vertex   -6.929392e+01 3.829752e+01 3.952860e+01
      vertex   -6.888575e+01 3.900890e+01 3.952860e+01
      vertex   -6.921846e+01 3.841330e+01 3.952860e+01
    endloop
  endfacet
  facet normal 0.000000e+00 -0.000000e+00 -1.000000e+00
    outer loop
      vertex   -6.929392e+01 3.829752e+01 3.952860e+01
      vertex   -6.921846e+01 3.841330e+01 3.952860e+01
      vertex   -6.949506e+01 3.778966e+01 3.952860e+01
    endloop
  endfacet
  facet normal 0.000000e+00 0.000000e+00 -1.000000e+00
    outer loop
      vertex   -6.888575e+01 3.900890e+01 3.952860e+01
      vertex   -6.875276e+01 3.924696e+01 3.952860e+01
      vertex   -6.849975e+01 3.957142e+01 3.952860e+01
    endloop
  endfacet
  facet normal -0.000000e+00 0.000000e+00 -1.000000e+00
    outer loop
      vertex   -6.849975e+01 3.957142e+01 3.952860e+01
      vertex   -6.875276e+01 3.924696e+01 3.952860e+01
      vertex   -6.851365e+01 3.958194e+01 3.952860e+01
    endloop
  endfacet
  facet normal 0.000000e+00 0.000000e+00 -1.000000e+00
    outer loop
      vertex   -6.849975e+01 3.957142e+01 3.952860e+01
      vertex   -6.851365e+01 3.958194e+01 3.952860e+01
      vertex   -6.806371e+01 4.009611e+01 3.952860e+01
    endloop
  endfacet
  facet normal -0.000000e+00 0.000000e+00 -1.000000e+00
    outer loop
      vertex   -6.806371e+01 4.009611e+01 3.952860e+01
      vertex   -6.851365e+01 3.958194e+01 3.952860e+01
      vertex   -6.807749e+01 4.010621e+01 3.952860e+01
    endloop
  endfacet
  facet normal 0.000000e+00 0.000000e+00 -1.000000e+00
    outer loop
      vertex   -6.806371e+01 4.009611e+01 3.952860e+01
      vertex   -6.807749e+01 4.010621e+01 3.952860e+01
      vertex   -6.758132e+01 4.057854e+01 3.952860e+01
    endloop
  endfacet
  facet normal -0.000000e+00 0.000000e+00 -1.000000e+00
    outer loop
      vertex   -6.758132e+01 4.057854e+01 3.952860e+01
      vertex   -6.807749e+01 4.010621e+01 3.952860e+01
      vertex   -6.759217e+01 4.059047e+01 3.952860e+01
    endloop
  endfacet
  facet normal 0.000000e+00 0.000000e+00 -1.000000e+00
    outer loop
      vertex   -6.758132e+01 4.057854e+01 3.952860e+01
      vertex   -6.759217e+01 4.059047e+01 3.952860e+01
      vertex   -6.728289e+01 4.085648e+01 3.952860e+01
    endloop
  endfacet
  facet normal 0.000000e+00 0.000000e+00 -1.000000e+00
    outer loop
      vertex   -6.758132e+01 4.057854e+01 3.952860e+01
      vertex   -6.728289e+01 4.085648e+01 3.952860e+01
      vertex   -6.705666e+01 4.101462e+01 3.952860e+01
    endloop
  endfacet
  facet normal -0.000000e+00 0.000000e+00 -1.000000e+00
    outer loop
      vertex   -6.705666e+01 4.101462e+01 3.952860e+01
      vertex   -6.728289e+01 4.085648e+01 3.952860e+01
      vertex   -6.706562e+01 4.102651e+01 3.952860e+01
    endloop
  endfacet
  facet normal 0.000000e+00 0.000000e+00 -1.000000e+00
    outer loop
      vertex   -6.705666e+01 4.101462e+01 3.952860e+01
      vertex   -6.706562e+01 4.102651e+01 3.952860e+01
      vertex   -6.649417e+01 4.140066e+01 3.952860e+01
    endloop
  endfacet
  facet normal -0.000000e+00 0.000000e+00 -1.000000e+00
    outer loop
      vertex   -6.649417e+01 4.140066e+01 3.952860e+01
      vertex   -6.706562e+01 4.102651e+01 3.952860e+01
      vertex   -6.638632e+01 4.148136e+01 3.952860e+01
    endloop
  endfacet
  facet normal 0.000000e+00 0.000000e+00 -1.000000e+00
    outer loop
      vertex   -6.649417e+01 4.140066e+01 3.952860e+01
      vertex   -6.638632e+01 4.148136e+01 3.952860e+01
      vertex   -6.589860e+01 4.173342e+01 3.952860e+01
    endloop
  endfacet
  facet normal -0.000000e+00 0.000000e+00 -1.000000e+00
    outer loop
      vertex   -6.589860e+01 4.173342e+01 3.952860e+01
      vertex   -6.638632e+01 4.148136e+01 3.952860e+01
      vertex   -6.590360e+01 4.174351e+01 3.952860e+01
    endloop
  endfacet
  facet normal 0.000000e+00 0.000000e+00 -1.000000e+00
    outer loop
      vertex   -6.589860e+01 4.173342e+01 3.952860e+01
      vertex   -6.590360e+01 4.174351e+01 3.952860e+01
      vertex   -6.540741e+01 4.196718e+01 3.952860e+01
    endloop
  endfacet
  facet normal 0.000000e+00 0.000000e+00 -1.000000e+00
    outer loop
      vertex   -6.589860e+01 4.173342e+01 3.952860e+01
      vertex   -6.540741e+01 4.196718e+01 3.952860e+01
      vertex   -6.527498e+01 4.201006e+01 3.952860e+01
    endloop
  endfacet
  facet normal -0.000000e+00 0.000000e+00 -1.000000e+00
    outer loop
      vertex   -6.527498e+01 4.201006e+01 3.952860e+01
      vertex   -6.540741e+01 4.196718e+01 3.952860e+01
      vertex   -6.527819e+01 4.201839e+01 3.952860e+01
    endloop
  endfacet
  facet normal 0.000000e+00 0.000000e+00 -1.000000e+00
    outer loop
      vertex   -6.527498e+01 4.201006e+01 3.952860e+01
      vertex   -6.527819e+01 4.201839e+01 3.952860e+01
      vertex   -6.462859e+01 4.222826e+01 3.952860e+01
    endloop
  endfacet
  facet normal -0.000000e+00 0.000000e+00 -1.000000e+00
    outer loop
      vertex   -6.462859e+01 4.222826e+01 3.952860e+01
      vertex   -6.527819e+01 4.201839e+01 3.952860e+01
      vertex   -6.463029e+01 4.223427e+01 3.952860e+01
    endloop
  endfacet
  facet normal 0.000000e+00 0.000000e+00 -1.000000e+00
    outer loop
      vertex   -6.462859e+01 4.222826e+01 3.952860e+01
      vertex   -6.463029e+01 4.223427e+01 3.952860e+01
      vertex   -6.436755e+01 4.230333e+01 3.952860e+01
    endloop
  endfacet
  facet normal 0.000000e+00 0.000000e+00 -1.000000e+00
    outer loop
      vertex   -6.462859e+01 4.222826e+01 3.952860e+01
      vertex   -6.436755e+01 4.230333e+01 3.952860e+01
      vertex   -6.396489e+01 4.238617e+01 3.952860e+01
    endloop
  endfacet
  facet normal -0.000000e+00 0.000000e+00 -1.000000e+00
    outer loop
      vertex   -6.396489e+01 4.238617e+01 3.952860e+01
      vertex   -6.436755e+01 4.230333e+01 3.952860e+01
      vertex   -6.396548e+01 4.238938e+01 3.952860e+01
    endloop
  endfacet
  facet normal 2.664984e-13 4.932256e-14 -1.000000e+00
    outer loop
      vertex   -6.396489e+01 4.238617e+01 3.952860e+01
      vertex   -6.396548e+01 4.238938e+01 3.952860e+01
      vertex   -6.328949e+01 4.248245e+01 3.952860e+01
    endloop
  endfacet
  facet normal -0.000000e+00 -0.000000e+00 -1.000000e+00
    outer loop
      vertex   -7.000113e+01 3.509634e+01 3.952860e+01
      vertex   -7.000113e+01 -2.506366e+01 3.952860e+01
      vertex   -7.001061e+01 3.512278e+01 3.952860e+01
    endloop
  endfacet
  facet normal -1.363944e-01 9.906546e-01 0.000000e+00
    outer loop
      vertex   -6.328949e+01 4.248245e+01 3.952860e+01
      vertex   -6.396548e+01 4.238938e+01 3.952860e+01
      vertex   -6.328949e+01 4.248245e+01 3.967737e+01
    endloop
  endfacet
  facet normal -1.363944e-01 9.906546e-01 0.000000e+00
    outer loop
      vertex   -6.328949e+01 4.248245e+01 3.967737e+01
      vertex   -6.396548e+01 4.238938e+01 3.952860e+01
      vertex   -6.396548e+01 4.238938e+01 4.410114e+01
    endloop
  endfacet
  facet normal -1.363944e-01 9.906546e-01 0.000000e+00
    outer loop
      vertex   -6.328949e+01 4.248245e+01 3.967737e+01
      vertex   -6.396548e+01 4.238938e+01 4.410114e+01
      vertex   -6.328949e+01 4.248245e+01 4.406860e+01
    endloop
  endfacet
  facet normal -1.363944e-01 9.906546e-01 0.000000e+00
    outer loop
      vertex   -6.328949e+01 4.248245e+01 4.406860e+01
      vertex   -6.396548e+01 4.238938e+01 4.410114e+01
      vertex   -6.328949e+01 4.248245e+01 4.410114e+01
    endloop
  endfacet
  facet normal -2.092705e-01 9.778578e-01 0.000000e+00
    outer loop
      vertex   -6.396548e+01 4.238938e+01 4.410114e+01
      vertex   -6.396548e+01 4.238938e+01 3.952860e+01
      vertex   -6.436755e+01 4.230333e+01 4.410114e+01
    endloop
  endfacet
  facet normal -2.092705e-01 9.778578e-01 0.000000e+00
    outer loop
      vertex   -6.436755e+01 4.230333e+01 4.410114e+01
      vertex   -6.396548e+01 4.238938e+01 3.952860e+01
      vertex   -6.436755e+01 4.230333e+01 3.952860e+01
    endloop
  endfacet
  facet normal -2.542124e-01 9.671484e-01 0.000000e+00
    outer loop
      vertex   -6.436755e+01 4.230333e+01 4.410114e+01
      vertex   -6.436755e+01 4.230333e+01 3.952860e+01
      vertex   -6.463029e+01 4.223427e+01 4.410114e+01
    endloop
  endfacet
  facet normal -2.542124e-01 9.671484e-01 0.000000e+00
    outer loop
      vertex   -6.463029e+01 4.223427e+01 4.410114e+01
      vertex   -6.436755e+01 4.230333e+01 3.952860e+01
      vertex   -6.463029e+01 4.223427e+01 3.952860e+01
    endloop
  endfacet
  facet normal -3.161197e-01 9.487193e-01 0.000000e+00
    outer loop
      vertex   -6.463029e+01 4.223427e+01 4.410114e+01
      vertex   -6.463029e+01 4.223427e+01 3.952860e+01
      vertex   -6.527819e+01 4.201839e+01 3.952860e+01
    endloop
  endfacet
  facet normal -3.683778e-01 9.296762e-01 0.000000e+00
    outer loop
      vertex   -6.540741e+01 4.196718e+01 3.952860e+01
      vertex   -6.540741e+01 4.196718e+01 4.410114e+01
      vertex   -6.527819e+01 4.201839e+01 3.952860e+01
    endloop
  endfacet
  facet normal -3.683778e-01 9.296762e-01 0.000000e+00
    outer loop
      vertex   -6.527819e+01 4.201839e+01 3.952860e+01
      vertex   -6.540741e+01 4.196718e+01 4.410114e+01
      vertex   -6.527819e+01 4.201839e+01 4.410114e+01
    endloop
  endfacet
  facet normal -3.161197e-01 9.487193e-01 0.000000e+00
    outer loop
      vertex   -6.527819e+01 4.201839e+01 3.952860e+01
      vertex   -6.527819e+01 4.201839e+01 4.410114e+01
      vertex   -6.463029e+01 4.223427e+01 4.410114e+01
    endloop
  endfacet
  facet normal -4.109551e-01 9.116556e-01 0.000000e+00
    outer loop
      vertex   -6.540741e+01 4.196718e+01 3.952860e+01
      vertex   -6.590360e+01 4.174351e+01 3.952860e+01
      vertex   -6.540741e+01 4.196718e+01 4.410114e+01
    endloop
  endfacet
  facet normal -4.109551e-01 9.116556e-01 0.000000e+00
    outer loop
      vertex   -6.540741e+01 4.196718e+01 4.410114e+01
      vertex   -6.590360e+01 4.174351e+01 3.952860e+01
      vertex   -6.590360e+01 4.174351e+01 4.410114e+01
    endloop
  endfacet
  facet normal -4.772385e-01 8.787738e-01 0.000000e+00
    outer loop
      vertex   -6.590360e+01 4.174351e+01 4.410114e+01
      vertex   -6.590360e+01 4.174351e+01 3.952860e+01
      vertex   -6.638632e+01 4.148136e+01 4.410114e+01
    endloop
  endfacet
  facet normal -4.772385e-01 8.787738e-01 0.000000e+00
    outer loop
      vertex   -6.638632e+01 4.148136e+01 4.410114e+01
      vertex   -6.590360e+01 4.174351e+01 3.952860e+01
      vertex   -6.638632e+01 4.148136e+01 3.952860e+01
    endloop
  endfacet
  facet normal -5.563813e-01 8.309271e-01 0.000000e+00
    outer loop
      vertex   -6.638632e+01 4.148136e+01 4.410114e+01
      vertex   -6.638632e+01 4.148136e+01 3.952860e+01
      vertex   -6.706562e+01 4.102651e+01 3.952860e+01
    endloop
  endfacet
  facet normal -6.162974e-01 7.875135e-01 0.000000e+00
    outer loop
      vertex   -6.728289e+01 4.085648e+01 3.952860e+01
      vertex   -6.728289e+01 4.085648e+01 4.410114e+01
      vertex   -6.706562e+01 4.102651e+01 3.952860e+01
    endloop
  endfacet
  facet normal -6.162974e-01 7.875135e-01 5.321173e-16
    outer loop
      vertex   -6.706562e+01 4.102651e+01 3.952860e+01
      vertex   -6.728289e+01 4.085648e+01 4.410114e+01
      vertex   -6.706562e+01 4.102651e+01 4.410114e+01
    endloop
  endfacet
  facet normal -5.563813e-01 8.309271e-01 8.532528e-16
    outer loop
      vertex   -6.706562e+01 4.102651e+01 3.952860e+01
      vertex   -6.706562e+01 4.102651e+01 4.410114e+01
      vertex   -6.638632e+01 4.148136e+01 4.410114e+01
    endloop
  endfacet
  facet normal -6.520647e-01 7.581633e-01 0.000000e+00
    outer loop
      vertex   -6.728289e+01 4.085648e+01 3.952860e+01
      vertex   -6.759217e+01 4.059047e+01 3.952860e+01
      vertex   -6.728289e+01 4.085648e+01 4.410114e+01
    endloop
  endfacet
  facet normal -6.520647e-01 7.581633e-01 8.481443e-16
    outer loop
      vertex   -6.728289e+01 4.085648e+01 4.410114e+01
      vertex   -6.759217e+01 4.059047e+01 3.952860e+01
      vertex   -6.759217e+01 4.059047e+01 4.410114e+01
    endloop
  endfacet
  facet normal -7.063388e-01 7.078740e-01 1.095219e-15
    outer loop
      vertex   -6.759217e+01 4.059047e+01 4.410114e+01
      vertex   -6.759217e+01 4.059047e+01 3.952860e+01
      vertex   -6.807749e+01 4.010621e+01 4.410114e+01
    endloop
  endfacet
  facet normal -7.063388e-01 7.078740e-01 0.000000e+00
    outer loop
      vertex   -6.807749e+01 4.010621e+01 4.410114e+01
      vertex   -6.759217e+01 4.059047e+01 3.952860e+01
      vertex   -6.807749e+01 4.010621e+01 3.952860e+01
    endloop
  endfacet
  facet normal -7.687436e-01 6.395570e-01 0.000000e+00
    outer loop
      vertex   -6.807749e+01 4.010621e+01 4.410114e+01
      vertex   -6.807749e+01 4.010621e+01 3.952860e+01
      vertex   -6.851365e+01 3.958194e+01 3.952860e+01
    endloop
  endfacet
  facet normal -8.139285e-01 5.809651e-01 0.000000e+00
    outer loop
      vertex   -6.875276e+01 3.924696e+01 3.952860e+01
      vertex   -6.875276e+01 3.924696e+01 4.410114e+01
      vertex   -6.851365e+01 3.958194e+01 3.952860e+01
    endloop
  endfacet
  facet normal -8.139285e-01 5.809651e-01 2.529584e-15
    outer loop
      vertex   -6.851365e+01 3.958194e+01 3.952860e+01
      vertex   -6.875276e+01 3.924696e+01 4.410114e+01
      vertex   -6.851365e+01 3.958194e+01 4.410114e+01
    endloop
  endfacet
  facet normal -7.687436e-01 6.395570e-01 2.389156e-15
    outer loop
      vertex   -6.851365e+01 3.958194e+01 3.952860e+01
      vertex   -6.851365e+01 3.958194e+01 4.410114e+01
      vertex   -6.807749e+01 4.010621e+01 4.410114e+01
    endloop
  endfacet
  facet normal -8.687834e-01 4.951922e-01 0.000000e+00
    outer loop
      vertex   -6.875276e+01 3.924696e+01 3.952860e+01
      vertex   -6.929392e+01 3.829752e+01 3.952860e+01
      vertex   -6.875276e+01 3.924696e+01 4.410114e+01
    endloop
  endfacet
  facet normal -8.687834e-01 4.951922e-01 0.000000e+00
    outer loop
      vertex   -6.875276e+01 3.924696e+01 4.410114e+01
      vertex   -6.929392e+01 3.829752e+01 3.952860e+01
      vertex   -6.929392e+01 3.829752e+01 4.410114e+01
    endloop
  endfacet
  facet normal -9.182897e-01 3.959091e-01 0.000000e+00
    outer loop
      vertex   -6.929392e+01 3.829752e+01 4.410114e+01
      vertex   -6.929392e+01 3.829752e+01 3.952860e+01
      vertex   -6.951033e+01 3.779558e+01 3.952860e+01
    endloop
  endfacet
  facet normal -9.182897e-01 3.959091e-01 0.000000e+00
    outer loop
      vertex   -6.929392e+01 3.829752e+01 4.410114e+01
      vertex   -6.951033e+01 3.779558e+01 3.952860e+01
      vertex   -6.951033e+01 3.779558e+01 4.410114e+01
    endloop
  endfacet
  facet normal -9.450497e-01 3.269266e-01 0.000000e+00
    outer loop
      vertex   -6.951033e+01 3.779558e+01 4.410114e+01
      vertex   -6.951033e+01 3.779558e+01 3.952860e+01
      vertex   -6.968915e+01 3.727865e+01 4.410114e+01
    endloop
  endfacet
  facet normal -9.450497e-01 3.269266e-01 0.000000e+00
    outer loop
      vertex   -6.968915e+01 3.727865e+01 4.410114e+01
      vertex   -6.951033e+01 3.779558e+01 3.952860e+01
      vertex   -6.968915e+01 3.727865e+01 3.952860e+01
    endloop
  endfacet
  facet normal -9.712166e-01 2.381980e-01 0.000000e+00
    outer loop
      vertex   -6.968915e+01 3.727865e+01 4.410114e+01
      vertex   -6.968915e+01 3.727865e+01 3.952860e+01
      vertex   -6.988452e+01 3.648206e+01 3.952860e+01
    endloop
  endfacet
  facet normal -9.861705e-01 1.657338e-01 0.000000e+00
    outer loop
      vertex   -6.992980e+01 3.621263e+01 3.952860e+01
      vertex   -6.992980e+01 3.621263e+01 4.410114e+01
      vertex   -6.988452e+01 3.648206e+01 3.952860e+01
    endloop
  endfacet
  facet normal -9.861705e-01 1.657338e-01 0.000000e+00
    outer loop
      vertex   -6.988452e+01 3.648206e+01 3.952860e+01
      vertex   -6.992980e+01 3.621263e+01 4.410114e+01
      vertex   -6.988452e+01 3.648206e+01 4.410114e+01
    endloop
  endfacet
  facet normal -9.712166e-01 2.381980e-01 0.000000e+00
    outer loop
      vertex   -6.988452e+01 3.648206e+01 3.952860e+01
      vertex   -6.988452e+01 3.648206e+01 4.410114e+01
      vertex   -6.968915e+01 3.727865e+01 4.410114e+01
    endloop
  endfacet
  facet normal -9.927790e-01 1.199577e-01 0.000000e+00
    outer loop
      vertex   -6.992980e+01 3.621263e+01 3.952860e+01
      vertex   -6.997903e+01 3.580523e+01 3.952860e+01
      vertex   -6.992980e+01 3.621263e+01 4.410114e+01
    endloop
  endfacet
  facet normal -9.927790e-01 1.199577e-01 -1.867453e-16
    outer loop
      vertex   -6.992980e+01 3.621263e+01 4.410114e+01
      vertex   -6.997903e+01 3.580523e+01 3.952860e+01
      vertex   -6.997903e+01 3.580523e+01 4.410114e+01
    endloop
  endfacet
  facet normal -9.989312e-01 4.622280e-02 -7.182724e-17
    outer loop
      vertex   -6.997903e+01 3.580523e+01 4.410114e+01
      vertex   -6.997903e+01 3.580523e+01 3.952860e+01
      vertex   -7.001061e+01 3.512278e+01 4.410114e+01
    endloop
  endfacet
  facet normal -9.989312e-01 4.622280e-02 3.104548e-15
    outer loop
      vertex   -7.001061e+01 3.512278e+01 4.410114e+01
      vertex   -6.997903e+01 3.580523e+01 3.952860e+01
      vertex   -7.001061e+01 3.512278e+01 3.952860e+01
    endloop
  endfacet
  facet normal -7.545827e-02 9.971490e-01 0.000000e+00
    outer loop
      vertex   -6.328949e+01 4.248245e+01 3.967737e+01
      vertex   -6.328949e+01 4.248245e+01 4.406860e+01
      vertex   -6.306687e+01 4.249930e+01 3.967737e+01
    endloop
  endfacet
  facet normal -4.529456e-02 9.989725e-01 1.536203e-03
    outer loop
      vertex   -6.306687e+01 4.249930e+01 3.967737e+01
      vertex   -6.328949e+01 4.248245e+01 4.406860e+01
      vertex   -6.262061e+01 4.251278e+01 4.406515e+01
    endloop
  endfacet
  facet normal -4.530247e-02 9.989721e-01 1.537008e-03
    outer loop
      vertex   -6.306687e+01 4.249930e+01 3.967737e+01
      vertex   -6.262061e+01 4.251278e+01 4.406515e+01
      vertex   -6.284384e+01 4.250941e+01 3.967737e+01
    endloop
  endfacet
  facet normal -1.510544e-02 9.998859e-01 0.000000e+00
    outer loop
      vertex   -6.284384e+01 4.250941e+01 3.967737e+01
      vertex   -6.262061e+01 4.251278e+01 4.406515e+01
      vertex   -6.262061e+01 4.251278e+01 3.967737e+01
    endloop
  endfacet
  facet normal -1.000000e+00 0.000000e+00 3.107870e-15
    outer loop
      vertex   -7.001061e+01 -2.510722e+01 4.410114e+01
      vertex   -7.001061e+01 -2.260722e+01 4.410114e+01
      vertex   -7.001061e+01 -2.510722e+01 3.952860e+01
    endloop
  endfacet
  facet normal -1.000000e+00 0.000000e+00 3.107870e-15
    outer loop
      vertex   -7.001061e+01 -2.510722e+01 3.952860e+01
      vertex   -7.001061e+01 -2.260722e+01 4.410114e+01
      vertex   -7.001061e+01 3.262278e+01 4.410114e+01
    endloop
  endfacet
  facet normal -1.000000e+00 0.000000e+00 3.107870e-15
    outer loop
      vertex   -7.001061e+01 -2.510722e+01 3.952860e+01
      vertex   -7.001061e+01 3.262278e+01 4.410114e+01
      vertex   -7.001061e+01 3.512278e+01 3.952860e+01
    endloop
  endfacet
  facet normal -1.000000e+00 0.000000e+00 3.107870e-15
    outer loop
      vertex   -7.001061e+01 3.512278e+01 3.952860e+01
      vertex   -7.001061e+01 3.262278e+01 4.410114e+01
      vertex   -7.001061e+01 3.512278e+01 4.410114e+01
    endloop
  endfacet
  facet normal -7.133918e-02 -9.974521e-01 1.108565e-16
    outer loop
      vertex   -6.262061e+01 -3.249722e+01 3.952860e+01
      vertex   -6.262061e+01 -3.249722e+01 4.410114e+01
      vertex   -6.367231e+01 -3.242200e+01 3.952860e+01
    endloop
  endfacet
  facet normal -7.133918e-02 -9.974521e-01 0.000000e+00
    outer loop
      vertex   -6.367231e+01 -3.242200e+01 3.952860e+01
      vertex   -6.262061e+01 -3.249722e+01 4.410114e+01
      vertex   -6.367231e+01 -3.242200e+01 4.410114e+01
    endloop
  endfacet
  facet normal -2.125653e-01 -9.771469e-01 0.000000e+00
    outer loop
      vertex   -6.367231e+01 -3.242200e+01 3.952860e+01
      vertex   -6.367231e+01 -3.242200e+01 4.410114e+01
      vertex   -6.470261e+01 -3.219787e+01 3.952860e+01
    endloop
  endfacet
  facet normal -2.125653e-01 -9.771469e-01 0.000000e+00
    outer loop
      vertex   -6.470261e+01 -3.219787e+01 3.952860e+01
      vertex   -6.367231e+01 -3.242200e+01 4.410114e+01
      vertex   -6.470261e+01 -3.219787e+01 4.410114e+01
    endloop
  endfacet
  facet normal -3.494642e-01 -9.369497e-01 0.000000e+00
    outer loop
      vertex   -6.470261e+01 -3.219787e+01 3.952860e+01
      vertex   -6.470261e+01 -3.219787e+01 4.410114e+01
      vertex   -6.569052e+01 -3.182940e+01 3.952860e+01
    endloop
  endfacet
  facet normal -3.494642e-01 -9.369497e-01 0.000000e+00
    outer loop
      vertex   -6.569052e+01 -3.182940e+01 3.952860e+01
      vertex   -6.470261e+01 -3.219787e+01 4.410114e+01
      vertex   -6.569052e+01 -3.182940e+01 4.410114e+01
    endloop
  endfacet
  facet normal -4.792490e-01 -8.776790e-01 0.000000e+00
    outer loop
      vertex   -6.569052e+01 -3.182940e+01 3.952860e+01
      vertex   -6.569052e+01 -3.182940e+01 4.410114e+01
      vertex   -6.661594e+01 -3.132408e+01 3.952860e+01
    endloop
  endfacet
  facet normal -4.792490e-01 -8.776790e-01 0.000000e+00
    outer loop
      vertex   -6.661594e+01 -3.132408e+01 3.952860e+01
      vertex   -6.569052e+01 -3.182940e+01 4.410114e+01
      vertex   -6.661594e+01 -3.132408e+01 4.410114e+01
    endloop
  endfacet
  facet normal -5.992777e-01 -8.005412e-01 0.000000e+00
    outer loop
      vertex   -6.661594e+01 -3.132408e+01 3.952860e+01
      vertex   -6.661594e+01 -3.132408e+01 4.410114e+01
      vertex   -6.746003e+01 -3.069221e+01 3.952860e+01
    endloop
  endfacet
  facet normal -5.992777e-01 -8.005412e-01 0.000000e+00
    outer loop
      vertex   -6.746003e+01 -3.069221e+01 3.952860e+01
      vertex   -6.661594e+01 -3.132408e+01 4.410114e+01
      vertex   -6.746003e+01 -3.069221e+01 4.410114e+01
    endloop
  endfacet
  facet normal -7.071068e-01 -7.071068e-01 0.000000e+00
    outer loop
      vertex   -6.746003e+01 -3.069221e+01 3.952860e+01
      vertex   -6.746003e+01 -3.069221e+01 4.410114e+01
      vertex   -6.820560e+01 -2.994664e+01 3.952860e+01
    endloop
  endfacet
  facet normal -7.071068e-01 -7.071068e-01 1.098798e-15
    outer loop
      vertex   -6.820560e+01 -2.994664e+01 3.952860e+01
      vertex   -6.746003e+01 -3.069221e+01 4.410114e+01
      vertex   -6.820560e+01 -2.994664e+01 4.410114e+01
    endloop
  endfacet
  facet normal -8.005412e-01 -5.992777e-01 9.312386e-16
    outer loop
      vertex   -6.820560e+01 -2.994664e+01 3.952860e+01
      vertex   -6.820560e+01 -2.994664e+01 4.410114e+01
      vertex   -6.883747e+01 -2.910255e+01 3.952860e+01
    endloop
  endfacet
  facet normal -8.005412e-01 -5.992777e-01 0.000000e+00
    outer loop
      vertex   -6.883747e+01 -2.910255e+01 3.952860e+01
      vertex   -6.820560e+01 -2.994664e+01 4.410114e+01
      vertex   -6.883747e+01 -2.910255e+01 4.410114e+01
    endloop
  endfacet
  facet normal -8.776790e-01 -4.792490e-01 0.000000e+00
    outer loop
      vertex   -6.883747e+01 -2.910255e+01 3.952860e+01
      vertex   -6.883747e+01 -2.910255e+01 4.410114e+01
      vertex   -6.934279e+01 -2.817713e+01 3.952860e+01
    endloop
  endfacet
  facet normal -8.776790e-01 -4.792490e-01 -1.610630e-15
    outer loop
      vertex   -6.934279e+01 -2.817713e+01 3.952860e+01
      vertex   -6.883747e+01 -2.910255e+01 4.410114e+01
      vertex   -6.934279e+01 -2.817713e+01 4.410114e+01
    endloop
  endfacet
  facet normal -9.369497e-01 -3.494642e-01 -2.097351e-15
    outer loop
      vertex   -6.934279e+01 -2.817713e+01 3.952860e+01
      vertex   -6.934279e+01 -2.817713e+01 4.410114e+01
      vertex   -6.971126e+01 -2.718922e+01 3.952860e+01
    endloop
  endfacet
  facet normal -9.369497e-01 -3.494642e-01 8.145670e-16
    outer loop
      vertex   -6.971126e+01 -2.718922e+01 3.952860e+01
      vertex   -6.934279e+01 -2.817713e+01 4.410114e+01
      vertex   -6.971126e+01 -2.718922e+01 4.410114e+01
    endloop
  endfacet
  facet normal -9.711363e-01 -2.385252e-01 5.559790e-16
    outer loop
      vertex   -6.971126e+01 -2.718922e+01 3.952860e+01
      vertex   -6.971126e+01 -2.718922e+01 4.410114e+01
      vertex   -6.986898e+01 -2.654709e+01 3.952860e+01
    endloop
  endfacet
  facet normal -9.711363e-01 -2.385252e-01 1.853263e-16
    outer loop
      vertex   -6.986898e+01 -2.654709e+01 3.952860e+01
      vertex   -6.971126e+01 -2.718922e+01 4.410114e+01
      vertex   -6.986898e+01 -2.654709e+01 4.410114e+01
    endloop
  endfacet
  facet normal -9.856782e-01 -1.686374e-01 1.310258e-16
    outer loop
      vertex   -6.986898e+01 -2.654709e+01 3.952860e+01
      vertex   -6.986898e+01 -2.654709e+01 4.410114e+01
      vertex   -6.993539e+01 -2.615892e+01 3.952860e+01
    endloop
  endfacet
  facet normal -9.856782e-01 -1.686374e-01 2.620515e-16
    outer loop
      vertex   -6.993539e+01 -2.615892e+01 3.952860e+01
      vertex   -6.986898e+01 -2.654709e+01 4.410114e+01
      vertex   -6.993539e+01 -2.615892e+01 4.410114e+01
    endloop
  endfacet
  facet normal -9.927596e-01 -1.201179e-01 1.866555e-16
    outer loop
      vertex   -6.993539e+01 -2.615892e+01 3.952860e+01
      vertex   -6.993539e+01 -2.615892e+01 4.410114e+01
      vertex   -6.997514e+01 -2.583041e+01 3.952860e+01
    endloop
  endfacet
  facet normal -9.927596e-01 -1.201179e-01 2.799832e-16
    outer loop
      vertex   -6.997514e+01 -2.583041e+01 3.952860e+01
      vertex   -6.993539e+01 -2.615892e+01 4.410114e+01
      vertex   -6.997514e+01 -2.583041e+01 4.410114e+01
    endloop
  endfacet
  facet normal -9.987993e-01 -4.898924e-02 1.141891e-16
    outer loop
      vertex   -6.997514e+01 -2.583041e+01 3.952860e+01
      vertex   -6.997514e+01 -2.583041e+01 4.410114e+01
      vertex   -7.001061e+01 -2.510722e+01 3.952860e+01
    endloop
  endfacet
  facet normal -9.987993e-01 -4.898924e-02 3.142202e-15
    outer loop
      vertex   -7.001061e+01 -2.510722e+01 3.952860e+01
      vertex   -6.997514e+01 -2.583041e+01 4.410114e+01
      vertex   -7.001061e+01 -2.510722e+01 4.410114e+01
    endloop
  endfacet
  facet normal 9.991091e-01 4.220244e-02 -0.000000e+00
    outer loop
      vertex   -6.750113e+01 -2.298142e+01 3.967737e+01
      vertex   -6.750639e+01 -2.285674e+01 3.967737e+01
      vertex   -6.750113e+01 -2.298142e+01 4.156860e+01
    endloop
  endfacet
  facet normal 9.996786e-01 2.532626e-02 -1.114107e-03
    outer loop
      vertex   -6.750113e+01 -2.298142e+01 4.156860e+01
      vertex   -6.750639e+01 -2.285674e+01 3.967737e+01
      vertex   -6.750955e+01 -2.273200e+01 3.967737e+01
    endloop
  endfacet
  facet normal 9.996779e-01 2.535437e-02 -1.110396e-03
    outer loop
      vertex   -6.750113e+01 -2.298142e+01 4.156860e+01
      vertex   -6.750955e+01 -2.273200e+01 3.967737e+01
      vertex   -6.751061e+01 -2.260722e+01 4.157808e+01
    endloop
  endfacet
  facet normal 9.999644e-01 8.442895e-03 0.000000e+00
    outer loop
      vertex   -6.751061e+01 -2.260722e+01 4.157808e+01
      vertex   -6.750955e+01 -2.273200e+01 3.967737e+01
      vertex   -6.751061e+01 -2.260722e+01 3.967737e+01
    endloop
  endfacet
  facet normal 1.000000e+00 0.000000e+00 -0.000000e+00
    outer loop
      vertex   -6.751061e+01 3.262278e+01 3.967737e+01
      vertex   -6.751061e+01 3.262278e+01 4.157808e+01
      vertex   -6.751061e+01 -2.260722e+01 3.967737e+01
    endloop
  endfacet
  facet normal 1.000000e+00 0.000000e+00 0.000000e+00
    outer loop
      vertex   -6.751061e+01 -2.260722e+01 3.967737e+01
      vertex   -6.751061e+01 3.262278e+01 4.157808e+01
      vertex   -6.751061e+01 -2.260722e+01 4.157808e+01
    endloop
  endfacet
  facet normal 9.999644e-01 -8.442895e-03 0.000000e+00
    outer loop
      vertex   -6.751061e+01 3.262278e+01 3.967737e+01
      vertex   -6.750955e+01 3.274756e+01 3.967737e+01
      vertex   -6.751061e+01 3.262278e+01 4.157808e+01
    endloop
  endfacet
  facet normal 9.996779e-01 -2.535437e-02 -1.110396e-03
    outer loop
      vertex   -6.751061e+01 3.262278e+01 4.157808e+01
      vertex   -6.750955e+01 3.274756e+01 3.967737e+01
      vertex   -6.750113e+01 3.299699e+01 4.156860e+01
    endloop
  endfacet
  facet normal 9.996786e-01 -2.532626e-02 -1.114107e-03
    outer loop
      vertex   -6.750113e+01 3.299699e+01 4.156860e+01
      vertex   -6.750955e+01 3.274756e+01 3.967737e+01
      vertex   -6.750639e+01 3.287231e+01 3.967737e+01
    endloop
  endfacet
  facet normal 9.991091e-01 -4.220244e-02 0.000000e+00
    outer loop
      vertex   -6.750113e+01 3.299699e+01 4.156860e+01
      vertex   -6.750639e+01 3.287231e+01 3.967737e+01
      vertex   -6.750113e+01 3.299699e+01 3.967737e+01
    endloop
  endfacet
  facet normal -2.842171e-15 -1.000000e+00 4.416549e-30
    outer loop
      vertex   3.961594e+01 -3.249722e+01 4.410114e+01
      vertex   3.711594e+01 -3.249722e+01 4.410114e+01
      vertex   3.961594e+01 -3.249722e+01 3.952860e+01
    endloop
  endfacet
  facet normal 1.461473e-16 -1.000000e+00 1.633840e-15
    outer loop
      vertex   3.961594e+01 -3.249722e+01 3.952860e+01
      vertex   3.711594e+01 -3.249722e+01 4.410114e+01
      vertex   -6.012061e+01 -3.249722e+01 4.410114e+01
    endloop
  endfacet
  facet normal 6.949988e-17 -1.000000e+00 -3.799853e-17
    outer loop
      vertex   3.961594e+01 -3.249722e+01 3.952860e+01
      vertex   -6.012061e+01 -3.249722e+01 4.410114e+01
      vertex   -6.262061e+01 -3.249722e+01 3.952860e+01
    endloop
  endfacet
  facet normal 0.000000e+00 -1.000000e+00 0.000000e+00
    outer loop
      vertex   -6.262061e+01 -3.249722e+01 3.952860e+01
      vertex   -6.012061e+01 -3.249722e+01 4.410114e+01
      vertex   -6.262061e+01 -3.249722e+01 4.410114e+01
    endloop
  endfacet
  facet normal 3.033041e-02 9.995388e-01 -1.470581e-03
    outer loop
      vertex   -6.012061e+01 -2.999722e+01 4.158216e+01
      vertex   -6.026983e+01 -2.999571e+01 3.952860e+01
      vertex   -6.056803e+01 -2.998366e+01 4.156860e+01
    endloop
  endfacet
  facet normal 3.028589e-02 9.995402e-01 -1.477097e-03
    outer loop
      vertex   -6.056803e+01 -2.998366e+01 4.156860e+01
      vertex   -6.026983e+01 -2.999571e+01 3.952860e+01
      vertex   -6.041899e+01 -2.999119e+01 3.952860e+01
    endloop
  endfacet
  facet normal 5.046282e-02 9.987259e-01 0.000000e+00
    outer loop
      vertex   -6.056803e+01 -2.998366e+01 4.156860e+01
      vertex   -6.041899e+01 -2.999119e+01 3.952860e+01
      vertex   -6.056803e+01 -2.998366e+01 3.952860e+01
    endloop
  endfacet
  facet normal 1.009668e-02 9.999490e-01 -3.493511e-17
    outer loop
      vertex   -6.012061e+01 -2.999722e+01 4.158216e+01
      vertex   -6.012061e+01 -2.999722e+01 3.952860e+01
      vertex   -6.026983e+01 -2.999571e+01 3.952860e+01
    endloop
  endfacet
  facet normal 7.071068e-01 -0.000000e+00 7.071068e-01
    outer loop
      vertex   -6.750113e+01 3.299699e+01 4.156860e+01
      vertex   -6.750113e+01 3.509634e+01 4.156860e+01
      vertex   -6.751061e+01 3.262278e+01 4.157808e+01
    endloop
  endfacet
  facet normal 7.071068e-01 2.031203e-15 7.071068e-01
    outer loop
      vertex   -6.751061e+01 3.262278e+01 4.157808e+01
      vertex   -6.750113e+01 3.509634e+01 4.156860e+01
      vertex   -7.000113e+01 3.509634e+01 4.406860e+01
    endloop
  endfacet
  facet normal 7.071068e-01 0.000000e+00 7.071068e-01
    outer loop
      vertex   -6.751061e+01 3.262278e+01 4.157808e+01
      vertex   -7.000113e+01 3.509634e+01 4.406860e+01
      vertex   -7.000113e+01 -2.506366e+01 4.406860e+01
    endloop
  endfacet
  facet normal 7.071068e-01 0.000000e+00 7.071068e-01
    outer loop
      vertex   -6.751061e+01 3.262278e+01 4.157808e+01
      vertex   -7.000113e+01 -2.506366e+01 4.406860e+01
      vertex   -6.751061e+01 -2.260722e+01 4.157808e+01
    endloop
  endfacet
  facet normal 7.071068e-01 -2.045354e-15 7.071068e-01
    outer loop
      vertex   -6.751061e+01 -2.260722e+01 4.157808e+01
      vertex   -7.000113e+01 -2.506366e+01 4.406860e+01
      vertex   -6.750113e+01 -2.506366e+01 4.156860e+01
    endloop
  endfacet
  facet normal 7.071068e-01 0.000000e+00 7.071068e-01
    outer loop
      vertex   -6.751061e+01 -2.260722e+01 4.157808e+01
      vertex   -6.750113e+01 -2.506366e+01 4.156860e+01
      vertex   -6.750113e+01 -2.298142e+01 4.156860e+01
    endloop
  endfacet
  facet normal 9.834206e-17 -7.071068e-01 7.071068e-01
    outer loop
      vertex   3.959887e+01 4.251278e+01 4.406504e+01
      vertex   -6.258113e+01 4.251278e+01 4.406504e+01
      vertex   3.959887e+01 4.001634e+01 4.156860e+01
    endloop
  endfacet
  facet normal 0.000000e+00 -7.071068e-01 7.071068e-01
    outer loop
      vertex   3.959887e+01 4.001634e+01 4.156860e+01
      vertex   -6.258113e+01 4.251278e+01 4.406504e+01
      vertex   -6.258113e+01 4.001634e+01 4.156860e+01
    endloop
  endfacet
  facet normal -3.366407e-01 -9.416332e-01 0.000000e+00
    outer loop
      vertex   4.155499e+01 4.225385e+01 4.406860e+01
      vertex   4.262387e+01 4.187172e+01 4.406860e+01
      vertex   4.155499e+01 4.225385e+01 4.410114e+01
    endloop
  endfacet
  facet normal -3.366407e-01 -9.416332e-01 0.000000e+00
    outer loop
      vertex   4.155499e+01 4.225385e+01 4.410114e+01
      vertex   4.262387e+01 4.187172e+01 4.406860e+01
      vertex   4.262387e+01 4.187172e+01 4.410114e+01
    endloop
  endfacet
  facet normal -4.763321e-01 -8.792654e-01 -0.000000e+00
    outer loop
      vertex   4.262387e+01 4.187172e+01 4.410114e+01
      vertex   4.262387e+01 4.187172e+01 4.406860e+01
      vertex   4.362194e+01 4.133103e+01 4.406860e+01
    endloop
  endfacet
  facet normal -4.763321e-01 -8.792654e-01 0.000000e+00
    outer loop
      vertex   4.262387e+01 4.187172e+01 4.410114e+01
      vertex   4.362194e+01 4.133103e+01 4.406860e+01
      vertex   4.362194e+01 4.133103e+01 4.410114e+01
    endloop
  endfacet
  facet normal -6.048758e-01 -7.963199e-01 -0.000000e+00
    outer loop
      vertex   4.362194e+01 4.133103e+01 4.410114e+01
      vertex   4.362194e+01 4.133103e+01 4.406860e+01
      vertex   4.452586e+01 4.064442e+01 4.406860e+01
    endloop
  endfacet
  facet normal -6.048758e-01 -7.963199e-01 0.000000e+00
    outer loop
      vertex   4.362194e+01 4.133103e+01 4.410114e+01
      vertex   4.452586e+01 4.064442e+01 4.406860e+01
      vertex   4.452586e+01 4.064442e+01 4.410114e+01
    endloop
  endfacet
  facet normal -7.192632e-01 -6.947377e-01 -0.000000e+00
    outer loop
      vertex   4.452586e+01 4.064442e+01 4.410114e+01
      vertex   4.452586e+01 4.064442e+01 4.406860e+01
      vertex   4.531448e+01 3.982796e+01 4.406860e+01
    endloop
  endfacet
  facet normal -7.192632e-01 -6.947377e-01 0.000000e+00
    outer loop
      vertex   4.452586e+01 4.064442e+01 4.410114e+01
      vertex   4.531448e+01 3.982796e+01 4.406860e+01
      vertex   4.531448e+01 3.982796e+01 4.410114e+01
    endloop
  endfacet
  facet normal -8.134218e-04 -7.071065e-01 7.071065e-01
    outer loop
      vertex   3.959887e+01 4.251278e+01 4.406504e+01
      vertex   3.959887e+01 4.001634e+01 4.156860e+01
      vertex   3.961594e+01 4.251278e+01 4.406506e+01
    endloop
  endfacet
  facet normal -4.809304e-02 -7.061270e-01 7.064501e-01
    outer loop
      vertex   3.961594e+01 4.251278e+01 4.406506e+01
      vertex   3.959887e+01 4.001634e+01 4.156860e+01
      vertex   4.058102e+01 4.244905e+01 4.406706e+01
    endloop
  endfacet
  facet normal -6.149790e-02 -7.029242e-01 7.086011e-01
    outer loop
      vertex   4.058102e+01 4.244905e+01 4.406706e+01
      vertex   3.959887e+01 4.001634e+01 4.156860e+01
      vertex   4.045322e+01 3.994159e+01 4.156860e+01
    endloop
  endfacet
  facet normal -1.404504e-01 -6.952370e-01 7.049249e-01
    outer loop
      vertex   4.058102e+01 4.244905e+01 4.406706e+01
      vertex   4.045322e+01 3.994159e+01 4.156860e+01
      vertex   4.155499e+01 4.225385e+01 4.406860e+01
    endloop
  endfacet
  facet normal -1.823321e-01 -6.804726e-01 7.097268e-01
    outer loop
      vertex   4.155499e+01 4.225385e+01 4.406860e+01
      vertex   4.045322e+01 3.994159e+01 4.156860e+01
      vertex   4.128161e+01 3.971963e+01 4.156860e+01
    endloop
  endfacet
  facet normal -2.390743e-01 -6.687256e-01 7.040239e-01
    outer loop
      vertex   4.155499e+01 4.225385e+01 4.406860e+01
      vertex   4.128161e+01 3.971963e+01 4.156860e+01
      vertex   4.262387e+01 4.187172e+01 4.406860e+01
    endloop
  endfacet
  facet normal -2.977789e-01 -6.385890e-01 7.095998e-01
    outer loop
      vertex   4.262387e+01 4.187172e+01 4.406860e+01
      vertex   4.128161e+01 3.971963e+01 4.156860e+01
      vertex   4.205887e+01 3.935718e+01 4.156860e+01
    endloop
  endfacet
  facet normal -3.381629e-01 -6.242176e-01 7.042714e-01
    outer loop
      vertex   4.262387e+01 4.187172e+01 4.406860e+01
      vertex   4.205887e+01 3.935718e+01 4.156860e+01
      vertex   4.362194e+01 4.133103e+01 4.406860e+01
    endloop
  endfacet
  facet normal -4.044930e-01 -5.776759e-01 7.089964e-01
    outer loop
      vertex   4.362194e+01 4.133103e+01 4.406860e+01
      vertex   4.205887e+01 3.935718e+01 4.156860e+01
      vertex   4.276139e+01 3.886528e+01 4.156860e+01
    endloop
  endfacet
  facet normal -4.290781e-01 -5.648820e-01 7.048406e-01
    outer loop
      vertex   4.362194e+01 4.133103e+01 4.406860e+01
      vertex   4.276139e+01 3.886528e+01 4.156860e+01
      vertex   4.452586e+01 4.064442e+01 4.406860e+01
    endloop
  endfacet
  facet normal -4.994290e-01 -4.994290e-01 7.079134e-01
    outer loop
      vertex   4.452586e+01 4.064442e+01 4.406860e+01
      vertex   4.276139e+01 3.886528e+01 4.156860e+01
      vertex   4.336781e+01 3.825885e+01 4.156860e+01
    endloop
  endfacet
  facet normal -5.095851e-01 -4.922092e-01 7.057287e-01
    outer loop
      vertex   4.452586e+01 4.064442e+01 4.406860e+01
      vertex   4.336781e+01 3.825885e+01 4.156860e+01
      vertex   4.531448e+01 3.982796e+01 4.406860e+01
    endloop
  endfacet
  facet normal -5.637796e-01 -4.269853e-01 7.069908e-01
    outer loop
      vertex   4.531448e+01 3.982796e+01 4.406860e+01
      vertex   4.336781e+01 3.825885e+01 4.156860e+01
      vertex   4.569529e+01 3.932362e+01 4.406768e+01
    endloop
  endfacet
  facet normal -5.771219e-01 -4.041051e-01 7.096685e-01
    outer loop
      vertex   4.569529e+01 3.932362e+01 4.406768e+01
      vertex   4.336781e+01 3.825885e+01 4.156860e+01
      vertex   4.385972e+01 3.755634e+01 4.156860e+01
    endloop
  endfacet
  facet normal -5.984788e-01 -3.775667e-01 7.065879e-01
    outer loop
      vertex   4.569529e+01 3.932362e+01 4.406768e+01
      vertex   4.385972e+01 3.755634e+01 4.156860e+01
      vertex   4.603615e+01 3.878117e+01 4.406653e+01
    endloop
  endfacet
  facet normal -6.284024e-01 -3.248507e-01 7.068114e-01
    outer loop
      vertex   4.603615e+01 3.878117e+01 4.406653e+01
      vertex   4.385972e+01 3.755634e+01 4.156860e+01
      vertex   4.633131e+01 3.820723e+01 4.406516e+01
    endloop
  endfacet
  facet normal -6.384810e-01 -2.977286e-01 7.097180e-01
    outer loop
      vertex   4.633131e+01 3.820723e+01 4.406516e+01
      vertex   4.385972e+01 3.755634e+01 4.156860e+01
      vertex   4.422216e+01 3.677908e+01 4.156860e+01
    endloop
  endfacet
  facet normal -6.547385e-01 -2.683174e-01 7.066281e-01
    outer loop
      vertex   4.633131e+01 3.820723e+01 4.406516e+01
      vertex   4.422216e+01 3.677908e+01 4.156860e+01
      vertex   4.657504e+01 3.760836e+01 4.406359e+01
    endloop
  endfacet
  facet normal -6.757581e-01 -2.092210e-01 7.068081e-01
    outer loop
      vertex   4.657504e+01 3.760836e+01 4.406359e+01
      vertex   4.422216e+01 3.677908e+01 4.156860e+01
      vertex   4.676411e+01 3.699171e+01 4.406182e+01
    endloop
  endfacet
  facet normal -6.806683e-01 -1.823845e-01 7.095256e-01
    outer loop
      vertex   4.676411e+01 3.699171e+01 4.406182e+01
      vertex   4.422216e+01 3.677908e+01 4.156860e+01
      vertex   4.444413e+01 3.595069e+01 4.156860e+01
    endloop
  endfacet
  facet normal -6.914850e-01 -1.509153e-01 7.064510e-01
    outer loop
      vertex   4.676411e+01 3.699171e+01 4.406182e+01
      vertex   4.444413e+01 3.595069e+01 4.156860e+01
      vertex   4.689871e+01 3.636601e+01 4.405990e+01
    endloop
  endfacet
  facet normal -7.015279e-01 -9.251936e-02 7.066108e-01
    outer loop
      vertex   4.689871e+01 3.636601e+01 4.405990e+01
      vertex   4.444413e+01 3.595069e+01 4.156860e+01
      vertex   4.697919e+01 3.574009e+01 4.405785e+01
    endloop
  endfacet
  facet normal -7.019008e-01 -6.140836e-02 7.096227e-01
    outer loop
      vertex   4.697919e+01 3.574009e+01 4.405785e+01
      vertex   4.444413e+01 3.595069e+01 4.156860e+01
      vertex   4.451887e+01 3.509634e+01 4.156860e+01
    endloop
  endfacet
  facet normal -7.065510e-01 -3.306565e-02 7.068892e-01
    outer loop
      vertex   4.697919e+01 3.574009e+01 4.405785e+01
      vertex   4.451887e+01 3.509634e+01 4.156860e+01
      vertex   4.700594e+01 3.512278e+01 4.405571e+01
    endloop
  endfacet
  facet normal -7.071062e-01 -1.262181e-03 7.071062e-01
    outer loop
      vertex   4.700594e+01 3.512278e+01 4.405571e+01
      vertex   4.451887e+01 3.509634e+01 4.156860e+01
      vertex   4.700594e+01 3.509634e+01 4.405566e+01
    endloop
  endfacet
  facet normal -7.071068e-01 0.000000e+00 7.071068e-01
    outer loop
      vertex   4.700594e+01 3.509634e+01 4.405566e+01
      vertex   4.451887e+01 3.509634e+01 4.156860e+01
      vertex   4.700594e+01 -2.506366e+01 4.405566e+01
    endloop
  endfacet
  facet normal -7.071068e-01 0.000000e+00 7.071068e-01
    outer loop
      vertex   4.700594e+01 -2.506366e+01 4.405566e+01
      vertex   4.451887e+01 3.509634e+01 4.156860e+01
      vertex   4.451887e+01 -2.506366e+01 4.156860e+01
    endloop
  endfacet
  facet normal -7.071053e-01 2.079026e-03 7.071053e-01
    outer loop
      vertex   4.700594e+01 -2.506366e+01 4.405566e+01
      vertex   4.451887e+01 -2.506366e+01 4.156860e+01
      vertex   4.700594e+01 -2.510722e+01 4.405579e+01
    endloop
  endfacet
  facet normal -7.064713e-01 3.235835e-02 7.070016e-01
    outer loop
      vertex   4.700594e+01 -2.510722e+01 4.405579e+01
      vertex   4.451887e+01 -2.506366e+01 4.156860e+01
      vertex   4.698284e+01 -2.568448e+01 4.405913e+01
    endloop
  endfacet
  facet normal -7.018517e-01 6.140407e-02 7.096716e-01
    outer loop
      vertex   4.698284e+01 -2.568448e+01 4.405913e+01
      vertex   4.451887e+01 -2.506366e+01 4.156860e+01
      vertex   4.444413e+01 -2.591801e+01 4.156860e+01
    endloop
  endfacet
  facet normal -7.017017e-01 8.769139e-02 7.070537e-01
    outer loop
      vertex   4.698284e+01 -2.568448e+01 4.405913e+01
      vertex   4.444413e+01 -2.591801e+01 4.156860e+01
      vertex   4.691300e+01 -2.626973e+01 4.406241e+01
    endloop
  endfacet
  facet normal -6.932366e-01 1.427289e-01 7.064357e-01
    outer loop
      vertex   4.691300e+01 -2.626973e+01 4.406241e+01
      vertex   4.444413e+01 -2.591801e+01 4.156860e+01
      vertex   4.679561e+01 -2.685560e+01 4.406558e+01
    endloop
  endfacet
  facet normal -6.806855e-01 1.823891e-01 7.095079e-01
    outer loop
      vertex   4.679561e+01 -2.685560e+01 4.406558e+01
      vertex   4.444413e+01 -2.591801e+01 4.156860e+01
      vertex   4.422216e+01 -2.674640e+01 4.156860e+01
    endloop
  endfacet
  facet normal -6.782623e-01 1.978398e-01 7.076862e-01
    outer loop
      vertex   4.679561e+01 -2.685560e+01 4.406558e+01
      vertex   4.422216e+01 -2.674640e+01 4.156860e+01
      vertex   4.662985e+01 -2.743468e+01 4.406860e+01
    endloop
  endfacet
  facet normal -6.544669e-01 2.724297e-01 7.053050e-01
    outer loop
      vertex   4.662985e+01 -2.743468e+01 4.406860e+01
      vertex   4.422216e+01 -2.674640e+01 4.156860e+01
      vertex   4.623554e+01 -2.838196e+01 4.406860e+01
    endloop
  endfacet
  facet normal -6.388147e-01 2.978842e-01 7.093524e-01
    outer loop
      vertex   4.623554e+01 -2.838196e+01 4.406860e+01
      vertex   4.422216e+01 -2.674640e+01 4.156860e+01
      vertex   4.385972e+01 -2.752366e+01 4.156860e+01
    endloop
  endfacet
  facet normal -6.112202e-01 3.604603e-01 7.046121e-01
    outer loop
      vertex   4.623554e+01 -2.838196e+01 4.406860e+01
      vertex   4.385972e+01 -2.752366e+01 4.156860e+01
      vertex   4.571431e+01 -2.926578e+01 4.406860e+01
    endloop
  endfacet
  facet normal -5.770965e-01 4.040873e-01 7.096992e-01
    outer loop
      vertex   4.571431e+01 -2.926578e+01 4.406860e+01
      vertex   4.385972e+01 -2.752366e+01 4.156860e+01
      vertex   4.336781e+01 -2.822618e+01 4.156860e+01
    endloop
  endfacet
  facet normal -5.554753e-01 4.411949e-01 7.048363e-01
    outer loop
      vertex   4.571431e+01 -2.926578e+01 4.406860e+01
      vertex   4.336781e+01 -2.822618e+01 4.156860e+01
      vertex   4.507615e+01 -3.006924e+01 4.406860e+01
    endloop
  endfacet
  facet normal -4.988791e-01 4.988791e-01 7.086884e-01
    outer loop
      vertex   4.507615e+01 -3.006924e+01 4.406860e+01
      vertex   4.336781e+01 -2.822618e+01 4.156860e+01
      vertex   4.276139e+01 -2.883260e+01 4.156860e+01
    endloop
  endfacet
  facet normal -4.885188e-01 5.127856e-01 7.059747e-01
    outer loop
      vertex   4.507615e+01 -3.006924e+01 4.406860e+01
      vertex   4.276139e+01 -2.883260e+01 4.156860e+01
      vertex   4.433325e+01 -3.077699e+01 4.406860e+01
    endloop
  endfacet
  facet normal -4.127616e-01 5.747932e-01 7.065696e-01
    outer loop
      vertex   4.433325e+01 -3.077699e+01 4.406860e+01
      vertex   4.276139e+01 -2.883260e+01 4.156860e+01
      vertex   4.349981e+01 -3.137548e+01 4.406860e+01
    endloop
  endfacet
  facet normal -4.050489e-01 5.784698e-01 7.080312e-01
    outer loop
      vertex   4.349981e+01 -3.137548e+01 4.406860e+01
      vertex   4.276139e+01 -2.883260e+01 4.156860e+01
      vertex   4.205887e+01 -2.932451e+01 4.156860e+01
    endloop
  endfacet
  facet normal -3.301924e-01 6.275154e-01 7.051223e-01
    outer loop
      vertex   4.349981e+01 -3.137548e+01 4.406860e+01
      vertex   4.205887e+01 -2.932451e+01 4.156860e+01
      vertex   4.259178e+01 -3.185328e+01 4.406860e+01
    endloop
  endfacet
  facet normal -2.978182e-01 6.386732e-01 7.095075e-01
    outer loop
      vertex   4.259178e+01 -3.185328e+01 4.406860e+01
      vertex   4.205887e+01 -2.932451e+01 4.156860e+01
      vertex   4.128161e+01 -2.968695e+01 4.156860e+01
    endloop
  endfacet
  facet normal -2.406487e-01 6.675684e-01 7.045854e-01
    outer loop
      vertex   4.259178e+01 -3.185328e+01 4.406860e+01
      vertex   4.128161e+01 -2.968695e+01 4.156860e+01
      vertex   4.162652e+01 -3.220124e+01 4.406860e+01
    endloop
  endfacet
  facet normal -1.823591e-01 6.805735e-01 7.096231e-01
    outer loop
      vertex   4.162652e+01 -3.220124e+01 4.406860e+01
      vertex   4.128161e+01 -2.968695e+01 4.156860e+01
      vertex   4.045322e+01 -2.990891e+01 4.156860e+01
    endloop
  endfacet
  facet normal -1.461770e-01 6.940138e-01 7.049660e-01
    outer loop
      vertex   4.162652e+01 -3.220124e+01 4.406860e+01
      vertex   4.045322e+01 -2.990891e+01 4.156860e+01
      vertex   4.062248e+01 -3.241272e+01 4.406860e+01
    endloop
  endfacet
  facet normal -6.151726e-02 7.031455e-01 7.083798e-01
    outer loop
      vertex   4.062248e+01 -3.241272e+01 4.406860e+01
      vertex   4.045322e+01 -2.990891e+01 4.156860e+01
      vertex   3.959887e+01 -2.998366e+01 4.156860e+01
    endloop
  endfacet
  facet normal -4.894921e-02 7.062592e-01 7.062592e-01
    outer loop
      vertex   4.062248e+01 -3.241272e+01 4.406860e+01
      vertex   3.959887e+01 -2.998366e+01 4.156860e+01
      vertex   3.959887e+01 -3.248366e+01 4.406860e+01
    endloop
  endfacet
  facet normal -9.232095e-01 3.842970e-01 2.016049e-13
    outer loop
      vertex   4.662985e+01 -2.743468e+01 4.406860e+01
      vertex   4.623554e+01 -2.838196e+01 4.406860e+01
      vertex   4.662985e+01 -2.743468e+01 4.410114e+01
    endloop
  endfacet
  facet normal -9.232095e-01 3.842970e-01 2.776722e-13
    outer loop
      vertex   4.662985e+01 -2.743468e+01 4.410114e+01
      vertex   4.623554e+01 -2.838196e+01 4.406860e+01
      vertex   4.623554e+01 -2.838196e+01 4.410114e+01
    endloop
  endfacet
  facet normal -8.613677e-01 5.079820e-01 2.098055e-13
    outer loop
      vertex   4.623554e+01 -2.838196e+01 4.410114e+01
      vertex   4.623554e+01 -2.838196e+01 4.406860e+01
      vertex   4.571431e+01 -2.926578e+01 4.406860e+01
    endloop
  endfacet
  facet normal -8.613677e-01 5.079820e-01 0.000000e+00
    outer loop
      vertex   4.623554e+01 -2.838196e+01 4.410114e+01
      vertex   4.571431e+01 -2.926578e+01 4.406860e+01
      vertex   4.571431e+01 -2.926578e+01 4.410114e+01
    endloop
  endfacet
  facet normal -7.830545e-01 6.219531e-01 0.000000e+00
    outer loop
      vertex   4.571431e+01 -2.926578e+01 4.410114e+01
      vertex   4.571431e+01 -2.926578e+01 4.406860e+01
      vertex   4.507615e+01 -3.006924e+01 4.406860e+01
    endloop
  endfacet
  facet normal -7.830545e-01 6.219531e-01 -6.983372e-14
    outer loop
      vertex   4.571431e+01 -2.926578e+01 4.410114e+01
      vertex   4.507615e+01 -3.006924e+01 4.406860e+01
      vertex   4.507615e+01 -3.006924e+01 4.410114e+01
    endloop
  endfacet
  facet normal -6.897674e-01 7.240310e-01 -7.905476e-14
    outer loop
      vertex   4.507615e+01 -3.006924e+01 4.410114e+01
      vertex   4.507615e+01 -3.006924e+01 4.406860e+01
      vertex   4.433325e+01 -3.077699e+01 4.406860e+01
    endloop
  endfacet
  facet normal -6.897674e-01 7.240310e-01 -7.648455e-14
    outer loop
      vertex   4.507615e+01 -3.006924e+01 4.410114e+01
      vertex   4.433325e+01 -3.077699e+01 4.406860e+01
      vertex   4.433325e+01 -3.077699e+01 4.410114e+01
    endloop
  endfacet
  facet normal -5.832903e-01 8.122638e-01 -8.868862e-14
    outer loop
      vertex   4.433325e+01 -3.077699e+01 4.410114e+01
      vertex   4.433325e+01 -3.077699e+01 4.406860e+01
      vertex   4.349981e+01 -3.137548e+01 4.406860e+01
    endloop
  endfacet
  facet normal -5.832903e-01 8.122638e-01 0.000000e+00
    outer loop
      vertex   4.433325e+01 -3.077699e+01 4.410114e+01
      vertex   4.349981e+01 -3.137548e+01 4.406860e+01
      vertex   4.349981e+01 -3.137548e+01 4.410114e+01
    endloop
  endfacet
  facet normal -4.656593e-01 8.849641e-01 0.000000e+00
    outer loop
      vertex   4.349981e+01 -3.137548e+01 4.410114e+01
      vertex   4.349981e+01 -3.137548e+01 4.406860e+01
      vertex   4.259178e+01 -3.185328e+01 4.406860e+01
    endloop
  endfacet
  facet normal -4.656593e-01 8.849641e-01 0.000000e+00
    outer loop
      vertex   4.349981e+01 -3.137548e+01 4.410114e+01
      vertex   4.259178e+01 -3.185328e+01 4.406860e+01
      vertex   4.259178e+01 -3.185328e+01 4.410114e+01
    endloop
  endfacet
  facet normal -3.391238e-01 9.407418e-01 0.000000e+00
    outer loop
      vertex   4.259178e+01 -3.185328e+01 4.410114e+01
      vertex   4.259178e+01 -3.185328e+01 4.406860e+01
      vertex   4.162652e+01 -3.220124e+01 4.406860e+01
    endloop
  endfacet
  facet normal -3.391238e-01 9.407418e-01 0.000000e+00
    outer loop
      vertex   4.259178e+01 -3.185328e+01 4.410114e+01
      vertex   4.162652e+01 -3.220124e+01 4.406860e+01
      vertex   4.162652e+01 -3.220124e+01 4.410114e+01
    endloop
  endfacet
  facet normal -2.061034e-01 9.785302e-01 0.000000e+00
    outer loop
      vertex   4.162652e+01 -3.220124e+01 4.410114e+01
      vertex   4.162652e+01 -3.220124e+01 4.406860e+01
      vertex   4.062248e+01 -3.241272e+01 4.406860e+01
    endloop
  endfacet
  facet normal -2.061034e-01 9.785302e-01 0.000000e+00
    outer loop
      vertex   4.162652e+01 -3.220124e+01 4.410114e+01
      vertex   4.062248e+01 -3.241272e+01 4.406860e+01
      vertex   4.062248e+01 -3.241272e+01 4.410114e+01
    endloop
  endfacet
  facet normal -6.914186e-02 9.976068e-01 0.000000e+00
    outer loop
      vertex   4.062248e+01 -3.241272e+01 4.410114e+01
      vertex   4.062248e+01 -3.241272e+01 4.406860e+01
      vertex   3.959887e+01 -3.248366e+01 4.406860e+01
    endloop
  endfacet
  facet normal -6.914186e-02 9.976068e-01 0.000000e+00
    outer loop
      vertex   4.062248e+01 -3.241272e+01 4.410114e+01
      vertex   3.959887e+01 -3.248366e+01 4.406860e+01
      vertex   3.959887e+01 -3.248366e+01 4.410114e+01
    endloop
  endfacet
  facet normal 1.234158e-15 7.071068e-01 7.071068e-01
    outer loop
      vertex   3.756336e+01 -2.998366e+01 4.156860e+01
      vertex   3.711594e+01 -2.999722e+01 4.158216e+01
      vertex   3.959887e+01 -2.998366e+01 4.156860e+01
    endloop
  endfacet
  facet normal 1.006232e-15 7.071068e-01 7.071068e-01
    outer loop
      vertex   3.959887e+01 -2.998366e+01 4.156860e+01
      vertex   3.711594e+01 -2.999722e+01 4.158216e+01
      vertex   3.959887e+01 -3.248366e+01 4.406860e+01
    endloop
  endfacet
  facet normal 0.000000e+00 7.071068e-01 7.071068e-01
    outer loop
      vertex   3.959887e+01 -3.248366e+01 4.406860e+01
      vertex   3.711594e+01 -2.999722e+01 4.158216e+01
      vertex   -6.258113e+01 -3.248366e+01 4.406860e+01
    endloop
  endfacet
  facet normal 5.195258e-17 7.071068e-01 7.071068e-01
    outer loop
      vertex   -6.258113e+01 -3.248366e+01 4.406860e+01
      vertex   3.711594e+01 -2.999722e+01 4.158216e+01
      vertex   -6.012061e+01 -2.999722e+01 4.158216e+01
    endloop
  endfacet
  facet normal -2.041965e-15 7.071068e-01 7.071068e-01
    outer loop
      vertex   -6.258113e+01 -3.248366e+01 4.406860e+01
      vertex   -6.012061e+01 -2.999722e+01 4.158216e+01
      vertex   -6.258113e+01 -2.998366e+01 4.156860e+01
    endloop
  endfacet
  facet normal -0.000000e+00 7.071068e-01 7.071068e-01
    outer loop
      vertex   -6.258113e+01 -2.998366e+01 4.156860e+01
      vertex   -6.012061e+01 -2.999722e+01 4.158216e+01
      vertex   -6.056803e+01 -2.998366e+01 4.156860e+01
    endloop
  endfacet
  facet normal 7.062042e-01 5.050872e-02 7.062042e-01
    outer loop
      vertex   -7.000113e+01 -2.506366e+01 4.406860e+01
      vertex   -6.992560e+01 -2.611964e+01 4.406860e+01
      vertex   -6.750113e+01 -2.506366e+01 4.156860e+01
    endloop
  endfacet
  facet normal 7.033906e-01 6.153871e-02 7.081346e-01
    outer loop
      vertex   -6.750113e+01 -2.506366e+01 4.156860e+01
      vertex   -6.992560e+01 -2.611964e+01 4.406860e+01
      vertex   -6.742638e+01 -2.591801e+01 4.156860e+01
    endloop
  endfacet
  facet normal 6.930280e-01 1.507590e-01 7.049709e-01
    outer loop
      vertex   -6.742638e+01 -2.591801e+01 4.156860e+01
      vertex   -6.992560e+01 -2.611964e+01 4.406860e+01
      vertex   -6.970056e+01 -2.715412e+01 4.406860e+01
    endloop
  endfacet
  facet normal 6.807461e-01 1.824054e-01 7.094456e-01
    outer loop
      vertex   -6.742638e+01 -2.591801e+01 4.156860e+01
      vertex   -6.970056e+01 -2.715412e+01 4.406860e+01
      vertex   -6.720441e+01 -2.674640e+01 4.156860e+01
    endloop
  endfacet
  facet normal 6.650127e-01 2.480369e-01 7.044401e-01
    outer loop
      vertex   -6.720441e+01 -2.674640e+01 4.156860e+01
      vertex   -6.970056e+01 -2.715412e+01 4.406860e+01
      vertex   -6.933060e+01 -2.814604e+01 4.406860e+01
    endloop
  endfacet
  facet normal 6.384911e-01 2.977333e-01 7.097070e-01
    outer loop
      vertex   -6.720441e+01 -2.674640e+01 4.156860e+01
      vertex   -6.933060e+01 -2.814604e+01 4.406860e+01
      vertex   -6.684197e+01 -2.752366e+01 4.156860e+01
    endloop
  endfacet
  facet normal 6.227902e-01 3.400692e-01 7.046172e-01
    outer loop
      vertex   -6.684197e+01 -2.752366e+01 4.156860e+01
      vertex   -6.933060e+01 -2.814604e+01 4.406860e+01
      vertex   -6.882323e+01 -2.907522e+01 4.406860e+01
    endloop
  endfacet
  facet normal 5.777372e-01 4.045359e-01 7.089220e-01
    outer loop
      vertex   -6.684197e+01 -2.752366e+01 4.156860e+01
      vertex   -6.882323e+01 -2.907522e+01 4.406860e+01
      vertex   -6.635007e+01 -2.822618e+01 4.156860e+01
    endloop
  endfacet
  facet normal 5.673513e-01 4.247138e-01 7.055003e-01
    outer loop
      vertex   -6.635007e+01 -2.822618e+01 4.156860e+01
      vertex   -6.882323e+01 -2.907522e+01 4.406860e+01
      vertex   -6.818879e+01 -2.992273e+01 4.406860e+01
    endloop
  endfacet
  facet normal 5.000183e-01 5.000183e-01 7.070809e-01
    outer loop
      vertex   -6.635007e+01 -2.822618e+01 4.156860e+01
      vertex   -6.818879e+01 -2.992273e+01 4.406860e+01
      vertex   -6.744019e+01 -3.067132e+01 4.406860e+01
    endloop
  endfacet
  facet normal 5.000183e-01 5.000183e-01 7.070809e-01
    outer loop
      vertex   -6.635007e+01 -2.822618e+01 4.156860e+01
      vertex   -6.744019e+01 -3.067132e+01 4.406860e+01
      vertex   -6.574364e+01 -2.883260e+01 4.156860e+01
    endloop
  endfacet
  facet normal 4.247138e-01 5.673513e-01 7.055003e-01
    outer loop
      vertex   -6.574364e+01 -2.883260e+01 4.156860e+01
      vertex   -6.744019e+01 -3.067132e+01 4.406860e+01
      vertex   -6.659268e+01 -3.130576e+01 4.406860e+01
    endloop
  endfacet
  facet normal 4.045359e-01 5.777372e-01 7.089220e-01
    outer loop
      vertex   -6.574364e+01 -2.883260e+01 4.156860e+01
      vertex   -6.659268e+01 -3.130576e+01 4.406860e+01
      vertex   -6.504113e+01 -2.932451e+01 4.156860e+01
    endloop
  endfacet
  facet normal 3.400692e-01 6.227902e-01 7.046172e-01
    outer loop
      vertex   -6.504113e+01 -2.932451e+01 4.156860e+01
      vertex   -6.659268e+01 -3.130576e+01 4.406860e+01
      vertex   -6.566351e+01 -3.181313e+01 4.406860e+01
    endloop
  endfacet
  facet normal 2.977333e-01 6.384911e-01 7.097070e-01
    outer loop
      vertex   -6.504113e+01 -2.932451e+01 4.156860e+01
      vertex   -6.566351e+01 -3.181313e+01 4.406860e+01
      vertex   -6.426387e+01 -2.968695e+01 4.156860e+01
    endloop
  endfacet
  facet normal 2.480369e-01 6.650127e-01 7.044401e-01
    outer loop
      vertex   -6.426387e+01 -2.968695e+01 4.156860e+01
      vertex   -6.566351e+01 -3.181313e+01 4.406860e+01
      vertex   -6.467158e+01 -3.218310e+01 4.406860e+01
    endloop
  endfacet
  facet normal 1.824054e-01 6.807461e-01 7.094456e-01
    outer loop
      vertex   -6.426387e+01 -2.968695e+01 4.156860e+01
      vertex   -6.467158e+01 -3.218310e+01 4.406860e+01
      vertex   -6.343548e+01 -2.990891e+01 4.156860e+01
    endloop
  endfacet
  facet normal 1.507590e-01 6.930280e-01 7.049709e-01
    outer loop
      vertex   -6.343548e+01 -2.990891e+01 4.156860e+01
      vertex   -6.467158e+01 -3.218310e+01 4.406860e+01
      vertex   -6.363710e+01 -3.240814e+01 4.406860e+01
    endloop
  endfacet
  facet normal 6.153871e-02 7.033906e-01 7.081346e-01
    outer loop
      vertex   -6.343548e+01 -2.990891e+01 4.156860e+01
      vertex   -6.363710e+01 -3.240814e+01 4.406860e+01
      vertex   -6.258113e+01 -2.998366e+01 4.156860e+01
    endloop
  endfacet
  facet normal 5.050872e-02 7.062042e-01 7.062042e-01
    outer loop
      vertex   -6.258113e+01 -2.998366e+01 4.156860e+01
      vertex   -6.363710e+01 -3.240814e+01 4.406860e+01
      vertex   -6.258113e+01 -3.248366e+01 4.406860e+01
    endloop
  endfacet
  facet normal 1.882066e-03 -7.071055e-01 7.071055e-01
    outer loop
      vertex   -6.258113e+01 4.251278e+01 4.406504e+01
      vertex   -6.262061e+01 4.251278e+01 4.406515e+01
      vertex   -6.258113e+01 4.001634e+01 4.156860e+01
    endloop
  endfacet
  facet normal 3.568209e-02 -7.063892e-01 7.069237e-01
    outer loop
      vertex   -6.258113e+01 4.001634e+01 4.156860e+01
      vertex   -6.262061e+01 4.251278e+01 4.406515e+01
      vertex   -6.328949e+01 4.248245e+01 4.406860e+01
    endloop
  endfacet
  facet normal 6.140126e-02 -7.018196e-01 7.097035e-01
    outer loop
      vertex   -6.258113e+01 4.001634e+01 4.156860e+01
      vertex   -6.328949e+01 4.248245e+01 4.406860e+01
      vertex   -6.343548e+01 3.994159e+01 4.156860e+01
    endloop
  endfacet
  facet normal 1.196724e-01 -6.997975e-01 7.042457e-01
    outer loop
      vertex   -6.343548e+01 3.994159e+01 4.156860e+01
      vertex   -6.328949e+01 4.248245e+01 4.406860e+01
      vertex   -6.436744e+01 4.229811e+01 4.406860e+01
    endloop
  endfacet
  facet normal 1.823759e-01 -6.806360e-01 7.095588e-01
    outer loop
      vertex   -6.343548e+01 3.994159e+01 4.156860e+01
      vertex   -6.436744e+01 4.229811e+01 4.406860e+01
      vertex   -6.426387e+01 3.971963e+01 4.156860e+01
    endloop
  endfacet
  facet normal 2.211219e-01 -6.742723e-01 7.046005e-01
    outer loop
      vertex   -6.426387e+01 3.971963e+01 4.156860e+01
      vertex   -6.436744e+01 4.229811e+01 4.406860e+01
      vertex   -6.540658e+01 4.195733e+01 4.406860e+01
    endloop
  endfacet
  facet normal 2.981807e-01 -6.394505e-01 7.086546e-01
    outer loop
      vertex   -6.426387e+01 3.971963e+01 4.156860e+01
      vertex   -6.540658e+01 4.195733e+01 4.406860e+01
      vertex   -6.504113e+01 3.935718e+01 4.156860e+01
    endloop
  endfacet
  facet normal 3.174419e-01 -6.336780e-01 7.054665e-01
    outer loop
      vertex   -6.504113e+01 3.935718e+01 4.156860e+01
      vertex   -6.540658e+01 4.195733e+01 4.406860e+01
      vertex   -6.638435e+01 4.146752e+01 4.406860e+01
    endloop
  endfacet
  facet normal 4.056509e-01 -5.793295e-01 7.069828e-01
    outer loop
      vertex   -6.504113e+01 3.935718e+01 4.156860e+01
      vertex   -6.638435e+01 4.146752e+01 4.406860e+01
      vertex   -6.574364e+01 3.886528e+01 4.156860e+01
    endloop
  endfacet
  facet normal 4.063493e-01 -5.790177e-01 7.068372e-01
    outer loop
      vertex   -6.574364e+01 3.886528e+01 4.156860e+01
      vertex   -6.638435e+01 4.146752e+01 4.406860e+01
      vertex   -6.727950e+01 4.083931e+01 4.406860e+01
    endloop
  endfacet
  facet normal 4.879220e-01 -5.139288e-01 7.055560e-01
    outer loop
      vertex   -6.574364e+01 3.886528e+01 4.156860e+01
      vertex   -6.727950e+01 4.083931e+01 4.406860e+01
      vertex   -6.807260e+01 4.008635e+01 4.406860e+01
    endloop
  endfacet
  facet normal 4.989766e-01 -4.989766e-01 7.085512e-01
    outer loop
      vertex   -6.574364e+01 3.886528e+01 4.156860e+01
      vertex   -6.807260e+01 4.008635e+01 4.406860e+01
      vertex   -6.635007e+01 3.825885e+01 4.156860e+01
    endloop
  endfacet
  facet normal 5.588714e-01 -4.371853e-01 7.046502e-01
    outer loop
      vertex   -6.635007e+01 3.825885e+01 4.156860e+01
      vertex   -6.807260e+01 4.008635e+01 4.406860e+01
      vertex   -6.874640e+01 3.922499e+01 4.406860e+01
    endloop
  endfacet
  facet normal 5.772483e-01 -4.041936e-01 7.095153e-01
    outer loop
      vertex   -6.635007e+01 3.825885e+01 4.156860e+01
      vertex   -6.874640e+01 3.922499e+01 4.406860e+01
      vertex   -6.684197e+01 3.755634e+01 4.156860e+01
    endloop
  endfacet
  facet normal 6.174017e-01 -3.504855e-01 7.042550e-01
    outer loop
      vertex   -6.684197e+01 3.755634e+01 4.156860e+01
      vertex   -6.874640e+01 3.922499e+01 4.406860e+01
      vertex   -6.928629e+01 3.827395e+01 4.406860e+01
    endloop
  endfacet
  facet normal 6.384796e-01 -2.977279e-01 7.097196e-01
    outer loop
      vertex   -6.684197e+01 3.755634e+01 4.156860e+01
      vertex   -6.928629e+01 3.827395e+01 4.406860e+01
      vertex   -6.720441e+01 3.677908e+01 4.156860e+01
    endloop
  endfacet
  facet normal 6.621022e-01 -2.558884e-01 7.043733e-01
    outer loop
      vertex   -6.720441e+01 3.677908e+01 4.156860e+01
      vertex   -6.928629e+01 3.827395e+01 4.406860e+01
      vertex   -6.968052e+01 3.725389e+01 4.406860e+01
    endloop
  endfacet
  facet normal 6.810180e-01 -1.824782e-01 7.091659e-01
    outer loop
      vertex   -6.720441e+01 3.677908e+01 4.156860e+01
      vertex   -6.968052e+01 3.725389e+01 4.406860e+01
      vertex   -6.742638e+01 3.595069e+01 4.156860e+01
    endloop
  endfacet
  facet normal 6.919111e-01 -1.556532e-01 7.050043e-01
    outer loop
      vertex   -6.742638e+01 3.595069e+01 4.156860e+01
      vertex   -6.968052e+01 3.725389e+01 4.406860e+01
      vertex   -6.992054e+01 3.618696e+01 4.406860e+01
    endloop
  endfacet
  facet normal 7.036757e-01 -6.156365e-02 7.078492e-01
    outer loop
      vertex   -6.742638e+01 3.595069e+01 4.156860e+01
      vertex   -6.992054e+01 3.618696e+01 4.406860e+01
      vertex   -6.750113e+01 3.509634e+01 4.156860e+01
    endloop
  endfacet
  facet normal 7.061435e-01 -5.217924e-02 7.061435e-01
    outer loop
      vertex   -6.750113e+01 3.509634e+01 4.156860e+01
      vertex   -6.992054e+01 3.618696e+01 4.406860e+01
      vertex   -7.000113e+01 3.509634e+01 4.406860e+01
    endloop
  endfacet
  facet normal 9.999957e-01 2.931309e-03 0.000000e+00
    outer loop
      vertex   -7.000113e+01 -2.506366e+01 4.410114e+01
      vertex   -7.000100e+01 -2.510716e+01 4.410114e+01
      vertex   -7.000113e+01 -2.506366e+01 4.406860e+01
    endloop
  endfacet
  facet normal 9.961380e-01 5.444408e-02 6.888339e-02
    outer loop
      vertex   -7.000113e+01 -2.506366e+01 4.406860e+01
      vertex   -7.000100e+01 -2.510716e+01 4.410114e+01
      vertex   -6.996154e+01 -2.582907e+01 4.410114e+01
    endloop
  endfacet
  facet normal 9.045479e-01 6.469454e-02 4.214353e-01
    outer loop
      vertex   -7.000113e+01 -2.506366e+01 4.406860e+01
      vertex   -6.996154e+01 -2.582907e+01 4.410114e+01
      vertex   -6.992560e+01 -2.611964e+01 4.406860e+01
    endloop
  endfacet
  facet normal 9.564240e-01 1.465821e-01 -2.525211e-01
    outer loop
      vertex   -6.992560e+01 -2.611964e+01 4.406860e+01
      vertex   -6.996154e+01 -2.582907e+01 4.410114e+01
      vertex   -6.985202e+01 -2.654372e+01 4.410114e+01
    endloop
  endfacet
  facet normal 8.523484e-01 1.854171e-01 4.890017e-01
    outer loop
      vertex   -6.992560e+01 -2.611964e+01 4.406860e+01
      vertex   -6.985202e+01 -2.654372e+01 4.410114e+01
      vertex   -6.970056e+01 -2.715412e+01 4.406860e+01
    endloop
  endfacet
  facet normal 9.618139e-01 2.451342e-01 -1.217505e-01
    outer loop
      vertex   -6.970056e+01 -2.715412e+01 4.406860e+01
      vertex   -6.985202e+01 -2.654372e+01 4.410114e+01
      vertex   -6.967346e+01 -2.724431e+01 4.410114e+01
    endloop
  endfacet
  facet normal 9.286693e-01 3.358686e-01 1.573709e-01
    outer loop
      vertex   -6.970056e+01 -2.715412e+01 4.406860e+01
      vertex   -6.967346e+01 -2.724431e+01 4.410114e+01
      vertex   -6.942757e+01 -2.792420e+01 4.410114e+01
    endloop
  endfacet
  facet normal 8.670157e-01 3.233801e-01 3.790897e-01
    outer loop
      vertex   -6.970056e+01 -2.715412e+01 4.406860e+01
      vertex   -6.942757e+01 -2.792420e+01 4.410114e+01
      vertex   -6.933060e+01 -2.814604e+01 4.406860e+01
    endloop
  endfacet
  facet normal 8.776519e-01 4.180235e-01 -2.344858e-01
    outer loop
      vertex   -6.933060e+01 -2.814604e+01 4.406860e+01
      vertex   -6.942757e+01 -2.792420e+01 4.410114e+01
      vertex   -6.911667e+01 -2.857693e+01 4.410114e+01
    endloop
  endfacet
  facet normal 7.604950e-01 4.152617e-01 4.992045e-01
    outer loop
      vertex   -6.933060e+01 -2.814604e+01 4.406860e+01
      vertex   -6.911667e+01 -2.857693e+01 4.410114e+01
      vertex   -6.882323e+01 -2.907522e+01 4.406860e+01
    endloop
  endfacet
  facet normal 8.440807e-01 5.082449e-01 -1.709236e-01
    outer loop
      vertex   -6.882323e+01 -2.907522e+01 4.406860e+01
      vertex   -6.911667e+01 -2.857693e+01 4.410114e+01
      vertex   -6.874373e+01 -2.919630e+01 4.410114e+01
    endloop
  endfacet
  facet normal 7.765451e-01 5.775195e-01 2.518906e-01
    outer loop
      vertex   -6.882323e+01 -2.907522e+01 4.406860e+01
      vertex   -6.874373e+01 -2.919630e+01 4.410114e+01
      vertex   -6.831228e+01 -2.977644e+01 4.410114e+01
    endloop
  endfacet
  facet normal 7.570064e-01 5.666879e-01 3.252784e-01
    outer loop
      vertex   -6.882323e+01 -2.907522e+01 4.406860e+01
      vertex   -6.831228e+01 -2.977644e+01 4.410114e+01
      vertex   -6.818879e+01 -2.992273e+01 4.406860e+01
    endloop
  endfacet
  facet normal 7.246058e-01 6.575697e-01 -2.062730e-01
    outer loop
      vertex   -6.818879e+01 -2.992273e+01 4.406860e+01
      vertex   -6.831228e+01 -2.977644e+01 4.410114e+01
      vertex   -6.782641e+01 -3.031184e+01 4.410114e+01
    endloop
  endfacet
  facet normal 6.113997e-01 6.113997e-01 5.023751e-01
    outer loop
      vertex   -6.818879e+01 -2.992273e+01 4.406860e+01
      vertex   -6.782641e+01 -3.031184e+01 4.410114e+01
      vertex   -6.744019e+01 -3.067132e+01 4.406860e+01
    endloop
  endfacet
  facet normal 6.567896e-01 7.245488e-01 -2.089410e-01
    outer loop
      vertex   -6.744019e+01 -3.067132e+01 4.406860e+01
      vertex   -6.782641e+01 -3.031184e+01 4.410114e+01
      vertex   -6.729075e+01 -3.079741e+01 4.410114e+01
    endloop
  endfacet
  facet normal 5.656889e-01 7.556720e-01 3.300847e-01
    outer loop
      vertex   -6.744019e+01 -3.067132e+01 4.406860e+01
      vertex   -6.729075e+01 -3.079741e+01 4.410114e+01
      vertex   -6.659268e+01 -3.130576e+01 4.406860e+01
    endloop
  endfacet
  facet normal 5.782771e-01 7.784601e-01 2.441217e-01
    outer loop
      vertex   -6.659268e+01 -3.130576e+01 4.406860e+01
      vertex   -6.729075e+01 -3.079741e+01 4.410114e+01
      vertex   -6.671037e+01 -3.122854e+01 4.410114e+01
    endloop
  endfacet
  facet normal 5.080933e-01 8.448832e-01 -1.673725e-01
    outer loop
      vertex   -6.659268e+01 -3.130576e+01 4.406860e+01
      vertex   -6.671037e+01 -3.122854e+01 4.410114e+01
      vertex   -6.609079e+01 -3.160114e+01 4.410114e+01
    endloop
  endfacet
  facet normal 4.154160e-01 7.607775e-01 4.986453e-01
    outer loop
      vertex   -6.659268e+01 -3.130576e+01 4.406860e+01
      vertex   -6.609079e+01 -3.160114e+01 4.410114e+01
      vertex   -6.566351e+01 -3.181313e+01 4.406860e+01
    endloop
  endfacet
  facet normal 4.173491e-01 8.774825e-01 -2.363139e-01
    outer loop
      vertex   -6.566351e+01 -3.181313e+01 4.406860e+01
      vertex   -6.609079e+01 -3.160114e+01 4.410114e+01
      vertex   -6.543789e+01 -3.191168e+01 4.410114e+01
    endloop
  endfacet
  facet normal 3.228292e-01 8.655385e-01 3.829157e-01
    outer loop
      vertex   -6.566351e+01 -3.181313e+01 4.406860e+01
      vertex   -6.543789e+01 -3.191168e+01 4.410114e+01
      vertex   -6.467158e+01 -3.218310e+01 4.406860e+01
    endloop
  endfacet
  facet normal 3.357480e-01 9.299393e-01 1.499539e-01
    outer loop
      vertex   -6.467158e+01 -3.218310e+01 4.406860e+01
      vertex   -6.543789e+01 -3.191168e+01 4.410114e+01
      vertex   -6.475786e+01 -3.215719e+01 4.410114e+01
    endloop
  endfacet
  facet normal 2.447362e-01 9.624705e-01 -1.172802e-01
    outer loop
      vertex   -6.467158e+01 -3.218310e+01 4.406860e+01
      vertex   -6.475786e+01 -3.215719e+01 4.410114e+01
      vertex   -6.405717e+01 -3.233537e+01 4.410114e+01
    endloop
  endfacet
  facet normal 1.855529e-01 8.529729e-01 4.878601e-01
    outer loop
      vertex   -6.467158e+01 -3.218310e+01 4.406860e+01
      vertex   -6.405717e+01 -3.233537e+01 4.410114e+01
      vertex   -6.363710e+01 -3.240814e+01 4.406860e+01
    endloop
  endfacet
  facet normal 1.460140e-01 9.562396e-01 -2.535464e-01
    outer loop
      vertex   -6.363710e+01 -3.240814e+01 4.406860e+01
      vertex   -6.405717e+01 -3.233537e+01 4.410114e+01
      vertex   -6.334247e+01 -3.244450e+01 4.410114e+01
    endloop
  endfacet
  facet normal 6.459589e-02 9.031685e-01 4.243985e-01
    outer loop
      vertex   -6.363710e+01 -3.240814e+01 4.406860e+01
      vertex   -6.334247e+01 -3.244450e+01 4.410114e+01
      vertex   -6.258113e+01 -3.248366e+01 4.406860e+01
    endloop
  endfacet
  facet normal 5.391866e-02 9.966126e-01 6.209726e-02
    outer loop
      vertex   -6.258113e+01 -3.248366e+01 4.406860e+01
      vertex   -6.334247e+01 -3.244450e+01 4.410114e+01
      vertex   -6.262053e+01 -3.248356e+01 4.410114e+01
    endloop
  endfacet
  facet normal 2.655510e-03 9.999965e-01 -0.000000e+00
    outer loop
      vertex   -6.258113e+01 -3.248366e+01 4.406860e+01
      vertex   -6.262053e+01 -3.248356e+01 4.410114e+01
      vertex   -6.258113e+01 -3.248366e+01 4.410114e+01
    endloop
  endfacet
  facet normal 1.000000e+00 -0.000000e+00 0.000000e+00
    outer loop
      vertex   -7.000113e+01 3.305571e+01 4.410114e+01
      vertex   -7.000113e+01 3.262278e+01 4.409166e+01
      vertex   -7.000113e+01 3.509634e+01 4.410114e+01
    endloop
  endfacet
  facet normal 1.000000e+00 0.000000e+00 0.000000e+00
    outer loop
      vertex   -7.000113e+01 3.509634e+01 4.410114e+01
      vertex   -7.000113e+01 3.262278e+01 4.409166e+01
      vertex   -7.000113e+01 3.509634e+01 4.406860e+01
    endloop
  endfacet
  facet normal 1.000000e+00 0.000000e+00 0.000000e+00
    outer loop
      vertex   -7.000113e+01 3.509634e+01 4.406860e+01
      vertex   -7.000113e+01 3.262278e+01 4.409166e+01
      vertex   -7.000113e+01 -2.506366e+01 4.406860e+01
    endloop
  endfacet
  facet normal 1.000000e+00 0.000000e+00 0.000000e+00
    outer loop
      vertex   -7.000113e+01 -2.506366e+01 4.406860e+01
      vertex   -7.000113e+01 3.262278e+01 4.409166e+01
      vertex   -7.000113e+01 -2.260722e+01 4.409166e+01
    endloop
  endfacet
  facet normal 1.000000e+00 0.000000e+00 0.000000e+00
    outer loop
      vertex   -7.000113e+01 -2.506366e+01 4.406860e+01
      vertex   -7.000113e+01 -2.260722e+01 4.409166e+01
      vertex   -7.000113e+01 -2.506366e+01 4.410114e+01
    endloop
  endfacet
  facet normal 1.000000e+00 -0.000000e+00 0.000000e+00
    outer loop
      vertex   -7.000113e+01 -2.506366e+01 4.410114e+01
      vertex   -7.000113e+01 -2.260722e+01 4.409166e+01
      vertex   -7.000113e+01 -2.304015e+01 4.410114e+01
    endloop
  endfacet
  facet normal 1.411280e-01 -9.899914e-01 0.000000e+00
    outer loop
      vertex   -6.328949e+01 4.248245e+01 4.410114e+01
      vertex   -6.396489e+01 4.238617e+01 4.410114e+01
      vertex   -6.328949e+01 4.248245e+01 4.406860e+01
    endloop
  endfacet
  facet normal 1.456729e-01 -8.518385e-01 5.031407e-01
    outer loop
      vertex   -6.328949e+01 4.248245e+01 4.406860e+01
      vertex   -6.396489e+01 4.238617e+01 4.410114e+01
      vertex   -6.436744e+01 4.229811e+01 4.406860e+01
    endloop
  endfacet
  facet normal 2.255354e-01 -9.479464e-01 -2.247918e-01
    outer loop
      vertex   -6.436744e+01 4.229811e+01 4.406860e+01
      vertex   -6.396489e+01 4.238617e+01 4.410114e+01
      vertex   -6.462859e+01 4.222826e+01 4.410114e+01
    endloop
  endfacet
  facet normal 2.829668e-01 -8.628577e-01 4.188154e-01
    outer loop
      vertex   -6.436744e+01 4.229811e+01 4.406860e+01
      vertex   -6.462859e+01 4.222826e+01 4.410114e+01
      vertex   -6.540658e+01 4.195733e+01 4.406860e+01
    endloop
  endfacet
  facet normal 3.108689e-01 -9.209170e-01 2.351008e-01
    outer loop
      vertex   -6.540658e+01 4.195733e+01 4.406860e+01
      vertex   -6.462859e+01 4.222826e+01 4.410114e+01
      vertex   -6.527498e+01 4.201006e+01 4.410114e+01
    endloop
  endfacet
  facet normal 4.004912e-01 -9.027928e-01 -1.567547e-01
    outer loop
      vertex   -6.540658e+01 4.195733e+01 4.406860e+01
      vertex   -6.527498e+01 4.201006e+01 4.410114e+01
      vertex   -6.589860e+01 4.173342e+01 4.410114e+01
    endloop
  endfacet
  facet normal 3.806748e-01 -7.599037e-01 5.269090e-01
    outer loop
      vertex   -6.540658e+01 4.195733e+01 4.406860e+01
      vertex   -6.589860e+01 4.173342e+01 4.410114e+01
      vertex   -6.638435e+01 4.146752e+01 4.406860e+01
    endloop
  endfacet
  facet normal 4.825297e-01 -8.636473e-01 -1.458710e-01
    outer loop
      vertex   -6.638435e+01 4.146752e+01 4.406860e+01
      vertex   -6.589860e+01 4.173342e+01 4.410114e+01
      vertex   -6.649417e+01 4.140066e+01 4.410114e+01
    endloop
  endfacet
  facet normal 5.531283e-01 -8.059374e-01 2.109835e-01
    outer loop
      vertex   -6.638435e+01 4.146752e+01 4.406860e+01
      vertex   -6.649417e+01 4.140066e+01 4.410114e+01
      vertex   -6.705666e+01 4.101462e+01 4.410114e+01
    endloop
  endfacet
  facet normal 5.186833e-01 -7.390854e-01 4.297912e-01
    outer loop
      vertex   -6.638435e+01 4.146752e+01 4.406860e+01
      vertex   -6.705666e+01 4.101462e+01 4.410114e+01
      vertex   -6.727950e+01 4.083931e+01 4.406860e+01
    endloop
  endfacet
  facet normal 6.223599e-01 -7.487760e-01 -2.280408e-01
    outer loop
      vertex   -6.727950e+01 4.083931e+01 4.406860e+01
      vertex   -6.705666e+01 4.101462e+01 4.410114e+01
      vertex   -6.758132e+01 4.057854e+01 4.410114e+01
    endloop
  endfacet
  facet normal 5.970242e-01 -6.288463e-01 4.981109e-01
    outer loop
      vertex   -6.727950e+01 4.083931e+01 4.406860e+01
      vertex   -6.758132e+01 4.057854e+01 4.410114e+01
      vertex   -6.807260e+01 4.008635e+01 4.406860e+01
    endloop
  endfacet
  facet normal 7.070061e-01 -7.069518e-01 1.901389e-02
    outer loop
      vertex   -6.807260e+01 4.008635e+01 4.406860e+01
      vertex   -6.758132e+01 4.057854e+01 4.410114e+01
      vertex   -6.806371e+01 4.009611e+01 4.410114e+01
    endloop
  endfacet
  facet normal 7.689593e-01 -6.390359e-01 -1.829282e-02
    outer loop
      vertex   -6.807260e+01 4.008635e+01 4.406860e+01
      vertex   -6.806371e+01 4.009611e+01 4.410114e+01
      vertex   -6.849975e+01 3.957142e+01 4.410114e+01
    endloop
  endfacet
  facet normal 6.785949e-01 -5.308408e-01 5.076584e-01
    outer loop
      vertex   -6.807260e+01 4.008635e+01 4.406860e+01
      vertex   -6.849975e+01 3.957142e+01 4.410114e+01
      vertex   -6.874640e+01 3.922499e+01 4.406860e+01
    endloop
  endfacet
  facet normal 8.041779e-01 -5.518300e-01 -2.208654e-01
    outer loop
      vertex   -6.874640e+01 3.922499e+01 4.406860e+01
      vertex   -6.849975e+01 3.957142e+01 4.410114e+01
      vertex   -6.888575e+01 3.900890e+01 4.410114e+01
    endloop
  endfacet
  facet normal 7.943179e-01 -4.509169e-01 4.071032e-01
    outer loop
      vertex   -6.874640e+01 3.922499e+01 4.406860e+01
      vertex   -6.888575e+01 3.900890e+01 4.410114e+01
      vertex   -6.928629e+01 3.827395e+01 4.406860e+01
    endloop
  endfacet
  facet normal 8.431293e-01 -4.709812e-01 2.594410e-01
    outer loop
      vertex   -6.928629e+01 3.827395e+01 4.406860e+01
      vertex   -6.888575e+01 3.900890e+01 4.410114e+01
      vertex   -6.921846e+01 3.841330e+01 4.410114e+01
    endloop
  endfacet
  facet normal 9.013042e-01 -3.997481e-01 -1.668897e-01
    outer loop
      vertex   -6.928629e+01 3.827395e+01 4.406860e+01
      vertex   -6.921846e+01 3.841330e+01 4.410114e+01
      vertex   -6.949506e+01 3.778966e+01 4.410114e+01
    endloop
  endfacet
  facet normal 7.930311e-01 -3.064896e-01 5.264654e-01
    outer loop
      vertex   -6.928629e+01 3.827395e+01 4.406860e+01
      vertex   -6.949506e+01 3.778966e+01 4.410114e+01
      vertex   -6.968052e+01 3.725389e+01 4.406860e+01
    endloop
  endfacet
  facet normal 9.389234e-01 -3.168670e-01 -1.342316e-01
    outer loop
      vertex   -6.968052e+01 3.725389e+01 4.406860e+01
      vertex   -6.949506e+01 3.778966e+01 4.410114e+01
      vertex   -6.971321e+01 3.714325e+01 4.410114e+01
    endloop
  endfacet
  facet normal 9.556717e-01 -2.272959e-01 1.871580e-01
    outer loop
      vertex   -6.968052e+01 3.725389e+01 4.406860e+01
      vertex   -6.971321e+01 3.714325e+01 4.410114e+01
      vertex   -6.987106e+01 3.647954e+01 4.410114e+01
    endloop
  endfacet
  facet normal 8.760753e-01 -1.970830e-01 4.400573e-01
    outer loop
      vertex   -6.968052e+01 3.725389e+01 4.406860e+01
      vertex   -6.987106e+01 3.647954e+01 4.410114e+01
      vertex   -6.992054e+01 3.618696e+01 4.406860e+01
    endloop
  endfacet
  facet normal 9.633163e-01 -1.372499e-01 -2.306171e-01
    outer loop
      vertex   -6.992054e+01 3.618696e+01 4.406860e+01
      vertex   -6.987106e+01 3.647954e+01 4.410114e+01
      vertex   -6.996729e+01 3.580414e+01 4.410114e+01
    endloop
  endfacet
  facet normal 8.679153e-01 -6.413307e-02 4.925546e-01
    outer loop
      vertex   -6.992054e+01 3.618696e+01 4.406860e+01
      vertex   -6.996729e+01 3.580414e+01 4.410114e+01
      vertex   -7.000113e+01 3.509634e+01 4.406860e+01
    endloop
  endfacet
  facet normal 9.980235e-01 -4.949006e-02 3.872696e-02
    outer loop
      vertex   -7.000113e+01 3.509634e+01 4.406860e+01
      vertex   -6.996729e+01 3.580414e+01 4.410114e+01
      vertex   -7.000108e+01 3.512275e+01 4.410114e+01
    endloop
  endfacet
  facet normal 9.999984e-01 -1.779607e-03 0.000000e+00
    outer loop
      vertex   -7.000113e+01 3.509634e+01 4.406860e+01
      vertex   -7.000108e+01 3.512275e+01 4.410114e+01
      vertex   -7.000113e+01 3.509634e+01 4.410114e+01
    endloop
  endfacet
  facet normal 0.000000e+00 1.000000e+00 0.000000e+00
    outer loop
      vertex   -6.063826e+01 -3.248366e+01 4.410114e+01
      vertex   -6.012061e+01 -3.248366e+01 4.408758e+01
      vertex   -6.258113e+01 -3.248366e+01 4.410114e+01
    endloop
  endfacet
  facet normal 0.000000e+00 1.000000e+00 0.000000e+00
    outer loop
      vertex   -6.258113e+01 -3.248366e+01 4.410114e+01
      vertex   -6.012061e+01 -3.248366e+01 4.408758e+01
      vertex   -6.258113e+01 -3.248366e+01 4.406860e+01
    endloop
  endfacet
  facet normal 0.000000e+00 1.000000e+00 0.000000e+00
    outer loop
      vertex   -6.258113e+01 -3.248366e+01 4.406860e+01
      vertex   -6.012061e+01 -3.248366e+01 4.408758e+01
      vertex   3.711594e+01 -3.248366e+01 4.408758e+01
    endloop
  endfacet
  facet normal 0.000000e+00 1.000000e+00 0.000000e+00
    outer loop
      vertex   -6.258113e+01 -3.248366e+01 4.406860e+01
      vertex   3.711594e+01 -3.248366e+01 4.408758e+01
      vertex   3.959887e+01 -3.248366e+01 4.406860e+01
    endloop
  endfacet
  facet normal 0.000000e+00 1.000000e+00 -0.000000e+00
    outer loop
      vertex   3.959887e+01 -3.248366e+01 4.406860e+01
      vertex   3.711594e+01 -3.248366e+01 4.408758e+01
      vertex   3.959887e+01 -3.248366e+01 4.410114e+01
    endloop
  endfacet
  facet normal 0.000000e+00 1.000000e+00 0.000000e+00
    outer loop
      vertex   3.959887e+01 -3.248366e+01 4.410114e+01
      vertex   3.711594e+01 -3.248366e+01 4.408758e+01
      vertex   3.763359e+01 -3.248366e+01 4.410114e+01
    endloop
  endfacet
  facet normal -1.799679e-13 9.162126e-14 1.000000e+00
    outer loop
      vertex   4.155499e+01 4.225385e+01 4.410114e+01
      vertex   4.262387e+01 4.187172e+01 4.410114e+01
      vertex   4.262437e+01 4.187271e+01 4.410114e+01
    endloop
  endfacet
  facet normal 0.000000e+00 0.000000e+00 1.000000e+00
    outer loop
      vertex   4.262437e+01 4.187271e+01 4.410114e+01
      vertex   4.262387e+01 4.187172e+01 4.410114e+01
      vertex   4.362274e+01 4.133226e+01 4.410114e+01
    endloop
  endfacet
  facet normal 0.000000e+00 0.000000e+00 1.000000e+00
    outer loop
      vertex   4.362274e+01 4.133226e+01 4.410114e+01
      vertex   4.262387e+01 4.187172e+01 4.410114e+01
      vertex   4.362194e+01 4.133103e+01 4.410114e+01
    endloop
  endfacet
  facet normal 0.000000e+00 0.000000e+00 1.000000e+00
    outer loop
      vertex   4.362274e+01 4.133226e+01 4.410114e+01
      vertex   4.362194e+01 4.133103e+01 4.410114e+01
      vertex   4.452655e+01 4.064528e+01 4.410114e+01
    endloop
  endfacet
  facet normal 0.000000e+00 0.000000e+00 1.000000e+00
    outer loop
      vertex   4.452655e+01 4.064528e+01 4.410114e+01
      vertex   4.362194e+01 4.133103e+01 4.410114e+01
      vertex   4.452586e+01 4.064442e+01 4.410114e+01
    endloop
  endfacet
  facet normal 1.576382e-13 -1.262264e-13 1.000000e+00
    outer loop
      vertex   4.452655e+01 4.064528e+01 4.410114e+01
      vertex   4.452586e+01 4.064442e+01 4.410114e+01
      vertex   4.531448e+01 3.982796e+01 4.410114e+01
    endloop
  endfacet
  facet normal 2.245337e-02 5.142123e-01 8.573690e-01
    outer loop
      vertex   -6.063826e+01 -3.248366e+01 4.410114e+01
      vertex   -6.046580e+01 -3.249119e+01 4.410114e+01
      vertex   -6.012061e+01 -3.248366e+01 4.408758e+01
    endloop
  endfacet
  facet normal 1.658047e-02 6.331157e-01 7.738796e-01
    outer loop
      vertex   -6.012061e+01 -3.248366e+01 4.408758e+01
      vertex   -6.046580e+01 -3.249119e+01 4.410114e+01
      vertex   -6.029323e+01 -3.249571e+01 4.410114e+01
    endloop
  endfacet
  facet normal 6.171363e-03 7.070933e-01 7.070933e-01
    outer loop
      vertex   -6.012061e+01 -3.248366e+01 4.408758e+01
      vertex   -6.029323e+01 -3.249571e+01 4.410114e+01
      vertex   -6.012061e+01 -3.249722e+01 4.410114e+01
    endloop
  endfacet
  facet normal -1.154072e-13 -3.120049e-13 1.000000e+00
    outer loop
      vertex   4.662985e+01 -2.743468e+01 4.410114e+01
      vertex   4.623554e+01 -2.838196e+01 4.410114e+01
      vertex   4.623995e+01 -2.838359e+01 4.410114e+01
    endloop
  endfacet
  facet normal 0.000000e+00 0.000000e+00 1.000000e+00
    outer loop
      vertex   4.623995e+01 -2.838359e+01 4.410114e+01
      vertex   4.623554e+01 -2.838196e+01 4.410114e+01
      vertex   4.571431e+01 -2.926578e+01 4.410114e+01
    endloop
  endfacet
  facet normal 0.000000e+00 0.000000e+00 1.000000e+00
    outer loop
      vertex   4.623995e+01 -2.838359e+01 4.410114e+01
      vertex   4.571431e+01 -2.926578e+01 4.410114e+01
      vertex   4.572239e+01 -2.926935e+01 4.410114e+01
    endloop
  endfacet
  facet normal 0.000000e+00 0.000000e+00 1.000000e+00
    outer loop
      vertex   4.572239e+01 -2.926935e+01 4.410114e+01
      vertex   4.571431e+01 -2.926578e+01 4.410114e+01
      vertex   4.507615e+01 -3.006924e+01 4.410114e+01
    endloop
  endfacet
  facet normal 0.000000e+00 0.000000e+00 1.000000e+00
    outer loop
      vertex   4.572239e+01 -2.926935e+01 4.410114e+01
      vertex   4.507615e+01 -3.006924e+01 4.410114e+01
      vertex   4.508715e+01 -3.007491e+01 4.410114e+01
    endloop
  endfacet
  facet normal 0.000000e+00 0.000000e+00 1.000000e+00
    outer loop
      vertex   4.508715e+01 -3.007491e+01 4.410114e+01
      vertex   4.507615e+01 -3.006924e+01 4.410114e+01
      vertex   4.433325e+01 -3.077699e+01 4.410114e+01
    endloop
  endfacet
  facet normal 0.000000e+00 0.000000e+00 1.000000e+00
    outer loop
      vertex   4.508715e+01 -3.007491e+01 4.410114e+01
      vertex   4.433325e+01 -3.077699e+01 4.410114e+01
      vertex   4.434647e+01 -3.078473e+01 4.410114e+01
    endloop
  endfacet
  facet normal 0.000000e+00 0.000000e+00 1.000000e+00
    outer loop
      vertex   4.434647e+01 -3.078473e+01 4.410114e+01
      vertex   4.433325e+01 -3.077699e+01 4.410114e+01
      vertex   4.349981e+01 -3.137548e+01 4.410114e+01
    endloop
  endfacet
  facet normal 0.000000e+00 0.000000e+00 1.000000e+00
    outer loop
      vertex   4.434647e+01 -3.078473e+01 4.410114e+01
      vertex   4.349981e+01 -3.137548e+01 4.410114e+01
      vertex   4.351464e+01 -3.138513e+01 4.410114e+01
    endloop
  endfacet
  facet normal 0.000000e+00 0.000000e+00 1.000000e+00
    outer loop
      vertex   4.351464e+01 -3.138513e+01 4.410114e+01
      vertex   4.349981e+01 -3.137548e+01 4.410114e+01
      vertex   4.259178e+01 -3.185328e+01 4.410114e+01
    endloop
  endfacet
  facet normal 0.000000e+00 0.000000e+00 1.000000e+00
    outer loop
      vertex   4.351464e+01 -3.138513e+01 4.410114e+01
      vertex   4.259178e+01 -3.185328e+01 4.410114e+01
      vertex   4.260767e+01 -3.186456e+01 4.410114e+01
    endloop
  endfacet
  facet normal 0.000000e+00 0.000000e+00 1.000000e+00
    outer loop
      vertex   4.260767e+01 -3.186456e+01 4.410114e+01
      vertex   4.259178e+01 -3.185328e+01 4.410114e+01
      vertex   4.164304e+01 -3.221376e+01 4.410114e+01
    endloop
  endfacet
  facet normal 0.000000e+00 -0.000000e+00 1.000000e+00
    outer loop
      vertex   4.164304e+01 -3.221376e+01 4.410114e+01
      vertex   4.259178e+01 -3.185328e+01 4.410114e+01
      vertex   4.162652e+01 -3.220124e+01 4.410114e+01
    endloop
  endfacet
  facet normal 0.000000e+00 0.000000e+00 1.000000e+00
    outer loop
      vertex   4.164304e+01 -3.221376e+01 4.410114e+01
      vertex   4.162652e+01 -3.220124e+01 4.410114e+01
      vertex   4.063935e+01 -3.242601e+01 4.410114e+01
    endloop
  endfacet
  facet normal 0.000000e+00 -0.000000e+00 1.000000e+00
    outer loop
      vertex   4.063935e+01 -3.242601e+01 4.410114e+01
      vertex   4.162652e+01 -3.220124e+01 4.410114e+01
      vertex   4.062248e+01 -3.241272e+01 4.410114e+01
    endloop
  endfacet
  facet normal 0.000000e+00 0.000000e+00 1.000000e+00
    outer loop
      vertex   4.063935e+01 -3.242601e+01 4.410114e+01
      vertex   4.062248e+01 -3.241272e+01 4.410114e+01
      vertex   3.961594e+01 -3.249722e+01 4.410114e+01
    endloop
  endfacet
  facet normal 0.000000e+00 -0.000000e+00 1.000000e+00
    outer loop
      vertex   3.961594e+01 -3.249722e+01 4.410114e+01
      vertex   4.062248e+01 -3.241272e+01 4.410114e+01
      vertex   3.959887e+01 -3.248366e+01 4.410114e+01
    endloop
  endfacet
  facet normal 0.000000e+00 0.000000e+00 1.000000e+00
    outer loop
      vertex   3.961594e+01 -3.249722e+01 4.410114e+01
      vertex   3.959887e+01 -3.248366e+01 4.410114e+01
      vertex   3.763359e+01 -3.248366e+01 4.410114e+01
    endloop
  endfacet
  facet normal 0.000000e+00 0.000000e+00 1.000000e+00
    outer loop
      vertex   3.763359e+01 -3.248366e+01 4.410114e+01
      vertex   3.746113e+01 -3.249119e+01 4.410114e+01
      vertex   3.961594e+01 -3.249722e+01 4.410114e+01
    endloop
  endfacet
  facet normal 0.000000e+00 0.000000e+00 1.000000e+00
    outer loop
      vertex   3.961594e+01 -3.249722e+01 4.410114e+01
      vertex   3.746113e+01 -3.249119e+01 4.410114e+01
      vertex   3.728856e+01 -3.249571e+01 4.410114e+01
    endloop
  endfacet
  facet normal 0.000000e+00 0.000000e+00 1.000000e+00
    outer loop
      vertex   3.961594e+01 -3.249722e+01 4.410114e+01
      vertex   3.728856e+01 -3.249571e+01 4.410114e+01
      vertex   3.711594e+01 -3.249722e+01 4.410114e+01
    endloop
  endfacet
  facet normal 5.142976e-01 -1.877527e-02 8.574063e-01
    outer loop
      vertex   -7.000113e+01 3.305571e+01 4.410114e+01
      vertex   -7.000639e+01 3.291145e+01 4.410114e+01
      vertex   -7.000113e+01 3.262278e+01 4.409166e+01
    endloop
  endfacet
  facet normal 6.331524e-01 -1.386461e-02 7.739029e-01
    outer loop
      vertex   -7.000113e+01 3.262278e+01 4.409166e+01
      vertex   -7.000639e+01 3.291145e+01 4.410114e+01
      vertex   -7.000955e+01 3.276713e+01 4.410114e+01
    endloop
  endfacet
  facet normal 7.070974e-01 -5.160548e-03 7.070974e-01
    outer loop
      vertex   -7.000113e+01 3.262278e+01 4.409166e+01
      vertex   -7.000955e+01 3.276713e+01 4.410114e+01
      vertex   -7.001061e+01 3.262278e+01 4.410114e+01
    endloop
  endfacet
  facet normal -2.245337e-02 5.142123e-01 8.573690e-01
    outer loop
      vertex   3.763359e+01 -3.248366e+01 4.410114e+01
      vertex   3.711594e+01 -3.248366e+01 4.408758e+01
      vertex   3.746113e+01 -3.249119e+01 4.410114e+01
    endloop
  endfacet
  facet normal -1.658047e-02 6.331157e-01 7.738796e-01
    outer loop
      vertex   3.746113e+01 -3.249119e+01 4.410114e+01
      vertex   3.711594e+01 -3.248366e+01 4.408758e+01
      vertex   3.728856e+01 -3.249571e+01 4.410114e+01
    endloop
  endfacet
  facet normal -6.171363e-03 7.070933e-01 7.070933e-01
    outer loop
      vertex   3.728856e+01 -3.249571e+01 4.410114e+01
      vertex   3.711594e+01 -3.248366e+01 4.408758e+01
      vertex   3.711594e+01 -3.249722e+01 4.410114e+01
    endloop
  endfacet
  facet normal 0.000000e+00 7.071068e-01 7.071068e-01
    outer loop
      vertex   3.711594e+01 -3.248366e+01 4.408758e+01
      vertex   -6.012061e+01 -3.248366e+01 4.408758e+01
      vertex   3.711594e+01 -3.249722e+01 4.410114e+01
    endloop
  endfacet
  facet normal -1.033417e-16 7.071068e-01 7.071068e-01
    outer loop
      vertex   3.711594e+01 -3.249722e+01 4.410114e+01
      vertex   -6.012061e+01 -3.248366e+01 4.408758e+01
      vertex   -6.012061e+01 -3.249722e+01 4.410114e+01
    endloop
  endfacet
  facet normal 5.142976e-01 1.877527e-02 8.574063e-01
    outer loop
      vertex   -7.000113e+01 -2.304015e+01 4.410114e+01
      vertex   -7.000113e+01 -2.260722e+01 4.409166e+01
      vertex   -7.000639e+01 -2.289589e+01 4.410114e+01
    endloop
  endfacet
  facet normal 6.331524e-01 1.386461e-02 7.739029e-01
    outer loop
      vertex   -7.000639e+01 -2.289589e+01 4.410114e+01
      vertex   -7.000113e+01 -2.260722e+01 4.409166e+01
      vertex   -7.000955e+01 -2.275157e+01 4.410114e+01
    endloop
  endfacet
  facet normal 7.070974e-01 5.160548e-03 7.070974e-01
    outer loop
      vertex   -7.000955e+01 -2.275157e+01 4.410114e+01
      vertex   -7.000113e+01 -2.260722e+01 4.409166e+01
      vertex   -7.001061e+01 -2.260722e+01 4.410114e+01
    endloop
  endfacet
  facet normal 7.071068e-01 0.000000e+00 7.071068e-01
    outer loop
      vertex   -7.000113e+01 3.262278e+01 4.409166e+01
      vertex   -7.001061e+01 3.262278e+01 4.410114e+01
      vertex   -7.000113e+01 -2.260722e+01 4.409166e+01
    endloop
  endfacet
  facet normal 7.071068e-01 0.000000e+00 7.071068e-01
    outer loop
      vertex   -7.000113e+01 -2.260722e+01 4.409166e+01
      vertex   -7.001061e+01 3.262278e+01 4.410114e+01
      vertex   -7.001061e+01 -2.260722e+01 4.410114e+01
    endloop
  endfacet
  facet normal 0.000000e+00 -0.000000e+00 1.000000e+00
    outer loop
      vertex   -7.000113e+01 3.305571e+01 4.410114e+01
      vertex   -7.000113e+01 3.509634e+01 4.410114e+01
      vertex   -7.001061e+01 3.512278e+01 4.410114e+01
    endloop
  endfacet
  facet normal 0.000000e+00 0.000000e+00 1.000000e+00
    outer loop
      vertex   -7.001061e+01 3.512278e+01 4.410114e+01
      vertex   -7.000113e+01 3.509634e+01 4.410114e+01
      vertex   -7.000108e+01 3.512275e+01 4.410114e+01
    endloop
  endfacet
  facet normal -0.000000e+00 0.000000e+00 1.000000e+00
    outer loop
      vertex   -7.001061e+01 3.512278e+01 4.410114e+01
      vertex   -7.000108e+01 3.512275e+01 4.410114e+01
      vertex   -6.997903e+01 3.580523e+01 4.410114e+01
    endloop
  endfacet
  facet normal 0.000000e+00 0.000000e+00 1.000000e+00
    outer loop
      vertex   -6.997903e+01 3.580523e+01 4.410114e+01
      vertex   -7.000108e+01 3.512275e+01 4.410114e+01
      vertex   -6.996729e+01 3.580414e+01 4.410114e+01
    endloop
  endfacet
  facet normal -0.000000e+00 0.000000e+00 1.000000e+00
    outer loop
      vertex   -6.997903e+01 3.580523e+01 4.410114e+01
      vertex   -6.996729e+01 3.580414e+01 4.410114e+01
      vertex   -6.992980e+01 3.621263e+01 4.410114e+01
    endloop
  endfacet
  facet normal -0.000000e+00 0.000000e+00 1.000000e+00
    outer loop
      vertex   -6.992980e+01 3.621263e+01 4.410114e+01
      vertex   -6.996729e+01 3.580414e+01 4.410114e+01
      vertex   -6.987106e+01 3.647954e+01 4.410114e+01
    endloop
  endfacet
  facet normal 0.000000e+00 0.000000e+00 1.000000e+00
    outer loop
      vertex   -6.992980e+01 3.621263e+01 4.410114e+01
      vertex   -6.987106e+01 3.647954e+01 4.410114e+01
      vertex   -6.988452e+01 3.648206e+01 4.410114e+01
    endloop
  endfacet
  facet normal -0.000000e+00 0.000000e+00 1.000000e+00
    outer loop
      vertex   -6.988452e+01 3.648206e+01 4.410114e+01
      vertex   -6.987106e+01 3.647954e+01 4.410114e+01
      vertex   -6.971321e+01 3.714325e+01 4.410114e+01
    endloop
  endfacet
  facet normal 0.000000e+00 0.000000e+00 1.000000e+00
    outer loop
      vertex   -6.988452e+01 3.648206e+01 4.410114e+01
      vertex   -6.971321e+01 3.714325e+01 4.410114e+01
      vertex   -6.968915e+01 3.727865e+01 4.410114e+01
    endloop
  endfacet
  facet normal -0.000000e+00 0.000000e+00 1.000000e+00
    outer loop
      vertex   -6.968915e+01 3.727865e+01 4.410114e+01
      vertex   -6.971321e+01 3.714325e+01 4.410114e+01
      vertex   -6.949506e+01 3.778966e+01 4.410114e+01
    endloop
  endfacet
  facet normal 0.000000e+00 0.000000e+00 1.000000e+00
    outer loop
      vertex   -6.968915e+01 3.727865e+01 4.410114e+01
      vertex   -6.949506e+01 3.778966e+01 4.410114e+01
      vertex   -6.951033e+01 3.779558e+01 4.410114e+01
    endloop
  endfacet
  facet normal -0.000000e+00 0.000000e+00 1.000000e+00
    outer loop
      vertex   -6.951033e+01 3.779558e+01 4.410114e+01
      vertex   -6.949506e+01 3.778966e+01 4.410114e+01
      vertex   -6.929392e+01 3.829752e+01 4.410114e+01
    endloop
  endfacet
  facet normal -0.000000e+00 0.000000e+00 1.000000e+00
    outer loop
      vertex   -6.929392e+01 3.829752e+01 4.410114e+01
      vertex   -6.949506e+01 3.778966e+01 4.410114e+01
      vertex   -6.921846e+01 3.841330e+01 4.410114e+01
    endloop
  endfacet
  facet normal 0.000000e+00 0.000000e+00 1.000000e+00
    outer loop
      vertex   -6.929392e+01 3.829752e+01 4.410114e+01
      vertex   -6.921846e+01 3.841330e+01 4.410114e+01
      vertex   -6.888575e+01 3.900890e+01 4.410114e+01
    endloop
  endfacet
  facet normal 0.000000e+00 0.000000e+00 1.000000e+00
    outer loop
      vertex   -6.929392e+01 3.829752e+01 4.410114e+01
      vertex   -6.888575e+01 3.900890e+01 4.410114e+01
      vertex   -6.875276e+01 3.924696e+01 4.410114e+01
    endloop
  endfacet
  facet normal -0.000000e+00 0.000000e+00 1.000000e+00
    outer loop
      vertex   -6.875276e+01 3.924696e+01 4.410114e+01
      vertex   -6.888575e+01 3.900890e+01 4.410114e+01
      vertex   -6.849975e+01 3.957142e+01 4.410114e+01
    endloop
  endfacet
  facet normal 0.000000e+00 0.000000e+00 1.000000e+00
    outer loop
      vertex   -6.875276e+01 3.924696e+01 4.410114e+01
      vertex   -6.849975e+01 3.957142e+01 4.410114e+01
      vertex   -6.851365e+01 3.958194e+01 4.410114e+01
    endloop
  endfacet
  facet normal -0.000000e+00 0.000000e+00 1.000000e+00
    outer loop
      vertex   -6.851365e+01 3.958194e+01 4.410114e+01
      vertex   -6.849975e+01 3.957142e+01 4.410114e+01
      vertex   -6.807749e+01 4.010621e+01 4.410114e+01
    endloop
  endfacet
  facet normal 0.000000e+00 0.000000e+00 1.000000e+00
    outer loop
      vertex   -6.807749e+01 4.010621e+01 4.410114e+01
      vertex   -6.849975e+01 3.957142e+01 4.410114e+01
      vertex   -6.806371e+01 4.009611e+01 4.410114e+01
    endloop
  endfacet
  facet normal -0.000000e+00 0.000000e+00 1.000000e+00
    outer loop
      vertex   -6.807749e+01 4.010621e+01 4.410114e+01
      vertex   -6.806371e+01 4.009611e+01 4.410114e+01
      vertex   -6.759217e+01 4.059047e+01 4.410114e+01
    endloop
  endfacet
  facet normal 0.000000e+00 0.000000e+00 1.000000e+00
    outer loop
      vertex   -6.759217e+01 4.059047e+01 4.410114e+01
      vertex   -6.806371e+01 4.009611e+01 4.410114e+01
      vertex   -6.758132e+01 4.057854e+01 4.410114e+01
    endloop
  endfacet
  facet normal -0.000000e+00 0.000000e+00 1.000000e+00
    outer loop
      vertex   -6.759217e+01 4.059047e+01 4.410114e+01
      vertex   -6.758132e+01 4.057854e+01 4.410114e+01
      vertex   -6.728289e+01 4.085648e+01 4.410114e+01
    endloop
  endfacet
  facet normal -0.000000e+00 0.000000e+00 1.000000e+00
    outer loop
      vertex   -6.728289e+01 4.085648e+01 4.410114e+01
      vertex   -6.758132e+01 4.057854e+01 4.410114e+01
      vertex   -6.705666e+01 4.101462e+01 4.410114e+01
    endloop
  endfacet
  facet normal 0.000000e+00 0.000000e+00 1.000000e+00
    outer loop
      vertex   -6.728289e+01 4.085648e+01 4.410114e+01
      vertex   -6.705666e+01 4.101462e+01 4.410114e+01
      vertex   -6.706562e+01 4.102651e+01 4.410114e+01
    endloop
  endfacet
  facet normal -0.000000e+00 0.000000e+00 1.000000e+00
    outer loop
      vertex   -6.706562e+01 4.102651e+01 4.410114e+01
      vertex   -6.705666e+01 4.101462e+01 4.410114e+01
      vertex   -6.649417e+01 4.140066e+01 4.410114e+01
    endloop
  endfacet
  facet normal 0.000000e+00 0.000000e+00 1.000000e+00
    outer loop
      vertex   -6.706562e+01 4.102651e+01 4.410114e+01
      vertex   -6.649417e+01 4.140066e+01 4.410114e+01
      vertex   -6.638632e+01 4.148136e+01 4.410114e+01
    endloop
  endfacet
  facet normal -0.000000e+00 0.000000e+00 1.000000e+00
    outer loop
      vertex   -6.638632e+01 4.148136e+01 4.410114e+01
      vertex   -6.649417e+01 4.140066e+01 4.410114e+01
      vertex   -6.589860e+01 4.173342e+01 4.410114e+01
    endloop
  endfacet
  facet normal 0.000000e+00 0.000000e+00 1.000000e+00
    outer loop
      vertex   -6.638632e+01 4.148136e+01 4.410114e+01
      vertex   -6.589860e+01 4.173342e+01 4.410114e+01
      vertex   -6.590360e+01 4.174351e+01 4.410114e+01
    endloop
  endfacet
  facet normal -0.000000e+00 0.000000e+00 1.000000e+00
    outer loop
      vertex   -6.590360e+01 4.174351e+01 4.410114e+01
      vertex   -6.589860e+01 4.173342e+01 4.410114e+01
      vertex   -6.540741e+01 4.196718e+01 4.410114e+01
    endloop
  endfacet
  facet normal -0.000000e+00 0.000000e+00 1.000000e+00
    outer loop
      vertex   -6.540741e+01 4.196718e+01 4.410114e+01
      vertex   -6.589860e+01 4.173342e+01 4.410114e+01
      vertex   -6.527498e+01 4.201006e+01 4.410114e+01
    endloop
  endfacet
  facet normal 0.000000e+00 0.000000e+00 1.000000e+00
    outer loop
      vertex   -6.540741e+01 4.196718e+01 4.410114e+01
      vertex   -6.527498e+01 4.201006e+01 4.410114e+01
      vertex   -6.527819e+01 4.201839e+01 4.410114e+01
    endloop
  endfacet
  facet normal -0.000000e+00 0.000000e+00 1.000000e+00
    outer loop
      vertex   -6.527819e+01 4.201839e+01 4.410114e+01
      vertex   -6.527498e+01 4.201006e+01 4.410114e+01
      vertex   -6.463029e+01 4.223427e+01 4.410114e+01
    endloop
  endfacet
  facet normal 0.000000e+00 0.000000e+00 1.000000e+00
    outer loop
      vertex   -6.463029e+01 4.223427e+01 4.410114e+01
      vertex   -6.527498e+01 4.201006e+01 4.410114e+01
      vertex   -6.462859e+01 4.222826e+01 4.410114e+01
    endloop
  endfacet
  facet normal -0.000000e+00 0.000000e+00 1.000000e+00
    outer loop
      vertex   -6.463029e+01 4.223427e+01 4.410114e+01
      vertex   -6.462859e+01 4.222826e+01 4.410114e+01
      vertex   -6.436755e+01 4.230333e+01 4.410114e+01
    endloop
  endfacet
  facet normal -0.000000e+00 0.000000e+00 1.000000e+00
    outer loop
      vertex   -6.436755e+01 4.230333e+01 4.410114e+01
      vertex   -6.462859e+01 4.222826e+01 4.410114e+01
      vertex   -6.396489e+01 4.238617e+01 4.410114e+01
    endloop
  endfacet
  facet normal 0.000000e+00 0.000000e+00 1.000000e+00
    outer loop
      vertex   -6.436755e+01 4.230333e+01 4.410114e+01
      vertex   -6.396489e+01 4.238617e+01 4.410114e+01
      vertex   -6.396548e+01 4.238938e+01 4.410114e+01
    endloop
  endfacet
  facet normal -4.919970e-13 -9.105703e-14 1.000000e+00
    outer loop
      vertex   -6.396548e+01 4.238938e+01 4.410114e+01
      vertex   -6.396489e+01 4.238617e+01 4.410114e+01
      vertex   -6.328949e+01 4.248245e+01 4.410114e+01
    endloop
  endfacet
  facet normal 0.000000e+00 0.000000e+00 1.000000e+00
    outer loop
      vertex   -7.001061e+01 3.262278e+01 4.410114e+01
      vertex   -7.000955e+01 3.276713e+01 4.410114e+01
      vertex   -7.001061e+01 3.512278e+01 4.410114e+01
    endloop
  endfacet
  facet normal 0.000000e+00 0.000000e+00 1.000000e+00
    outer loop
      vertex   -7.001061e+01 3.512278e+01 4.410114e+01
      vertex   -7.000955e+01 3.276713e+01 4.410114e+01
      vertex   -7.000639e+01 3.291145e+01 4.410114e+01
    endloop
  endfacet
  facet normal 0.000000e+00 0.000000e+00 1.000000e+00
    outer loop
      vertex   -7.001061e+01 3.512278e+01 4.410114e+01
      vertex   -7.000639e+01 3.291145e+01 4.410114e+01
      vertex   -7.000113e+01 3.305571e+01 4.410114e+01
    endloop
  endfacet
  facet normal 0.000000e+00 0.000000e+00 1.000000e+00
    outer loop
      vertex   -7.000100e+01 -2.510716e+01 4.410114e+01
      vertex   -7.000113e+01 -2.506366e+01 4.410114e+01
      vertex   -7.001061e+01 -2.510722e+01 4.410114e+01
    endloop
  endfacet
  facet normal 0.000000e+00 0.000000e+00 1.000000e+00
    outer loop
      vertex   -7.001061e+01 -2.510722e+01 4.410114e+01
      vertex   -7.000113e+01 -2.506366e+01 4.410114e+01
      vertex   -7.000113e+01 -2.304015e+01 4.410114e+01
    endloop
  endfacet
  facet normal 0.000000e+00 0.000000e+00 1.000000e+00
    outer loop
      vertex   -7.001061e+01 -2.510722e+01 4.410114e+01
      vertex   -7.000113e+01 -2.304015e+01 4.410114e+01
      vertex   -7.000639e+01 -2.289589e+01 4.410114e+01
    endloop
  endfacet
  facet normal 0.000000e+00 0.000000e+00 1.000000e+00
    outer loop
      vertex   -7.000639e+01 -2.289589e+01 4.410114e+01
      vertex   -7.000955e+01 -2.275157e+01 4.410114e+01
      vertex   -7.001061e+01 -2.510722e+01 4.410114e+01
    endloop
  endfacet
  facet normal 0.000000e+00 0.000000e+00 1.000000e+00
    outer loop
      vertex   -7.001061e+01 -2.510722e+01 4.410114e+01
      vertex   -7.000955e+01 -2.275157e+01 4.410114e+01
      vertex   -7.001061e+01 -2.260722e+01 4.410114e+01
    endloop
  endfacet
  facet normal 0.000000e+00 0.000000e+00 1.000000e+00
    outer loop
      vertex   -7.000100e+01 -2.510716e+01 4.410114e+01
      vertex   -7.001061e+01 -2.510722e+01 4.410114e+01
      vertex   -6.996154e+01 -2.582907e+01 4.410114e+01
    endloop
  endfacet
  facet normal 0.000000e+00 0.000000e+00 1.000000e+00
    outer loop
      vertex   -6.996154e+01 -2.582907e+01 4.410114e+01
      vertex   -7.001061e+01 -2.510722e+01 4.410114e+01
      vertex   -6.997514e+01 -2.583041e+01 4.410114e+01
    endloop
  endfacet
  facet normal 0.000000e+00 0.000000e+00 1.000000e+00
    outer loop
      vertex   -6.996154e+01 -2.582907e+01 4.410114e+01
      vertex   -6.997514e+01 -2.583041e+01 4.410114e+01
      vertex   -6.993539e+01 -2.615892e+01 4.410114e+01
    endloop
  endfacet
  facet normal 0.000000e+00 0.000000e+00 1.000000e+00
    outer loop
      vertex   -6.996154e+01 -2.582907e+01 4.410114e+01
      vertex   -6.993539e+01 -2.615892e+01 4.410114e+01
      vertex   -6.985202e+01 -2.654372e+01 4.410114e+01
    endloop
  endfacet
  facet normal 0.000000e+00 0.000000e+00 1.000000e+00
    outer loop
      vertex   -6.985202e+01 -2.654372e+01 4.410114e+01
      vertex   -6.993539e+01 -2.615892e+01 4.410114e+01
      vertex   -6.986898e+01 -2.654709e+01 4.410114e+01
    endloop
  endfacet
  facet normal 0.000000e+00 0.000000e+00 1.000000e+00
    outer loop
      vertex   -6.985202e+01 -2.654372e+01 4.410114e+01
      vertex   -6.986898e+01 -2.654709e+01 4.410114e+01
      vertex   -6.971126e+01 -2.718922e+01 4.410114e+01
    endloop
  endfacet
  facet normal 0.000000e+00 0.000000e+00 1.000000e+00
    outer loop
      vertex   -6.934279e+01 -2.817713e+01 4.410114e+01
      vertex   -6.942757e+01 -2.792420e+01 4.410114e+01
      vertex   -6.971126e+01 -2.718922e+01 4.410114e+01
    endloop
  endfacet
  facet normal 0.000000e+00 0.000000e+00 1.000000e+00
    outer loop
      vertex   -6.971126e+01 -2.718922e+01 4.410114e+01
      vertex   -6.942757e+01 -2.792420e+01 4.410114e+01
      vertex   -6.967346e+01 -2.724431e+01 4.410114e+01
    endloop
  endfacet
  facet normal -0.000000e+00 -0.000000e+00 1.000000e+00
    outer loop
      vertex   -6.971126e+01 -2.718922e+01 4.410114e+01
      vertex   -6.967346e+01 -2.724431e+01 4.410114e+01
      vertex   -6.985202e+01 -2.654372e+01 4.410114e+01
    endloop
  endfacet
  facet normal 0.000000e+00 0.000000e+00 1.000000e+00
    outer loop
      vertex   -6.942757e+01 -2.792420e+01 4.410114e+01
      vertex   -6.934279e+01 -2.817713e+01 4.410114e+01
      vertex   -6.911667e+01 -2.857693e+01 4.410114e+01
    endloop
  endfacet
  facet normal 0.000000e+00 0.000000e+00 1.000000e+00
    outer loop
      vertex   -6.911667e+01 -2.857693e+01 4.410114e+01
      vertex   -6.934279e+01 -2.817713e+01 4.410114e+01
      vertex   -6.883747e+01 -2.910255e+01 4.410114e+01
    endloop
  endfacet
  facet normal 0.000000e+00 0.000000e+00 1.000000e+00
    outer loop
      vertex   -6.911667e+01 -2.857693e+01 4.410114e+01
      vertex   -6.883747e+01 -2.910255e+01 4.410114e+01
      vertex   -6.874373e+01 -2.919630e+01 4.410114e+01
    endloop
  endfacet
  facet normal 0.000000e+00 0.000000e+00 1.000000e+00
    outer loop
      vertex   -6.874373e+01 -2.919630e+01 4.410114e+01
      vertex   -6.883747e+01 -2.910255e+01 4.410114e+01
      vertex   -6.831228e+01 -2.977644e+01 4.410114e+01
    endloop
  endfacet
  facet normal 0.000000e+00 0.000000e+00 1.000000e+00
    outer loop
      vertex   -6.831228e+01 -2.977644e+01 4.410114e+01
      vertex   -6.883747e+01 -2.910255e+01 4.410114e+01
      vertex   -6.820560e+01 -2.994664e+01 4.410114e+01
    endloop
  endfacet
  facet normal 0.000000e+00 0.000000e+00 1.000000e+00
    outer loop
      vertex   -6.831228e+01 -2.977644e+01 4.410114e+01
      vertex   -6.820560e+01 -2.994664e+01 4.410114e+01
      vertex   -6.782641e+01 -3.031184e+01 4.410114e+01
    endloop
  endfacet
  facet normal 0.000000e+00 0.000000e+00 1.000000e+00
    outer loop
      vertex   -6.782641e+01 -3.031184e+01 4.410114e+01
      vertex   -6.820560e+01 -2.994664e+01 4.410114e+01
      vertex   -6.746003e+01 -3.069221e+01 4.410114e+01
    endloop
  endfacet
  facet normal 0.000000e+00 0.000000e+00 1.000000e+00
    outer loop
      vertex   -6.782641e+01 -3.031184e+01 4.410114e+01
      vertex   -6.746003e+01 -3.069221e+01 4.410114e+01
      vertex   -6.729075e+01 -3.079741e+01 4.410114e+01
    endloop
  endfacet
  facet normal 0.000000e+00 0.000000e+00 1.000000e+00
    outer loop
      vertex   -6.729075e+01 -3.079741e+01 4.410114e+01
      vertex   -6.746003e+01 -3.069221e+01 4.410114e+01
      vertex   -6.661594e+01 -3.132408e+01 4.410114e+01
    endloop
  endfacet
  facet normal 0.000000e+00 0.000000e+00 1.000000e+00
    outer loop
      vertex   -6.729075e+01 -3.079741e+01 4.410114e+01
      vertex   -6.661594e+01 -3.132408e+01 4.410114e+01
      vertex   -6.671037e+01 -3.122854e+01 4.410114e+01
    endloop
  endfacet
  facet normal 0.000000e+00 0.000000e+00 1.000000e+00
    outer loop
      vertex   -6.671037e+01 -3.122854e+01 4.410114e+01
      vertex   -6.661594e+01 -3.132408e+01 4.410114e+01
      vertex   -6.609079e+01 -3.160114e+01 4.410114e+01
    endloop
  endfacet
  facet normal 0.000000e+00 0.000000e+00 1.000000e+00
    outer loop
      vertex   -6.609079e+01 -3.160114e+01 4.410114e+01
      vertex   -6.661594e+01 -3.132408e+01 4.410114e+01
      vertex   -6.569052e+01 -3.182940e+01 4.410114e+01
    endloop
  endfacet
  facet normal 0.000000e+00 0.000000e+00 1.000000e+00
    outer loop
      vertex   -6.609079e+01 -3.160114e+01 4.410114e+01
      vertex   -6.569052e+01 -3.182940e+01 4.410114e+01
      vertex   -6.543789e+01 -3.191168e+01 4.410114e+01
    endloop
  endfacet
  facet normal 0.000000e+00 0.000000e+00 1.000000e+00
    outer loop
      vertex   -6.543789e+01 -3.191168e+01 4.410114e+01
      vertex   -6.569052e+01 -3.182940e+01 4.410114e+01
      vertex   -6.470261e+01 -3.219787e+01 4.410114e+01
    endloop
  endfacet
  facet normal 0.000000e+00 0.000000e+00 1.000000e+00
    outer loop
      vertex   -6.543789e+01 -3.191168e+01 4.410114e+01
      vertex   -6.470261e+01 -3.219787e+01 4.410114e+01
      vertex   -6.475786e+01 -3.215719e+01 4.410114e+01
    endloop
  endfacet
  facet normal 0.000000e+00 0.000000e+00 1.000000e+00
    outer loop
      vertex   -6.475786e+01 -3.215719e+01 4.410114e+01
      vertex   -6.470261e+01 -3.219787e+01 4.410114e+01
      vertex   -6.405717e+01 -3.233537e+01 4.410114e+01
    endloop
  endfacet
  facet normal 0.000000e+00 0.000000e+00 1.000000e+00
    outer loop
      vertex   -6.405717e+01 -3.233537e+01 4.410114e+01
      vertex   -6.470261e+01 -3.219787e+01 4.410114e+01
      vertex   -6.367231e+01 -3.242200e+01 4.410114e+01
    endloop
  endfacet
  facet normal 0.000000e+00 0.000000e+00 1.000000e+00
    outer loop
      vertex   -6.405717e+01 -3.233537e+01 4.410114e+01
      vertex   -6.367231e+01 -3.242200e+01 4.410114e+01
      vertex   -6.334247e+01 -3.244450e+01 4.410114e+01
    endloop
  endfacet
  facet normal 0.000000e+00 0.000000e+00 1.000000e+00
    outer loop
      vertex   -6.334247e+01 -3.244450e+01 4.410114e+01
      vertex   -6.367231e+01 -3.242200e+01 4.410114e+01
      vertex   -6.262061e+01 -3.249722e+01 4.410114e+01
    endloop
  endfacet
  facet normal 0.000000e+00 0.000000e+00 1.000000e+00
    outer loop
      vertex   -6.334247e+01 -3.244450e+01 4.410114e+01
      vertex   -6.262061e+01 -3.249722e+01 4.410114e+01
      vertex   -6.262053e+01 -3.248356e+01 4.410114e+01
    endloop
  endfacet
  facet normal 0.000000e+00 0.000000e+00 1.000000e+00
    outer loop
      vertex   -6.262053e+01 -3.248356e+01 4.410114e+01
      vertex   -6.262061e+01 -3.249722e+01 4.410114e+01
      vertex   -6.258113e+01 -3.248366e+01 4.410114e+01
    endloop
  endfacet
  facet normal -0.000000e+00 0.000000e+00 1.000000e+00
    outer loop
      vertex   -6.258113e+01 -3.248366e+01 4.410114e+01
      vertex   -6.262061e+01 -3.249722e+01 4.410114e+01
      vertex   -6.063826e+01 -3.248366e+01 4.410114e+01
    endloop
  endfacet
  facet normal 0.000000e+00 0.000000e+00 1.000000e+00
    outer loop
      vertex   -6.063826e+01 -3.248366e+01 4.410114e+01
      vertex   -6.262061e+01 -3.249722e+01 4.410114e+01
      vertex   -6.046580e+01 -3.249119e+01 4.410114e+01
    endloop
  endfacet
  facet normal 0.000000e+00 0.000000e+00 1.000000e+00
    outer loop
      vertex   -6.046580e+01 -3.249119e+01 4.410114e+01
      vertex   -6.262061e+01 -3.249722e+01 4.410114e+01
      vertex   -6.029323e+01 -3.249571e+01 4.410114e+01
    endloop
  endfacet
  facet normal 0.000000e+00 0.000000e+00 1.000000e+00
    outer loop
      vertex   -6.029323e+01 -3.249571e+01 4.410114e+01
      vertex   -6.262061e+01 -3.249722e+01 4.410114e+01
      vertex   -6.012061e+01 -3.249722e+01 4.410114e+01
    endloop
  endfacet
  facet normal 1.000000e+00 5.509726e-15 1.315762e-28
    outer loop
      vertex   -6.685863e+01 -2.749457e+01 3.967737e+01
      vertex   -6.685863e+01 -2.749457e+01 3.952860e+01
      vertex   -6.685863e+01 -2.491534e+01 3.967737e+01
    endloop
  endfacet
  facet normal 1.000000e+00 5.509726e-15 0.000000e+00
    outer loop
      vertex   -6.685863e+01 -2.491534e+01 3.967737e+01
      vertex   -6.685863e+01 -2.749457e+01 3.952860e+01
      vertex   -6.685863e+01 -2.491534e+01 3.339448e+01
    endloop
  endfacet
  facet normal 1.000000e+00 3.980632e-15 -6.429427e-16
    outer loop
      vertex   -6.685863e+01 -2.491534e+01 3.339448e+01
      vertex   -6.685863e+01 -2.749457e+01 3.952860e+01
      vertex   -6.685863e+01 -2.848534e+01 3.339448e+01
    endloop
  endfacet
  facet normal 1.000000e+00 0.000000e+00 0.000000e+00
    outer loop
      vertex   -6.685863e+01 -2.848534e+01 3.339448e+01
      vertex   -6.685863e+01 -2.749457e+01 3.952860e+01
      vertex   -6.685863e+01 -2.848534e+01 3.952860e+01
    endloop
  endfacet
  facet normal 0.000000e+00 1.000000e+00 0.000000e+00
    outer loop
      vertex   -6.648380e+01 -2.848534e+01 3.952860e+01
      vertex   -6.648380e+01 -2.848534e+01 3.340735e+01
      vertex   -6.685863e+01 -2.848534e+01 3.952860e+01
    endloop
  endfacet
  facet normal 0.000000e+00 1.000000e+00 0.000000e+00
    outer loop
      vertex   -6.685863e+01 -2.848534e+01 3.952860e+01
      vertex   -6.648380e+01 -2.848534e+01 3.340735e+01
      vertex   -6.685863e+01 -2.848534e+01 3.339448e+01
    endloop
  endfacet
  facet normal -2.568882e-15 1.000000e+00 7.481310e-14
    outer loop
      vertex   -6.685863e+01 -2.848534e+01 3.339448e+01
      vertex   -6.648380e+01 -2.848534e+01 3.340735e+01
      vertex   -4.749690e+01 -2.848534e+01 3.339448e+01
    endloop
  endfacet
  facet normal -2.619595e-15 1.000000e+00 0.000000e+00
    outer loop
      vertex   -4.749690e+01 -2.848534e+01 3.339448e+01
      vertex   -6.648380e+01 -2.848534e+01 3.340735e+01
      vertex   -4.749690e+01 -2.848534e+01 3.340735e+01
    endloop
  endfacet
  facet normal 7.071068e-01 7.071068e-01 0.000000e+00
    outer loop
      vertex   -6.433380e+01 -3.063534e+01 3.952860e+01
      vertex   -6.433380e+01 -3.063534e+01 3.340735e+01
      vertex   -6.648380e+01 -2.848534e+01 3.952860e+01
    endloop
  endfacet
  facet normal 7.071068e-01 7.071068e-01 0.000000e+00
    outer loop
      vertex   -6.648380e+01 -2.848534e+01 3.952860e+01
      vertex   -6.433380e+01 -3.063534e+01 3.340735e+01
      vertex   -6.648380e+01 -2.848534e+01 3.340735e+01
    endloop
  endfacet
  facet normal 1.000000e+00 -0.000000e+00 0.000000e+00
    outer loop
      vertex   -6.433380e+01 -3.118121e+01 3.952860e+01
      vertex   -6.433380e+01 -3.118121e+01 3.340735e+01
      vertex   -6.433380e+01 -3.063534e+01 3.952860e+01
    endloop
  endfacet
  facet normal 1.000000e+00 0.000000e+00 0.000000e+00
    outer loop
      vertex   -6.433380e+01 -3.063534e+01 3.952860e+01
      vertex   -6.433380e+01 -3.118121e+01 3.340735e+01
      vertex   -6.433380e+01 -3.063534e+01 3.340735e+01
    endloop
  endfacet
  facet normal 9.595694e-01 -2.814722e-01 4.583040e-14
    outer loop
      vertex   4.662985e+01 -2.743468e+01 3.967737e+01
      vertex   4.662985e+01 -2.743468e+01 3.952860e+01
      vertex   4.679656e+01 -2.686636e+01 3.967737e+01
    endloop
  endfacet
  facet normal 9.595382e-01 -2.815781e-01 4.392768e-04
    outer loop
      vertex   4.679656e+01 -2.686636e+01 3.967737e+01
      vertex   4.662985e+01 -2.743468e+01 3.952860e+01
      vertex   4.671831e+01 -2.715412e+01 2.614503e+01
    endloop
  endfacet
  facet normal 9.731783e-01 -2.300510e-01 -7.352916e-04
    outer loop
      vertex   4.679656e+01 -2.686636e+01 3.967737e+01
      vertex   4.671831e+01 -2.715412e+01 2.614503e+01
      vertex   4.684188e+01 -2.667462e+01 3.967737e+01
    endloop
  endfacet
  facet normal 9.771459e-01 -2.125651e-01 -1.391107e-03
    outer loop
      vertex   4.684188e+01 -2.667462e+01 3.967737e+01
      vertex   4.671831e+01 -2.715412e+01 2.614503e+01
      vertex   4.694335e+01 -2.611964e+01 2.614503e+01
    endloop
  endfacet
  facet normal 9.815845e-01 -1.910277e-01 -4.745445e-04
    outer loop
      vertex   4.684188e+01 -2.667462e+01 3.967737e+01
      vertex   4.694335e+01 -2.611964e+01 2.614503e+01
      vertex   4.691741e+01 -2.628655e+01 3.967737e+01
    endloop
  endfacet
  facet normal 9.921172e-01 -1.253133e-01 3.561754e-04
    outer loop
      vertex   4.691741e+01 -2.628655e+01 3.967737e+01
      vertex   4.694335e+01 -2.611964e+01 2.614503e+01
      vertex   4.699163e+01 -2.569894e+01 3.967737e+01
    endloop
  endfacet
  facet normal 9.974512e-01 -7.133912e-02 -1.340806e-03
    outer loop
      vertex   4.699163e+01 -2.569894e+01 3.967737e+01
      vertex   4.694335e+01 -2.611964e+01 2.614503e+01
      vertex   4.701887e+01 -2.506366e+01 2.614503e+01
    endloop
  endfacet
  facet normal 9.989513e-01 -4.578545e-02 -1.381552e-04
    outer loop
      vertex   4.699163e+01 -2.569894e+01 3.967737e+01
      vertex   4.701887e+01 -2.506366e+01 2.614503e+01
      vertex   4.701874e+01 -2.510729e+01 3.967737e+01
    endloop
  endfacet
  facet normal 9.999957e-01 -2.940180e-03 0.000000e+00
    outer loop
      vertex   4.701874e+01 -2.510729e+01 3.967737e+01
      vertex   4.701887e+01 -2.506366e+01 2.614503e+01
      vertex   4.701887e+01 -2.506366e+01 3.967737e+01
    endloop
  endfacet
  facet normal 9.369491e-01 -3.494640e-01 -1.133158e-03
    outer loop
      vertex   4.671831e+01 -2.715412e+01 2.614503e+01
      vertex   4.662985e+01 -2.743468e+01 3.952860e+01
      vertex   4.634834e+01 -2.814604e+01 2.614503e+01
    endloop
  endfacet
  facet normal 9.232091e-01 -3.842968e-01 1.007265e-03
    outer loop
      vertex   4.634834e+01 -2.814604e+01 2.614503e+01
      vertex   4.662985e+01 -2.743468e+01 3.952860e+01
      vertex   4.623554e+01 -2.838196e+01 3.952860e+01
    endloop
  endfacet
  facet normal 8.776785e-01 -4.792487e-01 -1.050245e-03
    outer loop
      vertex   4.634834e+01 -2.814604e+01 2.614503e+01
      vertex   4.623554e+01 -2.838196e+01 3.952860e+01
      vertex   4.584097e+01 -2.907522e+01 2.614503e+01
    endloop
  endfacet
  facet normal 8.613673e-01 -5.079817e-01 9.189755e-04
    outer loop
      vertex   4.584097e+01 -2.907522e+01 2.614503e+01
      vertex   4.623554e+01 -2.838196e+01 3.952860e+01
      vertex   4.571431e+01 -2.926578e+01 3.952860e+01
    endloop
  endfacet
  facet normal 8.005409e-01 -5.992774e-01 -9.565787e-04
    outer loop
      vertex   4.584097e+01 -2.907522e+01 2.614503e+01
      vertex   4.571431e+01 -2.926578e+01 3.952860e+01
      vertex   4.520654e+01 -2.992273e+01 2.614503e+01
    endloop
  endfacet
  facet normal 7.830542e-01 -6.219529e-01 8.199333e-04
    outer loop
      vertex   4.520654e+01 -2.992273e+01 2.614503e+01
      vertex   4.571431e+01 -2.926578e+01 3.952860e+01
      vertex   4.507615e+01 -3.006924e+01 3.952860e+01
    endloop
  endfacet
  facet normal 7.071065e-01 -7.071065e-01 -8.521610e-04
    outer loop
      vertex   4.520654e+01 -2.992273e+01 2.614503e+01
      vertex   4.507615e+01 -3.006924e+01 3.952860e+01
      vertex   4.445794e+01 -3.067132e+01 2.614503e+01
    endloop
  endfacet
  facet normal 6.897672e-01 -7.240309e-01 7.101405e-04
    outer loop
      vertex   4.445794e+01 -3.067132e+01 2.614503e+01
      vertex   4.507615e+01 -3.006924e+01 3.952860e+01
      vertex   4.433325e+01 -3.077699e+01 3.952860e+01
    endloop
  endfacet
  facet normal 5.992775e-01 -8.005410e-01 -7.369937e-04
    outer loop
      vertex   4.445794e+01 -3.067132e+01 2.614503e+01
      vertex   4.433325e+01 -3.077699e+01 3.952860e+01
      vertex   4.361043e+01 -3.130576e+01 2.614503e+01
    endloop
  endfacet
  facet normal 5.832902e-01 -8.122636e-01 5.895993e-04
    outer loop
      vertex   4.361043e+01 -3.130576e+01 2.614503e+01
      vertex   4.433325e+01 -3.077699e+01 3.952860e+01
      vertex   4.349981e+01 -3.137548e+01 3.952860e+01
    endloop
  endfacet
  facet normal 4.792489e-01 -8.776788e-01 -6.110792e-04
    outer loop
      vertex   4.361043e+01 -3.130576e+01 2.614503e+01
      vertex   4.349981e+01 -3.137548e+01 3.952860e+01
      vertex   4.268125e+01 -3.181313e+01 2.614503e+01
    endloop
  endfacet
  facet normal 4.656593e-01 -8.849640e-01 4.583120e-04
    outer loop
      vertex   4.268125e+01 -3.181313e+01 2.614503e+01
      vertex   4.349981e+01 -3.137548e+01 3.952860e+01
      vertex   4.259178e+01 -3.185328e+01 3.952860e+01
    endloop
  endfacet
  facet normal 3.494641e-01 -9.369496e-01 -4.744198e-04
    outer loop
      vertex   4.268125e+01 -3.181313e+01 2.614503e+01
      vertex   4.259178e+01 -3.185328e+01 3.952860e+01
      vertex   4.168933e+01 -3.218310e+01 2.614503e+01
    endloop
  endfacet
  facet normal 3.391238e-01 -9.407417e-01 3.162812e-04
    outer loop
      vertex   4.168933e+01 -3.218310e+01 2.614503e+01
      vertex   4.259178e+01 -3.185328e+01 3.952860e+01
      vertex   4.162652e+01 -3.220124e+01 3.952860e+01
    endloop
  endfacet
  facet normal 2.125653e-01 -9.771468e-01 -3.270182e-04
    outer loop
      vertex   4.168933e+01 -3.218310e+01 2.614503e+01
      vertex   4.162652e+01 -3.220124e+01 3.952860e+01
      vertex   4.065485e+01 -3.240814e+01 2.614503e+01
    endloop
  endfacet
  facet normal 2.061034e-01 -9.785302e-01 1.635095e-04
    outer loop
      vertex   4.065485e+01 -3.240814e+01 2.614503e+01
      vertex   4.162652e+01 -3.220124e+01 3.952860e+01
      vertex   4.062248e+01 -3.241272e+01 3.952860e+01
    endloop
  endfacet
  facet normal 7.133918e-02 -9.974521e-01 -1.688772e-04
    outer loop
      vertex   4.065485e+01 -3.240814e+01 2.614503e+01
      vertex   4.062248e+01 -3.241272e+01 3.952860e+01
      vertex   3.959887e+01 -3.248366e+01 2.614503e+01
    endloop
  endfacet
  facet normal 6.914186e-02 -9.976068e-01 0.000000e+00
    outer loop
      vertex   3.959887e+01 -3.248366e+01 2.614503e+01
      vertex   4.062248e+01 -3.241272e+01 3.952860e+01
      vertex   3.959887e+01 -3.248366e+01 3.952860e+01
    endloop
  endfacet
  facet normal 0.000000e+00 -1.000000e+00 0.000000e+00
    outer loop
      vertex   -6.258113e+01 -3.248366e+01 3.952860e+01
      vertex   -5.788506e+01 -3.248366e+01 3.320879e+01
      vertex   3.959887e+01 -3.248366e+01 3.952860e+01
    endloop
  endfacet
  facet normal 0.000000e+00 -1.000000e+00 0.000000e+00
    outer loop
      vertex   3.959887e+01 -3.248366e+01 3.952860e+01
      vertex   -5.788506e+01 -3.248366e+01 3.320879e+01
      vertex   -5.717277e+01 -3.248366e+01 3.295955e+01
    endloop
  endfacet
  facet normal 0.000000e+00 -1.000000e+00 0.000000e+00
    outer loop
      vertex   3.959887e+01 -3.248366e+01 3.952860e+01
      vertex   -5.717277e+01 -3.248366e+01 3.295955e+01
      vertex   -5.653379e+01 -3.248366e+01 3.255805e+01
    endloop
  endfacet
  facet normal 0.000000e+00 -1.000000e+00 0.000000e+00
    outer loop
      vertex   -6.258113e+01 -3.248366e+01 2.614503e+01
      vertex   -6.200495e+01 -3.248366e+01 2.992328e+01
      vertex   -6.258113e+01 -3.248366e+01 3.952860e+01
    endloop
  endfacet
  facet normal 0.000000e+00 -1.000000e+00 0.000000e+00
    outer loop
      vertex   -6.258113e+01 -3.248366e+01 3.952860e+01
      vertex   -6.200495e+01 -3.248366e+01 2.992328e+01
      vertex   -6.192046e+01 -3.248366e+01 3.067318e+01
    endloop
  endfacet
  facet normal 0.000000e+00 -1.000000e+00 0.000000e+00
    outer loop
      vertex   -6.258113e+01 -3.248366e+01 3.952860e+01
      vertex   -6.192046e+01 -3.248366e+01 3.067318e+01
      vertex   -6.167122e+01 -3.248366e+01 3.138547e+01
    endloop
  endfacet
  facet normal 0.000000e+00 -1.000000e+00 0.000000e+00
    outer loop
      vertex   3.959887e+01 -3.248366e+01 2.614503e+01
      vertex   -5.863495e+01 -3.248366e+01 2.655328e+01
      vertex   -6.258113e+01 -3.248366e+01 2.614503e+01
    endloop
  endfacet
  facet normal 0.000000e+00 -1.000000e+00 0.000000e+00
    outer loop
      vertex   -6.258113e+01 -3.248366e+01 2.614503e+01
      vertex   -5.863495e+01 -3.248366e+01 2.655328e+01
      vertex   -5.938485e+01 -3.248366e+01 2.663777e+01
    endloop
  endfacet
  facet normal 0.000000e+00 -1.000000e+00 0.000000e+00
    outer loop
      vertex   -6.258113e+01 -3.248366e+01 2.614503e+01
      vertex   -5.938485e+01 -3.248366e+01 2.663777e+01
      vertex   -6.009714e+01 -3.248366e+01 2.688702e+01
    endloop
  endfacet
  facet normal 0.000000e+00 -1.000000e+00 -0.000000e+00
    outer loop
      vertex   3.959887e+01 -3.248366e+01 3.952860e+01
      vertex   -5.600018e+01 -3.248366e+01 3.202444e+01
      vertex   3.959887e+01 -3.248366e+01 2.614503e+01
    endloop
  endfacet
  facet normal 0.000000e+00 -1.000000e+00 0.000000e+00
    outer loop
      vertex   3.959887e+01 -3.248366e+01 2.614503e+01
      vertex   -5.600018e+01 -3.248366e+01 3.202444e+01
      vertex   -5.559869e+01 -3.248366e+01 3.138547e+01
    endloop
  endfacet
  facet normal 0.000000e+00 -1.000000e+00 0.000000e+00
    outer loop
      vertex   3.959887e+01 -3.248366e+01 2.614503e+01
      vertex   -5.559869e+01 -3.248366e+01 3.138547e+01
      vertex   -5.534945e+01 -3.248366e+01 3.067318e+01
    endloop
  endfacet
  facet normal -0.000000e+00 -1.000000e+00 0.000000e+00
    outer loop
      vertex   -6.009714e+01 -3.248366e+01 2.688702e+01
      vertex   -6.073612e+01 -3.248366e+01 2.728851e+01
      vertex   -6.258113e+01 -3.248366e+01 2.614503e+01
    endloop
  endfacet
  facet normal 0.000000e+00 -1.000000e+00 0.000000e+00
    outer loop
      vertex   -6.258113e+01 -3.248366e+01 2.614503e+01
      vertex   -6.073612e+01 -3.248366e+01 2.728851e+01
      vertex   -6.126973e+01 -3.248366e+01 2.782212e+01
    endloop
  endfacet
  facet normal 0.000000e+00 -1.000000e+00 0.000000e+00
    outer loop
      vertex   -6.258113e+01 -3.248366e+01 2.614503e+01
      vertex   -6.126973e+01 -3.248366e+01 2.782212e+01
      vertex   -6.167122e+01 -3.248366e+01 2.846109e+01
    endloop
  endfacet
  facet normal -0.000000e+00 -1.000000e+00 0.000000e+00
    outer loop
      vertex   -6.167122e+01 -3.248366e+01 2.846109e+01
      vertex   -6.192046e+01 -3.248366e+01 2.917339e+01
      vertex   -6.258113e+01 -3.248366e+01 2.614503e+01
    endloop
  endfacet
  facet normal 0.000000e+00 -1.000000e+00 0.000000e+00
    outer loop
      vertex   -6.258113e+01 -3.248366e+01 2.614503e+01
      vertex   -6.192046e+01 -3.248366e+01 2.917339e+01
      vertex   -6.200495e+01 -3.248366e+01 2.992328e+01
    endloop
  endfacet
  facet normal 0.000000e+00 -1.000000e+00 0.000000e+00
    outer loop
      vertex   -6.167122e+01 -3.248366e+01 3.138547e+01
      vertex   -6.126973e+01 -3.248366e+01 3.202444e+01
      vertex   -6.258113e+01 -3.248366e+01 3.952860e+01
    endloop
  endfacet
  facet normal 0.000000e+00 -1.000000e+00 0.000000e+00
    outer loop
      vertex   -6.258113e+01 -3.248366e+01 3.952860e+01
      vertex   -6.126973e+01 -3.248366e+01 3.202444e+01
      vertex   -6.073612e+01 -3.248366e+01 3.255805e+01
    endloop
  endfacet
  facet normal 0.000000e+00 -1.000000e+00 0.000000e+00
    outer loop
      vertex   -6.258113e+01 -3.248366e+01 3.952860e+01
      vertex   -6.073612e+01 -3.248366e+01 3.255805e+01
      vertex   -6.009714e+01 -3.248366e+01 3.295955e+01
    endloop
  endfacet
  facet normal 0.000000e+00 -1.000000e+00 0.000000e+00
    outer loop
      vertex   -6.009714e+01 -3.248366e+01 3.295955e+01
      vertex   -5.938485e+01 -3.248366e+01 3.320879e+01
      vertex   -6.258113e+01 -3.248366e+01 3.952860e+01
    endloop
  endfacet
  facet normal 0.000000e+00 -1.000000e+00 0.000000e+00
    outer loop
      vertex   -6.258113e+01 -3.248366e+01 3.952860e+01
      vertex   -5.938485e+01 -3.248366e+01 3.320879e+01
      vertex   -5.863495e+01 -3.248366e+01 3.329328e+01
    endloop
  endfacet
  facet normal 0.000000e+00 -1.000000e+00 0.000000e+00
    outer loop
      vertex   -6.258113e+01 -3.248366e+01 3.952860e+01
      vertex   -5.863495e+01 -3.248366e+01 3.329328e+01
      vertex   -5.788506e+01 -3.248366e+01 3.320879e+01
    endloop
  endfacet
  facet normal 0.000000e+00 -1.000000e+00 0.000000e+00
    outer loop
      vertex   -5.653379e+01 -3.248366e+01 3.255805e+01
      vertex   -5.600018e+01 -3.248366e+01 3.202444e+01
      vertex   3.959887e+01 -3.248366e+01 3.952860e+01
    endloop
  endfacet
  facet normal 0.000000e+00 -1.000000e+00 0.000000e+00
    outer loop
      vertex   -5.534945e+01 -3.248366e+01 3.067318e+01
      vertex   -5.526495e+01 -3.248366e+01 2.992328e+01
      vertex   3.959887e+01 -3.248366e+01 2.614503e+01
    endloop
  endfacet
  facet normal 0.000000e+00 -1.000000e+00 0.000000e+00
    outer loop
      vertex   3.959887e+01 -3.248366e+01 2.614503e+01
      vertex   -5.526495e+01 -3.248366e+01 2.992328e+01
      vertex   -5.534945e+01 -3.248366e+01 2.917339e+01
    endloop
  endfacet
  facet normal 0.000000e+00 -1.000000e+00 0.000000e+00
    outer loop
      vertex   3.959887e+01 -3.248366e+01 2.614503e+01
      vertex   -5.534945e+01 -3.248366e+01 2.917339e+01
      vertex   -5.559869e+01 -3.248366e+01 2.846109e+01
    endloop
  endfacet
  facet normal 0.000000e+00 -1.000000e+00 -0.000000e+00
    outer loop
      vertex   -5.559869e+01 -3.248366e+01 2.846109e+01
      vertex   -5.600018e+01 -3.248366e+01 2.782212e+01
      vertex   3.959887e+01 -3.248366e+01 2.614503e+01
    endloop
  endfacet
  facet normal 0.000000e+00 -1.000000e+00 0.000000e+00
    outer loop
      vertex   3.959887e+01 -3.248366e+01 2.614503e+01
      vertex   -5.600018e+01 -3.248366e+01 2.782212e+01
      vertex   -5.653379e+01 -3.248366e+01 2.728851e+01
    endloop
  endfacet
  facet normal 0.000000e+00 -1.000000e+00 0.000000e+00
    outer loop
      vertex   3.959887e+01 -3.248366e+01 2.614503e+01
      vertex   -5.653379e+01 -3.248366e+01 2.728851e+01
      vertex   -5.717277e+01 -3.248366e+01 2.688702e+01
    endloop
  endfacet
  facet normal 0.000000e+00 -1.000000e+00 -0.000000e+00
    outer loop
      vertex   -5.717277e+01 -3.248366e+01 2.688702e+01
      vertex   -5.788506e+01 -3.248366e+01 2.663777e+01
      vertex   3.959887e+01 -3.248366e+01 2.614503e+01
    endloop
  endfacet
  facet normal 0.000000e+00 -1.000000e+00 0.000000e+00
    outer loop
      vertex   3.959887e+01 -3.248366e+01 2.614503e+01
      vertex   -5.788506e+01 -3.248366e+01 2.663777e+01
      vertex   -5.863495e+01 -3.248366e+01 2.655328e+01
    endloop
  endfacet
  facet normal -2.655510e-03 -9.999965e-01 -0.000000e+00
    outer loop
      vertex   -6.258113e+01 -3.248366e+01 3.952860e+01
      vertex   -6.262053e+01 -3.248356e+01 3.952860e+01
      vertex   -6.258113e+01 -3.248366e+01 2.614503e+01
    endloop
  endfacet
  facet normal -5.402292e-02 -9.985397e-01 -1.512616e-04
    outer loop
      vertex   -6.258113e+01 -3.248366e+01 2.614503e+01
      vertex   -6.262053e+01 -3.248356e+01 3.952860e+01
      vertex   -6.334247e+01 -3.244450e+01 3.952860e+01
    endloop
  endfacet
  facet normal -7.133914e-02 -9.974515e-01 -1.139500e-03
    outer loop
      vertex   -6.258113e+01 -3.248366e+01 2.614503e+01
      vertex   -6.334247e+01 -3.244450e+01 3.952860e+01
      vertex   -6.363710e+01 -3.240814e+01 2.614503e+01
    endloop
  endfacet
  facet normal -1.509464e-01 -9.885417e-01 6.372402e-04
    outer loop
      vertex   -6.363710e+01 -3.240814e+01 2.614503e+01
      vertex   -6.334247e+01 -3.244450e+01 3.952860e+01
      vertex   -6.405717e+01 -3.233537e+01 3.952860e+01
    endloop
  endfacet
  facet normal -2.125651e-01 -9.771460e-01 -1.358742e-03
    outer loop
      vertex   -6.363710e+01 -3.240814e+01 2.614503e+01
      vertex   -6.405717e+01 -3.233537e+01 3.952860e+01
      vertex   -6.467158e+01 -3.218310e+01 2.614503e+01
    endloop
  endfacet
  facet normal -2.464369e-01 -9.691588e-01 2.871109e-04
    outer loop
      vertex   -6.467158e+01 -3.218310e+01 2.614503e+01
      vertex   -6.405717e+01 -3.233537e+01 3.952860e+01
      vertex   -6.475786e+01 -3.215719e+01 3.952860e+01
    endloop
  endfacet
  facet normal -3.395877e-01 -9.405743e-01 -3.687344e-04
    outer loop
      vertex   -6.467158e+01 -3.218310e+01 2.614503e+01
      vertex   -6.475786e+01 -3.215719e+01 3.952860e+01
      vertex   -6.543789e+01 -3.191168e+01 3.952860e+01
    endloop
  endfacet
  facet normal -3.494640e-01 -9.369492e-01 -1.007744e-03
    outer loop
      vertex   -6.467158e+01 -3.218310e+01 2.614503e+01
      vertex   -6.543789e+01 -3.191168e+01 3.952860e+01
      vertex   -6.566351e+01 -3.181313e+01 2.614503e+01
    endloop
  endfacet
  facet normal -4.295143e-01 -9.030599e-01 5.912687e-04
    outer loop
      vertex   -6.566351e+01 -3.181313e+01 2.614503e+01
      vertex   -6.543789e+01 -3.191168e+01 3.952860e+01
      vertex   -6.609079e+01 -3.160114e+01 3.952860e+01
    endloop
  endfacet
  facet normal -4.792485e-01 -8.776781e-01 -1.398578e-03
    outer loop
      vertex   -6.566351e+01 -3.181313e+01 2.614503e+01
      vertex   -6.609079e+01 -3.160114e+01 3.952860e+01
      vertex   -6.659268e+01 -3.130576e+01 2.614503e+01
    endloop
  endfacet
  facet normal -5.153631e-01 -8.569718e-01 4.127351e-04
    outer loop
      vertex   -6.659268e+01 -3.130576e+01 2.614503e+01
      vertex   -6.609079e+01 -3.160114e+01 3.952860e+01
      vertex   -6.671037e+01 -3.122854e+01 3.952860e+01
    endloop
  endfacet
  facet normal -5.963189e-01 -8.027474e-01 -6.120212e-04
    outer loop
      vertex   -6.659268e+01 -3.130576e+01 2.614503e+01
      vertex   -6.671037e+01 -3.122854e+01 3.952860e+01
      vertex   -6.729075e+01 -3.079741e+01 3.952860e+01
    endloop
  endfacet
  facet normal -5.992774e-01 -8.005410e-01 -8.501452e-04
    outer loop
      vertex   -6.659268e+01 -3.130576e+01 2.614503e+01
      vertex   -6.729075e+01 -3.079741e+01 3.952860e+01
      vertex   -6.744019e+01 -3.067132e+01 2.614503e+01
    endloop
  endfacet
  facet normal -6.716132e-01 -7.409017e-01 5.194384e-04
    outer loop
      vertex   -6.744019e+01 -3.067132e+01 2.614503e+01
      vertex   -6.729075e+01 -3.079741e+01 3.952860e+01
      vertex   -6.782641e+01 -3.031184e+01 3.952860e+01
    endloop
  endfacet
  facet normal -7.071061e-01 -7.071061e-01 -1.412554e-03
    outer loop
      vertex   -6.744019e+01 -3.067132e+01 2.614503e+01
      vertex   -6.782641e+01 -3.031184e+01 3.952860e+01
      vertex   -6.818879e+01 -2.992273e+01 2.614503e+01
    endloop
  endfacet
  facet normal -7.405312e-01 -6.720218e-01 5.125088e-04
    outer loop
      vertex   -6.818879e+01 -2.992273e+01 2.614503e+01
      vertex   -6.782641e+01 -3.031184e+01 3.952860e+01
      vertex   -6.831228e+01 -2.977644e+01 3.952860e+01
    endloop
  endfacet
  facet normal -8.005410e-01 -5.992775e-01 -8.362895e-04
    outer loop
      vertex   -6.818879e+01 -2.992273e+01 2.614503e+01
      vertex   -6.831228e+01 -2.977644e+01 3.952860e+01
      vertex   -6.882323e+01 -2.907522e+01 2.614503e+01
    endloop
  endfacet
  facet normal -8.024184e-01 -5.967616e-01 -6.327958e-04
    outer loop
      vertex   -6.882323e+01 -2.907522e+01 2.614503e+01
      vertex   -6.831228e+01 -2.977644e+01 3.952860e+01
      vertex   -6.874373e+01 -2.919630e+01 3.952860e+01
    endloop
  endfacet
  facet normal -8.566874e-01 -5.158357e-01 4.217527e-04
    outer loop
      vertex   -6.882323e+01 -2.907522e+01 2.614503e+01
      vertex   -6.874373e+01 -2.919630e+01 3.952860e+01
      vertex   -6.911667e+01 -2.857693e+01 3.952860e+01
    endloop
  endfacet
  facet normal -8.776781e-01 -4.792485e-01 -1.400667e-03
    outer loop
      vertex   -6.882323e+01 -2.907522e+01 2.614503e+01
      vertex   -6.911667e+01 -2.857693e+01 3.952860e+01
      vertex   -6.933060e+01 -2.814604e+01 2.614503e+01
    endloop
  endfacet
  facet normal -9.028228e-01 -4.300123e-01 5.864274e-04
    outer loop
      vertex   -6.933060e+01 -2.814604e+01 2.614503e+01
      vertex   -6.911667e+01 -2.857693e+01 3.952860e+01
      vertex   -6.942757e+01 -2.792420e+01 3.952860e+01
    endloop
  endfacet
  facet normal -9.369493e-01 -3.494640e-01 -9.959752e-04
    outer loop
      vertex   -6.933060e+01 -2.814604e+01 2.614503e+01
      vertex   -6.942757e+01 -2.792420e+01 3.952860e+01
      vertex   -6.970056e+01 -2.715412e+01 2.614503e+01
    endloop
  endfacet
  facet normal -9.403869e-01 -3.401064e-01 -3.874248e-04
    outer loop
      vertex   -6.970056e+01 -2.715412e+01 2.614503e+01
      vertex   -6.942757e+01 -2.792420e+01 3.952860e+01
      vertex   -6.967346e+01 -2.724431e+01 3.952860e+01
    endloop
  endfacet
  facet normal -9.690227e-01 -2.469715e-01 2.982160e-04
    outer loop
      vertex   -6.970056e+01 -2.715412e+01 2.614503e+01
      vertex   -6.967346e+01 -2.724431e+01 3.952860e+01
      vertex   -6.985202e+01 -2.654372e+01 3.952860e+01
    endloop
  endfacet
  facet normal -9.771460e-01 -2.125651e-01 -1.362919e-03
    outer loop
      vertex   -6.970056e+01 -2.715412e+01 2.614503e+01
      vertex   -6.985202e+01 -2.654372e+01 3.952860e+01
      vertex   -6.992560e+01 -2.611964e+01 2.614503e+01
    endloop
  endfacet
  facet normal -9.884583e-01 -1.514917e-01 6.344874e-04
    outer loop
      vertex   -6.992560e+01 -2.611964e+01 2.614503e+01
      vertex   -6.985202e+01 -2.654372e+01 3.952860e+01
      vertex   -6.996154e+01 -2.582907e+01 3.952860e+01
    endloop
  endfacet
  facet normal -9.974515e-01 -7.133914e-02 -1.129818e-03
    outer loop
      vertex   -6.992560e+01 -2.611964e+01 2.614503e+01
      vertex   -6.996154e+01 -2.582907e+01 3.952860e+01
      vertex   -7.000113e+01 -2.506366e+01 2.614503e+01
    endloop
  endfacet
  facet normal -9.985097e-01 -5.457371e-02 -1.678668e-04
    outer loop
      vertex   -7.000113e+01 -2.506366e+01 2.614503e+01
      vertex   -6.996154e+01 -2.582907e+01 3.952860e+01
      vertex   -7.000100e+01 -2.510716e+01 3.952860e+01
    endloop
  endfacet
  facet normal -9.999957e-01 -2.931309e-03 0.000000e+00
    outer loop
      vertex   -7.000113e+01 -2.506366e+01 2.614503e+01
      vertex   -7.000100e+01 -2.510716e+01 3.952860e+01
      vertex   -7.000113e+01 -2.506366e+01 3.952860e+01
    endloop
  endfacet
  facet normal -1.000000e+00 -0.000000e+00 -0.000000e+00
    outer loop
      vertex   -7.000113e+01 3.509634e+01 3.952860e+01
      vertex   -7.000113e+01 3.509634e+01 2.614503e+01
      vertex   -7.000113e+01 -2.506366e+01 3.952860e+01
    endloop
  endfacet
  facet normal -1.000000e+00 0.000000e+00 0.000000e+00
    outer loop
      vertex   -7.000113e+01 -2.506366e+01 3.952860e+01
      vertex   -7.000113e+01 3.509634e+01 2.614503e+01
      vertex   -7.000113e+01 -2.506366e+01 2.614503e+01
    endloop
  endfacet
  facet normal -9.999984e-01 1.779607e-03 0.000000e+00
    outer loop
      vertex   -7.000113e+01 3.509634e+01 3.952860e+01
      vertex   -7.000108e+01 3.512275e+01 3.952860e+01
      vertex   -7.000113e+01 3.509634e+01 2.614503e+01
    endloop
  endfacet
  facet normal -9.987728e-01 4.952721e-02 -9.422297e-05
    outer loop
      vertex   -7.000113e+01 3.509634e+01 2.614503e+01
      vertex   -7.000108e+01 3.512275e+01 3.952860e+01
      vertex   -6.996729e+01 3.580414e+01 3.952860e+01
    endloop
  endfacet
  facet normal -9.974513e-01 7.133913e-02 -1.251099e-03
    outer loop
      vertex   -7.000113e+01 3.509634e+01 2.614503e+01
      vertex   -6.996729e+01 3.580414e+01 3.952860e+01
      vertex   -6.992560e+01 3.615232e+01 2.614503e+01
    endloop
  endfacet
  facet normal -9.900020e-01 1.410520e-01 5.857134e-04
    outer loop
      vertex   -6.992560e+01 3.615232e+01 2.614503e+01
      vertex   -6.996729e+01 3.580414e+01 3.952860e+01
      vertex   -6.987106e+01 3.647954e+01 3.952860e+01
    endloop
  endfacet
  facet normal -9.771461e-01 2.125651e-01 -1.215159e-03
    outer loop
      vertex   -6.992560e+01 3.615232e+01 2.614503e+01
      vertex   -6.987106e+01 3.647954e+01 3.952860e+01
      vertex   -6.970056e+01 3.718680e+01 2.614503e+01
    endloop
  endfacet
  facet normal -9.728624e-01 2.313845e-01 -1.660792e-04
    outer loop
      vertex   -6.970056e+01 3.718680e+01 2.614503e+01
      vertex   -6.987106e+01 3.647954e+01 3.952860e+01
      vertex   -6.971321e+01 3.714325e+01 3.952860e+01
    endloop
  endfacet
  facet normal -9.474983e-01 3.197609e-01 1.454005e-04
    outer loop
      vertex   -6.970056e+01 3.718680e+01 2.614503e+01
      vertex   -6.971321e+01 3.714325e+01 3.952860e+01
      vertex   -6.949506e+01 3.778966e+01 3.952860e+01
    endloop
  endfacet
  facet normal -9.369489e-01 3.494639e-01 -1.354565e-03
    outer loop
      vertex   -6.970056e+01 3.718680e+01 2.614503e+01
      vertex   -6.949506e+01 3.778966e+01 3.952860e+01
      vertex   -6.933060e+01 3.817872e+01 2.614503e+01
    endloop
  endfacet
  facet normal -9.141241e-01 4.054340e-01 5.529554e-04
    outer loop
      vertex   -6.933060e+01 3.817872e+01 2.614503e+01
      vertex   -6.949506e+01 3.778966e+01 3.952860e+01
      vertex   -6.921846e+01 3.841330e+01 3.952860e+01
    endloop
  endfacet
  facet normal -8.776785e-01 4.792487e-01 -1.046199e-03
    outer loop
      vertex   -6.933060e+01 3.817872e+01 2.614503e+01
      vertex   -6.921846e+01 3.841330e+01 3.952860e+01
      vertex   -6.882323e+01 3.910789e+01 2.614503e+01
    endloop
  endfacet
  facet normal -8.730224e-01 4.876798e-01 -4.711340e-04
    outer loop
      vertex   -6.882323e+01 3.910789e+01 2.614503e+01
      vertex   -6.921846e+01 3.841330e+01 3.952860e+01
      vertex   -6.888575e+01 3.900890e+01 3.952860e+01
    endloop
  endfacet
  facet normal -8.245405e-01 5.658029e-01 3.332262e-04
    outer loop
      vertex   -6.882323e+01 3.910789e+01 2.614503e+01
      vertex   -6.888575e+01 3.900890e+01 3.952860e+01
      vertex   -6.849975e+01 3.957142e+01 3.952860e+01
    endloop
  endfacet
  facet normal -8.005404e-01 5.992771e-01 -1.406197e-03
    outer loop
      vertex   -6.882323e+01 3.910789e+01 2.614503e+01
      vertex   -6.849975e+01 3.957142e+01 3.952860e+01
      vertex   -6.818879e+01 3.995541e+01 2.614503e+01
    endloop
  endfacet
  facet normal -7.690879e-01 6.391428e-01 4.683616e-04
    outer loop
      vertex   -6.818879e+01 3.995541e+01 2.614503e+01
      vertex   -6.849975e+01 3.957142e+01 3.952860e+01
      vertex   -6.806371e+01 4.009611e+01 3.952860e+01
    endloop
  endfacet
  facet normal -7.071337e-01 7.070794e-01 -8.248946e-04
    outer loop
      vertex   -6.818879e+01 3.995541e+01 2.614503e+01
      vertex   -6.806371e+01 4.009611e+01 3.952860e+01
      vertex   -6.758132e+01 4.057854e+01 3.952860e+01
    endloop
  endfacet
  facet normal -7.071065e-01 7.071065e-01 -8.273884e-04
    outer loop
      vertex   -6.818879e+01 3.995541e+01 2.614503e+01
      vertex   -6.758132e+01 4.057854e+01 3.952860e+01
      vertex   -6.744019e+01 4.070400e+01 2.614503e+01
    endloop
  endfacet
  facet normal -6.392018e-01 7.690389e-01 4.692367e-04
    outer loop
      vertex   -6.744019e+01 4.070400e+01 2.614503e+01
      vertex   -6.758132e+01 4.057854e+01 3.952860e+01
      vertex   -6.705666e+01 4.101462e+01 3.952860e+01
    endloop
  endfacet
  facet normal -5.992771e-01 8.005404e-01 -1.405992e-03
    outer loop
      vertex   -6.744019e+01 4.070400e+01 2.614503e+01
      vertex   -6.705666e+01 4.101462e+01 3.952860e+01
      vertex   -6.659268e+01 4.133844e+01 2.614503e+01
    endloop
  endfacet
  facet normal -5.658662e-01 8.244970e-01 3.319400e-04
    outer loop
      vertex   -6.659268e+01 4.133844e+01 2.614503e+01
      vertex   -6.705666e+01 4.101462e+01 3.952860e+01
      vertex   -6.649417e+01 4.140066e+01 3.952860e+01
    endloop
  endfacet
  facet normal -4.877468e-01 8.729850e-01 -4.685103e-04
    outer loop
      vertex   -6.659268e+01 4.133844e+01 2.614503e+01
      vertex   -6.649417e+01 4.140066e+01 3.952860e+01
      vertex   -6.589860e+01 4.173342e+01 3.952860e+01
    endloop
  endfacet
  facet normal -4.792487e-01 8.776785e-01 -1.047743e-03
    outer loop
      vertex   -6.659268e+01 4.133844e+01 2.614503e+01
      vertex   -6.589860e+01 4.173342e+01 3.952860e+01
      vertex   -6.566351e+01 4.184581e+01 2.614503e+01
    endloop
  endfacet
  facet normal -4.055041e-01 9.140930e-01 5.534193e-04
    outer loop
      vertex   -6.566351e+01 4.184581e+01 2.614503e+01
      vertex   -6.589860e+01 4.173342e+01 3.952860e+01
      vertex   -6.527498e+01 4.201006e+01 3.952860e+01
    endloop
  endfacet
  facet normal -3.494639e-01 9.369489e-01 -1.353948e-03
    outer loop
      vertex   -6.566351e+01 4.184581e+01 2.614503e+01
      vertex   -6.527498e+01 4.201006e+01 3.952860e+01
      vertex   -6.467158e+01 4.221578e+01 2.614503e+01
    endloop
  endfacet
  facet normal -3.198336e-01 9.474737e-01 1.437033e-04
    outer loop
      vertex   -6.467158e+01 4.221578e+01 2.614503e+01
      vertex   -6.527498e+01 4.201006e+01 3.952860e+01
      vertex   -6.462859e+01 4.222826e+01 3.952860e+01
    endloop
  endfacet
  facet normal -2.314591e-01 9.728446e-01 -1.638660e-04
    outer loop
      vertex   -6.467158e+01 4.221578e+01 2.614503e+01
      vertex   -6.462859e+01 4.222826e+01 3.952860e+01
      vertex   -6.396489e+01 4.238617e+01 3.952860e+01
    endloop
  endfacet
  facet normal -2.125651e-01 9.771461e-01 -1.216292e-03
    outer loop
      vertex   -6.467158e+01 4.221578e+01 2.614503e+01
      vertex   -6.396489e+01 4.238617e+01 3.952860e+01
      vertex   -6.363710e+01 4.244081e+01 2.614503e+01
    endloop
  endfacet
  facet normal -1.411280e-01 9.899912e-01 5.857660e-04
    outer loop
      vertex   -6.363710e+01 4.244081e+01 2.614503e+01
      vertex   -6.396489e+01 4.238617e+01 3.952860e+01
      vertex   -6.328949e+01 4.248245e+01 3.952860e+01
    endloop
  endfacet
  facet normal -7.979637e-02 9.968107e-01 -1.028417e-03
    outer loop
      vertex   -6.363710e+01 4.244081e+01 2.614503e+01
      vertex   -6.328949e+01 4.248245e+01 3.952860e+01
      vertex   -6.306694e+01 4.250042e+01 3.967737e+01
    endloop
  endfacet
  facet normal -8.047946e-02 9.967563e-01 0.000000e+00
    outer loop
      vertex   -6.306694e+01 4.250042e+01 3.967737e+01
      vertex   -6.328949e+01 4.248245e+01 3.952860e+01
      vertex   -6.328949e+01 4.248245e+01 3.967737e+01
    endloop
  endfacet
  facet normal -7.133911e-02 9.974512e-01 -1.387569e-03
    outer loop
      vertex   -6.363710e+01 4.244081e+01 2.614503e+01
      vertex   -6.306694e+01 4.250042e+01 3.967737e+01
      vertex   -6.258113e+01 4.251634e+01 2.614503e+01
    endloop
  endfacet
  facet normal -5.045109e-02 9.987263e-01 -6.361814e-04
    outer loop
      vertex   -6.258113e+01 4.251634e+01 2.614503e+01
      vertex   -6.306694e+01 4.250042e+01 3.967737e+01
      vertex   -6.284392e+01 4.251168e+01 3.967737e+01
    endloop
  endfacet
  facet normal -2.037240e-02 9.997925e-01 -5.169626e-05
    outer loop
      vertex   -6.258113e+01 4.251634e+01 2.614503e+01
      vertex   -6.284392e+01 4.251168e+01 3.967737e+01
      vertex   -6.262063e+01 4.251623e+01 3.967737e+01
    endloop
  endfacet
  facet normal -2.661638e-03 9.999965e-01 0.000000e+00
    outer loop
      vertex   -6.262063e+01 4.251623e+01 3.967737e+01
      vertex   -6.258113e+01 4.251634e+01 3.967737e+01
      vertex   -6.258113e+01 4.251634e+01 2.614503e+01
    endloop
  endfacet
  facet normal 0.000000e+00 0.000000e+00 1.000000e+00
    outer loop
      vertex   4.026909e+01 4.248386e+01 3.967737e+01
      vertex   4.025784e+01 4.248702e+01 3.967737e+01
      vertex   3.961594e+01 4.251278e+01 3.967737e+01
    endloop
  endfacet
  facet normal -0.000000e+00 -0.000000e+00 1.000000e+00
    outer loop
      vertex   3.961594e+01 4.251278e+01 3.967737e+01
      vertex   4.025784e+01 4.248702e+01 3.967737e+01
      vertex   3.959887e+01 4.251634e+01 3.967737e+01
    endloop
  endfacet
  facet normal 0.000000e+00 0.000000e+00 1.000000e+00
    outer loop
      vertex   3.961594e+01 4.251278e+01 3.967737e+01
      vertex   3.959887e+01 4.251634e+01 3.967737e+01
      vertex   -6.258113e+01 4.251634e+01 3.967737e+01
    endloop
  endfacet
  facet normal 0.000000e+00 0.000000e+00 1.000000e+00
    outer loop
      vertex   4.025784e+01 4.248702e+01 3.967737e+01
      vertex   4.026909e+01 4.248386e+01 3.967737e+01
      vertex   4.091161e+01 4.239929e+01 3.967737e+01
    endloop
  endfacet
  facet normal 0.000000e+00 0.000000e+00 1.000000e+00
    outer loop
      vertex   4.091161e+01 4.239929e+01 3.967737e+01
      vertex   4.026909e+01 4.248386e+01 3.967737e+01
      vertex   4.091714e+01 4.239733e+01 3.967737e+01
    endloop
  endfacet
  facet normal -2.120393e-13 -5.960197e-13 1.000000e+00
    outer loop
      vertex   4.091161e+01 4.239929e+01 3.967737e+01
      vertex   4.091714e+01 4.239733e+01 3.967737e+01
      vertex   4.155499e+01 4.225385e+01 3.967737e+01
    endloop
  endfacet
  facet normal 0.000000e+00 0.000000e+00 1.000000e+00
    outer loop
      vertex   3.961594e+01 4.251278e+01 3.967737e+01
      vertex   -6.258113e+01 4.251634e+01 3.967737e+01
      vertex   -6.262061e+01 4.251278e+01 3.967737e+01
    endloop
  endfacet
  facet normal 0.000000e+00 -0.000000e+00 1.000000e+00
    outer loop
      vertex   -6.262061e+01 4.251278e+01 3.967737e+01
      vertex   -6.258113e+01 4.251634e+01 3.967737e+01
      vertex   -6.262063e+01 4.251623e+01 3.967737e+01
    endloop
  endfacet
  facet normal 0.000000e+00 0.000000e+00 1.000000e+00
    outer loop
      vertex   -6.262061e+01 4.251278e+01 3.967737e+01
      vertex   -6.262063e+01 4.251623e+01 3.967737e+01
      vertex   -6.284392e+01 4.251168e+01 3.967737e+01
    endloop
  endfacet
  facet normal 0.000000e+00 0.000000e+00 1.000000e+00
    outer loop
      vertex   -6.262061e+01 4.251278e+01 3.967737e+01
      vertex   -6.284392e+01 4.251168e+01 3.967737e+01
      vertex   -6.284384e+01 4.250941e+01 3.967737e+01
    endloop
  endfacet
  facet normal 0.000000e+00 0.000000e+00 1.000000e+00
    outer loop
      vertex   -6.284384e+01 4.250941e+01 3.967737e+01
      vertex   -6.284392e+01 4.251168e+01 3.967737e+01
      vertex   -6.306694e+01 4.250042e+01 3.967737e+01
    endloop
  endfacet
  facet normal 0.000000e+00 0.000000e+00 1.000000e+00
    outer loop
      vertex   -6.284384e+01 4.250941e+01 3.967737e+01
      vertex   -6.306694e+01 4.250042e+01 3.967737e+01
      vertex   -6.306687e+01 4.249930e+01 3.967737e+01
    endloop
  endfacet
  facet normal 2.223153e-13 1.458714e-14 1.000000e+00
    outer loop
      vertex   -6.306687e+01 4.249930e+01 3.967737e+01
      vertex   -6.306694e+01 4.250042e+01 3.967737e+01
      vertex   -6.328949e+01 4.248245e+01 3.967737e+01
    endloop
  endfacet
  facet normal 0.000000e+00 -0.000000e+00 1.000000e+00
    outer loop
      vertex   -6.683210e+01 -2.491534e+01 3.967737e+01
      vertex   -6.683210e+01 3.757335e+01 3.967737e+01
      vertex   -6.685863e+01 -2.491534e+01 3.967737e+01
    endloop
  endfacet
  facet normal 0.000000e+00 -0.000000e+00 1.000000e+00
    outer loop
      vertex   -6.685863e+01 -2.491534e+01 3.967737e+01
      vertex   -6.683210e+01 3.757335e+01 3.967737e+01
      vertex   -6.719991e+01 3.679139e+01 3.967737e+01
    endloop
  endfacet
  facet normal 0.000000e+00 0.000000e+00 1.000000e+00
    outer loop
      vertex   -6.685863e+01 -2.491534e+01 3.967737e+01
      vertex   -6.719991e+01 3.679139e+01 3.967737e+01
      vertex   -6.721201e+01 -2.672538e+01 3.967737e+01
    endloop
  endfacet
  facet normal 0.000000e+00 -0.000000e+00 1.000000e+00
    outer loop
      vertex   -6.721201e+01 -2.672538e+01 3.967737e+01
      vertex   -6.719991e+01 3.679139e+01 3.967737e+01
      vertex   -6.742524e+01 3.595714e+01 3.967737e+01
    endloop
  endfacet
  facet normal 0.000000e+00 0.000000e+00 1.000000e+00
    outer loop
      vertex   -6.721201e+01 -2.672538e+01 3.967737e+01
      vertex   -6.742524e+01 3.595714e+01 3.967737e+01
      vertex   -6.742831e+01 -2.590700e+01 3.967737e+01
    endloop
  endfacet
  facet normal 0.000000e+00 -0.000000e+00 1.000000e+00
    outer loop
      vertex   -6.742831e+01 -2.590700e+01 3.967737e+01
      vertex   -6.742524e+01 3.595714e+01 3.967737e+01
      vertex   -6.750113e+01 -2.298142e+01 3.967737e+01
    endloop
  endfacet
  facet normal 0.000000e+00 0.000000e+00 1.000000e+00
    outer loop
      vertex   -6.742831e+01 -2.590700e+01 3.967737e+01
      vertex   -6.750113e+01 -2.298142e+01 3.967737e+01
      vertex   -6.750113e+01 -2.506366e+01 3.967737e+01
    endloop
  endfacet
  facet normal -0.000000e+00 0.000000e+00 1.000000e+00
    outer loop
      vertex   -6.750113e+01 3.509634e+01 3.967737e+01
      vertex   -6.750113e+01 3.299699e+01 3.967737e+01
      vertex   -6.742524e+01 3.595714e+01 3.967737e+01
    endloop
  endfacet
  facet normal 0.000000e+00 0.000000e+00 1.000000e+00
    outer loop
      vertex   -6.742524e+01 3.595714e+01 3.967737e+01
      vertex   -6.750113e+01 3.299699e+01 3.967737e+01
      vertex   -6.750113e+01 -2.298142e+01 3.967737e+01
    endloop
  endfacet
  facet normal -0.000000e+00 0.000000e+00 1.000000e+00
    outer loop
      vertex   -6.750639e+01 3.287231e+01 3.967737e+01
      vertex   -6.751061e+01 3.262278e+01 3.967737e+01
      vertex   -6.750113e+01 3.299699e+01 3.967737e+01
    endloop
  endfacet
  facet normal 0.000000e+00 0.000000e+00 1.000000e+00
    outer loop
      vertex   -6.750113e+01 3.299699e+01 3.967737e+01
      vertex   -6.751061e+01 3.262278e+01 3.967737e+01
      vertex   -6.751061e+01 -2.260722e+01 3.967737e+01
    endloop
  endfacet
  facet normal 0.000000e+00 0.000000e+00 1.000000e+00
    outer loop
      vertex   -6.750113e+01 3.299699e+01 3.967737e+01
      vertex   -6.751061e+01 -2.260722e+01 3.967737e+01
      vertex   -6.750113e+01 -2.298142e+01 3.967737e+01
    endloop
  endfacet
  facet normal 0.000000e+00 0.000000e+00 1.000000e+00
    outer loop
      vertex   -6.750113e+01 -2.298142e+01 3.967737e+01
      vertex   -6.751061e+01 -2.260722e+01 3.967737e+01
      vertex   -6.750639e+01 -2.285674e+01 3.967737e+01
    endloop
  endfacet
  facet normal 0.000000e+00 0.000000e+00 1.000000e+00
    outer loop
      vertex   -6.750639e+01 -2.285674e+01 3.967737e+01
      vertex   -6.751061e+01 -2.260722e+01 3.967737e+01
      vertex   -6.750955e+01 -2.273200e+01 3.967737e+01
    endloop
  endfacet
  facet normal 0.000000e+00 0.000000e+00 1.000000e+00
    outer loop
      vertex   -6.750639e+01 3.287231e+01 3.967737e+01
      vertex   -6.750955e+01 3.274756e+01 3.967737e+01
      vertex   -6.751061e+01 3.262278e+01 3.967737e+01
    endloop
  endfacet
  facet normal -0.000000e+00 0.000000e+00 1.000000e+00
    outer loop
      vertex   -6.721201e+01 -2.672538e+01 3.967737e+01
      vertex   -6.685863e+01 -2.749457e+01 3.967737e+01
      vertex   -6.685863e+01 -2.491534e+01 3.967737e+01
    endloop
  endfacet
  facet normal 0.000000e+00 -0.000000e+00 1.000000e+00
    outer loop
      vertex   -4.749690e+01 -2.252887e+01 3.340446e+01
      vertex   -4.749690e+01 -4.738871e+00 3.340446e+01
      vertex   -4.810483e+01 -2.252887e+01 3.340446e+01
    endloop
  endfacet
  facet normal 0.000000e+00 0.000000e+00 1.000000e+00
    outer loop
      vertex   -4.810483e+01 -2.252887e+01 3.340446e+01
      vertex   -4.749690e+01 -4.738871e+00 3.340446e+01
      vertex   -4.810483e+01 -4.738871e+00 3.340446e+01
    endloop
  endfacet
  facet normal 1.000000e+00 0.000000e+00 -2.220446e-15
    outer loop
      vertex   -4.810483e+01 -4.738871e+00 3.660446e+01
      vertex   -4.810483e+01 -2.210495e+01 3.660446e+01
      vertex   -4.810483e+01 -4.738871e+00 3.340446e+01
    endloop
  endfacet
  facet normal 1.000000e+00 0.000000e+00 -2.220446e-15
    outer loop
      vertex   -4.810483e+01 -4.738871e+00 3.340446e+01
      vertex   -4.810483e+01 -2.210495e+01 3.660446e+01
      vertex   -4.810483e+01 -2.252887e+01 3.340446e+01
    endloop
  endfacet
  facet normal 1.000000e+00 -1.676138e-14 0.000000e+00
    outer loop
      vertex   -4.810483e+01 -2.252887e+01 3.340446e+01
      vertex   -4.810483e+01 -2.210495e+01 3.660446e+01
      vertex   -4.810483e+01 -2.252887e+01 3.860446e+01
    endloop
  endfacet
  facet normal 1.000000e+00 -0.000000e+00 3.552714e-15
    outer loop
      vertex   -4.810483e+01 -2.252887e+01 3.860446e+01
      vertex   -4.810483e+01 -2.210495e+01 3.660446e+01
      vertex   -4.810483e+01 -2.210495e+01 3.860446e+01
    endloop
  endfacet
  facet normal -9.914449e-01 1.305262e-01 -3.290459e-15
    outer loop
      vertex   -4.810483e+01 -2.210495e+01 3.860446e+01
      vertex   -4.810483e+01 -2.210495e+01 3.660446e+01
      vertex   -4.811914e+01 -2.221366e+01 3.860446e+01
    endloop
  endfacet
  facet normal -9.914449e-01 1.305262e-01 0.000000e+00
    outer loop
      vertex   -4.811914e+01 -2.221366e+01 3.860446e+01
      vertex   -4.810483e+01 -2.210495e+01 3.660446e+01
      vertex   -4.811914e+01 -2.221366e+01 3.660446e+01
    endloop
  endfacet
  facet normal -9.238795e-01 3.826834e-01 0.000000e+00
    outer loop
      vertex   -4.811914e+01 -2.221366e+01 3.860446e+01
      vertex   -4.811914e+01 -2.221366e+01 3.660446e+01
      vertex   -4.816110e+01 -2.231495e+01 3.860446e+01
    endloop
  endfacet
  facet normal -9.238795e-01 3.826834e-01 0.000000e+00
    outer loop
      vertex   -4.816110e+01 -2.231495e+01 3.860446e+01
      vertex   -4.811914e+01 -2.221366e+01 3.660446e+01
      vertex   -4.816110e+01 -2.231495e+01 3.660446e+01
    endloop
  endfacet
  facet normal -7.933533e-01 6.087614e-01 0.000000e+00
    outer loop
      vertex   -4.816110e+01 -2.231495e+01 3.860446e+01
      vertex   -4.816110e+01 -2.231495e+01 3.660446e+01
      vertex   -4.822784e+01 -2.240194e+01 3.860446e+01
    endloop
  endfacet
  facet normal -7.933533e-01 6.087614e-01 0.000000e+00
    outer loop
      vertex   -4.822784e+01 -2.240194e+01 3.860446e+01
      vertex   -4.816110e+01 -2.231495e+01 3.660446e+01
      vertex   -4.822784e+01 -2.240194e+01 3.660446e+01
    endloop
  endfacet
  facet normal -6.087614e-01 7.933533e-01 0.000000e+00
    outer loop
      vertex   -4.822784e+01 -2.240194e+01 3.860446e+01
      vertex   -4.822784e+01 -2.240194e+01 3.660446e+01
      vertex   -4.831483e+01 -2.246868e+01 3.860446e+01
    endloop
  endfacet
  facet normal -6.087614e-01 7.933533e-01 0.000000e+00
    outer loop
      vertex   -4.831483e+01 -2.246868e+01 3.860446e+01
      vertex   -4.822784e+01 -2.240194e+01 3.660446e+01
      vertex   -4.831483e+01 -2.246868e+01 3.660446e+01
    endloop
  endfacet
  facet normal -3.826834e-01 9.238795e-01 0.000000e+00
    outer loop
      vertex   -4.831483e+01 -2.246868e+01 3.860446e+01
      vertex   -4.831483e+01 -2.246868e+01 3.660446e+01
      vertex   -4.841612e+01 -2.251064e+01 3.860446e+01
    endloop
  endfacet
  facet normal -3.826834e-01 9.238795e-01 0.000000e+00
    outer loop
      vertex   -4.841612e+01 -2.251064e+01 3.860446e+01
      vertex   -4.831483e+01 -2.246868e+01 3.660446e+01
      vertex   -4.841612e+01 -2.251064e+01 3.660446e+01
    endloop
  endfacet
  facet normal -1.305262e-01 9.914449e-01 0.000000e+00
    outer loop
      vertex   -4.841612e+01 -2.251064e+01 3.860446e+01
      vertex   -4.841612e+01 -2.251064e+01 3.660446e+01
      vertex   -4.852483e+01 -2.252495e+01 3.860446e+01
    endloop
  endfacet
  facet normal -1.305262e-01 9.914449e-01 1.761160e-15
    outer loop
      vertex   -4.852483e+01 -2.252495e+01 3.860446e+01
      vertex   -4.841612e+01 -2.251064e+01 3.660446e+01
      vertex   -4.852483e+01 -2.252495e+01 3.660446e+01
    endloop
  endfacet
  facet normal -0.000000e+00 1.000000e+00 1.776357e-15
    outer loop
      vertex   -6.498483e+01 -2.252495e+01 3.660446e+01
      vertex   -6.498483e+01 -2.252495e+01 3.860446e+01
      vertex   -4.852483e+01 -2.252495e+01 3.660446e+01
    endloop
  endfacet
  facet normal 0.000000e+00 1.000000e+00 1.776357e-15
    outer loop
      vertex   -4.852483e+01 -2.252495e+01 3.660446e+01
      vertex   -6.498483e+01 -2.252495e+01 3.860446e+01
      vertex   -4.852483e+01 -2.252495e+01 3.860446e+01
    endloop
  endfacet
  facet normal 7.071068e-01 0.000000e+00 -7.071068e-01
    outer loop
      vertex   4.451887e+01 3.509634e+01 2.364503e+01
      vertex   4.701887e+01 3.509634e+01 2.614503e+01
      vertex   4.451887e+01 -2.506366e+01 2.364503e+01
    endloop
  endfacet
  facet normal 7.071068e-01 0.000000e+00 -7.071068e-01
    outer loop
      vertex   4.451887e+01 -2.506366e+01 2.364503e+01
      vertex   4.701887e+01 3.509634e+01 2.614503e+01
      vertex   4.701887e+01 -2.506366e+01 2.614503e+01
    endloop
  endfacet
  facet normal 5.050872e-02 7.062042e-01 -7.062042e-01
    outer loop
      vertex   3.959887e+01 4.251634e+01 2.614503e+01
      vertex   4.065485e+01 4.244081e+01 2.614503e+01
      vertex   3.959887e+01 4.001634e+01 2.364503e+01
    endloop
  endfacet
  facet normal 6.153871e-02 7.033906e-01 -7.081346e-01
    outer loop
      vertex   3.959887e+01 4.001634e+01 2.364503e+01
      vertex   4.065485e+01 4.244081e+01 2.614503e+01
      vertex   4.045322e+01 3.994159e+01 2.364503e+01
    endloop
  endfacet
  facet normal 1.507590e-01 6.930280e-01 -7.049709e-01
    outer loop
      vertex   4.045322e+01 3.994159e+01 2.364503e+01
      vertex   4.065485e+01 4.244081e+01 2.614503e+01
      vertex   4.168933e+01 4.221578e+01 2.614503e+01
    endloop
  endfacet
  facet normal 1.824054e-01 6.807461e-01 -7.094456e-01
    outer loop
      vertex   4.045322e+01 3.994159e+01 2.364503e+01
      vertex   4.168933e+01 4.221578e+01 2.614503e+01
      vertex   4.128161e+01 3.971963e+01 2.364503e+01
    endloop
  endfacet
  facet normal 2.480369e-01 6.650127e-01 -7.044401e-01
    outer loop
      vertex   4.128161e+01 3.971963e+01 2.364503e+01
      vertex   4.168933e+01 4.221578e+01 2.614503e+01
      vertex   4.268125e+01 4.184581e+01 2.614503e+01
    endloop
  endfacet
  facet normal 2.977333e-01 6.384911e-01 -7.097070e-01
    outer loop
      vertex   4.128161e+01 3.971963e+01 2.364503e+01
      vertex   4.268125e+01 4.184581e+01 2.614503e+01
      vertex   4.205887e+01 3.935718e+01 2.364503e+01
    endloop
  endfacet
  facet normal 3.400692e-01 6.227902e-01 -7.046172e-01
    outer loop
      vertex   4.205887e+01 3.935718e+01 2.364503e+01
      vertex   4.268125e+01 4.184581e+01 2.614503e+01
      vertex   4.361043e+01 4.133844e+01 2.614503e+01
    endloop
  endfacet
  facet normal 4.045359e-01 5.777372e-01 -7.089220e-01
    outer loop
      vertex   4.205887e+01 3.935718e+01 2.364503e+01
      vertex   4.361043e+01 4.133844e+01 2.614503e+01
      vertex   4.276139e+01 3.886528e+01 2.364503e+01
    endloop
  endfacet
  facet normal 4.247138e-01 5.673513e-01 -7.055003e-01
    outer loop
      vertex   4.276139e+01 3.886528e+01 2.364503e+01
      vertex   4.361043e+01 4.133844e+01 2.614503e+01
      vertex   4.445794e+01 4.070400e+01 2.614503e+01
    endloop
  endfacet
  facet normal 5.000183e-01 5.000183e-01 -7.070809e-01
    outer loop
      vertex   4.276139e+01 3.886528e+01 2.364503e+01
      vertex   4.445794e+01 4.070400e+01 2.614503e+01
      vertex   4.520654e+01 3.995541e+01 2.614503e+01
    endloop
  endfacet
  facet normal 5.000183e-01 5.000183e-01 -7.070809e-01
    outer loop
      vertex   4.276139e+01 3.886528e+01 2.364503e+01
      vertex   4.520654e+01 3.995541e+01 2.614503e+01
      vertex   4.336781e+01 3.825885e+01 2.364503e+01
    endloop
  endfacet
  facet normal 5.673513e-01 4.247138e-01 -7.055003e-01
    outer loop
      vertex   4.336781e+01 3.825885e+01 2.364503e+01
      vertex   4.520654e+01 3.995541e+01 2.614503e+01
      vertex   4.584097e+01 3.910789e+01 2.614503e+01
    endloop
  endfacet
  facet normal 5.777372e-01 4.045359e-01 -7.089220e-01
    outer loop
      vertex   4.336781e+01 3.825885e+01 2.364503e+01
      vertex   4.584097e+01 3.910789e+01 2.614503e+01
      vertex   4.385972e+01 3.755634e+01 2.364503e+01
    endloop
  endfacet
  facet normal 6.227902e-01 3.400692e-01 -7.046172e-01
    outer loop
      vertex   4.385972e+01 3.755634e+01 2.364503e+01
      vertex   4.584097e+01 3.910789e+01 2.614503e+01
      vertex   4.634834e+01 3.817872e+01 2.614503e+01
    endloop
  endfacet
  facet normal 6.384911e-01 2.977333e-01 -7.097070e-01
    outer loop
      vertex   4.385972e+01 3.755634e+01 2.364503e+01
      vertex   4.634834e+01 3.817872e+01 2.614503e+01
      vertex   4.422216e+01 3.677908e+01 2.364503e+01
    endloop
  endfacet
  facet normal 6.650127e-01 2.480369e-01 -7.044401e-01
    outer loop
      vertex   4.422216e+01 3.677908e+01 2.364503e+01
      vertex   4.634834e+01 3.817872e+01 2.614503e+01
      vertex   4.671831e+01 3.718680e+01 2.614503e+01
    endloop
  endfacet
  facet normal 6.807461e-01 1.824054e-01 -7.094456e-01
    outer loop
      vertex   4.422216e+01 3.677908e+01 2.364503e+01
      vertex   4.671831e+01 3.718680e+01 2.614503e+01
      vertex   4.444413e+01 3.595069e+01 2.364503e+01
    endloop
  endfacet
  facet normal 6.930280e-01 1.507590e-01 -7.049709e-01
    outer loop
      vertex   4.444413e+01 3.595069e+01 2.364503e+01
      vertex   4.671831e+01 3.718680e+01 2.614503e+01
      vertex   4.694335e+01 3.615232e+01 2.614503e+01
    endloop
  endfacet
  facet normal 7.033906e-01 6.153871e-02 -7.081346e-01
    outer loop
      vertex   4.444413e+01 3.595069e+01 2.364503e+01
      vertex   4.694335e+01 3.615232e+01 2.614503e+01
      vertex   4.451887e+01 3.509634e+01 2.364503e+01
    endloop
  endfacet
  facet normal 7.062042e-01 5.050872e-02 -7.062042e-01
    outer loop
      vertex   4.451887e+01 3.509634e+01 2.364503e+01
      vertex   4.694335e+01 3.615232e+01 2.614503e+01
      vertex   4.701887e+01 3.509634e+01 2.614503e+01
    endloop
  endfacet
  facet normal 0.000000e+00 7.071068e-01 -7.071068e-01
    outer loop
      vertex   -6.258113e+01 4.251634e+01 2.614503e+01
      vertex   3.959887e+01 4.251634e+01 2.614503e+01
      vertex   -6.258113e+01 4.001634e+01 2.364503e+01
    endloop
  endfacet
  facet normal 0.000000e+00 7.071068e-01 -7.071068e-01
    outer loop
      vertex   -6.258113e+01 4.001634e+01 2.364503e+01
      vertex   3.959887e+01 4.251634e+01 2.614503e+01
      vertex   3.959887e+01 4.001634e+01 2.364503e+01
    endloop
  endfacet
  facet normal -7.062042e-01 5.050872e-02 -7.062042e-01
    outer loop
      vertex   -7.000113e+01 3.509634e+01 2.614503e+01
      vertex   -6.992560e+01 3.615232e+01 2.614503e+01
      vertex   -6.750113e+01 3.509634e+01 2.364503e+01
    endloop
  endfacet
  facet normal -7.033906e-01 6.153871e-02 -7.081346e-01
    outer loop
      vertex   -6.750113e+01 3.509634e+01 2.364503e+01
      vertex   -6.992560e+01 3.615232e+01 2.614503e+01
      vertex   -6.742638e+01 3.595069e+01 2.364503e+01
    endloop
  endfacet
  facet normal -6.930280e-01 1.507590e-01 -7.049709e-01
    outer loop
      vertex   -6.742638e+01 3.595069e+01 2.364503e+01
      vertex   -6.992560e+01 3.615232e+01 2.614503e+01
      vertex   -6.970056e+01 3.718680e+01 2.614503e+01
    endloop
  endfacet
  facet normal -6.807461e-01 1.824054e-01 -7.094456e-01
    outer loop
      vertex   -6.742638e+01 3.595069e+01 2.364503e+01
      vertex   -6.970056e+01 3.718680e+01 2.614503e+01
      vertex   -6.720441e+01 3.677908e+01 2.364503e+01
    endloop
  endfacet
  facet normal -6.650127e-01 2.480369e-01 -7.044401e-01
    outer loop
      vertex   -6.720441e+01 3.677908e+01 2.364503e+01
      vertex   -6.970056e+01 3.718680e+01 2.614503e+01
      vertex   -6.933060e+01 3.817872e+01 2.614503e+01
    endloop
  endfacet
  facet normal -6.384911e-01 2.977333e-01 -7.097070e-01
    outer loop
      vertex   -6.720441e+01 3.677908e+01 2.364503e+01
      vertex   -6.933060e+01 3.817872e+01 2.614503e+01
      vertex   -6.684197e+01 3.755634e+01 2.364503e+01
    endloop
  endfacet
  facet normal -6.227902e-01 3.400692e-01 -7.046172e-01
    outer loop
      vertex   -6.684197e+01 3.755634e+01 2.364503e+01
      vertex   -6.933060e+01 3.817872e+01 2.614503e+01
      vertex   -6.882323e+01 3.910789e+01 2.614503e+01
    endloop
  endfacet
  facet normal -5.777372e-01 4.045359e-01 -7.089220e-01
    outer loop
      vertex   -6.684197e+01 3.755634e+01 2.364503e+01
      vertex   -6.882323e+01 3.910789e+01 2.614503e+01
      vertex   -6.635007e+01 3.825885e+01 2.364503e+01
    endloop
  endfacet
  facet normal -5.673513e-01 4.247138e-01 -7.055003e-01
    outer loop
      vertex   -6.635007e+01 3.825885e+01 2.364503e+01
      vertex   -6.882323e+01 3.910789e+01 2.614503e+01
      vertex   -6.818879e+01 3.995541e+01 2.614503e+01
    endloop
  endfacet
  facet normal -5.000183e-01 5.000183e-01 -7.070809e-01
    outer loop
      vertex   -6.635007e+01 3.825885e+01 2.364503e+01
      vertex   -6.818879e+01 3.995541e+01 2.614503e+01
      vertex   -6.744019e+01 4.070400e+01 2.614503e+01
    endloop
  endfacet
  facet normal -5.000183e-01 5.000183e-01 -7.070809e-01
    outer loop
      vertex   -6.635007e+01 3.825885e+01 2.364503e+01
      vertex   -6.744019e+01 4.070400e+01 2.614503e+01
      vertex   -6.574364e+01 3.886528e+01 2.364503e+01
    endloop
  endfacet
  facet normal -4.247138e-01 5.673513e-01 -7.055003e-01
    outer loop
      vertex   -6.574364e+01 3.886528e+01 2.364503e+01
      vertex   -6.744019e+01 4.070400e+01 2.614503e+01
      vertex   -6.659268e+01 4.133844e+01 2.614503e+01
    endloop
  endfacet
  facet normal -4.045359e-01 5.777372e-01 -7.089220e-01
    outer loop
      vertex   -6.574364e+01 3.886528e+01 2.364503e+01
      vertex   -6.659268e+01 4.133844e+01 2.614503e+01
      vertex   -6.504113e+01 3.935718e+01 2.364503e+01
    endloop
  endfacet
  facet normal -3.400692e-01 6.227902e-01 -7.046172e-01
    outer loop
      vertex   -6.504113e+01 3.935718e+01 2.364503e+01
      vertex   -6.659268e+01 4.133844e+01 2.614503e+01
      vertex   -6.566351e+01 4.184581e+01 2.614503e+01
    endloop
  endfacet
  facet normal -2.977333e-01 6.384911e-01 -7.097070e-01
    outer loop
      vertex   -6.504113e+01 3.935718e+01 2.364503e+01
      vertex   -6.566351e+01 4.184581e+01 2.614503e+01
      vertex   -6.426387e+01 3.971963e+01 2.364503e+01
    endloop
  endfacet
  facet normal -2.480369e-01 6.650127e-01 -7.044401e-01
    outer loop
      vertex   -6.426387e+01 3.971963e+01 2.364503e+01
      vertex   -6.566351e+01 4.184581e+01 2.614503e+01
      vertex   -6.467158e+01 4.221578e+01 2.614503e+01
    endloop
  endfacet
  facet normal -1.824054e-01 6.807461e-01 -7.094456e-01
    outer loop
      vertex   -6.426387e+01 3.971963e+01 2.364503e+01
      vertex   -6.467158e+01 4.221578e+01 2.614503e+01
      vertex   -6.343548e+01 3.994159e+01 2.364503e+01
    endloop
  endfacet
  facet normal -1.507590e-01 6.930280e-01 -7.049709e-01
    outer loop
      vertex   -6.343548e+01 3.994159e+01 2.364503e+01
      vertex   -6.467158e+01 4.221578e+01 2.614503e+01
      vertex   -6.363710e+01 4.244081e+01 2.614503e+01
    endloop
  endfacet
  facet normal -6.153871e-02 7.033906e-01 -7.081346e-01
    outer loop
      vertex   -6.343548e+01 3.994159e+01 2.364503e+01
      vertex   -6.363710e+01 4.244081e+01 2.614503e+01
      vertex   -6.258113e+01 4.001634e+01 2.364503e+01
    endloop
  endfacet
  facet normal -5.050872e-02 7.062042e-01 -7.062042e-01
    outer loop
      vertex   -6.258113e+01 4.001634e+01 2.364503e+01
      vertex   -6.363710e+01 4.244081e+01 2.614503e+01
      vertex   -6.258113e+01 4.251634e+01 2.614503e+01
    endloop
  endfacet
  facet normal -7.071068e-01 0.000000e+00 -7.071068e-01
    outer loop
      vertex   -6.750113e+01 -2.506366e+01 2.364503e+01
      vertex   -7.000113e+01 -2.506366e+01 2.614503e+01
      vertex   -6.750113e+01 3.509634e+01 2.364503e+01
    endloop
  endfacet
  facet normal -7.071068e-01 0.000000e+00 -7.071068e-01
    outer loop
      vertex   -6.750113e+01 3.509634e+01 2.364503e+01
      vertex   -7.000113e+01 -2.506366e+01 2.614503e+01
      vertex   -7.000113e+01 3.509634e+01 2.614503e+01
    endloop
  endfacet
  facet normal -1.000000e+00 -4.547501e-18 -2.897260e-16
    outer loop
      vertex   2.051194e+01 -2.930534e+01 3.340735e+01
      vertex   2.051194e+01 -2.848534e+01 3.339448e+01
      vertex   2.051194e+01 -2.930534e+01 2.114503e+01
    endloop
  endfacet
  facet normal -1.000000e+00 0.000000e+00 -2.900305e-16
    outer loop
      vertex   2.051194e+01 -2.930534e+01 2.114503e+01
      vertex   2.051194e+01 -2.848534e+01 3.339448e+01
      vertex   2.051194e+01 -2.491534e+01 3.339448e+01
    endloop
  endfacet
  facet normal -1.000000e+00 0.000000e+00 -2.900305e-16
    outer loop
      vertex   2.051194e+01 -2.930534e+01 2.114503e+01
      vertex   2.051194e+01 -2.491534e+01 3.339448e+01
      vertex   2.051194e+01 -2.345343e+00 2.114503e+01
    endloop
  endfacet
  facet normal -1.000000e+00 4.697152e-17 -2.034839e-16
    outer loop
      vertex   2.051194e+01 -2.345343e+00 2.114503e+01
      vertex   2.051194e+01 -2.491534e+01 3.339448e+01
      vertex   2.051194e+01 -2.345343e+00 3.860446e+01
    endloop
  endfacet
  facet normal -1.000000e+00 -0.000000e+00 0.000000e+00
    outer loop
      vertex   2.051194e+01 -2.345343e+00 3.860446e+01
      vertex   2.051194e+01 -2.491534e+01 3.339448e+01
      vertex   2.051194e+01 -2.491534e+01 3.860446e+01
    endloop
  endfacet
  facet normal -1.000000e+00 -4.332578e-15 -2.760330e-13
    outer loop
      vertex   2.051194e+01 -2.930534e+01 3.340735e+01
      vertex   2.051194e+01 -2.848534e+01 3.340735e+01
      vertex   2.051194e+01 -2.848534e+01 3.339448e+01
    endloop
  endfacet
  facet normal 1.000000e+00 -0.000000e+00 0.000000e+00
    outer loop
      vertex   -6.682748e+01 5.899366e+00 3.467737e+01
      vertex   -6.682748e+01 5.899366e+00 2.114503e+01
      vertex   -6.682748e+01 1.300587e+01 3.467737e+01
    endloop
  endfacet
  facet normal 1.000000e+00 0.000000e+00 0.000000e+00
    outer loop
      vertex   -6.682748e+01 1.300587e+01 3.467737e+01
      vertex   -6.682748e+01 5.899366e+00 2.114503e+01
      vertex   -6.682748e+01 1.300587e+01 2.114503e+01
    endloop
  endfacet
  facet normal 9.914774e-01 -1.302789e-01 6.156500e-16
    outer loop
      vertex   -6.682748e+01 1.525120e+01 3.467737e+01
      vertex   -6.684041e+01 1.515282e+01 3.467737e+01
      vertex   -6.682748e+01 1.525120e+01 2.114503e+01
    endloop
  endfacet
  facet normal 9.929742e-01 -1.183309e-01 8.828776e-05
    outer loop
      vertex   -6.682748e+01 1.525120e+01 2.114503e+01
      vertex   -6.684041e+01 1.515282e+01 3.467737e+01
      vertex   -6.685215e+01 1.505430e+01 3.467737e+01
    endloop
  endfacet
  facet normal 9.943270e-01 -1.063657e-01 2.648505e-04
    outer loop
      vertex   -6.682748e+01 1.525120e+01 2.114503e+01
      vertex   -6.685215e+01 1.505430e+01 3.467737e+01
      vertex   -6.686271e+01 1.495564e+01 3.467737e+01
    endloop
  endfacet
  facet normal 9.958518e-01 -9.098796e-02 6.046822e-04
    outer loop
      vertex   -6.682748e+01 1.525120e+01 2.114503e+01
      vertex   -6.686271e+01 1.495564e+01 3.467737e+01
      vertex   -6.689577e+01 1.450379e+01 2.114503e+01
    endloop
  endfacet
  facet normal 9.973329e-01 -7.298683e-02 0.000000e+00
    outer loop
      vertex   -6.689577e+01 1.450379e+01 2.114503e+01
      vertex   -6.686271e+01 1.495564e+01 3.467737e+01
      vertex   -6.686271e+01 1.495564e+01 3.660446e+01
    endloop
  endfacet
  facet normal 9.977542e-01 -6.698086e-02 -1.764438e-04
    outer loop
      vertex   -6.689577e+01 1.450379e+01 2.114503e+01
      vertex   -6.686271e+01 1.495564e+01 3.660446e+01
      vertex   -6.689969e+01 1.440465e+01 3.660446e+01
    endloop
  endfacet
  facet normal 1.000000e+00 0.000000e+00 2.536840e-04
    outer loop
      vertex   -6.689969e+01 1.440465e+01 3.660446e+01
      vertex   -6.689969e+01 1.385242e+01 3.660446e+01
      vertex   -6.689577e+01 1.450379e+01 2.114503e+01
    endloop
  endfacet
  facet normal 1.000000e+00 0.000000e+00 2.536840e-04
    outer loop
      vertex   -6.689577e+01 1.450379e+01 2.114503e+01
      vertex   -6.689969e+01 1.385242e+01 3.660446e+01
      vertex   -6.689577e+01 1.375327e+01 2.114503e+01
    endloop
  endfacet
  facet normal 9.977542e-01 6.698086e-02 -1.764438e-04
    outer loop
      vertex   -6.689577e+01 1.375327e+01 2.114503e+01
      vertex   -6.689969e+01 1.385242e+01 3.660446e+01
      vertex   -6.686271e+01 1.330142e+01 3.660446e+01
    endloop
  endfacet
  facet normal 9.973329e-01 7.298683e-02 0.000000e+00
    outer loop
      vertex   -6.689577e+01 1.375327e+01 2.114503e+01
      vertex   -6.686271e+01 1.330142e+01 3.660446e+01
      vertex   -6.686271e+01 1.330142e+01 3.467737e+01
    endloop
  endfacet
  facet normal 9.958518e-01 9.098796e-02 6.046822e-04
    outer loop
      vertex   -6.689577e+01 1.375327e+01 2.114503e+01
      vertex   -6.686271e+01 1.330142e+01 3.467737e+01
      vertex   -6.682748e+01 1.300587e+01 2.114503e+01
    endloop
  endfacet
  facet normal 9.943270e-01 1.063657e-01 2.648505e-04
    outer loop
      vertex   -6.682748e+01 1.300587e+01 2.114503e+01
      vertex   -6.686271e+01 1.330142e+01 3.467737e+01
      vertex   -6.685215e+01 1.320277e+01 3.467737e+01
    endloop
  endfacet
  facet normal 9.929742e-01 1.183309e-01 8.828776e-05
    outer loop
      vertex   -6.682748e+01 1.300587e+01 2.114503e+01
      vertex   -6.685215e+01 1.320277e+01 3.467737e+01
      vertex   -6.684041e+01 1.310424e+01 3.467737e+01
    endloop
  endfacet
  facet normal 9.914774e-01 1.302789e-01 5.644304e-16
    outer loop
      vertex   -6.684041e+01 1.310424e+01 3.467737e+01
      vertex   -6.682748e+01 1.300587e+01 3.467737e+01
      vertex   -6.682748e+01 1.300587e+01 2.114503e+01
    endloop
  endfacet
  facet normal 1.000000e+00 0.000000e+00 -0.000000e+00
    outer loop
      vertex   -6.682748e+01 3.550937e+01 2.114503e+01
      vertex   -6.682748e+01 3.550937e+01 3.367737e+01
      vertex   -6.682748e+01 1.525120e+01 2.114503e+01
    endloop
  endfacet
  facet normal 1.000000e+00 0.000000e+00 0.000000e+00
    outer loop
      vertex   -6.682748e+01 1.525120e+01 2.114503e+01
      vertex   -6.682748e+01 3.550937e+01 3.367737e+01
      vertex   -6.682748e+01 1.525120e+01 3.467737e+01
    endloop
  endfacet
  facet normal 1.000000e+00 -5.742679e-16 -1.163362e-14
    outer loop
      vertex   -6.682748e+01 1.525120e+01 3.467737e+01
      vertex   -6.682748e+01 3.550937e+01 3.367737e+01
      vertex   -6.682748e+01 3.999723e+01 3.467737e+01
    endloop
  endfacet
  facet normal 1.000000e+00 -3.166505e-15 0.000000e+00
    outer loop
      vertex   -6.682748e+01 3.999723e+01 3.467737e+01
      vertex   -6.682748e+01 3.550937e+01 3.367737e+01
      vertex   -6.682748e+01 3.999723e+01 3.367737e+01
    endloop
  endfacet
  facet normal -1.000000e+00 0.000000e+00 0.000000e+00
    outer loop
      vertex   -4.025748e+01 1.335330e+01 2.114503e+01
      vertex   -4.025748e+01 5.899366e+00 2.114503e+01
      vertex   -4.025748e+01 5.927147e+00 2.897737e+01
    endloop
  endfacet
  facet normal -1.000000e+00 -0.000000e+00 0.000000e+00
    outer loop
      vertex   -4.025748e+01 5.927147e+00 2.897737e+01
      vertex   -4.025748e+01 5.899366e+00 2.114503e+01
      vertex   -4.025748e+01 5.899366e+00 3.667737e+01
    endloop
  endfacet
  facet normal -1.000000e+00 0.000000e+00 0.000000e+00
    outer loop
      vertex   -4.025748e+01 5.927147e+00 2.897737e+01
      vertex   -4.025748e+01 5.899366e+00 3.667737e+01
      vertex   -4.025748e+01 5.927147e+00 3.667737e+01
    endloop
  endfacet
  facet normal -1.000000e+00 0.000000e+00 0.000000e+00
    outer loop
      vertex   -4.025748e+01 5.927147e+00 2.897737e+01
      vertex   -4.025748e+01 1.674715e+01 2.897737e+01
      vertex   -4.025748e+01 1.335330e+01 2.114503e+01
    endloop
  endfacet
  facet normal -1.000000e+00 0.000000e+00 0.000000e+00
    outer loop
      vertex   -4.025748e+01 1.335330e+01 2.114503e+01
      vertex   -4.025748e+01 1.674715e+01 2.897737e+01
      vertex   -4.025748e+01 1.674715e+01 2.467737e+01
    endloop
  endfacet
  facet normal -1.000000e+00 0.000000e+00 0.000000e+00
    outer loop
      vertex   -4.025748e+01 1.335330e+01 2.114503e+01
      vertex   -4.025748e+01 1.674715e+01 2.467737e+01
      vertex   -4.025748e+01 1.678330e+01 2.457503e+01
    endloop
  endfacet
  facet normal -1.000000e+00 0.000000e+00 0.000000e+00
    outer loop
      vertex   -4.025748e+01 1.678330e+01 2.457503e+01
      vertex   -4.025748e+01 1.674715e+01 2.467737e+01
      vertex   -4.025748e+01 1.678330e+01 2.467737e+01
    endloop
  endfacet
  facet normal 0.000000e+00 -1.000000e+00 0.000000e+00
    outer loop
      vertex   -4.593387e+01 3.550937e+01 3.535737e+01
      vertex   -4.804600e+01 3.550937e+01 3.367737e+01
      vertex   -5.661306e+01 3.550937e+01 2.467817e+01
    endloop
  endfacet
  facet normal 0.000000e+00 -1.000000e+00 0.000000e+00
    outer loop
      vertex   -5.661306e+01 3.550937e+01 2.467817e+01
      vertex   -4.804600e+01 3.550937e+01 3.367737e+01
      vertex   -5.359600e+01 3.550937e+01 3.367737e+01
    endloop
  endfacet
  facet normal 0.000000e+00 -1.000000e+00 0.000000e+00
    outer loop
      vertex   -5.661306e+01 3.550937e+01 2.467817e+01
      vertex   -5.359600e+01 3.550937e+01 3.367737e+01
      vertex   -6.682748e+01 3.550937e+01 3.367737e+01
    endloop
  endfacet
  facet normal -0.000000e+00 -1.000000e+00 -0.000000e+00
    outer loop
      vertex   -4.593387e+01 3.550937e+01 3.667737e+01
      vertex   -4.804600e+01 3.550937e+01 3.667737e+01
      vertex   -4.593387e+01 3.550937e+01 3.535737e+01
    endloop
  endfacet
  facet normal -0.000000e+00 -1.000000e+00 0.000000e+00
    outer loop
      vertex   -4.593387e+01 3.550937e+01 3.535737e+01
      vertex   -4.804600e+01 3.550937e+01 3.667737e+01
      vertex   -4.804600e+01 3.550937e+01 3.367737e+01
    endloop
  endfacet
  facet normal 0.000000e+00 -1.000000e+00 0.000000e+00
    outer loop
      vertex   -6.682748e+01 3.550937e+01 3.367737e+01
      vertex   -6.682748e+01 3.550937e+01 2.114503e+01
      vertex   -5.661306e+01 3.550937e+01 2.467817e+01
    endloop
  endfacet
  facet normal 0.000000e+00 -1.000000e+00 0.000000e+00
    outer loop
      vertex   -5.661306e+01 3.550937e+01 2.467817e+01
      vertex   -6.682748e+01 3.550937e+01 2.114503e+01
      vertex   -6.005306e+01 3.550937e+01 2.114503e+01
    endloop
  endfacet
  facet normal 0.000000e+00 -1.000000e+00 -0.000000e+00
    outer loop
      vertex   -5.661306e+01 3.550937e+01 2.467817e+01
      vertex   -6.005306e+01 3.550937e+01 2.114503e+01
      vertex   -5.661306e+01 3.550937e+01 2.458503e+01
    endloop
  endfacet
  facet normal 1.000000e+00 3.168896e-12 -2.112482e-12
    outer loop
      vertex   -4.993387e+01 3.996687e+01 2.467737e+01
      vertex   -4.993387e+01 3.996687e+01 3.135737e+01
      vertex   -4.993387e+01 3.551378e+01 2.467737e+01
    endloop
  endfacet
  facet normal 1.000000e+00 -3.893306e-12 2.595396e-12
    outer loop
      vertex   -4.993387e+01 3.551378e+01 2.467737e+01
      vertex   -4.993387e+01 3.996687e+01 3.135737e+01
      vertex   -4.993387e+01 3.551378e+01 3.135737e+01
    endloop
  endfacet
  facet normal 7.071068e-01 -1.138488e-12 -7.071068e-01
    outer loop
      vertex   -5.661306e+01 3.551378e+01 2.467817e+01
      vertex   -4.993387e+01 3.551378e+01 3.135737e+01
      vertex   -5.661306e+01 3.550937e+01 2.467817e+01
    endloop
  endfacet
  facet normal 7.071068e-01 2.773727e-09 -7.071068e-01
    outer loop
      vertex   -5.661306e+01 3.550937e+01 2.467817e+01
      vertex   -4.993387e+01 3.551378e+01 3.135737e+01
      vertex   -4.593387e+01 3.550937e+01 3.535737e+01
    endloop
  endfacet
  facet normal 7.071068e-01 0.000000e+00 -7.071068e-01
    outer loop
      vertex   -4.593387e+01 3.550937e+01 3.535737e+01
      vertex   -4.993387e+01 3.551378e+01 3.135737e+01
      vertex   -4.593387e+01 3.996687e+01 3.535737e+01
    endloop
  endfacet
  facet normal 7.071068e-01 -2.752983e-12 -7.071068e-01
    outer loop
      vertex   -4.593387e+01 3.996687e+01 3.535737e+01
      vertex   -4.993387e+01 3.551378e+01 3.135737e+01
      vertex   -4.993387e+01 3.996687e+01 3.135737e+01
    endloop
  endfacet
  facet normal 8.522320e-14 -7.071068e-01 -7.071068e-01
    outer loop
      vertex   2.591613e+01 2.641096e+01 3.367737e+01
      vertex   2.587850e+01 3.551330e+01 2.457503e+01
      vertex   2.591613e+01 3.894330e+01 2.114503e+01
    endloop
  endfacet
  facet normal 1.665206e-16 -7.071068e-01 -7.071068e-01
    outer loop
      vertex   2.591613e+01 3.894330e+01 2.114503e+01
      vertex   2.587850e+01 3.551330e+01 2.457503e+01
      vertex   1.048451e+01 3.551330e+01 2.457503e+01
    endloop
  endfacet
  facet normal 6.623848e-17 -7.071068e-01 -7.071068e-01
    outer loop
      vertex   2.591613e+01 3.894330e+01 2.114503e+01
      vertex   1.048451e+01 3.551330e+01 2.457503e+01
      vertex   -4.993549e+01 3.894330e+01 2.114503e+01
    endloop
  endfacet
  facet normal 4.247427e-17 -7.071068e-01 -7.071068e-01
    outer loop
      vertex   -4.993549e+01 3.894330e+01 2.114503e+01
      vertex   1.048451e+01 3.551330e+01 2.457503e+01
      vertex   -4.993549e+01 3.551715e+01 2.457118e+01
    endloop
  endfacet
  facet normal 4.153070e-17 -7.071068e-01 -7.071068e-01
    outer loop
      vertex   -4.993549e+01 3.551715e+01 2.457118e+01
      vertex   1.048451e+01 3.551330e+01 2.457503e+01
      vertex   -4.999808e+01 3.551378e+01 2.457455e+01
    endloop
  endfacet
  facet normal -0.000000e+00 -7.071068e-01 -7.071068e-01
    outer loop
      vertex   -4.993549e+01 3.551715e+01 2.457118e+01
      vertex   -4.999808e+01 3.551378e+01 2.457455e+01
      vertex   -5.000145e+01 3.551715e+01 2.457118e+01
    endloop
  endfacet
  facet normal 6.675288e-14 -7.071068e-01 -7.071068e-01
    outer loop
      vertex   2.591613e+01 2.641096e+01 3.367737e+01
      vertex   2.587850e+01 2.641096e+01 3.367737e+01
      vertex   2.587850e+01 3.551330e+01 2.457503e+01
    endloop
  endfacet
  facet normal 8.164492e-17 -7.071068e-01 -7.071068e-01
    outer loop
      vertex   1.048451e+01 3.551330e+01 2.457503e+01
      vertex   -5.105387e+01 3.551330e+01 2.457503e+01
      vertex   -4.999808e+01 3.551378e+01 2.457455e+01
    endloop
  endfacet
  facet normal -0.000000e+00 -7.071068e-01 -7.071068e-01
    outer loop
      vertex   -4.999808e+01 3.551378e+01 2.457455e+01
      vertex   -5.105387e+01 3.551330e+01 2.457503e+01
      vertex   -5.105387e+01 3.551378e+01 2.457455e+01
    endloop
  endfacet
  facet normal -1.000000e+00 0.000000e+00 -1.203153e-13
    outer loop
      vertex   1.048451e+01 3.551330e+01 3.663737e+01
      vertex   1.048451e+01 3.996687e+01 3.663737e+01
      vertex   1.048451e+01 3.551330e+01 2.457503e+01
    endloop
  endfacet
  facet normal -1.000000e+00 0.000000e+00 -1.203153e-13
    outer loop
      vertex   1.048451e+01 3.551330e+01 2.457503e+01
      vertex   1.048451e+01 3.996687e+01 3.663737e+01
      vertex   1.048451e+01 3.996687e+01 2.457503e+01
    endloop
  endfacet
  facet normal 0.000000e+00 -1.000000e+00 0.000000e+00
    outer loop
      vertex   -1.155806e+01 -4.738871e+00 3.440735e+01
      vertex   -4.810483e+01 -4.738871e+00 3.660446e+01
      vertex   -4.749690e+01 -4.738871e+00 3.440735e+01
    endloop
  endfacet
  facet normal -0.000000e+00 -1.000000e+00 0.000000e+00
    outer loop
      vertex   -4.749690e+01 -4.738871e+00 3.440735e+01
      vertex   -4.810483e+01 -4.738871e+00 3.660446e+01
      vertex   -4.810483e+01 -4.738871e+00 3.340446e+01
    endloop
  endfacet
  facet normal 0.000000e+00 -1.000000e+00 -0.000000e+00
    outer loop
      vertex   -4.749690e+01 -4.738871e+00 3.440735e+01
      vertex   -4.810483e+01 -4.738871e+00 3.340446e+01
      vertex   -4.749690e+01 -4.738871e+00 3.340446e+01
    endloop
  endfacet
  facet normal 0.000000e+00 -1.000000e+00 0.000000e+00
    outer loop
      vertex   -1.155806e+01 -4.738871e+00 3.440735e+01
      vertex   -1.155806e+01 -4.738871e+00 3.860446e+01
      vertex   -4.810483e+01 -4.738871e+00 3.660446e+01
    endloop
  endfacet
  facet normal -2.430252e-17 -1.000000e+00 4.440892e-16
    outer loop
      vertex   -4.810483e+01 -4.738871e+00 3.660446e+01
      vertex   -1.155806e+01 -4.738871e+00 3.860446e+01
      vertex   -4.810483e+01 -4.738871e+00 3.860446e+01
    endloop
  endfacet
  facet normal 2.263847e-15 -1.000000e+00 0.000000e+00
    outer loop
      vertex   2.051194e+01 -2.491534e+01 3.860446e+01
      vertex   2.051194e+01 -2.491534e+01 3.339448e+01
      vertex   2.992790e+01 -2.491534e+01 3.860446e+01
    endloop
  endfacet
  facet normal 2.263013e-15 -1.000000e+00 1.507452e-18
    outer loop
      vertex   2.992790e+01 -2.491534e+01 3.860446e+01
      vertex   2.051194e+01 -2.491534e+01 3.339448e+01
      vertex   2.993137e+01 -2.491534e+01 3.339448e+01
    endloop
  endfacet
  facet normal 0.000000e+00 -1.000000e+00 0.000000e+00
    outer loop
      vertex   2.992790e+01 -2.491534e+01 3.860446e+01
      vertex   2.993137e+01 -2.491534e+01 3.339448e+01
      vertex   2.993137e+01 -2.491534e+01 3.967737e+01
    endloop
  endfacet
  facet normal 6.961081e-11 -1.000000e+00 -2.251680e-13
    outer loop
      vertex   2.993137e+01 -2.491534e+01 3.967737e+01
      vertex   2.992790e+01 -2.491534e+01 3.967737e+01
      vertex   2.992790e+01 -2.491534e+01 3.860446e+01
    endloop
  endfacet
  facet normal -0.000000e+00 0.000000e+00 1.000000e+00
    outer loop
      vertex   2.051194e+01 -2.491534e+01 3.339448e+01
      vertex   2.051194e+01 -2.848534e+01 3.339448e+01
      vertex   2.993137e+01 -2.491534e+01 3.339448e+01
    endloop
  endfacet
  facet normal 0.000000e+00 0.000000e+00 1.000000e+00
    outer loop
      vertex   2.993137e+01 -2.491534e+01 3.339448e+01
      vertex   2.051194e+01 -2.848534e+01 3.339448e+01
      vertex   2.993137e+01 -2.848534e+01 3.339448e+01
    endloop
  endfacet
  facet normal -2.308680e-15 1.000000e+00 -6.372720e-28
    outer loop
      vertex   2.051194e+01 -2.848534e+01 3.340735e+01
      vertex   2.820620e+01 -2.848534e+01 3.340735e+01
      vertex   2.051194e+01 -2.848534e+01 3.339448e+01
    endloop
  endfacet
  facet normal -2.640182e-15 1.000000e+00 1.981771e-13
    outer loop
      vertex   2.051194e+01 -2.848534e+01 3.339448e+01
      vertex   2.820620e+01 -2.848534e+01 3.340735e+01
      vertex   2.993137e+01 -2.848534e+01 3.339448e+01
    endloop
  endfacet
  facet normal -4.118679e-15 1.000000e+00 0.000000e+00
    outer loop
      vertex   2.993137e+01 -2.848534e+01 3.339448e+01
      vertex   2.820620e+01 -2.848534e+01 3.340735e+01
      vertex   2.993137e+01 -2.848534e+01 3.967737e+01
    endloop
  endfacet
  facet normal -4.118679e-15 1.000000e+00 0.000000e+00
    outer loop
      vertex   2.993137e+01 -2.848534e+01 3.967737e+01
      vertex   2.820620e+01 -2.848534e+01 3.340735e+01
      vertex   2.820620e+01 -2.848534e+01 3.967737e+01
    endloop
  endfacet
  facet normal -0.000000e+00 0.000000e+00 1.000000e+00
    outer loop
      vertex   2.051194e+01 -2.848534e+01 3.340735e+01
      vertex   2.051194e+01 -2.930534e+01 3.340735e+01
      vertex   2.820620e+01 -2.848534e+01 3.340735e+01
    endloop
  endfacet
  facet normal 0.000000e+00 0.000000e+00 1.000000e+00
    outer loop
      vertex   2.820620e+01 -2.848534e+01 3.340735e+01
      vertex   2.051194e+01 -2.930534e+01 3.340735e+01
      vertex   2.605620e+01 -3.063534e+01 3.340735e+01
    endloop
  endfacet
  facet normal 0.000000e+00 0.000000e+00 1.000000e+00
    outer loop
      vertex   2.605620e+01 -3.063534e+01 3.340735e+01
      vertex   2.051194e+01 -2.930534e+01 3.340735e+01
      vertex   -2.316905e+00 -3.118121e+01 3.340735e+01
    endloop
  endfacet
  facet normal 0.000000e+00 0.000000e+00 1.000000e+00
    outer loop
      vertex   2.605620e+01 -3.063534e+01 3.340735e+01
      vertex   -2.316905e+00 -3.118121e+01 3.340735e+01
      vertex   2.605620e+01 -3.118121e+01 3.340735e+01
    endloop
  endfacet
  facet normal 0.000000e+00 0.000000e+00 1.000000e+00
    outer loop
      vertex   2.051194e+01 -2.930534e+01 3.340735e+01
      vertex   -2.316905e+00 -2.930534e+01 3.340735e+01
      vertex   -2.316905e+00 -3.118121e+01 3.340735e+01
    endloop
  endfacet
  facet normal 1.000000e+00 0.000000e+00 0.000000e+00
    outer loop
      vertex   -4.593387e+01 3.550937e+01 3.535737e+01
      vertex   -4.593387e+01 3.996687e+01 3.535737e+01
      vertex   -4.593387e+01 3.550937e+01 3.667737e+01
    endloop
  endfacet
  facet normal 1.000000e+00 -0.000000e+00 0.000000e+00
    outer loop
      vertex   -4.593387e+01 3.550937e+01 3.667737e+01
      vertex   -4.593387e+01 3.996687e+01 3.535737e+01
      vertex   -4.593387e+01 3.996687e+01 3.667737e+01
    endloop
  endfacet
  facet normal 1.000000e+00 0.000000e+00 -0.000000e+00
    outer loop
      vertex   -5.021430e+01 3.999723e+01 3.869737e+01
      vertex   -5.021430e+01 3.999723e+01 3.967737e+01
      vertex   -5.021430e+01 3.991102e+01 3.869737e+01
    endloop
  endfacet
  facet normal 1.000000e+00 0.000000e+00 0.000000e+00
    outer loop
      vertex   -5.021430e+01 3.991102e+01 3.869737e+01
      vertex   -5.021430e+01 3.999723e+01 3.967737e+01
      vertex   -5.021430e+01 3.991102e+01 3.967737e+01
    endloop
  endfacet
  facet normal 0.000000e+00 1.000000e+00 0.000000e+00
    outer loop
      vertex   -6.258113e+01 4.251634e+01 2.614503e+01
      vertex   -6.258113e+01 4.251634e+01 3.967737e+01
      vertex   3.959887e+01 4.251634e+01 2.614503e+01
    endloop
  endfacet
  facet normal 0.000000e+00 1.000000e+00 -0.000000e+00
    outer loop
      vertex   3.959887e+01 4.251634e+01 2.614503e+01
      vertex   -6.258113e+01 4.251634e+01 3.967737e+01
      vertex   3.959887e+01 4.251634e+01 3.967737e+01
    endloop
  endfacet
  facet normal 7.969940e-01 6.039872e-01 0.000000e+00
    outer loop
      vertex   4.531448e+01 3.982796e+01 3.967737e+01
      vertex   4.569973e+01 3.931960e+01 3.967737e+01
      vertex   4.531448e+01 3.982796e+01 3.952860e+01
    endloop
  endfacet
  facet normal 7.970894e-01 6.038609e-01 -6.786137e-04
    outer loop
      vertex   4.531448e+01 3.982796e+01 3.952860e+01
      vertex   4.569973e+01 3.931960e+01 3.967737e+01
      vertex   4.520654e+01 3.995541e+01 2.614503e+01
    endloop
  endfacet
  facet normal 7.192630e-01 6.947374e-01 8.144337e-04
    outer loop
      vertex   4.531448e+01 3.982796e+01 3.952860e+01
      vertex   4.520654e+01 3.995541e+01 2.614503e+01
      vertex   4.452586e+01 4.064442e+01 3.952860e+01
    endloop
  endfacet
  facet normal 7.071067e-01 7.071067e-01 -4.406111e-04
    outer loop
      vertex   4.452586e+01 4.064442e+01 3.952860e+01
      vertex   4.520654e+01 3.995541e+01 2.614503e+01
      vertex   4.445794e+01 4.070400e+01 2.614503e+01
    endloop
  endfacet
  facet normal 6.048757e-01 7.963198e-01 4.754060e-04
    outer loop
      vertex   4.452586e+01 4.064442e+01 3.952860e+01
      vertex   4.445794e+01 4.070400e+01 2.614503e+01
      vertex   4.362194e+01 4.133103e+01 3.952860e+01
    endloop
  endfacet
  facet normal 5.992777e-01 8.005412e-01 -7.204981e-05
    outer loop
      vertex   4.362194e+01 4.133103e+01 3.952860e+01
      vertex   4.445794e+01 4.070400e+01 2.614503e+01
      vertex   4.361043e+01 4.133844e+01 2.614503e+01
    endloop
  endfacet
  facet normal 4.792490e-01 8.776790e-01 7.393324e-05
    outer loop
      vertex   4.362194e+01 4.133103e+01 3.952860e+01
      vertex   4.361043e+01 4.133844e+01 2.614503e+01
      vertex   4.268125e+01 4.184581e+01 2.614503e+01
    endloop
  endfacet
  facet normal 8.005408e-01 5.992774e-01 -1.019756e-03
    outer loop
      vertex   4.520654e+01 3.995541e+01 2.614503e+01
      vertex   4.569973e+01 3.931960e+01 3.967737e+01
      vertex   4.584097e+01 3.910789e+01 2.614503e+01
    endloop
  endfacet
  facet normal 8.366017e-01 5.478116e-01 1.617919e-04
    outer loop
      vertex   4.584097e+01 3.910789e+01 2.614503e+01
      vertex   4.569973e+01 3.931960e+01 3.967737e+01
      vertex   4.590907e+01 3.899991e+01 3.967737e+01
    endloop
  endfacet
  facet normal 8.593745e-01 5.113467e-01 -2.437944e-04
    outer loop
      vertex   4.584097e+01 3.910789e+01 2.614503e+01
      vertex   4.590907e+01 3.899991e+01 3.967737e+01
      vertex   4.603990e+01 3.878003e+01 3.967737e+01
    endloop
  endfacet
  facet normal 8.776783e-01 4.792486e-01 -1.290535e-03
    outer loop
      vertex   4.584097e+01 3.910789e+01 2.614503e+01
      vertex   4.603990e+01 3.878003e+01 3.967737e+01
      vertex   4.634834e+01 3.817872e+01 2.614503e+01
    endloop
  endfacet
  facet normal 8.885990e-01 4.586849e-01 -1.278629e-04
    outer loop
      vertex   4.634834e+01 3.817872e+01 2.614503e+01
      vertex   4.603990e+01 3.878003e+01 3.967737e+01
      vertex   4.633247e+01 3.821324e+01 3.967737e+01
    endloop
  endfacet
  facet normal 9.110426e-01 4.123123e-01 1.675830e-05
    outer loop
      vertex   4.634834e+01 3.817872e+01 2.614503e+01
      vertex   4.633247e+01 3.821324e+01 3.967737e+01
      vertex   4.638466e+01 3.809793e+01 3.967737e+01
    endloop
  endfacet
  facet normal 9.279225e-01 3.727731e-01 -2.645882e-04
    outer loop
      vertex   4.638466e+01 3.809793e+01 3.967737e+01
      vertex   4.657528e+01 3.762342e+01 3.967737e+01
      vertex   4.634834e+01 3.817872e+01 2.614503e+01
    endloop
  endfacet
  facet normal 9.369488e-01 3.494639e-01 -1.372462e-03
    outer loop
      vertex   4.634834e+01 3.817872e+01 2.614503e+01
      vertex   4.657528e+01 3.762342e+01 3.967737e+01
      vertex   4.671831e+01 3.718680e+01 2.614503e+01
    endloop
  endfacet
  facet normal 9.539865e-01 2.998493e-01 4.084251e-04
    outer loop
      vertex   4.671831e+01 3.718680e+01 2.614503e+01
      vertex   4.657528e+01 3.762342e+01 3.967737e+01
      vertex   4.676654e+01 3.701492e+01 3.967737e+01
    endloop
  endfacet
  facet normal 9.762137e-01 2.168092e-01 -7.255156e-04
    outer loop
      vertex   4.671831e+01 3.718680e+01 2.614503e+01
      vertex   4.676654e+01 3.701492e+01 3.967737e+01
      vertex   4.690483e+01 3.639224e+01 3.967737e+01
    endloop
  endfacet
  facet normal 9.771464e-01 2.125652e-01 -9.875612e-04
    outer loop
      vertex   4.671831e+01 3.718680e+01 2.614503e+01
      vertex   4.690483e+01 3.639224e+01 3.967737e+01
      vertex   4.694335e+01 3.615232e+01 2.614503e+01
    endloop
  endfacet
  facet normal 9.912273e-01 1.321670e-01 4.779474e-04
    outer loop
      vertex   4.694335e+01 3.615232e+01 2.614503e+01
      vertex   4.690483e+01 3.639224e+01 3.967737e+01
      vertex   4.698914e+01 3.575999e+01 3.967737e+01
    endloop
  endfacet
  facet normal 9.974513e-01 7.133912e-02 -1.306634e-03
    outer loop
      vertex   4.694335e+01 3.615232e+01 2.614503e+01
      vertex   4.698914e+01 3.575999e+01 3.967737e+01
      vertex   4.701887e+01 3.509634e+01 2.614503e+01
    endloop
  endfacet
  facet normal 9.989160e-01 4.654813e-02 -8.762661e-05
    outer loop
      vertex   4.701887e+01 3.509634e+01 2.614503e+01
      vertex   4.698914e+01 3.575999e+01 3.967737e+01
      vertex   4.701883e+01 3.512283e+01 3.967737e+01
    endloop
  endfacet
  facet normal 9.999984e-01 1.784993e-03 -0.000000e+00
    outer loop
      vertex   4.701887e+01 3.509634e+01 2.614503e+01
      vertex   4.701883e+01 3.512283e+01 3.967737e+01
      vertex   4.701887e+01 3.509634e+01 3.967737e+01
    endloop
  endfacet
  facet normal 4.763321e-01 8.792654e-01 3.399689e-04
    outer loop
      vertex   4.362194e+01 4.133103e+01 3.952860e+01
      vertex   4.268125e+01 4.184581e+01 2.614503e+01
      vertex   4.262387e+01 4.187172e+01 3.952860e+01
    endloop
  endfacet
  facet normal 3.494642e-01 9.369497e-01 -3.157236e-04
    outer loop
      vertex   4.262387e+01 4.187172e+01 3.952860e+01
      vertex   4.268125e+01 4.184581e+01 2.614503e+01
      vertex   4.168933e+01 4.221578e+01 2.614503e+01
    endloop
  endfacet
  facet normal 3.366406e-01 9.416329e-01 7.000992e-04
    outer loop
      vertex   4.262387e+01 4.187172e+01 3.952860e+01
      vertex   4.168933e+01 4.221578e+01 2.614503e+01
      vertex   4.155499e+01 4.225385e+01 3.952860e+01
    endloop
  endfacet
  facet normal 2.203671e-01 9.754168e-01 -5.630868e-04
    outer loop
      vertex   4.155499e+01 4.225385e+01 3.952860e+01
      vertex   4.168933e+01 4.221578e+01 2.614503e+01
      vertex   4.091161e+01 4.239929e+01 3.967737e+01
    endloop
  endfacet
  facet normal 2.204910e-01 9.753890e-01 -0.000000e+00
    outer loop
      vertex   4.155499e+01 4.225385e+01 3.952860e+01
      vertex   4.091161e+01 4.239929e+01 3.967737e+01
      vertex   4.155499e+01 4.225385e+01 3.967737e+01
    endloop
  endfacet
  facet normal 2.125652e-01 9.771463e-01 -1.034930e-03
    outer loop
      vertex   4.168933e+01 4.221578e+01 2.614503e+01
      vertex   4.065485e+01 4.244081e+01 2.614503e+01
      vertex   4.091161e+01 4.239929e+01 3.967737e+01
    endloop
  endfacet
  facet normal 1.329955e-01 9.911165e-01 5.176532e-04
    outer loop
      vertex   4.091161e+01 4.239929e+01 3.967737e+01
      vertex   4.065485e+01 4.244081e+01 2.614503e+01
      vertex   4.025784e+01 4.248702e+01 3.967737e+01
    endloop
  endfacet
  facet normal 7.133912e-02 9.974513e-01 -1.312825e-03
    outer loop
      vertex   4.025784e+01 4.248702e+01 3.967737e+01
      vertex   4.065485e+01 4.244081e+01 2.614503e+01
      vertex   3.959887e+01 4.251634e+01 2.614503e+01
    endloop
  endfacet
  facet normal 4.444892e-02 9.990117e-01 0.000000e+00
    outer loop
      vertex   4.025784e+01 4.248702e+01 3.967737e+01
      vertex   3.959887e+01 4.251634e+01 2.614503e+01
      vertex   3.959887e+01 4.251634e+01 3.967737e+01
    endloop
  endfacet
  facet normal -1.074018e-15 -1.000000e+00 0.000000e+00
    outer loop
      vertex   -6.682748e+01 3.999723e+01 3.367737e+01
      vertex   -5.359600e+01 3.999723e+01 3.367737e+01
      vertex   -6.682748e+01 3.999723e+01 3.467737e+01
    endloop
  endfacet
  facet normal -1.074018e-15 -1.000000e+00 0.000000e+00
    outer loop
      vertex   -6.682748e+01 3.999723e+01 3.467737e+01
      vertex   -5.359600e+01 3.999723e+01 3.367737e+01
      vertex   -5.359600e+01 3.999723e+01 3.660737e+01
    endloop
  endfacet
  facet normal -1.606750e-15 -1.000000e+00 3.652247e-15
    outer loop
      vertex   -6.682748e+01 3.999723e+01 3.467737e+01
      vertex   -5.359600e+01 3.999723e+01 3.660737e+01
      vertex   -6.686271e+01 3.999723e+01 3.660737e+01
    endloop
  endfacet
  facet normal -2.017380e-13 -1.000000e+00 -0.000000e+00
    outer loop
      vertex   -6.686271e+01 3.999723e+01 3.660737e+01
      vertex   -6.686271e+01 3.999723e+01 3.467737e+01
      vertex   -6.682748e+01 3.999723e+01 3.467737e+01
    endloop
  endfacet
  facet normal 0.000000e+00 -0.000000e+00 1.000000e+00
    outer loop
      vertex   -5.359600e+01 3.550937e+01 3.367737e+01
      vertex   -5.359600e+01 3.999723e+01 3.367737e+01
      vertex   -6.682748e+01 3.550937e+01 3.367737e+01
    endloop
  endfacet
  facet normal 0.000000e+00 0.000000e+00 1.000000e+00
    outer loop
      vertex   -6.682748e+01 3.550937e+01 3.367737e+01
      vertex   -5.359600e+01 3.999723e+01 3.367737e+01
      vertex   -6.682748e+01 3.999723e+01 3.367737e+01
    endloop
  endfacet
  facet normal 0.000000e+00 -1.000000e+00 0.000000e+00
    outer loop
      vertex   -5.359600e+01 3.550723e+01 3.869737e+01
      vertex   -5.359600e+01 3.550723e+01 3.367737e+01
      vertex   -4.804600e+01 3.550723e+01 3.869737e+01
    endloop
  endfacet
  facet normal 0.000000e+00 -1.000000e+00 -0.000000e+00
    outer loop
      vertex   -4.804600e+01 3.550723e+01 3.869737e+01
      vertex   -5.359600e+01 3.550723e+01 3.367737e+01
      vertex   -4.804600e+01 3.550723e+01 3.367737e+01
    endloop
  endfacet
  facet normal -0.000000e+00 -0.000000e+00 -1.000000e+00
    outer loop
      vertex   -4.804600e+01 3.550937e+01 3.367737e+01
      vertex   -4.804600e+01 3.550723e+01 3.367737e+01
      vertex   -5.359600e+01 3.550937e+01 3.367737e+01
    endloop
  endfacet
  facet normal 0.000000e+00 0.000000e+00 -1.000000e+00
    outer loop
      vertex   -5.359600e+01 3.550937e+01 3.367737e+01
      vertex   -4.804600e+01 3.550723e+01 3.367737e+01
      vertex   -5.359600e+01 3.550723e+01 3.367737e+01
    endloop
  endfacet
  facet normal -1.000000e+00 -0.000000e+00 -0.000000e+00
    outer loop
      vertex   -5.359600e+01 3.991102e+01 3.869737e+01
      vertex   -5.359600e+01 3.991102e+01 3.660737e+01
      vertex   -5.359600e+01 3.550723e+01 3.869737e+01
    endloop
  endfacet
  facet normal -1.000000e+00 0.000000e+00 0.000000e+00
    outer loop
      vertex   -5.359600e+01 3.550723e+01 3.869737e+01
      vertex   -5.359600e+01 3.991102e+01 3.660737e+01
      vertex   -5.359600e+01 3.550937e+01 3.367737e+01
    endloop
  endfacet
  facet normal -1.000000e+00 0.000000e+00 0.000000e+00
    outer loop
      vertex   -5.359600e+01 3.550723e+01 3.869737e+01
      vertex   -5.359600e+01 3.550937e+01 3.367737e+01
      vertex   -5.359600e+01 3.550723e+01 3.367737e+01
    endloop
  endfacet
  facet normal -1.000000e+00 -0.000000e+00 -0.000000e+00
    outer loop
      vertex   -5.359600e+01 3.999723e+01 3.660737e+01
      vertex   -5.359600e+01 3.999723e+01 3.367737e+01
      vertex   -5.359600e+01 3.991102e+01 3.660737e+01
    endloop
  endfacet
  facet normal -1.000000e+00 0.000000e+00 -0.000000e+00
    outer loop
      vertex   -5.359600e+01 3.991102e+01 3.660737e+01
      vertex   -5.359600e+01 3.999723e+01 3.367737e+01
      vertex   -5.359600e+01 3.550937e+01 3.367737e+01
    endloop
  endfacet
  facet normal -0.000000e+00 0.000000e+00 1.000000e+00
    outer loop
      vertex   3.098252e+01 3.999723e+01 3.467737e+01
      vertex   3.098252e+01 6.972330e-01 3.467737e+01
      vertex   3.298570e+01 3.999723e+01 3.467737e+01
    endloop
  endfacet
  facet normal 0.000000e+00 0.000000e+00 1.000000e+00
    outer loop
      vertex   3.298570e+01 3.999723e+01 3.467737e+01
      vertex   3.098252e+01 6.972330e-01 3.467737e+01
      vertex   3.298570e+01 6.972330e-01 3.467737e+01
    endloop
  endfacet
  facet normal 0.000000e+00 -0.000000e+00 1.000000e+00
    outer loop
      vertex   -6.682748e+01 3.697233e+00 3.467737e+01
      vertex   -6.682748e+01 5.899366e+00 3.467737e+01
      vertex   -6.686271e+01 3.697233e+00 3.467737e+01
    endloop
  endfacet
  facet normal 0.000000e+00 0.000000e+00 1.000000e+00
    outer loop
      vertex   -6.686271e+01 3.697233e+00 3.467737e+01
      vertex   -6.682748e+01 5.899366e+00 3.467737e+01
      vertex   -6.685215e+01 1.320277e+01 3.467737e+01
    endloop
  endfacet
  facet normal 0.000000e+00 0.000000e+00 1.000000e+00
    outer loop
      vertex   -6.686271e+01 3.697233e+00 3.467737e+01
      vertex   -6.685215e+01 1.320277e+01 3.467737e+01
      vertex   -6.686271e+01 1.330142e+01 3.467737e+01
    endloop
  endfacet
  facet normal 0.000000e+00 0.000000e+00 1.000000e+00
    outer loop
      vertex   -6.682748e+01 1.300587e+01 3.467737e+01
      vertex   -6.684041e+01 1.310424e+01 3.467737e+01
      vertex   -6.682748e+01 5.899366e+00 3.467737e+01
    endloop
  endfacet
  facet normal 0.000000e+00 0.000000e+00 1.000000e+00
    outer loop
      vertex   -6.682748e+01 5.899366e+00 3.467737e+01
      vertex   -6.684041e+01 1.310424e+01 3.467737e+01
      vertex   -6.685215e+01 1.320277e+01 3.467737e+01
    endloop
  endfacet
  facet normal 0.000000e+00 -1.000000e+00 0.000000e+00
    outer loop
      vertex   2.587850e+01 1.674715e+01 3.667737e+01
      vertex   2.587850e+01 1.674715e+01 2.897737e+01
      vertex   2.588224e+01 1.674715e+01 3.667737e+01
    endloop
  endfacet
  facet normal 0.000000e+00 -1.000000e+00 -0.000000e+00
    outer loop
      vertex   2.588224e+01 1.674715e+01 3.667737e+01
      vertex   2.587850e+01 1.674715e+01 2.897737e+01
      vertex   2.588224e+01 1.674715e+01 2.897737e+01
    endloop
  endfacet
  facet normal -1.000000e+00 -0.000000e+00 -0.000000e+00
    outer loop
      vertex   2.588224e+01 1.674715e+01 3.667737e+01
      vertex   2.588224e+01 1.674715e+01 2.897737e+01
      vertex   2.588224e+01 5.927147e+00 3.667737e+01
    endloop
  endfacet
  facet normal -1.000000e+00 0.000000e+00 -0.000000e+00
    outer loop
      vertex   2.588224e+01 5.927147e+00 3.667737e+01
      vertex   2.588224e+01 1.674715e+01 2.897737e+01
      vertex   2.588224e+01 5.927147e+00 2.897737e+01
    endloop
  endfacet
  facet normal -2.267438e-01 -1.643080e-03 -9.739531e-01
    outer loop
      vertex   -5.750929e+01 5.899366e+00 3.309972e+01
      vertex   -5.788506e+01 -6.894976e+00 3.320879e+01
      vertex   -5.824192e+01 5.899366e+00 3.327028e+01
    endloop
  endfacet
  facet normal -1.119643e-01 1.653284e-03 -9.937109e-01
    outer loop
      vertex   -5.824192e+01 5.899366e+00 3.327028e+01
      vertex   -5.788506e+01 -6.894976e+00 3.320879e+01
      vertex   -5.863495e+01 -6.894976e+00 3.329328e+01
    endloop
  endfacet
  facet normal -5.415149e-02 -1.313789e-04 -9.985327e-01
    outer loop
      vertex   -5.824192e+01 5.899366e+00 3.327028e+01
      vertex   -5.863495e+01 -6.894976e+00 3.329328e+01
      vertex   -5.866369e+01 5.888532e+00 3.329316e+01
    endloop
  endfacet
  facet normal 7.143635e-02 1.509748e-04 -9.974451e-01
    outer loop
      vertex   -5.866369e+01 5.888532e+00 3.329316e+01
      vertex   -5.863495e+01 -6.894976e+00 3.329328e+01
      vertex   -5.908673e+01 5.899366e+00 3.326286e+01
    endloop
  endfacet
  facet normal 1.119643e-01 1.590916e-03 -9.937110e-01
    outer loop
      vertex   -5.908673e+01 5.899366e+00 3.326286e+01
      vertex   -5.863495e+01 -6.894976e+00 3.329328e+01
      vertex   -5.938485e+01 -6.894976e+00 3.320879e+01
    endloop
  endfacet
  facet normal 2.425073e-01 -1.550451e-03 -9.701483e-01
    outer loop
      vertex   -5.908673e+01 5.899366e+00 3.326286e+01
      vertex   -5.938485e+01 -6.894976e+00 3.320879e+01
      vertex   -5.980771e+01 5.899366e+00 3.308264e+01
    endloop
  endfacet
  facet normal 3.302786e-01 1.609454e-03 -9.438821e-01
    outer loop
      vertex   -5.980771e+01 5.899366e+00 3.308264e+01
      vertex   -5.938485e+01 -6.894976e+00 3.320879e+01
      vertex   -6.009714e+01 -6.894976e+00 3.295955e+01
    endloop
  endfacet
  facet normal 4.492481e-01 -1.567444e-03 -8.934057e-01
    outer loop
      vertex   -5.980771e+01 5.899366e+00 3.308264e+01
      vertex   -6.009714e+01 -6.894976e+00 3.295955e+01
      vertex   -6.047167e+01 5.899366e+00 3.274877e+01
    endloop
  endfacet
  facet normal 5.320314e-01 1.624903e-03 -8.467231e-01
    outer loop
      vertex   -6.047167e+01 5.899366e+00 3.274877e+01
      vertex   -6.009714e+01 -6.894976e+00 3.295955e+01
      vertex   -6.073612e+01 -6.894976e+00 3.255805e+01
    endloop
  endfacet
  facet normal 6.341414e-01 -1.581348e-03 -7.732155e-01
    outer loop
      vertex   -6.047167e+01 5.899366e+00 3.274877e+01
      vertex   -6.073612e+01 -6.894976e+00 3.255805e+01
      vertex   -6.104630e+01 5.899366e+00 3.227749e+01
    endloop
  endfacet
  facet normal 7.071058e-01 1.637262e-03 -7.071058e-01
    outer loop
      vertex   -6.104630e+01 5.899366e+00 3.227749e+01
      vertex   -6.073612e+01 -6.894976e+00 3.255805e+01
      vertex   -6.126973e+01 -6.894976e+00 3.202444e+01
    endloop
  endfacet
  facet normal 7.881955e-01 -1.592162e-03 -6.154228e-01
    outer loop
      vertex   -6.104630e+01 5.899366e+00 3.227749e+01
      vertex   -6.126973e+01 -6.894976e+00 3.202444e+01
      vertex   -6.150366e+01 5.899366e+00 3.169173e+01
    endloop
  endfacet
  facet normal 8.467231e-01 1.646531e-03 -5.320314e-01
    outer loop
      vertex   -6.150366e+01 5.899366e+00 3.169173e+01
      vertex   -6.126973e+01 -6.894976e+00 3.202444e+01
      vertex   -6.167122e+01 -6.894976e+00 3.138547e+01
    endloop
  endfacet
  facet normal 9.039187e-01 -1.599887e-03 -4.277013e-01
    outer loop
      vertex   -6.150366e+01 5.899366e+00 3.169173e+01
      vertex   -6.167122e+01 -6.894976e+00 3.138547e+01
      vertex   -6.182152e+01 5.899366e+00 3.101996e+01
    endloop
  endfacet
  facet normal 9.438820e-01 1.652711e-03 -3.302786e-01
    outer loop
      vertex   -6.182152e+01 5.899366e+00 3.101996e+01
      vertex   -6.167122e+01 -6.894976e+00 3.138547e+01
      vertex   -6.192046e+01 -6.894976e+00 3.067318e+01
    endloop
  endfacet
  facet normal 9.756831e-01 -1.604522e-03 -2.191802e-01
    outer loop
      vertex   -6.182152e+01 5.899366e+00 3.101996e+01
      vertex   -6.192046e+01 -6.894976e+00 3.067318e+01
      vertex   -6.198441e+01 5.899366e+00 3.029487e+01
    endloop
  endfacet
  facet normal 9.937108e-01 1.655801e-03 -1.119643e-01
    outer loop
      vertex   -6.198441e+01 5.899366e+00 3.029487e+01
      vertex   -6.192046e+01 -6.894976e+00 3.067318e+01
      vertex   -6.200495e+01 -6.894976e+00 2.992328e+01
    endloop
  endfacet
  facet normal 9.999987e-01 -1.606067e-03 0.000000e+00
    outer loop
      vertex   -6.198441e+01 5.899366e+00 3.029487e+01
      vertex   -6.200495e+01 -6.894976e+00 2.992328e+01
      vertex   -6.198441e+01 5.899366e+00 2.955170e+01
    endloop
  endfacet
  facet normal 9.937108e-01 1.655801e-03 1.119643e-01
    outer loop
      vertex   -6.198441e+01 5.899366e+00 2.955170e+01
      vertex   -6.200495e+01 -6.894976e+00 2.992328e+01
      vertex   -6.192046e+01 -6.894976e+00 2.917339e+01
    endloop
  endfacet
  facet normal 9.756831e-01 -1.604522e-03 2.191802e-01
    outer loop
      vertex   -6.198441e+01 5.899366e+00 2.955170e+01
      vertex   -6.192046e+01 -6.894976e+00 2.917339e+01
      vertex   -6.182152e+01 5.899366e+00 2.882660e+01
    endloop
  endfacet
  facet normal 9.438820e-01 1.652711e-03 3.302786e-01
    outer loop
      vertex   -6.182152e+01 5.899366e+00 2.882660e+01
      vertex   -6.192046e+01 -6.894976e+00 2.917339e+01
      vertex   -6.167122e+01 -6.894976e+00 2.846109e+01
    endloop
  endfacet
  facet normal 9.039187e-01 -1.599887e-03 4.277013e-01
    outer loop
      vertex   -6.182152e+01 5.899366e+00 2.882660e+01
      vertex   -6.167122e+01 -6.894976e+00 2.846109e+01
      vertex   -6.150366e+01 5.899366e+00 2.815483e+01
    endloop
  endfacet
  facet normal 8.467231e-01 1.646531e-03 5.320314e-01
    outer loop
      vertex   -6.150366e+01 5.899366e+00 2.815483e+01
      vertex   -6.167122e+01 -6.894976e+00 2.846109e+01
      vertex   -6.126973e+01 -6.894976e+00 2.782212e+01
    endloop
  endfacet
  facet normal 7.881955e-01 -1.592162e-03 6.154228e-01
    outer loop
      vertex   -6.150366e+01 5.899366e+00 2.815483e+01
      vertex   -6.126973e+01 -6.894976e+00 2.782212e+01
      vertex   -6.104630e+01 5.899366e+00 2.756907e+01
    endloop
  endfacet
  facet normal 7.071058e-01 1.637262e-03 7.071058e-01
    outer loop
      vertex   -6.104630e+01 5.899366e+00 2.756907e+01
      vertex   -6.126973e+01 -6.894976e+00 2.782212e+01
      vertex   -6.073612e+01 -6.894976e+00 2.728851e+01
    endloop
  endfacet
  facet normal 6.341414e-01 -1.581348e-03 7.732155e-01
    outer loop
      vertex   -6.104630e+01 5.899366e+00 2.756907e+01
      vertex   -6.073612e+01 -6.894976e+00 2.728851e+01
      vertex   -6.047167e+01 5.899366e+00 2.709779e+01
    endloop
  endfacet
  facet normal 5.320314e-01 1.624903e-03 8.467231e-01
    outer loop
      vertex   -6.047167e+01 5.899366e+00 2.709779e+01
      vertex   -6.073612e+01 -6.894976e+00 2.728851e+01
      vertex   -6.009714e+01 -6.894976e+00 2.688702e+01
    endloop
  endfacet
  facet normal 4.492481e-01 -1.567444e-03 8.934057e-01
    outer loop
      vertex   -6.047167e+01 5.899366e+00 2.709779e+01
      vertex   -6.009714e+01 -6.894976e+00 2.688702e+01
      vertex   -5.980771e+01 5.899366e+00 2.676392e+01
    endloop
  endfacet
  facet normal 3.302786e-01 1.609454e-03 9.438821e-01
    outer loop
      vertex   -5.980771e+01 5.899366e+00 2.676392e+01
      vertex   -6.009714e+01 -6.894976e+00 2.688702e+01
      vertex   -5.938485e+01 -6.894976e+00 2.663777e+01
    endloop
  endfacet
  facet normal 2.425073e-01 -1.550451e-03 9.701483e-01
    outer loop
      vertex   -5.980771e+01 5.899366e+00 2.676392e+01
      vertex   -5.938485e+01 -6.894976e+00 2.663777e+01
      vertex   -5.908673e+01 5.899366e+00 2.658370e+01
    endloop
  endfacet
  facet normal 1.119643e-01 1.590916e-03 9.937110e-01
    outer loop
      vertex   -5.908673e+01 5.899366e+00 2.658370e+01
      vertex   -5.938485e+01 -6.894976e+00 2.663777e+01
      vertex   -5.863495e+01 -6.894976e+00 2.655328e+01
    endloop
  endfacet
  facet normal 7.143101e-02 1.507854e-04 9.974455e-01
    outer loop
      vertex   -5.908673e+01 5.899366e+00 2.658370e+01
      vertex   -5.863495e+01 -6.894976e+00 2.655328e+01
      vertex   -5.866366e+01 5.888532e+00 2.655340e+01
    endloop
  endfacet
  facet normal -5.415684e-02 -1.312140e-04 9.985324e-01
    outer loop
      vertex   -5.866366e+01 5.888532e+00 2.655340e+01
      vertex   -5.863495e+01 -6.894976e+00 2.655328e+01
      vertex   -5.824192e+01 5.899366e+00 2.657628e+01
    endloop
  endfacet
  facet normal -1.119643e-01 1.653284e-03 9.937109e-01
    outer loop
      vertex   -5.824192e+01 5.899366e+00 2.657628e+01
      vertex   -5.863495e+01 -6.894976e+00 2.655328e+01
      vertex   -5.788506e+01 -6.894976e+00 2.663777e+01
    endloop
  endfacet
  facet normal -2.267438e-01 -1.643080e-03 9.739531e-01
    outer loop
      vertex   -5.824192e+01 5.899366e+00 2.657628e+01
      vertex   -5.788506e+01 -6.894976e+00 2.663777e+01
      vertex   -5.750929e+01 5.899366e+00 2.674684e+01
    endloop
  endfacet
  facet normal -3.302786e-01 1.654109e-03 9.438820e-01
    outer loop
      vertex   -5.750929e+01 5.899366e+00 2.674684e+01
      vertex   -5.788506e+01 -6.894976e+00 2.663777e+01
      vertex   -5.717277e+01 -6.894976e+00 2.688702e+01
    endloop
  endfacet
  facet normal -4.371342e-01 -1.643835e-03 8.993948e-01
    outer loop
      vertex   -5.750929e+01 5.899366e+00 2.674684e+01
      vertex   -5.717277e+01 -6.894976e+00 2.688702e+01
      vertex   -5.683274e+01 5.899366e+00 2.707566e+01
    endloop
  endfacet
  facet normal -5.320313e-01 1.654796e-03 8.467230e-01
    outer loop
      vertex   -5.683274e+01 5.899366e+00 2.707566e+01
      vertex   -5.717277e+01 -6.894976e+00 2.688702e+01
      vertex   -5.653379e+01 -6.894976e+00 2.728851e+01
    endloop
  endfacet
  facet normal -6.257453e-01 -1.644454e-03 7.800257e-01
    outer loop
      vertex   -5.683274e+01 5.899366e+00 2.707566e+01
      vertex   -5.653379e+01 -6.894976e+00 2.728851e+01
      vertex   -5.624599e+01 5.899366e+00 2.754636e+01
    endloop
  endfacet
  facet normal -7.071058e-01 1.655345e-03 7.071058e-01
    outer loop
      vertex   -5.624599e+01 5.899366e+00 2.754636e+01
      vertex   -5.653379e+01 -6.894976e+00 2.728851e+01
      vertex   -5.600018e+01 -6.894976e+00 2.782212e+01
    endloop
  endfacet
  facet normal -7.831797e-01 -1.644935e-03 6.217933e-01
    outer loop
      vertex   -5.624599e+01 5.899366e+00 2.754636e+01
      vertex   -5.600018e+01 -6.894976e+00 2.782212e+01
      vertex   -5.577826e+01 5.899366e+00 2.813549e+01
    endloop
  endfacet
  facet normal -8.467230e-01 1.655758e-03 5.320313e-01
    outer loop
      vertex   -5.577826e+01 5.899366e+00 2.813549e+01
      vertex   -5.600018e+01 -6.894976e+00 2.782212e+01
      vertex   -5.559869e+01 -6.894976e+00 2.846109e+01
    endloop
  endfacet
  facet normal -9.015935e-01 -1.645278e-03 4.325811e-01
    outer loop
      vertex   -5.577826e+01 5.899366e+00 2.813549e+01
      vertex   -5.559869e+01 -6.894976e+00 2.846109e+01
      vertex   -5.545286e+01 5.899366e+00 2.881369e+01
    endloop
  endfacet
  facet normal -9.438820e-01 1.656032e-03 3.302786e-01
    outer loop
      vertex   -5.545286e+01 5.899366e+00 2.881369e+01
      vertex   -5.559869e+01 -6.894976e+00 2.846109e+01
      vertex   -5.534945e+01 -6.894976e+00 2.917339e+01
    endloop
  endfacet
  facet normal -9.750871e-01 -1.645484e-03 2.218164e-01
    outer loop
      vertex   -5.545286e+01 5.899366e+00 2.881369e+01
      vertex   -5.534945e+01 -6.894976e+00 2.917339e+01
      vertex   -5.528601e+01 5.899366e+00 2.954717e+01
    endloop
  endfacet
  facet normal -9.937108e-01 1.656170e-03 1.119643e-01
    outer loop
      vertex   -5.528601e+01 5.899366e+00 2.954717e+01
      vertex   -5.534945e+01 -6.894976e+00 2.917339e+01
      vertex   -5.526495e+01 -6.894976e+00 2.992328e+01
    endloop
  endfacet
  facet normal -9.999986e-01 -1.645553e-03 -1.151116e-09
    outer loop
      vertex   -5.528601e+01 5.899366e+00 2.954717e+01
      vertex   -5.526495e+01 -6.894976e+00 2.992328e+01
      vertex   -5.528601e+01 5.899366e+00 3.029939e+01
    endloop
  endfacet
  facet normal -9.937108e-01 1.656170e-03 -1.119643e-01
    outer loop
      vertex   -5.528601e+01 5.899366e+00 3.029939e+01
      vertex   -5.526495e+01 -6.894976e+00 2.992328e+01
      vertex   -5.534945e+01 -6.894976e+00 3.067318e+01
    endloop
  endfacet
  facet normal -9.750871e-01 -1.645484e-03 -2.218164e-01
    outer loop
      vertex   -5.528601e+01 5.899366e+00 3.029939e+01
      vertex   -5.534945e+01 -6.894976e+00 3.067318e+01
      vertex   -5.545286e+01 5.899366e+00 3.103287e+01
    endloop
  endfacet
  facet normal -9.438820e-01 1.656032e-03 -3.302786e-01
    outer loop
      vertex   -5.545286e+01 5.899366e+00 3.103287e+01
      vertex   -5.534945e+01 -6.894976e+00 3.067318e+01
      vertex   -5.559869e+01 -6.894976e+00 3.138547e+01
    endloop
  endfacet
  facet normal -9.015935e-01 -1.645278e-03 -4.325811e-01
    outer loop
      vertex   -5.545286e+01 5.899366e+00 3.103287e+01
      vertex   -5.559869e+01 -6.894976e+00 3.138547e+01
      vertex   -5.577826e+01 5.899366e+00 3.171107e+01
    endloop
  endfacet
  facet normal -8.467230e-01 1.655758e-03 -5.320313e-01
    outer loop
      vertex   -5.577826e+01 5.899366e+00 3.171107e+01
      vertex   -5.559869e+01 -6.894976e+00 3.138547e+01
      vertex   -5.600018e+01 -6.894976e+00 3.202444e+01
    endloop
  endfacet
  facet normal -7.831797e-01 -1.644935e-03 -6.217933e-01
    outer loop
      vertex   -5.577826e+01 5.899366e+00 3.171107e+01
      vertex   -5.600018e+01 -6.894976e+00 3.202444e+01
      vertex   -5.624599e+01 5.899366e+00 3.230020e+01
    endloop
  endfacet
  facet normal -7.071058e-01 1.655345e-03 -7.071058e-01
    outer loop
      vertex   -5.624599e+01 5.899366e+00 3.230020e+01
      vertex   -5.600018e+01 -6.894976e+00 3.202444e+01
      vertex   -5.653379e+01 -6.894976e+00 3.255805e+01
    endloop
  endfacet
  facet normal -6.257453e-01 -1.644454e-03 -7.800257e-01
    outer loop
      vertex   -5.624599e+01 5.899366e+00 3.230020e+01
      vertex   -5.653379e+01 -6.894976e+00 3.255805e+01
      vertex   -5.683274e+01 5.899366e+00 3.277090e+01
    endloop
  endfacet
  facet normal -5.320313e-01 1.654796e-03 -8.467230e-01
    outer loop
      vertex   -5.683274e+01 5.899366e+00 3.277090e+01
      vertex   -5.653379e+01 -6.894976e+00 3.255805e+01
      vertex   -5.717277e+01 -6.894976e+00 3.295955e+01
    endloop
  endfacet
  facet normal -4.371342e-01 -1.643835e-03 -8.993948e-01
    outer loop
      vertex   -5.683274e+01 5.899366e+00 3.277090e+01
      vertex   -5.717277e+01 -6.894976e+00 3.295955e+01
      vertex   -5.750929e+01 5.899366e+00 3.309972e+01
    endloop
  endfacet
  facet normal -3.302786e-01 1.654109e-03 -9.438820e-01
    outer loop
      vertex   -5.750929e+01 5.899366e+00 3.309972e+01
      vertex   -5.717277e+01 -6.894976e+00 3.295955e+01
      vertex   -5.788506e+01 -6.894976e+00 3.320879e+01
    endloop
  endfacet
  facet normal -1.119645e-01 0.000000e+00 9.937122e-01
    outer loop
      vertex   -5.788506e+01 -3.248366e+01 2.663777e+01
      vertex   -5.788506e+01 -1.968932e+01 2.663777e+01
      vertex   -5.863495e+01 -3.248366e+01 2.655328e+01
    endloop
  endfacet
  facet normal -1.119645e-01 0.000000e+00 9.937122e-01
    outer loop
      vertex   -5.863495e+01 -3.248366e+01 2.655328e+01
      vertex   -5.788506e+01 -1.968932e+01 2.663777e+01
      vertex   -5.863495e+01 -1.968932e+01 2.655328e+01
    endloop
  endfacet
  facet normal 1.119645e-01 -0.000000e+00 9.937122e-01
    outer loop
      vertex   -5.863495e+01 -3.248366e+01 2.655328e+01
      vertex   -5.863495e+01 -1.968932e+01 2.655328e+01
      vertex   -5.938485e+01 -3.248366e+01 2.663777e+01
    endloop
  endfacet
  facet normal 1.119645e-01 -0.000000e+00 9.937122e-01
    outer loop
      vertex   -5.938485e+01 -3.248366e+01 2.663777e+01
      vertex   -5.863495e+01 -1.968932e+01 2.655328e+01
      vertex   -5.938485e+01 -1.968932e+01 2.663777e+01
    endloop
  endfacet
  facet normal 3.302791e-01 -0.000000e+00 9.438833e-01
    outer loop
      vertex   -5.938485e+01 -3.248366e+01 2.663777e+01
      vertex   -5.938485e+01 -1.968932e+01 2.663777e+01
      vertex   -6.009714e+01 -3.248366e+01 2.688702e+01
    endloop
  endfacet
  facet normal 3.302791e-01 -0.000000e+00 9.438833e-01
    outer loop
      vertex   -6.009714e+01 -3.248366e+01 2.688702e+01
      vertex   -5.938485e+01 -1.968932e+01 2.663777e+01
      vertex   -6.009714e+01 -1.968932e+01 2.688702e+01
    endloop
  endfacet
  facet normal 5.320321e-01 -0.000000e+00 8.467242e-01
    outer loop
      vertex   -6.009714e+01 -3.248366e+01 2.688702e+01
      vertex   -6.009714e+01 -1.968932e+01 2.688702e+01
      vertex   -6.073612e+01 -3.248366e+01 2.728851e+01
    endloop
  endfacet
  facet normal 5.320321e-01 -0.000000e+00 8.467242e-01
    outer loop
      vertex   -6.073612e+01 -3.248366e+01 2.728851e+01
      vertex   -6.009714e+01 -1.968932e+01 2.688702e+01
      vertex   -6.073612e+01 -1.968932e+01 2.728851e+01
    endloop
  endfacet
  facet normal 7.071068e-01 -0.000000e+00 7.071068e-01
    outer loop
      vertex   -6.073612e+01 -3.248366e+01 2.728851e+01
      vertex   -6.073612e+01 -1.968932e+01 2.728851e+01
      vertex   -6.126973e+01 -3.248366e+01 2.782212e+01
    endloop
  endfacet
  facet normal 7.071068e-01 -0.000000e+00 7.071068e-01
    outer loop
      vertex   -6.126973e+01 -3.248366e+01 2.782212e+01
      vertex   -6.073612e+01 -1.968932e+01 2.728851e+01
      vertex   -6.126973e+01 -1.968932e+01 2.782212e+01
    endloop
  endfacet
  facet normal 8.467242e-01 -0.000000e+00 5.320321e-01
    outer loop
      vertex   -6.126973e+01 -3.248366e+01 2.782212e+01
      vertex   -6.126973e+01 -1.968932e+01 2.782212e+01
      vertex   -6.167122e+01 -3.248366e+01 2.846109e+01
    endloop
  endfacet
  facet normal 8.467242e-01 -0.000000e+00 5.320321e-01
    outer loop
      vertex   -6.167122e+01 -3.248366e+01 2.846109e+01
      vertex   -6.126973e+01 -1.968932e+01 2.782212e+01
      vertex   -6.167122e+01 -1.968932e+01 2.846109e+01
    endloop
  endfacet
  facet normal 9.438833e-01 -0.000000e+00 3.302791e-01
    outer loop
      vertex   -6.167122e+01 -3.248366e+01 2.846109e+01
      vertex   -6.167122e+01 -1.968932e+01 2.846109e+01
      vertex   -6.192046e+01 -3.248366e+01 2.917339e+01
    endloop
  endfacet
  facet normal 9.438833e-01 -0.000000e+00 3.302791e-01
    outer loop
      vertex   -6.192046e+01 -3.248366e+01 2.917339e+01
      vertex   -6.167122e+01 -1.968932e+01 2.846109e+01
      vertex   -6.192046e+01 -1.968932e+01 2.917339e+01
    endloop
  endfacet
  facet normal 9.937122e-01 -0.000000e+00 1.119645e-01
    outer loop
      vertex   -6.192046e+01 -3.248366e+01 2.917339e+01
      vertex   -6.192046e+01 -1.968932e+01 2.917339e+01
      vertex   -6.200495e+01 -3.248366e+01 2.992328e+01
    endloop
  endfacet
  facet normal 9.937122e-01 -0.000000e+00 1.119645e-01
    outer loop
      vertex   -6.200495e+01 -3.248366e+01 2.992328e+01
      vertex   -6.192046e+01 -1.968932e+01 2.917339e+01
      vertex   -6.200495e+01 -1.968932e+01 2.992328e+01
    endloop
  endfacet
  facet normal 9.937122e-01 0.000000e+00 -1.119645e-01
    outer loop
      vertex   -6.200495e+01 -3.248366e+01 2.992328e+01
      vertex   -6.200495e+01 -1.968932e+01 2.992328e+01
      vertex   -6.192046e+01 -3.248366e+01 3.067318e+01
    endloop
  endfacet
  facet normal 9.937122e-01 0.000000e+00 -1.119645e-01
    outer loop
      vertex   -6.192046e+01 -3.248366e+01 3.067318e+01
      vertex   -6.200495e+01 -1.968932e+01 2.992328e+01
      vertex   -6.192046e+01 -1.968932e+01 3.067318e+01
    endloop
  endfacet
  facet normal 9.438833e-01 0.000000e+00 -3.302791e-01
    outer loop
      vertex   -6.192046e+01 -3.248366e+01 3.067318e+01
      vertex   -6.192046e+01 -1.968932e+01 3.067318e+01
      vertex   -6.167122e+01 -3.248366e+01 3.138547e+01
    endloop
  endfacet
  facet normal 9.438833e-01 0.000000e+00 -3.302791e-01
    outer loop
      vertex   -6.167122e+01 -3.248366e+01 3.138547e+01
      vertex   -6.192046e+01 -1.968932e+01 3.067318e+01
      vertex   -6.167122e+01 -1.968932e+01 3.138547e+01
    endloop
  endfacet
  facet normal 8.467242e-01 0.000000e+00 -5.320321e-01
    outer loop
      vertex   -6.167122e+01 -3.248366e+01 3.138547e+01
      vertex   -6.167122e+01 -1.968932e+01 3.138547e+01
      vertex   -6.126973e+01 -3.248366e+01 3.202444e+01
    endloop
  endfacet
  facet normal 8.467242e-01 0.000000e+00 -5.320321e-01
    outer loop
      vertex   -6.126973e+01 -3.248366e+01 3.202444e+01
      vertex   -6.167122e+01 -1.968932e+01 3.138547e+01
      vertex   -6.126973e+01 -1.968932e+01 3.202444e+01
    endloop
  endfacet
  facet normal 7.071068e-01 0.000000e+00 -7.071068e-01
    outer loop
      vertex   -6.126973e+01 -3.248366e+01 3.202444e+01
      vertex   -6.126973e+01 -1.968932e+01 3.202444e+01
      vertex   -6.073612e+01 -3.248366e+01 3.255805e+01
    endloop
  endfacet
  facet normal 7.071068e-01 0.000000e+00 -7.071068e-01
    outer loop
      vertex   -6.073612e+01 -3.248366e+01 3.255805e+01
      vertex   -6.126973e+01 -1.968932e+01 3.202444e+01
      vertex   -6.073612e+01 -1.968932e+01 3.255805e+01
    endloop
  endfacet
  facet normal 5.320321e-01 0.000000e+00 -8.467242e-01
    outer loop
      vertex   -6.073612e+01 -3.248366e+01 3.255805e+01
      vertex   -6.073612e+01 -1.968932e+01 3.255805e+01
      vertex   -6.009714e+01 -3.248366e+01 3.295955e+01
    endloop
  endfacet
  facet normal 5.320321e-01 0.000000e+00 -8.467242e-01
    outer loop
      vertex   -6.009714e+01 -3.248366e+01 3.295955e+01
      vertex   -6.073612e+01 -1.968932e+01 3.255805e+01
      vertex   -6.009714e+01 -1.968932e+01 3.295955e+01
    endloop
  endfacet
  facet normal 3.302791e-01 0.000000e+00 -9.438833e-01
    outer loop
      vertex   -6.009714e+01 -3.248366e+01 3.295955e+01
      vertex   -6.009714e+01 -1.968932e+01 3.295955e+01
      vertex   -5.938485e+01 -3.248366e+01 3.320879e+01
    endloop
  endfacet
  facet normal 3.302791e-01 0.000000e+00 -9.438833e-01
    outer loop
      vertex   -5.938485e+01 -3.248366e+01 3.320879e+01
      vertex   -6.009714e+01 -1.968932e+01 3.295955e+01
      vertex   -5.938485e+01 -1.968932e+01 3.320879e+01
    endloop
  endfacet
  facet normal 1.119645e-01 0.000000e+00 -9.937122e-01
    outer loop
      vertex   -5.938485e+01 -3.248366e+01 3.320879e+01
      vertex   -5.938485e+01 -1.968932e+01 3.320879e+01
      vertex   -5.863495e+01 -3.248366e+01 3.329328e+01
    endloop
  endfacet
  facet normal 1.119645e-01 0.000000e+00 -9.937122e-01
    outer loop
      vertex   -5.863495e+01 -3.248366e+01 3.329328e+01
      vertex   -5.938485e+01 -1.968932e+01 3.320879e+01
      vertex   -5.863495e+01 -1.968932e+01 3.329328e+01
    endloop
  endfacet
  facet normal -1.119645e-01 0.000000e+00 -9.937122e-01
    outer loop
      vertex   -5.863495e+01 -3.248366e+01 3.329328e+01
      vertex   -5.863495e+01 -1.968932e+01 3.329328e+01
      vertex   -5.788506e+01 -3.248366e+01 3.320879e+01
    endloop
  endfacet
  facet normal -1.119645e-01 0.000000e+00 -9.937122e-01
    outer loop
      vertex   -5.788506e+01 -3.248366e+01 3.320879e+01
      vertex   -5.863495e+01 -1.968932e+01 3.329328e+01
      vertex   -5.788506e+01 -1.968932e+01 3.320879e+01
    endloop
  endfacet
  facet normal -3.302791e-01 0.000000e+00 -9.438833e-01
    outer loop
      vertex   -5.788506e+01 -3.248366e+01 3.320879e+01
      vertex   -5.788506e+01 -1.968932e+01 3.320879e+01
      vertex   -5.717277e+01 -3.248366e+01 3.295955e+01
    endloop
  endfacet
  facet normal -3.302791e-01 0.000000e+00 -9.438833e-01
    outer loop
      vertex   -5.717277e+01 -3.248366e+01 3.295955e+01
      vertex   -5.788506e+01 -1.968932e+01 3.320879e+01
      vertex   -5.717277e+01 -1.968932e+01 3.295955e+01
    endloop
  endfacet
  facet normal -5.320321e-01 0.000000e+00 -8.467242e-01
    outer loop
      vertex   -5.717277e+01 -3.248366e+01 3.295955e+01
      vertex   -5.717277e+01 -1.968932e+01 3.295955e+01
      vertex   -5.653379e+01 -3.248366e+01 3.255805e+01
    endloop
  endfacet
  facet normal -5.320321e-01 0.000000e+00 -8.467242e-01
    outer loop
      vertex   -5.653379e+01 -3.248366e+01 3.255805e+01
      vertex   -5.717277e+01 -1.968932e+01 3.295955e+01
      vertex   -5.653379e+01 -1.968932e+01 3.255805e+01
    endloop
  endfacet
  facet normal -7.071068e-01 0.000000e+00 -7.071068e-01
    outer loop
      vertex   -5.653379e+01 -3.248366e+01 3.255805e+01
      vertex   -5.653379e+01 -1.968932e+01 3.255805e+01
      vertex   -5.600018e+01 -3.248366e+01 3.202444e+01
    endloop
  endfacet
  facet normal -7.071068e-01 0.000000e+00 -7.071068e-01
    outer loop
      vertex   -5.600018e+01 -3.248366e+01 3.202444e+01
      vertex   -5.653379e+01 -1.968932e+01 3.255805e+01
      vertex   -5.600018e+01 -1.968932e+01 3.202444e+01
    endloop
  endfacet
  facet normal -8.467242e-01 0.000000e+00 -5.320321e-01
    outer loop
      vertex   -5.600018e+01 -3.248366e+01 3.202444e+01
      vertex   -5.600018e+01 -1.968932e+01 3.202444e+01
      vertex   -5.559869e+01 -3.248366e+01 3.138547e+01
    endloop
  endfacet
  facet normal -8.467242e-01 0.000000e+00 -5.320321e-01
    outer loop
      vertex   -5.559869e+01 -3.248366e+01 3.138547e+01
      vertex   -5.600018e+01 -1.968932e+01 3.202444e+01
      vertex   -5.559869e+01 -1.968932e+01 3.138547e+01
    endloop
  endfacet
  facet normal -9.438833e-01 0.000000e+00 -3.302791e-01
    outer loop
      vertex   -5.559869e+01 -3.248366e+01 3.138547e+01
      vertex   -5.559869e+01 -1.968932e+01 3.138547e+01
      vertex   -5.534945e+01 -3.248366e+01 3.067318e+01
    endloop
  endfacet
  facet normal -9.438833e-01 0.000000e+00 -3.302791e-01
    outer loop
      vertex   -5.534945e+01 -3.248366e+01 3.067318e+01
      vertex   -5.559869e+01 -1.968932e+01 3.138547e+01
      vertex   -5.534945e+01 -1.968932e+01 3.067318e+01
    endloop
  endfacet
  facet normal -9.937122e-01 0.000000e+00 -1.119645e-01
    outer loop
      vertex   -5.534945e+01 -3.248366e+01 3.067318e+01
      vertex   -5.534945e+01 -1.968932e+01 3.067318e+01
      vertex   -5.526495e+01 -3.248366e+01 2.992328e+01
    endloop
  endfacet
  facet normal -9.937122e-01 0.000000e+00 -1.119645e-01
    outer loop
      vertex   -5.526495e+01 -3.248366e+01 2.992328e+01
      vertex   -5.534945e+01 -1.968932e+01 3.067318e+01
      vertex   -5.526495e+01 -1.968932e+01 2.992328e+01
    endloop
  endfacet
  facet normal -9.937122e-01 0.000000e+00 1.119645e-01
    outer loop
      vertex   -5.526495e+01 -3.248366e+01 2.992328e+01
      vertex   -5.526495e+01 -1.968932e+01 2.992328e+01
      vertex   -5.534945e+01 -3.248366e+01 2.917339e+01
    endloop
  endfacet
  facet normal -9.937122e-01 0.000000e+00 1.119645e-01
    outer loop
      vertex   -5.534945e+01 -3.248366e+01 2.917339e+01
      vertex   -5.526495e+01 -1.968932e+01 2.992328e+01
      vertex   -5.534945e+01 -1.968932e+01 2.917339e+01
    endloop
  endfacet
  facet normal -9.438833e-01 0.000000e+00 3.302791e-01
    outer loop
      vertex   -5.534945e+01 -3.248366e+01 2.917339e+01
      vertex   -5.534945e+01 -1.968932e+01 2.917339e+01
      vertex   -5.559869e+01 -3.248366e+01 2.846109e+01
    endloop
  endfacet
  facet normal -9.438833e-01 0.000000e+00 3.302791e-01
    outer loop
      vertex   -5.559869e+01 -3.248366e+01 2.846109e+01
      vertex   -5.534945e+01 -1.968932e+01 2.917339e+01
      vertex   -5.559869e+01 -1.968932e+01 2.846109e+01
    endloop
  endfacet
  facet normal -8.467242e-01 0.000000e+00 5.320321e-01
    outer loop
      vertex   -5.559869e+01 -3.248366e+01 2.846109e+01
      vertex   -5.559869e+01 -1.968932e+01 2.846109e+01
      vertex   -5.600018e+01 -3.248366e+01 2.782212e+01
    endloop
  endfacet
  facet normal -8.467242e-01 0.000000e+00 5.320321e-01
    outer loop
      vertex   -5.600018e+01 -3.248366e+01 2.782212e+01
      vertex   -5.559869e+01 -1.968932e+01 2.846109e+01
      vertex   -5.600018e+01 -1.968932e+01 2.782212e+01
    endloop
  endfacet
  facet normal -7.071068e-01 0.000000e+00 7.071068e-01
    outer loop
      vertex   -5.600018e+01 -3.248366e+01 2.782212e+01
      vertex   -5.600018e+01 -1.968932e+01 2.782212e+01
      vertex   -5.653379e+01 -3.248366e+01 2.728851e+01
    endloop
  endfacet
  facet normal -7.071068e-01 0.000000e+00 7.071068e-01
    outer loop
      vertex   -5.653379e+01 -3.248366e+01 2.728851e+01
      vertex   -5.600018e+01 -1.968932e+01 2.782212e+01
      vertex   -5.653379e+01 -1.968932e+01 2.728851e+01
    endloop
  endfacet
  facet normal -5.320321e-01 0.000000e+00 8.467242e-01
    outer loop
      vertex   -5.653379e+01 -3.248366e+01 2.728851e+01
      vertex   -5.653379e+01 -1.968932e+01 2.728851e+01
      vertex   -5.717277e+01 -3.248366e+01 2.688702e+01
    endloop
  endfacet
  facet normal -5.320321e-01 0.000000e+00 8.467242e-01
    outer loop
      vertex   -5.717277e+01 -3.248366e+01 2.688702e+01
      vertex   -5.653379e+01 -1.968932e+01 2.728851e+01
      vertex   -5.717277e+01 -1.968932e+01 2.688702e+01
    endloop
  endfacet
  facet normal -3.302791e-01 0.000000e+00 9.438833e-01
    outer loop
      vertex   -5.717277e+01 -3.248366e+01 2.688702e+01
      vertex   -5.717277e+01 -1.968932e+01 2.688702e+01
      vertex   -5.788506e+01 -3.248366e+01 2.663777e+01
    endloop
  endfacet
  facet normal -3.302791e-01 0.000000e+00 9.438833e-01
    outer loop
      vertex   -5.788506e+01 -3.248366e+01 2.663777e+01
      vertex   -5.717277e+01 -1.968932e+01 2.688702e+01
      vertex   -5.788506e+01 -1.968932e+01 2.663777e+01
    endloop
  endfacet
  facet normal 1.119645e-01 0.000000e+00 -9.937122e-01
    outer loop
      vertex   -5.863495e+01 -6.894976e+00 3.329328e+01
      vertex   -5.863495e+01 -1.968932e+01 3.329328e+01
      vertex   -5.938485e+01 -6.894976e+00 3.320879e+01
    endloop
  endfacet
  facet normal 1.119645e-01 0.000000e+00 -9.937122e-01
    outer loop
      vertex   -5.938485e+01 -6.894976e+00 3.320879e+01
      vertex   -5.863495e+01 -1.968932e+01 3.329328e+01
      vertex   -5.938485e+01 -1.968932e+01 3.320879e+01
    endloop
  endfacet
  facet normal 3.302791e-01 0.000000e+00 -9.438833e-01
    outer loop
      vertex   -5.938485e+01 -6.894976e+00 3.320879e+01
      vertex   -5.938485e+01 -1.968932e+01 3.320879e+01
      vertex   -6.009714e+01 -6.894976e+00 3.295955e+01
    endloop
  endfacet
  facet normal 3.302791e-01 0.000000e+00 -9.438833e-01
    outer loop
      vertex   -6.009714e+01 -6.894976e+00 3.295955e+01
      vertex   -5.938485e+01 -1.968932e+01 3.320879e+01
      vertex   -6.009714e+01 -1.968932e+01 3.295955e+01
    endloop
  endfacet
  facet normal 5.320321e-01 0.000000e+00 -8.467242e-01
    outer loop
      vertex   -6.009714e+01 -6.894976e+00 3.295955e+01
      vertex   -6.009714e+01 -1.968932e+01 3.295955e+01
      vertex   -6.073612e+01 -6.894976e+00 3.255805e+01
    endloop
  endfacet
  facet normal 5.320321e-01 0.000000e+00 -8.467242e-01
    outer loop
      vertex   -6.073612e+01 -6.894976e+00 3.255805e+01
      vertex   -6.009714e+01 -1.968932e+01 3.295955e+01
      vertex   -6.073612e+01 -1.968932e+01 3.255805e+01
    endloop
  endfacet
  facet normal 7.071068e-01 0.000000e+00 -7.071068e-01
    outer loop
      vertex   -6.073612e+01 -6.894976e+00 3.255805e+01
      vertex   -6.073612e+01 -1.968932e+01 3.255805e+01
      vertex   -6.126973e+01 -6.894976e+00 3.202444e+01
    endloop
  endfacet
  facet normal 7.071068e-01 0.000000e+00 -7.071068e-01
    outer loop
      vertex   -6.126973e+01 -6.894976e+00 3.202444e+01
      vertex   -6.073612e+01 -1.968932e+01 3.255805e+01
      vertex   -6.126973e+01 -1.968932e+01 3.202444e+01
    endloop
  endfacet
  facet normal 8.467242e-01 0.000000e+00 -5.320321e-01
    outer loop
      vertex   -6.126973e+01 -6.894976e+00 3.202444e+01
      vertex   -6.126973e+01 -1.968932e+01 3.202444e+01
      vertex   -6.167122e+01 -6.894976e+00 3.138547e+01
    endloop
  endfacet
  facet normal 8.467242e-01 0.000000e+00 -5.320321e-01
    outer loop
      vertex   -6.167122e+01 -6.894976e+00 3.138547e+01
      vertex   -6.126973e+01 -1.968932e+01 3.202444e+01
      vertex   -6.167122e+01 -1.968932e+01 3.138547e+01
    endloop
  endfacet
  facet normal 9.438833e-01 0.000000e+00 -3.302791e-01
    outer loop
      vertex   -6.167122e+01 -6.894976e+00 3.138547e+01
      vertex   -6.167122e+01 -1.968932e+01 3.138547e+01
      vertex   -6.192046e+01 -6.894976e+00 3.067318e+01
    endloop
  endfacet
  facet normal 9.438833e-01 0.000000e+00 -3.302791e-01
    outer loop
      vertex   -6.192046e+01 -6.894976e+00 3.067318e+01
      vertex   -6.167122e+01 -1.968932e+01 3.138547e+01
      vertex   -6.192046e+01 -1.968932e+01 3.067318e+01
    endloop
  endfacet
  facet normal 9.937122e-01 0.000000e+00 -1.119645e-01
    outer loop
      vertex   -6.192046e+01 -6.894976e+00 3.067318e+01
      vertex   -6.192046e+01 -1.968932e+01 3.067318e+01
      vertex   -6.200495e+01 -6.894976e+00 2.992328e+01
    endloop
  endfacet
  facet normal 9.937122e-01 0.000000e+00 -1.119645e-01
    outer loop
      vertex   -6.200495e+01 -6.894976e+00 2.992328e+01
      vertex   -6.192046e+01 -1.968932e+01 3.067318e+01
      vertex   -6.200495e+01 -1.968932e+01 2.992328e+01
    endloop
  endfacet
  facet normal 9.937122e-01 0.000000e+00 1.119645e-01
    outer loop
      vertex   -6.200495e+01 -6.894976e+00 2.992328e+01
      vertex   -6.200495e+01 -1.968932e+01 2.992328e+01
      vertex   -6.192046e+01 -6.894976e+00 2.917339e+01
    endloop
  endfacet
  facet normal 9.937122e-01 0.000000e+00 1.119645e-01
    outer loop
      vertex   -6.192046e+01 -6.894976e+00 2.917339e+01
      vertex   -6.200495e+01 -1.968932e+01 2.992328e+01
      vertex   -6.192046e+01 -1.968932e+01 2.917339e+01
    endloop
  endfacet
  facet normal 9.438833e-01 0.000000e+00 3.302791e-01
    outer loop
      vertex   -6.192046e+01 -6.894976e+00 2.917339e+01
      vertex   -6.192046e+01 -1.968932e+01 2.917339e+01
      vertex   -6.167122e+01 -6.894976e+00 2.846109e+01
    endloop
  endfacet
  facet normal 9.438833e-01 0.000000e+00 3.302791e-01
    outer loop
      vertex   -6.167122e+01 -6.894976e+00 2.846109e+01
      vertex   -6.192046e+01 -1.968932e+01 2.917339e+01
      vertex   -6.167122e+01 -1.968932e+01 2.846109e+01
    endloop
  endfacet
  facet normal 8.467242e-01 0.000000e+00 5.320321e-01
    outer loop
      vertex   -6.167122e+01 -6.894976e+00 2.846109e+01
      vertex   -6.167122e+01 -1.968932e+01 2.846109e+01
      vertex   -6.126973e+01 -6.894976e+00 2.782212e+01
    endloop
  endfacet
  facet normal 8.467242e-01 0.000000e+00 5.320321e-01
    outer loop
      vertex   -6.126973e+01 -6.894976e+00 2.782212e+01
      vertex   -6.167122e+01 -1.968932e+01 2.846109e+01
      vertex   -6.126973e+01 -1.968932e+01 2.782212e+01
    endloop
  endfacet
  facet normal 7.071068e-01 0.000000e+00 7.071068e-01
    outer loop
      vertex   -6.126973e+01 -6.894976e+00 2.782212e+01
      vertex   -6.126973e+01 -1.968932e+01 2.782212e+01
      vertex   -6.073612e+01 -6.894976e+00 2.728851e+01
    endloop
  endfacet
  facet normal 7.071068e-01 0.000000e+00 7.071068e-01
    outer loop
      vertex   -6.073612e+01 -6.894976e+00 2.728851e+01
      vertex   -6.126973e+01 -1.968932e+01 2.782212e+01
      vertex   -6.073612e+01 -1.968932e+01 2.728851e+01
    endloop
  endfacet
  facet normal 5.320321e-01 0.000000e+00 8.467242e-01
    outer loop
      vertex   -6.073612e+01 -6.894976e+00 2.728851e+01
      vertex   -6.073612e+01 -1.968932e+01 2.728851e+01
      vertex   -6.009714e+01 -6.894976e+00 2.688702e+01
    endloop
  endfacet
  facet normal 5.320321e-01 0.000000e+00 8.467242e-01
    outer loop
      vertex   -6.009714e+01 -6.894976e+00 2.688702e+01
      vertex   -6.073612e+01 -1.968932e+01 2.728851e+01
      vertex   -6.009714e+01 -1.968932e+01 2.688702e+01
    endloop
  endfacet
  facet normal 3.302791e-01 0.000000e+00 9.438833e-01
    outer loop
      vertex   -6.009714e+01 -6.894976e+00 2.688702e+01
      vertex   -6.009714e+01 -1.968932e+01 2.688702e+01
      vertex   -5.938485e+01 -6.894976e+00 2.663777e+01
    endloop
  endfacet
  facet normal 3.302791e-01 0.000000e+00 9.438833e-01
    outer loop
      vertex   -5.938485e+01 -6.894976e+00 2.663777e+01
      vertex   -6.009714e+01 -1.968932e+01 2.688702e+01
      vertex   -5.938485e+01 -1.968932e+01 2.663777e+01
    endloop
  endfacet
  facet normal 1.119645e-01 0.000000e+00 9.937122e-01
    outer loop
      vertex   -5.938485e+01 -6.894976e+00 2.663777e+01
      vertex   -5.938485e+01 -1.968932e+01 2.663777e+01
      vertex   -5.863495e+01 -6.894976e+00 2.655328e+01
    endloop
  endfacet
  facet normal 1.119645e-01 0.000000e+00 9.937122e-01
    outer loop
      vertex   -5.863495e+01 -6.894976e+00 2.655328e+01
      vertex   -5.938485e+01 -1.968932e+01 2.663777e+01
      vertex   -5.863495e+01 -1.968932e+01 2.655328e+01
    endloop
  endfacet
  facet normal -1.119645e-01 0.000000e+00 9.937122e-01
    outer loop
      vertex   -5.863495e+01 -6.894976e+00 2.655328e+01
      vertex   -5.863495e+01 -1.968932e+01 2.655328e+01
      vertex   -5.788506e+01 -6.894976e+00 2.663777e+01
    endloop
  endfacet
  facet normal -1.119645e-01 0.000000e+00 9.937122e-01
    outer loop
      vertex   -5.788506e+01 -6.894976e+00 2.663777e+01
      vertex   -5.863495e+01 -1.968932e+01 2.655328e+01
      vertex   -5.788506e+01 -1.968932e+01 2.663777e+01
    endloop
  endfacet
  facet normal -3.302791e-01 0.000000e+00 9.438833e-01
    outer loop
      vertex   -5.788506e+01 -6.894976e+00 2.663777e+01
      vertex   -5.788506e+01 -1.968932e+01 2.663777e+01
      vertex   -5.717277e+01 -6.894976e+00 2.688702e+01
    endloop
  endfacet
  facet normal -3.302791e-01 0.000000e+00 9.438833e-01
    outer loop
      vertex   -5.717277e+01 -6.894976e+00 2.688702e+01
      vertex   -5.788506e+01 -1.968932e+01 2.663777e+01
      vertex   -5.717277e+01 -1.968932e+01 2.688702e+01
    endloop
  endfacet
  facet normal -5.320321e-01 0.000000e+00 8.467242e-01
    outer loop
      vertex   -5.717277e+01 -6.894976e+00 2.688702e+01
      vertex   -5.717277e+01 -1.968932e+01 2.688702e+01
      vertex   -5.653379e+01 -6.894976e+00 2.728851e+01
    endloop
  endfacet
  facet normal -5.320321e-01 0.000000e+00 8.467242e-01
    outer loop
      vertex   -5.653379e+01 -6.894976e+00 2.728851e+01
      vertex   -5.717277e+01 -1.968932e+01 2.688702e+01
      vertex   -5.653379e+01 -1.968932e+01 2.728851e+01
    endloop
  endfacet
  facet normal -7.071068e-01 0.000000e+00 7.071068e-01
    outer loop
      vertex   -5.653379e+01 -6.894976e+00 2.728851e+01
      vertex   -5.653379e+01 -1.968932e+01 2.728851e+01
      vertex   -5.600018e+01 -6.894976e+00 2.782212e+01
    endloop
  endfacet
  facet normal -7.071068e-01 0.000000e+00 7.071068e-01
    outer loop
      vertex   -5.600018e+01 -6.894976e+00 2.782212e+01
      vertex   -5.653379e+01 -1.968932e+01 2.728851e+01
      vertex   -5.600018e+01 -1.968932e+01 2.782212e+01
    endloop
  endfacet
  facet normal -8.467242e-01 0.000000e+00 5.320321e-01
    outer loop
      vertex   -5.600018e+01 -6.894976e+00 2.782212e+01
      vertex   -5.600018e+01 -1.968932e+01 2.782212e+01
      vertex   -5.559869e+01 -6.894976e+00 2.846109e+01
    endloop
  endfacet
  facet normal -8.467242e-01 0.000000e+00 5.320321e-01
    outer loop
      vertex   -5.559869e+01 -6.894976e+00 2.846109e+01
      vertex   -5.600018e+01 -1.968932e+01 2.782212e+01
      vertex   -5.559869e+01 -1.968932e+01 2.846109e+01
    endloop
  endfacet
  facet normal -9.438833e-01 0.000000e+00 3.302791e-01
    outer loop
      vertex   -5.559869e+01 -6.894976e+00 2.846109e+01
      vertex   -5.559869e+01 -1.968932e+01 2.846109e+01
      vertex   -5.534945e+01 -6.894976e+00 2.917339e+01
    endloop
  endfacet
  facet normal -9.438833e-01 0.000000e+00 3.302791e-01
    outer loop
      vertex   -5.534945e+01 -6.894976e+00 2.917339e+01
      vertex   -5.559869e+01 -1.968932e+01 2.846109e+01
      vertex   -5.534945e+01 -1.968932e+01 2.917339e+01
    endloop
  endfacet
  facet normal -9.937122e-01 0.000000e+00 1.119645e-01
    outer loop
      vertex   -5.534945e+01 -6.894976e+00 2.917339e+01
      vertex   -5.534945e+01 -1.968932e+01 2.917339e+01
      vertex   -5.526495e+01 -6.894976e+00 2.992328e+01
    endloop
  endfacet
  facet normal -9.937122e-01 0.000000e+00 1.119645e-01
    outer loop
      vertex   -5.526495e+01 -6.894976e+00 2.992328e+01
      vertex   -5.534945e+01 -1.968932e+01 2.917339e+01
      vertex   -5.526495e+01 -1.968932e+01 2.992328e+01
    endloop
  endfacet
  facet normal -9.937122e-01 -0.000000e+00 -1.119645e-01
    outer loop
      vertex   -5.526495e+01 -6.894976e+00 2.992328e+01
      vertex   -5.526495e+01 -1.968932e+01 2.992328e+01
      vertex   -5.534945e+01 -6.894976e+00 3.067318e+01
    endloop
  endfacet
  facet normal -9.937122e-01 -0.000000e+00 -1.119645e-01
    outer loop
      vertex   -5.534945e+01 -6.894976e+00 3.067318e+01
      vertex   -5.526495e+01 -1.968932e+01 2.992328e+01
      vertex   -5.534945e+01 -1.968932e+01 3.067318e+01
    endloop
  endfacet
  facet normal -9.438833e-01 -0.000000e+00 -3.302791e-01
    outer loop
      vertex   -5.534945e+01 -6.894976e+00 3.067318e+01
      vertex   -5.534945e+01 -1.968932e+01 3.067318e+01
      vertex   -5.559869e+01 -6.894976e+00 3.138547e+01
    endloop
  endfacet
  facet normal -9.438833e-01 -0.000000e+00 -3.302791e-01
    outer loop
      vertex   -5.559869e+01 -6.894976e+00 3.138547e+01
      vertex   -5.534945e+01 -1.968932e+01 3.067318e+01
      vertex   -5.559869e+01 -1.968932e+01 3.138547e+01
    endloop
  endfacet
  facet normal -8.467242e-01 -0.000000e+00 -5.320321e-01
    outer loop
      vertex   -5.559869e+01 -6.894976e+00 3.138547e+01
      vertex   -5.559869e+01 -1.968932e+01 3.138547e+01
      vertex   -5.600018e+01 -6.894976e+00 3.202444e+01
    endloop
  endfacet
  facet normal -8.467242e-01 -0.000000e+00 -5.320321e-01
    outer loop
      vertex   -5.600018e+01 -6.894976e+00 3.202444e+01
      vertex   -5.559869e+01 -1.968932e+01 3.138547e+01
      vertex   -5.600018e+01 -1.968932e+01 3.202444e+01
    endloop
  endfacet
  facet normal -7.071068e-01 -0.000000e+00 -7.071068e-01
    outer loop
      vertex   -5.600018e+01 -6.894976e+00 3.202444e+01
      vertex   -5.600018e+01 -1.968932e+01 3.202444e+01
      vertex   -5.653379e+01 -6.894976e+00 3.255805e+01
    endloop
  endfacet
  facet normal -7.071068e-01 -0.000000e+00 -7.071068e-01
    outer loop
      vertex   -5.653379e+01 -6.894976e+00 3.255805e+01
      vertex   -5.600018e+01 -1.968932e+01 3.202444e+01
      vertex   -5.653379e+01 -1.968932e+01 3.255805e+01
    endloop
  endfacet
  facet normal -5.320321e-01 -0.000000e+00 -8.467242e-01
    outer loop
      vertex   -5.653379e+01 -6.894976e+00 3.255805e+01
      vertex   -5.653379e+01 -1.968932e+01 3.255805e+01
      vertex   -5.717277e+01 -6.894976e+00 3.295955e+01
    endloop
  endfacet
  facet normal -5.320321e-01 -0.000000e+00 -8.467242e-01
    outer loop
      vertex   -5.717277e+01 -6.894976e+00 3.295955e+01
      vertex   -5.653379e+01 -1.968932e+01 3.255805e+01
      vertex   -5.717277e+01 -1.968932e+01 3.295955e+01
    endloop
  endfacet
  facet normal -3.302791e-01 -0.000000e+00 -9.438833e-01
    outer loop
      vertex   -5.717277e+01 -6.894976e+00 3.295955e+01
      vertex   -5.717277e+01 -1.968932e+01 3.295955e+01
      vertex   -5.788506e+01 -6.894976e+00 3.320879e+01
    endloop
  endfacet
  facet normal -3.302791e-01 -0.000000e+00 -9.438833e-01
    outer loop
      vertex   -5.788506e+01 -6.894976e+00 3.320879e+01
      vertex   -5.717277e+01 -1.968932e+01 3.295955e+01
      vertex   -5.788506e+01 -1.968932e+01 3.320879e+01
    endloop
  endfacet
  facet normal -1.119645e-01 -0.000000e+00 -9.937122e-01
    outer loop
      vertex   -5.788506e+01 -6.894976e+00 3.320879e+01
      vertex   -5.788506e+01 -1.968932e+01 3.320879e+01
      vertex   -5.863495e+01 -6.894976e+00 3.329328e+01
    endloop
  endfacet
  facet normal -1.119645e-01 -0.000000e+00 -9.937122e-01
    outer loop
      vertex   -5.863495e+01 -6.894976e+00 3.329328e+01
      vertex   -5.788506e+01 -1.968932e+01 3.320879e+01
      vertex   -5.863495e+01 -1.968932e+01 3.329328e+01
    endloop
  endfacet
  facet normal 0.000000e+00 -1.000000e+00 4.610452e-16
    outer loop
      vertex   -1.155806e+01 -9.496307e+00 3.055446e+01
      vertex   -1.155806e+01 -9.496307e+00 3.440735e+01
      vertex   -4.479303e+01 -9.496307e+00 3.055446e+01
    endloop
  endfacet
  facet normal 0.000000e+00 -1.000000e+00 4.610452e-16
    outer loop
      vertex   -4.479303e+01 -9.496307e+00 3.055446e+01
      vertex   -1.155806e+01 -9.496307e+00 3.440735e+01
      vertex   -4.479303e+01 -9.496307e+00 3.440735e+01
    endloop
  endfacet
  facet normal 1.000000e+00 0.000000e+00 -0.000000e+00
    outer loop
      vertex   -4.749362e+01 -3.118121e+01 3.440735e+01
      vertex   -4.749362e+01 -3.118121e+01 3.660446e+01
      vertex   -4.749362e+01 -3.118453e+01 3.440735e+01
    endloop
  endfacet
  facet normal 1.000000e+00 0.000000e+00 -0.000000e+00
    outer loop
      vertex   -4.749362e+01 -3.118453e+01 3.440735e+01
      vertex   -4.749362e+01 -3.118121e+01 3.660446e+01
      vertex   -4.749362e+01 -3.119887e+01 3.660446e+01
    endloop
  endfacet
  facet normal 1.000000e+00 0.000000e+00 0.000000e+00
    outer loop
      vertex   -4.749362e+01 -3.118453e+01 3.440735e+01
      vertex   -4.749362e+01 -3.119887e+01 3.660446e+01
      vertex   -4.749362e+01 -3.119887e+01 3.255446e+01
    endloop
  endfacet
  facet normal 1.000000e+00 0.000000e+00 0.000000e+00
    outer loop
      vertex   -4.749362e+01 -3.119887e+01 3.255446e+01
      vertex   -4.749362e+01 -3.118453e+01 3.255446e+01
      vertex   -4.749362e+01 -3.118453e+01 3.440735e+01
    endloop
  endfacet
  facet normal 0.000000e+00 1.000000e+00 -0.000000e+00
    outer loop
      vertex   -6.582483e+01 -1.502495e+01 3.660446e+01
      vertex   -6.639483e+01 -1.502495e+01 3.660446e+01
      vertex   -6.582483e+01 -1.502495e+01 3.860446e+01
    endloop
  endfacet
  facet normal 0.000000e+00 1.000000e+00 0.000000e+00
    outer loop
      vertex   -6.582483e+01 -1.502495e+01 3.860446e+01
      vertex   -6.639483e+01 -1.502495e+01 3.660446e+01
      vertex   -6.639483e+01 -1.502495e+01 3.860446e+01
    endloop
  endfacet
  facet normal -9.914449e-01 1.305262e-01 0.000000e+00
    outer loop
      vertex   -8.542498e+00 -2.930631e+01 3.440735e+01
      vertex   -8.542498e+00 -2.930631e+01 3.055446e+01
      vertex   -8.601787e+00 -2.975665e+01 3.440735e+01
    endloop
  endfacet
  facet normal -9.914449e-01 1.305262e-01 0.000000e+00
    outer loop
      vertex   -8.601787e+00 -2.975665e+01 3.440735e+01
      vertex   -8.542498e+00 -2.930631e+01 3.055446e+01
      vertex   -8.601787e+00 -2.975665e+01 3.055446e+01
    endloop
  endfacet
  facet normal -9.238795e-01 3.826834e-01 0.000000e+00
    outer loop
      vertex   -8.601787e+00 -2.975665e+01 3.440735e+01
      vertex   -8.601787e+00 -2.975665e+01 3.055446e+01
      vertex   -8.775614e+00 -3.017631e+01 3.440735e+01
    endloop
  endfacet
  facet normal -9.238795e-01 3.826834e-01 0.000000e+00
    outer loop
      vertex   -8.775614e+00 -3.017631e+01 3.440735e+01
      vertex   -8.601787e+00 -2.975665e+01 3.055446e+01
      vertex   -8.775614e+00 -3.017631e+01 3.055446e+01
    endloop
  endfacet
  facet normal -7.933533e-01 6.087614e-01 0.000000e+00
    outer loop
      vertex   -8.775614e+00 -3.017631e+01 3.440735e+01
      vertex   -8.775614e+00 -3.017631e+01 3.055446e+01
      vertex   -9.052132e+00 -3.053667e+01 3.440735e+01
    endloop
  endfacet
  facet normal -7.933533e-01 6.087614e-01 0.000000e+00
    outer loop
      vertex   -9.052132e+00 -3.053667e+01 3.440735e+01
      vertex   -8.775614e+00 -3.017631e+01 3.055446e+01
      vertex   -9.052132e+00 -3.053667e+01 3.055446e+01
    endloop
  endfacet
  facet normal -6.087614e-01 7.933533e-01 0.000000e+00
    outer loop
      vertex   -9.052132e+00 -3.053667e+01 3.440735e+01
      vertex   -9.052132e+00 -3.053667e+01 3.055446e+01
      vertex   -9.412498e+00 -3.081319e+01 3.440735e+01
    endloop
  endfacet
  facet normal -6.087614e-01 7.933533e-01 0.000000e+00
    outer loop
      vertex   -9.412498e+00 -3.081319e+01 3.440735e+01
      vertex   -9.052132e+00 -3.053667e+01 3.055446e+01
      vertex   -9.412498e+00 -3.081319e+01 3.055446e+01
    endloop
  endfacet
  facet normal -3.826834e-01 9.238795e-01 0.000000e+00
    outer loop
      vertex   -9.412498e+00 -3.081319e+01 3.440735e+01
      vertex   -9.412498e+00 -3.081319e+01 3.055446e+01
      vertex   -9.832153e+00 -3.098702e+01 3.440735e+01
    endloop
  endfacet
  facet normal -3.826834e-01 9.238795e-01 0.000000e+00
    outer loop
      vertex   -9.832153e+00 -3.098702e+01 3.440735e+01
      vertex   -9.412498e+00 -3.081319e+01 3.055446e+01
      vertex   -9.832153e+00 -3.098702e+01 3.055446e+01
    endloop
  endfacet
  facet normal -1.305262e-01 9.914449e-01 0.000000e+00
    outer loop
      vertex   -9.832153e+00 -3.098702e+01 3.440735e+01
      vertex   -9.832153e+00 -3.098702e+01 3.055446e+01
      vertex   -1.028250e+01 -3.104631e+01 3.440735e+01
    endloop
  endfacet
  facet normal -1.305262e-01 9.914449e-01 0.000000e+00
    outer loop
      vertex   -1.028250e+01 -3.104631e+01 3.440735e+01
      vertex   -9.832153e+00 -3.098702e+01 3.055446e+01
      vertex   -1.028250e+01 -3.104631e+01 3.055446e+01
    endloop
  endfacet
  facet normal -1.000000e+00 0.000000e+00 0.000000e+00
    outer loop
      vertex   -8.542498e+00 -2.930534e+01 3.055446e+01
      vertex   -8.542498e+00 -2.930631e+01 3.055446e+01
      vertex   -8.542498e+00 -2.930534e+01 3.440735e+01
    endloop
  endfacet
  facet normal -1.000000e+00 -0.000000e+00 0.000000e+00
    outer loop
      vertex   -8.542498e+00 -2.930534e+01 3.440735e+01
      vertex   -8.542498e+00 -2.930631e+01 3.055446e+01
      vertex   -8.542498e+00 -2.930631e+01 3.440735e+01
    endloop
  endfacet
  facet normal 1.305262e-01 9.914449e-01 1.761160e-15
    outer loop
      vertex   -6.498483e+01 -2.252495e+01 3.860446e+01
      vertex   -6.498483e+01 -2.252495e+01 3.660446e+01
      vertex   -6.509353e+01 -2.251064e+01 3.860446e+01
    endloop
  endfacet
  facet normal 1.305262e-01 9.914449e-01 0.000000e+00
    outer loop
      vertex   -6.509353e+01 -2.251064e+01 3.860446e+01
      vertex   -6.498483e+01 -2.252495e+01 3.660446e+01
      vertex   -6.509353e+01 -2.251064e+01 3.660446e+01
    endloop
  endfacet
  facet normal 3.826834e-01 9.238795e-01 0.000000e+00
    outer loop
      vertex   -6.509353e+01 -2.251064e+01 3.860446e+01
      vertex   -6.509353e+01 -2.251064e+01 3.660446e+01
      vertex   -6.519483e+01 -2.246868e+01 3.860446e+01
    endloop
  endfacet
  facet normal 3.826834e-01 9.238795e-01 0.000000e+00
    outer loop
      vertex   -6.519483e+01 -2.246868e+01 3.860446e+01
      vertex   -6.509353e+01 -2.251064e+01 3.660446e+01
      vertex   -6.519483e+01 -2.246868e+01 3.660446e+01
    endloop
  endfacet
  facet normal 6.087614e-01 7.933533e-01 0.000000e+00
    outer loop
      vertex   -6.519483e+01 -2.246868e+01 3.860446e+01
      vertex   -6.519483e+01 -2.246868e+01 3.660446e+01
      vertex   -6.528181e+01 -2.240194e+01 3.860446e+01
    endloop
  endfacet
  facet normal 6.087614e-01 7.933533e-01 0.000000e+00
    outer loop
      vertex   -6.528181e+01 -2.240194e+01 3.860446e+01
      vertex   -6.519483e+01 -2.246868e+01 3.660446e+01
      vertex   -6.528181e+01 -2.240194e+01 3.660446e+01
    endloop
  endfacet
  facet normal 7.933533e-01 6.087614e-01 0.000000e+00
    outer loop
      vertex   -6.528181e+01 -2.240194e+01 3.860446e+01
      vertex   -6.528181e+01 -2.240194e+01 3.660446e+01
      vertex   -6.534856e+01 -2.231495e+01 3.860446e+01
    endloop
  endfacet
  facet normal 7.933533e-01 6.087614e-01 0.000000e+00
    outer loop
      vertex   -6.534856e+01 -2.231495e+01 3.860446e+01
      vertex   -6.528181e+01 -2.240194e+01 3.660446e+01
      vertex   -6.534856e+01 -2.231495e+01 3.660446e+01
    endloop
  endfacet
  facet normal 9.238795e-01 3.826834e-01 0.000000e+00
    outer loop
      vertex   -6.534856e+01 -2.231495e+01 3.860446e+01
      vertex   -6.534856e+01 -2.231495e+01 3.660446e+01
      vertex   -6.539052e+01 -2.221366e+01 3.860446e+01
    endloop
  endfacet
  facet normal 9.238795e-01 3.826834e-01 0.000000e+00
    outer loop
      vertex   -6.539052e+01 -2.221366e+01 3.860446e+01
      vertex   -6.534856e+01 -2.231495e+01 3.660446e+01
      vertex   -6.539052e+01 -2.221366e+01 3.660446e+01
    endloop
  endfacet
  facet normal 9.914449e-01 1.305262e-01 0.000000e+00
    outer loop
      vertex   -6.539052e+01 -2.221366e+01 3.860446e+01
      vertex   -6.539052e+01 -2.221366e+01 3.660446e+01
      vertex   -6.540483e+01 -2.210495e+01 3.860446e+01
    endloop
  endfacet
  facet normal 9.914449e-01 1.305262e-01 0.000000e+00
    outer loop
      vertex   -6.540483e+01 -2.210495e+01 3.860446e+01
      vertex   -6.539052e+01 -2.221366e+01 3.660446e+01
      vertex   -6.540483e+01 -2.210495e+01 3.660446e+01
    endloop
  endfacet
  facet normal 1.000000e+00 0.000000e+00 0.000000e+00
    outer loop
      vertex   -6.540483e+01 -2.210495e+01 3.660446e+01
      vertex   -6.540483e+01 -1.544495e+01 3.660446e+01
      vertex   -6.540483e+01 -2.210495e+01 3.860446e+01
    endloop
  endfacet
  facet normal 1.000000e+00 -0.000000e+00 0.000000e+00
    outer loop
      vertex   -6.540483e+01 -2.210495e+01 3.860446e+01
      vertex   -6.540483e+01 -1.544495e+01 3.660446e+01
      vertex   -6.540483e+01 -1.544495e+01 3.860446e+01
    endloop
  endfacet
  facet normal 9.914449e-01 1.305262e-01 0.000000e+00
    outer loop
      vertex   -6.540483e+01 -1.544495e+01 3.860446e+01
      vertex   -6.540483e+01 -1.544495e+01 3.660446e+01
      vertex   -6.541914e+01 -1.533625e+01 3.860446e+01
    endloop
  endfacet
  facet normal 9.914449e-01 1.305262e-01 0.000000e+00
    outer loop
      vertex   -6.541914e+01 -1.533625e+01 3.860446e+01
      vertex   -6.540483e+01 -1.544495e+01 3.660446e+01
      vertex   -6.541914e+01 -1.533625e+01 3.660446e+01
    endloop
  endfacet
  facet normal 9.238795e-01 3.826834e-01 0.000000e+00
    outer loop
      vertex   -6.541914e+01 -1.533625e+01 3.860446e+01
      vertex   -6.541914e+01 -1.533625e+01 3.660446e+01
      vertex   -6.546110e+01 -1.523495e+01 3.860446e+01
    endloop
  endfacet
  facet normal 9.238795e-01 3.826834e-01 0.000000e+00
    outer loop
      vertex   -6.546110e+01 -1.523495e+01 3.860446e+01
      vertex   -6.541914e+01 -1.533625e+01 3.660446e+01
      vertex   -6.546110e+01 -1.523495e+01 3.660446e+01
    endloop
  endfacet
  facet normal 7.933533e-01 6.087614e-01 0.000000e+00
    outer loop
      vertex   -6.546110e+01 -1.523495e+01 3.860446e+01
      vertex   -6.546110e+01 -1.523495e+01 3.660446e+01
      vertex   -6.552784e+01 -1.514797e+01 3.860446e+01
    endloop
  endfacet
  facet normal 7.933533e-01 6.087614e-01 0.000000e+00
    outer loop
      vertex   -6.552784e+01 -1.514797e+01 3.860446e+01
      vertex   -6.546110e+01 -1.523495e+01 3.660446e+01
      vertex   -6.552784e+01 -1.514797e+01 3.660446e+01
    endloop
  endfacet
  facet normal 6.087614e-01 7.933533e-01 0.000000e+00
    outer loop
      vertex   -6.552784e+01 -1.514797e+01 3.860446e+01
      vertex   -6.552784e+01 -1.514797e+01 3.660446e+01
      vertex   -6.561483e+01 -1.508122e+01 3.860446e+01
    endloop
  endfacet
  facet normal 6.087614e-01 7.933533e-01 0.000000e+00
    outer loop
      vertex   -6.561483e+01 -1.508122e+01 3.860446e+01
      vertex   -6.552784e+01 -1.514797e+01 3.660446e+01
      vertex   -6.561483e+01 -1.508122e+01 3.660446e+01
    endloop
  endfacet
  facet normal 3.826834e-01 9.238795e-01 0.000000e+00
    outer loop
      vertex   -6.561483e+01 -1.508122e+01 3.860446e+01
      vertex   -6.561483e+01 -1.508122e+01 3.660446e+01
      vertex   -6.571612e+01 -1.503927e+01 3.860446e+01
    endloop
  endfacet
  facet normal 3.826834e-01 9.238795e-01 0.000000e+00
    outer loop
      vertex   -6.571612e+01 -1.503927e+01 3.860446e+01
      vertex   -6.561483e+01 -1.508122e+01 3.660446e+01
      vertex   -6.571612e+01 -1.503927e+01 3.660446e+01
    endloop
  endfacet
  facet normal 1.305262e-01 9.914449e-01 0.000000e+00
    outer loop
      vertex   -6.571612e+01 -1.503927e+01 3.860446e+01
      vertex   -6.571612e+01 -1.503927e+01 3.660446e+01
      vertex   -6.582483e+01 -1.502495e+01 3.860446e+01
    endloop
  endfacet
  facet normal 1.305262e-01 9.914449e-01 0.000000e+00
    outer loop
      vertex   -6.582483e+01 -1.502495e+01 3.860446e+01
      vertex   -6.571612e+01 -1.503927e+01 3.660446e+01
      vertex   -6.582483e+01 -1.502495e+01 3.660446e+01
    endloop
  endfacet
  facet normal -0.000000e+00 -0.000000e+00 -1.000000e+00
    outer loop
      vertex   -7.173624e+00 -3.118121e+01 3.660446e+01
      vertex   -7.173624e+00 -3.119887e+01 3.660446e+01
      vertex   -4.749362e+01 -3.118121e+01 3.660446e+01
    endloop
  endfacet
  facet normal 0.000000e+00 0.000000e+00 -1.000000e+00
    outer loop
      vertex   -4.749362e+01 -3.118121e+01 3.660446e+01
      vertex   -7.173624e+00 -3.119887e+01 3.660446e+01
      vertex   -4.749362e+01 -3.119887e+01 3.660446e+01
    endloop
  endfacet
  facet normal 0.000000e+00 0.000000e+00 1.000000e+00
    outer loop
      vertex   -4.749362e+01 -3.118453e+01 3.255446e+01
      vertex   -4.749362e+01 -3.119887e+01 3.255446e+01
      vertex   -7.173624e+00 -3.118453e+01 3.255446e+01
    endloop
  endfacet
  facet normal 0.000000e+00 0.000000e+00 1.000000e+00
    outer loop
      vertex   -7.173624e+00 -3.118453e+01 3.255446e+01
      vertex   -4.749362e+01 -3.119887e+01 3.255446e+01
      vertex   -7.173624e+00 -3.119887e+01 3.255446e+01
    endloop
  endfacet
  facet normal 0.000000e+00 1.000000e+00 0.000000e+00
    outer loop
      vertex   -7.173624e+00 -3.119887e+01 3.660446e+01
      vertex   -7.173624e+00 -3.119887e+01 3.255446e+01
      vertex   -4.749362e+01 -3.119887e+01 3.660446e+01
    endloop
  endfacet
  facet normal 0.000000e+00 1.000000e+00 0.000000e+00
    outer loop
      vertex   -4.749362e+01 -3.119887e+01 3.660446e+01
      vertex   -7.173624e+00 -3.119887e+01 3.255446e+01
      vertex   -4.749362e+01 -3.119887e+01 3.255446e+01
    endloop
  endfacet
  facet normal -0.000000e+00 -1.000000e+00 -8.464668e-16
    outer loop
      vertex   -4.749362e+01 -2.491534e+01 3.440735e+01
      vertex   -4.749362e+01 -2.491534e+01 3.860446e+01
      vertex   -4.749690e+01 -2.491534e+01 3.440735e+01
    endloop
  endfacet
  facet normal 2.388258e-15 -1.000000e+00 -8.483334e-16
    outer loop
      vertex   -4.749690e+01 -2.491534e+01 3.440735e+01
      vertex   -4.749362e+01 -2.491534e+01 3.860446e+01
      vertex   -6.683210e+01 -2.491534e+01 3.860446e+01
    endloop
  endfacet
  facet normal 2.569566e-15 -1.000000e+00 -1.308437e-17
    outer loop
      vertex   -4.749690e+01 -2.491534e+01 3.440735e+01
      vertex   -6.683210e+01 -2.491534e+01 3.860446e+01
      vertex   -6.685863e+01 -2.491534e+01 3.339448e+01
    endloop
  endfacet
  facet normal 0.000000e+00 -1.000000e+00 0.000000e+00
    outer loop
      vertex   -6.685863e+01 -2.491534e+01 3.339448e+01
      vertex   -6.683210e+01 -2.491534e+01 3.860446e+01
      vertex   -6.685863e+01 -2.491534e+01 3.967737e+01
    endloop
  endfacet
  facet normal 2.678312e-13 -1.000000e+00 6.622589e-15
    outer loop
      vertex   -6.685863e+01 -2.491534e+01 3.967737e+01
      vertex   -6.683210e+01 -2.491534e+01 3.860446e+01
      vertex   -6.683210e+01 -2.491534e+01 3.967737e+01
    endloop
  endfacet
  facet normal 2.568882e-15 -1.000000e+00 0.000000e+00
    outer loop
      vertex   -6.685863e+01 -2.491534e+01 3.339448e+01
      vertex   -4.749690e+01 -2.491534e+01 3.339448e+01
      vertex   -4.749690e+01 -2.491534e+01 3.440735e+01
    endloop
  endfacet
  facet normal 0.000000e+00 -0.000000e+00 1.000000e+00
    outer loop
      vertex   -4.749690e+01 -2.848534e+01 3.339448e+01
      vertex   -4.749690e+01 -2.491534e+01 3.339448e+01
      vertex   -6.685863e+01 -2.848534e+01 3.339448e+01
    endloop
  endfacet
  facet normal 0.000000e+00 -0.000000e+00 1.000000e+00
    outer loop
      vertex   -6.685863e+01 -2.848534e+01 3.339448e+01
      vertex   -4.749690e+01 -2.491534e+01 3.339448e+01
      vertex   -6.685863e+01 -2.491534e+01 3.339448e+01
    endloop
  endfacet
  facet normal -1.000000e+00 -3.980632e-15 -0.000000e+00
    outer loop
      vertex   2.993137e+01 -2.491534e+01 3.967737e+01
      vertex   2.993137e+01 -2.491534e+01 3.339448e+01
      vertex   2.993137e+01 -2.848534e+01 3.967737e+01
    endloop
  endfacet
  facet normal -1.000000e+00 -3.980632e-15 -0.000000e+00
    outer loop
      vertex   2.993137e+01 -2.848534e+01 3.967737e+01
      vertex   2.993137e+01 -2.491534e+01 3.339448e+01
      vertex   2.993137e+01 -2.848534e+01 3.339448e+01
    endloop
  endfacet
  facet normal 0.000000e+00 1.000000e+00 0.000000e+00
    outer loop
      vertex   -7.173624e+00 -3.118121e+01 3.440735e+01
      vertex   -7.173624e+00 -3.118121e+01 3.660446e+01
      vertex   -2.316905e+00 -3.118121e+01 3.440735e+01
    endloop
  endfacet
  facet normal -0.000000e+00 1.000000e+00 -0.000000e+00
    outer loop
      vertex   -2.316905e+00 -3.118121e+01 3.440735e+01
      vertex   -7.173624e+00 -3.118121e+01 3.660446e+01
      vertex   2.605620e+01 -3.118121e+01 3.340735e+01
    endloop
  endfacet
  facet normal 0.000000e+00 1.000000e+00 0.000000e+00
    outer loop
      vertex   -2.316905e+00 -3.118121e+01 3.440735e+01
      vertex   2.605620e+01 -3.118121e+01 3.340735e+01
      vertex   -2.316905e+00 -3.118121e+01 3.340735e+01
    endloop
  endfacet
  facet normal 0.000000e+00 1.000000e+00 -0.000000e+00
    outer loop
      vertex   -4.749362e+01 -3.118121e+01 3.660446e+01
      vertex   -6.433380e+01 -3.118121e+01 3.952860e+01
      vertex   -7.173624e+00 -3.118121e+01 3.660446e+01
    endloop
  endfacet
  facet normal 0.000000e+00 1.000000e+00 -0.000000e+00
    outer loop
      vertex   -7.173624e+00 -3.118121e+01 3.660446e+01
      vertex   -6.433380e+01 -3.118121e+01 3.952860e+01
      vertex   2.605620e+01 -3.118121e+01 3.952860e+01
    endloop
  endfacet
  facet normal -0.000000e+00 1.000000e+00 0.000000e+00
    outer loop
      vertex   -7.173624e+00 -3.118121e+01 3.660446e+01
      vertex   2.605620e+01 -3.118121e+01 3.952860e+01
      vertex   2.605620e+01 -3.118121e+01 3.340735e+01
    endloop
  endfacet
  facet normal 0.000000e+00 1.000000e+00 -0.000000e+00
    outer loop
      vertex   -4.749362e+01 -3.118121e+01 3.440735e+01
      vertex   -4.749690e+01 -3.118121e+01 3.440735e+01
      vertex   -4.749362e+01 -3.118121e+01 3.660446e+01
    endloop
  endfacet
  facet normal 0.000000e+00 1.000000e+00 0.000000e+00
    outer loop
      vertex   -4.749362e+01 -3.118121e+01 3.660446e+01
      vertex   -4.749690e+01 -3.118121e+01 3.440735e+01
      vertex   -6.433380e+01 -3.118121e+01 3.340735e+01
    endloop
  endfacet
  facet normal 0.000000e+00 1.000000e+00 0.000000e+00
    outer loop
      vertex   -4.749362e+01 -3.118121e+01 3.660446e+01
      vertex   -6.433380e+01 -3.118121e+01 3.340735e+01
      vertex   -6.433380e+01 -3.118121e+01 3.952860e+01
    endloop
  endfacet
  facet normal 0.000000e+00 1.000000e+00 0.000000e+00
    outer loop
      vertex   -4.749690e+01 -3.118121e+01 3.440735e+01
      vertex   -4.749690e+01 -3.118121e+01 3.340735e+01
      vertex   -6.433380e+01 -3.118121e+01 3.340735e+01
    endloop
  endfacet
  facet normal 0.000000e+00 0.000000e+00 1.000000e+00
    outer loop
      vertex   -6.433380e+01 -3.118121e+01 3.340735e+01
      vertex   -4.749690e+01 -3.118121e+01 3.340735e+01
      vertex   -6.433380e+01 -3.063534e+01 3.340735e+01
    endloop
  endfacet
  facet normal -0.000000e+00 0.000000e+00 1.000000e+00
    outer loop
      vertex   -6.433380e+01 -3.063534e+01 3.340735e+01
      vertex   -4.749690e+01 -3.118121e+01 3.340735e+01
      vertex   -4.749690e+01 -2.848534e+01 3.340735e+01
    endloop
  endfacet
  facet normal 0.000000e+00 -0.000000e+00 1.000000e+00
    outer loop
      vertex   -6.433380e+01 -3.063534e+01 3.340735e+01
      vertex   -4.749690e+01 -2.848534e+01 3.340735e+01
      vertex   -6.648380e+01 -2.848534e+01 3.340735e+01
    endloop
  endfacet
  facet normal -1.000000e+00 -0.000000e+00 -0.000000e+00
    outer loop
      vertex   2.605620e+01 -3.063534e+01 3.952860e+01
      vertex   2.605620e+01 -3.063534e+01 3.340735e+01
      vertex   2.605620e+01 -3.118121e+01 3.952860e+01
    endloop
  endfacet
  facet normal -1.000000e+00 0.000000e+00 0.000000e+00
    outer loop
      vertex   2.605620e+01 -3.118121e+01 3.952860e+01
      vertex   2.605620e+01 -3.063534e+01 3.340735e+01
      vertex   2.605620e+01 -3.118121e+01 3.340735e+01
    endloop
  endfacet
  facet normal -7.071068e-01 7.071068e-01 -6.754485e-14
    outer loop
      vertex   2.669432e+01 -2.999722e+01 3.967737e+01
      vertex   2.820620e+01 -2.848534e+01 3.967737e+01
      vertex   2.669432e+01 -2.999722e+01 3.952860e+01
    endloop
  endfacet
  facet normal -7.071068e-01 7.071068e-01 0.000000e+00
    outer loop
      vertex   2.669432e+01 -2.999722e+01 3.952860e+01
      vertex   2.820620e+01 -2.848534e+01 3.967737e+01
      vertex   2.820620e+01 -2.848534e+01 3.340735e+01
    endloop
  endfacet
  facet normal -7.071068e-01 7.071068e-01 0.000000e+00
    outer loop
      vertex   2.669432e+01 -2.999722e+01 3.952860e+01
      vertex   2.820620e+01 -2.848534e+01 3.340735e+01
      vertex   2.605620e+01 -3.063534e+01 3.340735e+01
    endloop
  endfacet
  facet normal -7.071068e-01 7.071068e-01 0.000000e+00
    outer loop
      vertex   2.605620e+01 -3.063534e+01 3.340735e+01
      vertex   2.605620e+01 -3.063534e+01 3.952860e+01
      vertex   2.669432e+01 -2.999722e+01 3.952860e+01
    endloop
  endfacet
  facet normal 0.000000e+00 0.000000e+00 -1.000000e+00
    outer loop
      vertex   -6.686271e+01 1.330142e+01 3.660446e+01
      vertex   -6.689969e+01 1.385242e+01 3.660446e+01
      vertex   -6.686271e+01 1.495564e+01 3.660446e+01
    endloop
  endfacet
  facet normal 0.000000e+00 0.000000e+00 -1.000000e+00
    outer loop
      vertex   -6.686271e+01 1.495564e+01 3.660446e+01
      vertex   -6.689969e+01 1.385242e+01 3.660446e+01
      vertex   -6.689969e+01 1.440465e+01 3.660446e+01
    endloop
  endfacet
  facet normal -1.000000e+00 -1.387097e-16 -3.311295e-15
    outer loop
      vertex   2.992790e+01 -2.491534e+01 3.860446e+01
      vertex   2.992790e+01 -2.491534e+01 3.967737e+01
      vertex   2.992790e+01 6.972330e-01 3.860446e+01
    endloop
  endfacet
  facet normal -1.000000e+00 0.000000e+00 0.000000e+00
    outer loop
      vertex   2.992790e+01 6.972330e-01 3.860446e+01
      vertex   2.992790e+01 -2.491534e+01 3.967737e+01
      vertex   2.992790e+01 6.972330e-01 3.967737e+01
    endloop
  endfacet
  facet normal -1.000000e+00 0.000000e+00 1.421085e-15
    outer loop
      vertex   3.298570e+01 6.972330e-01 3.467737e+01
      vertex   3.298570e+01 6.972330e-01 3.967737e+01
      vertex   3.298570e+01 3.999723e+01 3.467737e+01
    endloop
  endfacet
  facet normal -1.000000e+00 0.000000e+00 1.421085e-15
    outer loop
      vertex   3.298570e+01 3.999723e+01 3.467737e+01
      vertex   3.298570e+01 6.972330e-01 3.967737e+01
      vertex   3.298570e+01 3.999723e+01 3.967737e+01
    endloop
  endfacet
  facet normal 0.000000e+00 0.000000e+00 -1.000000e+00
    outer loop
      vertex   -6.683210e+01 3.697233e+00 3.660737e+01
      vertex   -6.686271e+01 3.697233e+00 3.660737e+01
      vertex   -6.683210e+01 3.991102e+01 3.660737e+01
    endloop
  endfacet
  facet normal -0.000000e+00 0.000000e+00 -1.000000e+00
    outer loop
      vertex   -6.683210e+01 3.991102e+01 3.660737e+01
      vertex   -6.686271e+01 3.697233e+00 3.660737e+01
      vertex   -6.686271e+01 3.999723e+01 3.660737e+01
    endloop
  endfacet
  facet normal 0.000000e+00 0.000000e+00 -1.000000e+00
    outer loop
      vertex   -6.683210e+01 3.991102e+01 3.660737e+01
      vertex   -6.686271e+01 3.999723e+01 3.660737e+01
      vertex   -5.359600e+01 3.999723e+01 3.660737e+01
    endloop
  endfacet
  facet normal 0.000000e+00 -0.000000e+00 -1.000000e+00
    outer loop
      vertex   -5.359600e+01 3.999723e+01 3.660737e+01
      vertex   -5.359600e+01 3.991102e+01 3.660737e+01
      vertex   -6.683210e+01 3.991102e+01 3.660737e+01
    endloop
  endfacet
  facet normal 0.000000e+00 1.000000e+00 -0.000000e+00
    outer loop
      vertex   -6.682748e+01 3.697233e+00 3.467737e+01
      vertex   -6.683210e+01 3.697233e+00 3.660737e+01
      vertex   -6.682748e+01 3.697233e+00 3.667737e+01
    endloop
  endfacet
  facet normal 0.000000e+00 1.000000e+00 0.000000e+00
    outer loop
      vertex   -6.682748e+01 3.697233e+00 3.667737e+01
      vertex   -6.683210e+01 3.697233e+00 3.660737e+01
      vertex   -6.683210e+01 3.697233e+00 3.860446e+01
    endloop
  endfacet
  facet normal 0.000000e+00 1.000000e+00 -0.000000e+00
    outer loop
      vertex   -6.682748e+01 3.697233e+00 3.667737e+01
      vertex   -6.683210e+01 3.697233e+00 3.860446e+01
      vertex   -6.682748e+01 3.697233e+00 3.860446e+01
    endloop
  endfacet
  facet normal 0.000000e+00 1.000000e+00 0.000000e+00
    outer loop
      vertex   -6.682748e+01 3.697233e+00 3.467737e+01
      vertex   -6.686271e+01 3.697233e+00 3.467737e+01
      vertex   -6.683210e+01 3.697233e+00 3.660737e+01
    endloop
  endfacet
  facet normal 0.000000e+00 1.000000e+00 0.000000e+00
    outer loop
      vertex   -6.683210e+01 3.697233e+00 3.660737e+01
      vertex   -6.686271e+01 3.697233e+00 3.467737e+01
      vertex   -6.686271e+01 3.697233e+00 3.660737e+01
    endloop
  endfacet
  facet normal -3.418362e-02 9.994156e-01 -1.852946e-14
    outer loop
      vertex   -5.824192e+01 5.899366e+00 3.667737e+01
      vertex   -5.824192e+01 5.899366e+00 3.327028e+01
      vertex   -5.852347e+01 5.889736e+00 3.667737e+01
    endloop
  endfacet
  facet normal -2.563846e-02 9.996710e-01 7.068634e-04
    outer loop
      vertex   -5.852347e+01 5.889736e+00 3.667737e+01
      vertex   -5.824192e+01 5.899366e+00 3.327028e+01
      vertex   -5.866369e+01 5.888532e+00 3.329316e+01
    endloop
  endfacet
  facet normal 0.000000e+00 9.999999e-01 -3.556138e-04
    outer loop
      vertex   -5.852347e+01 5.889736e+00 3.667737e+01
      vertex   -5.866369e+01 5.888532e+00 3.329316e+01
      vertex   -5.880518e+01 5.889736e+00 3.667737e+01
    endloop
  endfacet
  facet normal 2.554956e-02 9.996733e-01 7.126647e-04
    outer loop
      vertex   -5.880518e+01 5.889736e+00 3.667737e+01
      vertex   -5.866369e+01 5.888532e+00 3.329316e+01
      vertex   -5.908673e+01 5.899366e+00 3.326286e+01
    endloop
  endfacet
  facet normal 3.418362e-02 9.994156e-01 -3.475058e-11
    outer loop
      vertex   -5.880518e+01 5.889736e+00 3.667737e+01
      vertex   -5.908673e+01 5.899366e+00 3.326286e+01
      vertex   -5.908673e+01 5.899366e+00 3.667737e+01
    endloop
  endfacet
  facet normal 0.000000e+00 1.000000e+00 -1.153478e-16
    outer loop
      vertex   -4.025748e+01 5.927147e+00 2.897737e+01
      vertex   -4.025748e+01 5.927147e+00 3.667737e+01
      vertex   2.588224e+01 5.927147e+00 2.897737e+01
    endloop
  endfacet
  facet normal 0.000000e+00 1.000000e+00 -1.153478e-16
    outer loop
      vertex   2.588224e+01 5.927147e+00 2.897737e+01
      vertex   -4.025748e+01 5.927147e+00 3.667737e+01
      vertex   2.588224e+01 5.927147e+00 3.667737e+01
    endloop
  endfacet
  facet normal -0.000000e+00 0.000000e+00 1.000000e+00
    outer loop
      vertex   -4.025748e+01 1.674715e+01 2.897737e+01
      vertex   -4.025748e+01 5.927147e+00 2.897737e+01
      vertex   2.587850e+01 1.674715e+01 2.897737e+01
    endloop
  endfacet
  facet normal 0.000000e+00 0.000000e+00 1.000000e+00
    outer loop
      vertex   2.587850e+01 1.674715e+01 2.897737e+01
      vertex   -4.025748e+01 5.927147e+00 2.897737e+01
      vertex   2.588224e+01 5.927147e+00 2.897737e+01
    endloop
  endfacet
  facet normal -0.000000e+00 0.000000e+00 1.000000e+00
    outer loop
      vertex   2.587850e+01 1.674715e+01 2.897737e+01
      vertex   2.588224e+01 5.927147e+00 2.897737e+01
      vertex   2.588224e+01 1.674715e+01 2.897737e+01
    endloop
  endfacet
  facet normal 1.000000e+00 0.000000e+00 -0.000000e+00
    outer loop
      vertex   -6.686271e+01 3.999723e+01 3.467737e+01
      vertex   -6.686271e+01 3.999723e+01 3.660737e+01
      vertex   -6.686271e+01 1.495564e+01 3.660446e+01
    endloop
  endfacet
  facet normal 1.000000e+00 0.000000e+00 -0.000000e+00
    outer loop
      vertex   -6.686271e+01 1.495564e+01 3.660446e+01
      vertex   -6.686271e+01 3.999723e+01 3.660737e+01
      vertex   -6.686271e+01 3.697233e+00 3.660737e+01
    endloop
  endfacet
  facet normal 1.000000e+00 0.000000e+00 0.000000e+00
    outer loop
      vertex   -6.686271e+01 1.495564e+01 3.660446e+01
      vertex   -6.686271e+01 3.697233e+00 3.660737e+01
      vertex   -6.686271e+01 1.330142e+01 3.660446e+01
    endloop
  endfacet
  facet normal 1.000000e+00 0.000000e+00 0.000000e+00
    outer loop
      vertex   -6.686271e+01 1.330142e+01 3.660446e+01
      vertex   -6.686271e+01 3.697233e+00 3.660737e+01
      vertex   -6.686271e+01 3.697233e+00 3.467737e+01
    endloop
  endfacet
  facet normal 1.000000e+00 0.000000e+00 0.000000e+00
    outer loop
      vertex   -6.686271e+01 1.330142e+01 3.660446e+01
      vertex   -6.686271e+01 3.697233e+00 3.467737e+01
      vertex   -6.686271e+01 1.330142e+01 3.467737e+01
    endloop
  endfacet
  facet normal 1.000000e+00 0.000000e+00 0.000000e+00
    outer loop
      vertex   -6.686271e+01 1.495564e+01 3.660446e+01
      vertex   -6.686271e+01 1.495564e+01 3.467737e+01
      vertex   -6.686271e+01 3.999723e+01 3.467737e+01
    endloop
  endfacet
  facet normal 0.000000e+00 0.000000e+00 1.000000e+00
    outer loop
      vertex   -6.686271e+01 1.495564e+01 3.467737e+01
      vertex   -6.685215e+01 1.505430e+01 3.467737e+01
      vertex   -6.686271e+01 3.999723e+01 3.467737e+01
    endloop
  endfacet
  facet normal 0.000000e+00 0.000000e+00 1.000000e+00
    outer loop
      vertex   -6.686271e+01 3.999723e+01 3.467737e+01
      vertex   -6.685215e+01 1.505430e+01 3.467737e+01
      vertex   -6.684041e+01 1.515282e+01 3.467737e+01
    endloop
  endfacet
  facet normal 0.000000e+00 0.000000e+00 1.000000e+00
    outer loop
      vertex   -6.686271e+01 3.999723e+01 3.467737e+01
      vertex   -6.684041e+01 1.515282e+01 3.467737e+01
      vertex   -6.682748e+01 3.999723e+01 3.467737e+01
    endloop
  endfacet
  facet normal 0.000000e+00 0.000000e+00 1.000000e+00
    outer loop
      vertex   -6.682748e+01 3.999723e+01 3.467737e+01
      vertex   -6.684041e+01 1.515282e+01 3.467737e+01
      vertex   -6.682748e+01 1.525120e+01 3.467737e+01
    endloop
  endfacet
  facet normal 0.000000e+00 0.000000e+00 1.000000e+00
    outer loop
      vertex   4.696383e+01 -2.589497e+01 3.967737e+01
      vertex   4.699163e+01 -2.569894e+01 3.967737e+01
      vertex   4.700594e+01 -2.510722e+01 3.967737e+01
    endloop
  endfacet
  facet normal 0.000000e+00 0.000000e+00 1.000000e+00
    outer loop
      vertex   4.700594e+01 -2.510722e+01 3.967737e+01
      vertex   4.699163e+01 -2.569894e+01 3.967737e+01
      vertex   4.701874e+01 -2.510729e+01 3.967737e+01
    endloop
  endfacet
  facet normal -0.000000e+00 0.000000e+00 1.000000e+00
    outer loop
      vertex   4.700594e+01 -2.510722e+01 3.967737e+01
      vertex   4.701874e+01 -2.510729e+01 3.967737e+01
      vertex   4.701887e+01 -2.506366e+01 3.967737e+01
    endloop
  endfacet
  facet normal 0.000000e+00 0.000000e+00 1.000000e+00
    outer loop
      vertex   4.699163e+01 -2.569894e+01 3.967737e+01
      vertex   4.696383e+01 -2.589497e+01 3.967737e+01
      vertex   4.691741e+01 -2.628655e+01 3.967737e+01
    endloop
  endfacet
  facet normal 0.000000e+00 -0.000000e+00 1.000000e+00
    outer loop
      vertex   4.691741e+01 -2.628655e+01 3.967737e+01
      vertex   4.696383e+01 -2.589497e+01 3.967737e+01
      vertex   4.683799e+01 -2.667375e+01 3.967737e+01
    endloop
  endfacet
  facet normal 0.000000e+00 0.000000e+00 1.000000e+00
    outer loop
      vertex   4.691741e+01 -2.628655e+01 3.967737e+01
      vertex   4.683799e+01 -2.667375e+01 3.967737e+01
      vertex   4.684188e+01 -2.667462e+01 3.967737e+01
    endloop
  endfacet
  facet normal 0.000000e+00 0.000000e+00 1.000000e+00
    outer loop
      vertex   4.684188e+01 -2.667462e+01 3.967737e+01
      vertex   4.683799e+01 -2.667375e+01 3.967737e+01
      vertex   4.679656e+01 -2.686636e+01 3.967737e+01
    endloop
  endfacet
  facet normal 1.118831e-12 -2.406722e-13 1.000000e+00
    outer loop
      vertex   4.679656e+01 -2.686636e+01 3.967737e+01
      vertex   4.683799e+01 -2.667375e+01 3.967737e+01
      vertex   4.662985e+01 -2.743468e+01 3.967737e+01
    endloop
  endfacet
  facet normal 0.000000e+00 0.000000e+00 1.000000e+00
    outer loop
      vertex   4.700594e+01 -2.510722e+01 3.967737e+01
      vertex   4.701887e+01 -2.506366e+01 3.967737e+01
      vertex   4.700594e+01 3.512278e+01 3.967737e+01
    endloop
  endfacet
  facet normal 0.000000e+00 0.000000e+00 1.000000e+00
    outer loop
      vertex   4.700594e+01 3.512278e+01 3.967737e+01
      vertex   4.701887e+01 -2.506366e+01 3.967737e+01
      vertex   4.701887e+01 3.509634e+01 3.967737e+01
    endloop
  endfacet
  facet normal -0.000000e+00 0.000000e+00 1.000000e+00
    outer loop
      vertex   4.700594e+01 3.512278e+01 3.967737e+01
      vertex   4.701887e+01 3.509634e+01 3.967737e+01
      vertex   4.701883e+01 3.512283e+01 3.967737e+01
    endloop
  endfacet
  facet normal 0.000000e+00 0.000000e+00 1.000000e+00
    outer loop
      vertex   4.701883e+01 3.512283e+01 3.967737e+01
      vertex   4.698914e+01 3.575999e+01 3.967737e+01
      vertex   4.700594e+01 3.512278e+01 3.967737e+01
    endloop
  endfacet
  facet normal 0.000000e+00 0.000000e+00 1.000000e+00
    outer loop
      vertex   4.700594e+01 3.512278e+01 3.967737e+01
      vertex   4.698914e+01 3.575999e+01 3.967737e+01
      vertex   4.693564e+01 3.613967e+01 3.967737e+01
    endloop
  endfacet
  facet normal -0.000000e+00 -0.000000e+00 1.000000e+00
    outer loop
      vertex   4.693564e+01 3.613967e+01 3.967737e+01
      vertex   4.698914e+01 3.575999e+01 3.967737e+01
      vertex   4.690483e+01 3.639224e+01 3.967737e+01
    endloop
  endfacet
  facet normal 0.000000e+00 0.000000e+00 1.000000e+00
    outer loop
      vertex   4.693564e+01 3.613967e+01 3.967737e+01
      vertex   4.690483e+01 3.639224e+01 3.967737e+01
      vertex   4.676654e+01 3.701492e+01 3.967737e+01
    endloop
  endfacet
  facet normal 0.000000e+00 0.000000e+00 1.000000e+00
    outer loop
      vertex   4.693564e+01 3.613967e+01 3.967737e+01
      vertex   4.676654e+01 3.701492e+01 3.967737e+01
      vertex   4.672608e+01 3.713721e+01 3.967737e+01
    endloop
  endfacet
  facet normal -0.000000e+00 -0.000000e+00 1.000000e+00
    outer loop
      vertex   4.672608e+01 3.713721e+01 3.967737e+01
      vertex   4.676654e+01 3.701492e+01 3.967737e+01
      vertex   4.657528e+01 3.762342e+01 3.967737e+01
    endloop
  endfacet
  facet normal 0.000000e+00 0.000000e+00 1.000000e+00
    outer loop
      vertex   4.672608e+01 3.713721e+01 3.967737e+01
      vertex   4.657528e+01 3.762342e+01 3.967737e+01
      vertex   4.638126e+01 3.809643e+01 3.967737e+01
    endloop
  endfacet
  facet normal -0.000000e+00 0.000000e+00 1.000000e+00
    outer loop
      vertex   4.638126e+01 3.809643e+01 3.967737e+01
      vertex   4.657528e+01 3.762342e+01 3.967737e+01
      vertex   4.638466e+01 3.809793e+01 3.967737e+01
    endloop
  endfacet
  facet normal 0.000000e+00 -0.000000e+00 1.000000e+00
    outer loop
      vertex   4.638126e+01 3.809643e+01 3.967737e+01
      vertex   4.638466e+01 3.809793e+01 3.967737e+01
      vertex   4.633247e+01 3.821324e+01 3.967737e+01
    endloop
  endfacet
  facet normal 0.000000e+00 0.000000e+00 1.000000e+00
    outer loop
      vertex   4.633247e+01 3.821324e+01 3.967737e+01
      vertex   4.603990e+01 3.878003e+01 3.967737e+01
      vertex   4.638126e+01 3.809643e+01 3.967737e+01
    endloop
  endfacet
  facet normal 0.000000e+00 0.000000e+00 1.000000e+00
    outer loop
      vertex   4.638126e+01 3.809643e+01 3.967737e+01
      vertex   4.603990e+01 3.878003e+01 3.967737e+01
      vertex   4.590772e+01 3.899907e+01 3.967737e+01
    endloop
  endfacet
  facet normal -0.000000e+00 0.000000e+00 1.000000e+00
    outer loop
      vertex   4.590772e+01 3.899907e+01 3.967737e+01
      vertex   4.603990e+01 3.878003e+01 3.967737e+01
      vertex   4.590907e+01 3.899991e+01 3.967737e+01
    endloop
  endfacet
  facet normal 0.000000e+00 -0.000000e+00 1.000000e+00
    outer loop
      vertex   4.590772e+01 3.899907e+01 3.967737e+01
      vertex   4.590907e+01 3.899991e+01 3.967737e+01
      vertex   4.569973e+01 3.931960e+01 3.967737e+01
    endloop
  endfacet
  facet normal 8.979996e-13 5.826927e-13 1.000000e+00
    outer loop
      vertex   4.569973e+01 3.931960e+01 3.967737e+01
      vertex   4.531448e+01 3.982796e+01 3.967737e+01
      vertex   4.590772e+01 3.899907e+01 3.967737e+01
    endloop
  endfacet
  facet normal 1.000000e+00 -0.000000e+00 0.000000e+00
    outer loop
      vertex   4.701887e+01 -2.506366e+01 3.967737e+01
      vertex   4.701887e+01 -2.506366e+01 2.614503e+01
      vertex   4.701887e+01 3.509634e+01 3.967737e+01
    endloop
  endfacet
  facet normal 1.000000e+00 0.000000e+00 0.000000e+00
    outer loop
      vertex   4.701887e+01 3.509634e+01 3.967737e+01
      vertex   4.701887e+01 -2.506366e+01 2.614503e+01
      vertex   4.701887e+01 3.509634e+01 2.614503e+01
    endloop
  endfacet
  facet normal 1.000000e+00 0.000000e+00 0.000000e+00
    outer loop
      vertex   4.451887e+01 3.509634e+01 2.364503e+01
      vertex   4.451887e+01 -2.506366e+01 2.364503e+01
      vertex   4.451887e+01 3.509634e+01 2.114503e+01
    endloop
  endfacet
  facet normal 1.000000e+00 0.000000e+00 0.000000e+00
    outer loop
      vertex   4.451887e+01 3.509634e+01 2.114503e+01
      vertex   4.451887e+01 -2.506366e+01 2.364503e+01
      vertex   4.451887e+01 -2.506366e+01 2.114503e+01
    endloop
  endfacet
  facet normal -1.000000e+00 0.000000e+00 0.000000e+00
    outer loop
      vertex   -6.750113e+01 3.509634e+01 2.114503e+01
      vertex   -6.750113e+01 -2.506366e+01 2.114503e+01
      vertex   -6.750113e+01 3.509634e+01 2.364503e+01
    endloop
  endfacet
  facet normal -1.000000e+00 -0.000000e+00 0.000000e+00
    outer loop
      vertex   -6.750113e+01 3.509634e+01 2.364503e+01
      vertex   -6.750113e+01 -2.506366e+01 2.114503e+01
      vertex   -6.750113e+01 -2.506366e+01 2.364503e+01
    endloop
  endfacet
  facet normal 0.000000e+00 -0.000000e+00 -1.000000e+00
    outer loop
      vertex   -6.742638e+01 3.595069e+01 2.114503e+01
      vertex   -6.682748e+01 3.550937e+01 2.114503e+01
      vertex   -6.750113e+01 3.509634e+01 2.114503e+01
    endloop
  endfacet
  facet normal -1.075248e-16 1.753719e-16 -1.000000e+00
    outer loop
      vertex   -6.750113e+01 3.509634e+01 2.114503e+01
      vertex   -6.682748e+01 3.550937e+01 2.114503e+01
      vertex   -6.682748e+01 1.525120e+01 2.114503e+01
    endloop
  endfacet
  facet normal -3.936108e-14 -1.157087e-15 -1.000000e+00
    outer loop
      vertex   -6.750113e+01 3.509634e+01 2.114503e+01
      vertex   -6.682748e+01 1.525120e+01 2.114503e+01
      vertex   -6.689577e+01 1.450379e+01 2.114503e+01
    endloop
  endfacet
  facet normal 0.000000e+00 0.000000e+00 -1.000000e+00
    outer loop
      vertex   -6.742638e+01 3.595069e+01 2.114503e+01
      vertex   -6.720441e+01 3.677908e+01 2.114503e+01
      vertex   -6.682748e+01 3.550937e+01 2.114503e+01
    endloop
  endfacet
  facet normal 0.000000e+00 0.000000e+00 -1.000000e+00
    outer loop
      vertex   -6.682748e+01 3.550937e+01 2.114503e+01
      vertex   -6.720441e+01 3.677908e+01 2.114503e+01
      vertex   -6.005306e+01 3.551378e+01 2.114503e+01
    endloop
  endfacet
  facet normal 0.000000e+00 0.000000e+00 -1.000000e+00
    outer loop
      vertex   -6.682748e+01 3.550937e+01 2.114503e+01
      vertex   -6.005306e+01 3.551378e+01 2.114503e+01
      vertex   -6.005306e+01 3.550937e+01 2.114503e+01
    endloop
  endfacet
  facet normal 0.000000e+00 0.000000e+00 -1.000000e+00
    outer loop
      vertex   -6.720441e+01 3.677908e+01 2.114503e+01
      vertex   -6.684197e+01 3.755634e+01 2.114503e+01
      vertex   -6.005306e+01 3.551378e+01 2.114503e+01
    endloop
  endfacet
  facet normal 0.000000e+00 0.000000e+00 -1.000000e+00
    outer loop
      vertex   -6.005306e+01 3.551378e+01 2.114503e+01
      vertex   -6.684197e+01 3.755634e+01 2.114503e+01
      vertex   -6.635007e+01 3.825885e+01 2.114503e+01
    endloop
  endfacet
  facet normal 0.000000e+00 0.000000e+00 -1.000000e+00
    outer loop
      vertex   -6.005306e+01 3.551378e+01 2.114503e+01
      vertex   -6.635007e+01 3.825885e+01 2.114503e+01
      vertex   -6.574364e+01 3.886528e+01 2.114503e+01
    endloop
  endfacet
  facet normal 0.000000e+00 0.000000e+00 -1.000000e+00
    outer loop
      vertex   -6.574364e+01 3.886528e+01 2.114503e+01
      vertex   -6.504113e+01 3.935718e+01 2.114503e+01
      vertex   -6.005306e+01 3.551378e+01 2.114503e+01
    endloop
  endfacet
  facet normal 0.000000e+00 0.000000e+00 -1.000000e+00
    outer loop
      vertex   -6.005306e+01 3.551378e+01 2.114503e+01
      vertex   -6.504113e+01 3.935718e+01 2.114503e+01
      vertex   -6.426387e+01 3.971963e+01 2.114503e+01
    endloop
  endfacet
  facet normal 0.000000e+00 0.000000e+00 -1.000000e+00
    outer loop
      vertex   -6.005306e+01 3.551378e+01 2.114503e+01
      vertex   -6.426387e+01 3.971963e+01 2.114503e+01
      vertex   -6.343548e+01 3.994159e+01 2.114503e+01
    endloop
  endfacet
  facet normal 0.000000e+00 0.000000e+00 -1.000000e+00
    outer loop
      vertex   -6.343548e+01 3.994159e+01 2.114503e+01
      vertex   -6.258113e+01 4.001634e+01 2.114503e+01
      vertex   -6.005306e+01 3.551378e+01 2.114503e+01
    endloop
  endfacet
  facet normal 0.000000e+00 0.000000e+00 -1.000000e+00
    outer loop
      vertex   -6.005306e+01 3.551378e+01 2.114503e+01
      vertex   -6.258113e+01 4.001634e+01 2.114503e+01
      vertex   -5.342760e+01 3.551715e+01 2.114503e+01
    endloop
  endfacet
  facet normal 0.000000e+00 0.000000e+00 -1.000000e+00
    outer loop
      vertex   -6.005306e+01 3.551378e+01 2.114503e+01
      vertex   -5.342760e+01 3.551715e+01 2.114503e+01
      vertex   -5.342760e+01 3.551378e+01 2.114503e+01
    endloop
  endfacet
  facet normal -0.000000e+00 0.000000e+00 -1.000000e+00
    outer loop
      vertex   3.959887e+01 4.001634e+01 2.114503e+01
      vertex   2.591613e+01 3.894330e+01 2.114503e+01
      vertex   -6.258113e+01 4.001634e+01 2.114503e+01
    endloop
  endfacet
  facet normal 0.000000e+00 0.000000e+00 -1.000000e+00
    outer loop
      vertex   -6.258113e+01 4.001634e+01 2.114503e+01
      vertex   2.591613e+01 3.894330e+01 2.114503e+01
      vertex   -4.993549e+01 3.894330e+01 2.114503e+01
    endloop
  endfacet
  facet normal 0.000000e+00 0.000000e+00 -1.000000e+00
    outer loop
      vertex   -6.258113e+01 4.001634e+01 2.114503e+01
      vertex   -4.993549e+01 3.894330e+01 2.114503e+01
      vertex   -5.342760e+01 3.551715e+01 2.114503e+01
    endloop
  endfacet
  facet normal 0.000000e+00 0.000000e+00 -1.000000e+00
    outer loop
      vertex   -5.342760e+01 3.551715e+01 2.114503e+01
      vertex   -4.993549e+01 3.894330e+01 2.114503e+01
      vertex   -4.993549e+01 3.551715e+01 2.114503e+01
    endloop
  endfacet
  facet normal -0.000000e+00 -0.000000e+00 -1.000000e+00
    outer loop
      vertex   4.045322e+01 3.994159e+01 2.114503e+01
      vertex   4.128161e+01 3.971963e+01 2.114503e+01
      vertex   3.959887e+01 4.001634e+01 2.114503e+01
    endloop
  endfacet
  facet normal 0.000000e+00 0.000000e+00 -1.000000e+00
    outer loop
      vertex   3.959887e+01 4.001634e+01 2.114503e+01
      vertex   4.128161e+01 3.971963e+01 2.114503e+01
      vertex   4.205887e+01 3.935718e+01 2.114503e+01
    endloop
  endfacet
  facet normal 0.000000e+00 0.000000e+00 -1.000000e+00
    outer loop
      vertex   3.959887e+01 4.001634e+01 2.114503e+01
      vertex   4.205887e+01 3.935718e+01 2.114503e+01
      vertex   4.276139e+01 3.886528e+01 2.114503e+01
    endloop
  endfacet
  facet normal -0.000000e+00 -0.000000e+00 -1.000000e+00
    outer loop
      vertex   4.276139e+01 3.886528e+01 2.114503e+01
      vertex   4.336781e+01 3.825885e+01 2.114503e+01
      vertex   3.959887e+01 4.001634e+01 2.114503e+01
    endloop
  endfacet
  facet normal 0.000000e+00 0.000000e+00 -1.000000e+00
    outer loop
      vertex   3.959887e+01 4.001634e+01 2.114503e+01
      vertex   4.336781e+01 3.825885e+01 2.114503e+01
      vertex   4.385972e+01 3.755634e+01 2.114503e+01
    endloop
  endfacet
  facet normal 0.000000e+00 0.000000e+00 -1.000000e+00
    outer loop
      vertex   3.959887e+01 4.001634e+01 2.114503e+01
      vertex   4.385972e+01 3.755634e+01 2.114503e+01
      vertex   4.422216e+01 3.677908e+01 2.114503e+01
    endloop
  endfacet
  facet normal -0.000000e+00 -0.000000e+00 -1.000000e+00
    outer loop
      vertex   4.422216e+01 3.677908e+01 2.114503e+01
      vertex   4.444413e+01 3.595069e+01 2.114503e+01
      vertex   3.959887e+01 4.001634e+01 2.114503e+01
    endloop
  endfacet
  facet normal 0.000000e+00 0.000000e+00 -1.000000e+00
    outer loop
      vertex   3.959887e+01 4.001634e+01 2.114503e+01
      vertex   4.444413e+01 3.595069e+01 2.114503e+01
      vertex   4.451887e+01 3.509634e+01 2.114503e+01
    endloop
  endfacet
  facet normal 0.000000e+00 -0.000000e+00 -1.000000e+00
    outer loop
      vertex   3.959887e+01 4.001634e+01 2.114503e+01
      vertex   4.451887e+01 3.509634e+01 2.114503e+01
      vertex   2.591613e+01 3.894330e+01 2.114503e+01
    endloop
  endfacet
  facet normal 0.000000e+00 0.000000e+00 -1.000000e+00
    outer loop
      vertex   2.591613e+01 3.894330e+01 2.114503e+01
      vertex   4.451887e+01 3.509634e+01 2.114503e+01
      vertex   2.591613e+01 1.335330e+01 2.114503e+01
    endloop
  endfacet
  facet normal 0.000000e+00 0.000000e+00 -1.000000e+00
    outer loop
      vertex   2.591613e+01 1.335330e+01 2.114503e+01
      vertex   4.451887e+01 3.509634e+01 2.114503e+01
      vertex   4.451887e+01 -2.506366e+01 2.114503e+01
    endloop
  endfacet
  facet normal 0.000000e+00 -0.000000e+00 -1.000000e+00
    outer loop
      vertex   2.591613e+01 1.335330e+01 2.114503e+01
      vertex   4.451887e+01 -2.506366e+01 2.114503e+01
      vertex   2.051194e+01 -2.345343e+00 2.114503e+01
    endloop
  endfacet
  facet normal 0.000000e+00 0.000000e+00 -1.000000e+00
    outer loop
      vertex   2.051194e+01 -2.345343e+00 2.114503e+01
      vertex   4.451887e+01 -2.506366e+01 2.114503e+01
      vertex   2.051194e+01 -2.930534e+01 2.114503e+01
    endloop
  endfacet
  facet normal 0.000000e+00 0.000000e+00 -1.000000e+00
    outer loop
      vertex   2.051194e+01 -2.930534e+01 2.114503e+01
      vertex   4.451887e+01 -2.506366e+01 2.114503e+01
      vertex   3.959887e+01 -2.998366e+01 2.114503e+01
    endloop
  endfacet
  facet normal -0.000000e+00 -0.000000e+00 -1.000000e+00
    outer loop
      vertex   2.051194e+01 -2.930534e+01 2.114503e+01
      vertex   3.959887e+01 -2.998366e+01 2.114503e+01
      vertex   -1.155806e+01 -2.930534e+01 2.114503e+01
    endloop
  endfacet
  facet normal 0.000000e+00 -0.000000e+00 -1.000000e+00
    outer loop
      vertex   -1.155806e+01 -2.930534e+01 2.114503e+01
      vertex   3.959887e+01 -2.998366e+01 2.114503e+01
      vertex   -6.258113e+01 -2.998366e+01 2.114503e+01
    endloop
  endfacet
  facet normal -0.000000e+00 0.000000e+00 -1.000000e+00
    outer loop
      vertex   -1.155806e+01 -2.930534e+01 2.114503e+01
      vertex   -6.258113e+01 -2.998366e+01 2.114503e+01
      vertex   -6.750113e+01 -2.506366e+01 2.114503e+01
    endloop
  endfacet
  facet normal 0.000000e+00 0.000000e+00 -1.000000e+00
    outer loop
      vertex   -6.750113e+01 -2.506366e+01 2.114503e+01
      vertex   -6.258113e+01 -2.998366e+01 2.114503e+01
      vertex   -6.742638e+01 -2.591801e+01 2.114503e+01
    endloop
  endfacet
  facet normal 0.000000e+00 0.000000e+00 -1.000000e+00
    outer loop
      vertex   -6.742638e+01 -2.591801e+01 2.114503e+01
      vertex   -6.258113e+01 -2.998366e+01 2.114503e+01
      vertex   -6.720441e+01 -2.674640e+01 2.114503e+01
    endloop
  endfacet
  facet normal 0.000000e+00 0.000000e+00 -1.000000e+00
    outer loop
      vertex   -6.720441e+01 -2.674640e+01 2.114503e+01
      vertex   -6.258113e+01 -2.998366e+01 2.114503e+01
      vertex   -6.684197e+01 -2.752366e+01 2.114503e+01
    endloop
  endfacet
  facet normal 0.000000e+00 0.000000e+00 -1.000000e+00
    outer loop
      vertex   -6.684197e+01 -2.752366e+01 2.114503e+01
      vertex   -6.258113e+01 -2.998366e+01 2.114503e+01
      vertex   -6.635007e+01 -2.822618e+01 2.114503e+01
    endloop
  endfacet
  facet normal 0.000000e+00 0.000000e+00 -1.000000e+00
    outer loop
      vertex   -6.635007e+01 -2.822618e+01 2.114503e+01
      vertex   -6.258113e+01 -2.998366e+01 2.114503e+01
      vertex   -6.574364e+01 -2.883260e+01 2.114503e+01
    endloop
  endfacet
  facet normal 0.000000e+00 0.000000e+00 -1.000000e+00
    outer loop
      vertex   -6.574364e+01 -2.883260e+01 2.114503e+01
      vertex   -6.258113e+01 -2.998366e+01 2.114503e+01
      vertex   -6.504113e+01 -2.932451e+01 2.114503e+01
    endloop
  endfacet
  facet normal 0.000000e+00 0.000000e+00 -1.000000e+00
    outer loop
      vertex   -6.504113e+01 -2.932451e+01 2.114503e+01
      vertex   -6.258113e+01 -2.998366e+01 2.114503e+01
      vertex   -6.426387e+01 -2.968695e+01 2.114503e+01
    endloop
  endfacet
  facet normal 0.000000e+00 0.000000e+00 -1.000000e+00
    outer loop
      vertex   -6.426387e+01 -2.968695e+01 2.114503e+01
      vertex   -6.258113e+01 -2.998366e+01 2.114503e+01
      vertex   -6.343548e+01 -2.990891e+01 2.114503e+01
    endloop
  endfacet
  facet normal 0.000000e+00 0.000000e+00 -1.000000e+00
    outer loop
      vertex   4.451887e+01 -2.506366e+01 2.114503e+01
      vertex   4.444413e+01 -2.591801e+01 2.114503e+01
      vertex   3.959887e+01 -2.998366e+01 2.114503e+01
    endloop
  endfacet
  facet normal 0.000000e+00 0.000000e+00 -1.000000e+00
    outer loop
      vertex   3.959887e+01 -2.998366e+01 2.114503e+01
      vertex   4.444413e+01 -2.591801e+01 2.114503e+01
      vertex   4.422216e+01 -2.674640e+01 2.114503e+01
    endloop
  endfacet
  facet normal 0.000000e+00 0.000000e+00 -1.000000e+00
    outer loop
      vertex   3.959887e+01 -2.998366e+01 2.114503e+01
      vertex   4.422216e+01 -2.674640e+01 2.114503e+01
      vertex   4.385972e+01 -2.752366e+01 2.114503e+01
    endloop
  endfacet
  facet normal 0.000000e+00 0.000000e+00 -1.000000e+00
    outer loop
      vertex   4.385972e+01 -2.752366e+01 2.114503e+01
      vertex   4.336781e+01 -2.822618e+01 2.114503e+01
      vertex   3.959887e+01 -2.998366e+01 2.114503e+01
    endloop
  endfacet
  facet normal 0.000000e+00 0.000000e+00 -1.000000e+00
    outer loop
      vertex   3.959887e+01 -2.998366e+01 2.114503e+01
      vertex   4.336781e+01 -2.822618e+01 2.114503e+01
      vertex   4.276139e+01 -2.883260e+01 2.114503e+01
    endloop
  endfacet
  facet normal 0.000000e+00 0.000000e+00 -1.000000e+00
    outer loop
      vertex   3.959887e+01 -2.998366e+01 2.114503e+01
      vertex   4.276139e+01 -2.883260e+01 2.114503e+01
      vertex   4.205887e+01 -2.932451e+01 2.114503e+01
    endloop
  endfacet
  facet normal 0.000000e+00 0.000000e+00 -1.000000e+00
    outer loop
      vertex   4.205887e+01 -2.932451e+01 2.114503e+01
      vertex   4.128161e+01 -2.968695e+01 2.114503e+01
      vertex   3.959887e+01 -2.998366e+01 2.114503e+01
    endloop
  endfacet
  facet normal 0.000000e+00 0.000000e+00 -1.000000e+00
    outer loop
      vertex   3.959887e+01 -2.998366e+01 2.114503e+01
      vertex   4.128161e+01 -2.968695e+01 2.114503e+01
      vertex   4.045322e+01 -2.990891e+01 2.114503e+01
    endloop
  endfacet
  facet normal 0.000000e+00 0.000000e+00 -1.000000e+00
    outer loop
      vertex   -6.750113e+01 3.509634e+01 2.114503e+01
      vertex   -6.689577e+01 1.375327e+01 2.114503e+01
      vertex   -6.750113e+01 -2.506366e+01 2.114503e+01
    endloop
  endfacet
  facet normal 0.000000e+00 0.000000e+00 -1.000000e+00
    outer loop
      vertex   -6.750113e+01 -2.506366e+01 2.114503e+01
      vertex   -6.689577e+01 1.375327e+01 2.114503e+01
      vertex   -6.682748e+01 5.899366e+00 2.114503e+01
    endloop
  endfacet
  facet normal -4.589621e-16 9.985332e-18 -1.000000e+00
    outer loop
      vertex   -6.750113e+01 -2.506366e+01 2.114503e+01
      vertex   -6.682748e+01 5.899366e+00 2.114503e+01
      vertex   -5.908673e+01 5.899366e+00 2.114503e+01
    endloop
  endfacet
  facet normal 0.000000e+00 0.000000e+00 -1.000000e+00
    outer loop
      vertex   -1.155806e+01 -2.930534e+01 2.114503e+01
      vertex   -6.750113e+01 -2.506366e+01 2.114503e+01
      vertex   -1.155806e+01 -2.345343e+00 2.114503e+01
    endloop
  endfacet
  facet normal -0.000000e+00 0.000000e+00 -1.000000e+00
    outer loop
      vertex   -1.155806e+01 -2.345343e+00 2.114503e+01
      vertex   -6.750113e+01 -2.506366e+01 2.114503e+01
      vertex   -4.025748e+01 5.899366e+00 2.114503e+01
    endloop
  endfacet
  facet normal 0.000000e+00 0.000000e+00 -1.000000e+00
    outer loop
      vertex   -1.155806e+01 -2.345343e+00 2.114503e+01
      vertex   -4.025748e+01 5.899366e+00 2.114503e+01
      vertex   -4.025748e+01 1.335330e+01 2.114503e+01
    endloop
  endfacet
  facet normal 0.000000e+00 0.000000e+00 -1.000000e+00
    outer loop
      vertex   2.051194e+01 -2.345343e+00 2.114503e+01
      vertex   -1.155806e+01 -2.345343e+00 2.114503e+01
      vertex   2.591613e+01 1.335330e+01 2.114503e+01
    endloop
  endfacet
  facet normal -0.000000e+00 0.000000e+00 -1.000000e+00
    outer loop
      vertex   2.591613e+01 1.335330e+01 2.114503e+01
      vertex   -1.155806e+01 -2.345343e+00 2.114503e+01
      vertex   -4.025748e+01 1.335330e+01 2.114503e+01
    endloop
  endfacet
  facet normal -0.000000e+00 -0.000000e+00 -1.000000e+00
    outer loop
      vertex   -6.689577e+01 1.450379e+01 2.114503e+01
      vertex   -6.689577e+01 1.375327e+01 2.114503e+01
      vertex   -6.750113e+01 3.509634e+01 2.114503e+01
    endloop
  endfacet
  facet normal -5.749686e-14 -4.999246e-16 -1.000000e+00
    outer loop
      vertex   -6.689577e+01 1.375327e+01 2.114503e+01
      vertex   -6.682748e+01 1.300587e+01 2.114503e+01
      vertex   -6.682748e+01 5.899366e+00 2.114503e+01
    endloop
  endfacet
  facet normal 1.249833e-14 -3.511241e-15 -1.000000e+00
    outer loop
      vertex   -5.908673e+01 5.899366e+00 2.114503e+01
      vertex   -5.880518e+01 5.889736e+00 2.114503e+01
      vertex   -6.750113e+01 -2.506366e+01 2.114503e+01
    endloop
  endfacet
  facet normal 0.000000e+00 0.000000e+00 -1.000000e+00
    outer loop
      vertex   -6.750113e+01 -2.506366e+01 2.114503e+01
      vertex   -5.880518e+01 5.889736e+00 2.114503e+01
      vertex   -5.852347e+01 5.889736e+00 2.114503e+01
    endloop
  endfacet
  facet normal -1.274486e-14 3.696495e-15 -1.000000e+00
    outer loop
      vertex   -6.750113e+01 -2.506366e+01 2.114503e+01
      vertex   -5.852347e+01 5.889736e+00 2.114503e+01
      vertex   -5.824192e+01 5.899366e+00 2.114503e+01
    endloop
  endfacet
  facet normal 1.975438e-16 -1.738142e-16 -1.000000e+00
    outer loop
      vertex   -5.824192e+01 5.899366e+00 2.114503e+01
      vertex   -4.025748e+01 5.899366e+00 2.114503e+01
      vertex   -6.750113e+01 -2.506366e+01 2.114503e+01
    endloop
  endfacet
  facet normal 2.786850e-10 1.000000e+00 -3.644767e-11
    outer loop
      vertex   -5.824192e+01 5.899366e+00 2.657628e+01
      vertex   -5.750929e+01 5.899366e+00 2.674684e+01
      vertex   -5.824192e+01 5.899366e+00 2.114503e+01
    endloop
  endfacet
  facet normal 0.000000e+00 1.000000e+00 0.000000e+00
    outer loop
      vertex   -5.824192e+01 5.899366e+00 2.114503e+01
      vertex   -5.750929e+01 5.899366e+00 2.674684e+01
      vertex   -5.683274e+01 5.899366e+00 2.707566e+01
    endloop
  endfacet
  facet normal 0.000000e+00 1.000000e+00 0.000000e+00
    outer loop
      vertex   -5.824192e+01 5.899366e+00 2.114503e+01
      vertex   -5.683274e+01 5.899366e+00 2.707566e+01
      vertex   -5.624599e+01 5.899366e+00 2.754636e+01
    endloop
  endfacet
  facet normal 0.000000e+00 1.000000e+00 0.000000e+00
    outer loop
      vertex   -5.824192e+01 5.899366e+00 2.114503e+01
      vertex   -5.624599e+01 5.899366e+00 2.754636e+01
      vertex   -4.025748e+01 5.899366e+00 2.114503e+01
    endloop
  endfacet
  facet normal 0.000000e+00 1.000000e+00 0.000000e+00
    outer loop
      vertex   -4.025748e+01 5.899366e+00 2.114503e+01
      vertex   -5.624599e+01 5.899366e+00 2.754636e+01
      vertex   -5.577826e+01 5.899366e+00 2.813549e+01
    endloop
  endfacet
  facet normal 0.000000e+00 1.000000e+00 0.000000e+00
    outer loop
      vertex   -4.025748e+01 5.899366e+00 2.114503e+01
      vertex   -5.577826e+01 5.899366e+00 2.813549e+01
      vertex   -5.545286e+01 5.899366e+00 2.881369e+01
    endloop
  endfacet
  facet normal -0.000000e+00 1.000000e+00 0.000000e+00
    outer loop
      vertex   -5.545286e+01 5.899366e+00 2.881369e+01
      vertex   -5.528601e+01 5.899366e+00 2.954717e+01
      vertex   -4.025748e+01 5.899366e+00 2.114503e+01
    endloop
  endfacet
  facet normal 0.000000e+00 1.000000e+00 -0.000000e+00
    outer loop
      vertex   -4.025748e+01 5.899366e+00 2.114503e+01
      vertex   -5.528601e+01 5.899366e+00 2.954717e+01
      vertex   -4.025748e+01 5.899366e+00 3.667737e+01
    endloop
  endfacet
  facet normal 0.000000e+00 1.000000e+00 0.000000e+00
    outer loop
      vertex   -4.025748e+01 5.899366e+00 3.667737e+01
      vertex   -5.528601e+01 5.899366e+00 2.954717e+01
      vertex   -5.528601e+01 5.899366e+00 3.029939e+01
    endloop
  endfacet
  facet normal 0.000000e+00 1.000000e+00 0.000000e+00
    outer loop
      vertex   -4.025748e+01 5.899366e+00 3.667737e+01
      vertex   -5.528601e+01 5.899366e+00 3.029939e+01
      vertex   -5.545286e+01 5.899366e+00 3.103287e+01
    endloop
  endfacet
  facet normal 0.000000e+00 1.000000e+00 -0.000000e+00
    outer loop
      vertex   -5.545286e+01 5.899366e+00 3.103287e+01
      vertex   -5.577826e+01 5.899366e+00 3.171107e+01
      vertex   -4.025748e+01 5.899366e+00 3.667737e+01
    endloop
  endfacet
  facet normal 0.000000e+00 1.000000e+00 0.000000e+00
    outer loop
      vertex   -4.025748e+01 5.899366e+00 3.667737e+01
      vertex   -5.577826e+01 5.899366e+00 3.171107e+01
      vertex   -5.624599e+01 5.899366e+00 3.230020e+01
    endloop
  endfacet
  facet normal 0.000000e+00 1.000000e+00 0.000000e+00
    outer loop
      vertex   -4.025748e+01 5.899366e+00 3.667737e+01
      vertex   -5.624599e+01 5.899366e+00 3.230020e+01
      vertex   -5.824192e+01 5.899366e+00 3.667737e+01
    endloop
  endfacet
  facet normal 0.000000e+00 1.000000e+00 0.000000e+00
    outer loop
      vertex   -5.824192e+01 5.899366e+00 3.667737e+01
      vertex   -5.624599e+01 5.899366e+00 3.230020e+01
      vertex   -5.683274e+01 5.899366e+00 3.277090e+01
    endloop
  endfacet
  facet normal 0.000000e+00 1.000000e+00 0.000000e+00
    outer loop
      vertex   -5.824192e+01 5.899366e+00 3.667737e+01
      vertex   -5.683274e+01 5.899366e+00 3.277090e+01
      vertex   -5.750929e+01 5.899366e+00 3.309972e+01
    endloop
  endfacet
  facet normal 2.724232e-13 1.000000e+00 5.578671e-14
    outer loop
      vertex   -5.750929e+01 5.899366e+00 3.309972e+01
      vertex   -5.824192e+01 5.899366e+00 3.327028e+01
      vertex   -5.824192e+01 5.899366e+00 3.667737e+01
    endloop
  endfacet
  facet normal 0.000000e+00 1.000000e+00 0.000000e+00
    outer loop
      vertex   -4.025748e+01 1.674715e+01 2.467737e+01
      vertex   -4.025748e+01 1.674715e+01 2.897737e+01
      vertex   2.099467e+00 1.674715e+01 2.467737e+01
    endloop
  endfacet
  facet normal 0.000000e+00 1.000000e+00 -0.000000e+00
    outer loop
      vertex   2.099467e+00 1.674715e+01 2.467737e+01
      vertex   -4.025748e+01 1.674715e+01 2.897737e+01
      vertex   2.587850e+01 1.674715e+01 2.897737e+01
    endloop
  endfacet
  facet normal -0.000000e+00 1.000000e+00 0.000000e+00
    outer loop
      vertex   2.099467e+00 1.674715e+01 2.467737e+01
      vertex   2.587850e+01 1.674715e+01 2.897737e+01
      vertex   2.587850e+01 1.674715e+01 2.453888e+01
    endloop
  endfacet
  facet normal 0.000000e+00 1.000000e+00 0.000000e+00
    outer loop
      vertex   2.587850e+01 1.674715e+01 2.453888e+01
      vertex   2.099467e+00 1.674715e+01 2.453888e+01
      vertex   2.099467e+00 1.674715e+01 2.467737e+01
    endloop
  endfacet
  facet normal -1.000000e+00 0.000000e+00 0.000000e+00
    outer loop
      vertex   2.587850e+01 1.674715e+01 2.453888e+01
      vertex   2.587850e+01 1.674715e+01 2.897737e+01
      vertex   2.587850e+01 2.588564e+01 3.367737e+01
    endloop
  endfacet
  facet normal -1.000000e+00 -0.000000e+00 0.000000e+00
    outer loop
      vertex   2.587850e+01 2.588564e+01 3.367737e+01
      vertex   2.587850e+01 1.674715e+01 2.897737e+01
      vertex   2.587850e+01 1.674715e+01 3.667737e+01
    endloop
  endfacet
  facet normal -1.000000e+00 0.000000e+00 0.000000e+00
    outer loop
      vertex   2.587850e+01 2.588564e+01 3.367737e+01
      vertex   2.587850e+01 1.674715e+01 3.667737e+01
      vertex   2.587850e+01 2.588564e+01 3.667737e+01
    endloop
  endfacet
  facet normal 0.000000e+00 7.071068e-01 -7.071068e-01
    outer loop
      vertex   2.587850e+01 2.588564e+01 3.367737e+01
      vertex   2.591613e+01 2.588564e+01 3.367737e+01
      vertex   2.587850e+01 1.674715e+01 2.453888e+01
    endloop
  endfacet
  facet normal 1.597935e-14 7.071068e-01 -7.071068e-01
    outer loop
      vertex   2.587850e+01 1.674715e+01 2.453888e+01
      vertex   2.591613e+01 2.588564e+01 3.367737e+01
      vertex   2.591613e+01 1.335330e+01 2.114503e+01
    endloop
  endfacet
  facet normal 0.000000e+00 7.071068e-01 -7.071068e-01
    outer loop
      vertex   2.587850e+01 1.674715e+01 2.453888e+01
      vertex   2.591613e+01 1.335330e+01 2.114503e+01
      vertex   2.099467e+00 1.674715e+01 2.453888e+01
    endloop
  endfacet
  facet normal 0.000000e+00 7.071068e-01 -7.071068e-01
    outer loop
      vertex   2.099467e+00 1.674715e+01 2.453888e+01
      vertex   2.591613e+01 1.335330e+01 2.114503e+01
      vertex   -4.025748e+01 1.335330e+01 2.114503e+01
    endloop
  endfacet
  facet normal 0.000000e+00 7.071068e-01 -7.071068e-01
    outer loop
      vertex   2.099467e+00 1.674715e+01 2.453888e+01
      vertex   -4.025748e+01 1.335330e+01 2.114503e+01
      vertex   -4.025748e+01 1.678330e+01 2.457503e+01
    endloop
  endfacet
  facet normal 0.000000e+00 7.071068e-01 -7.071068e-01
    outer loop
      vertex   -4.025748e+01 1.678330e+01 2.457503e+01
      vertex   2.099467e+00 1.678330e+01 2.457503e+01
      vertex   2.099467e+00 1.674715e+01 2.453888e+01
    endloop
  endfacet
  facet normal -1.680386e-26 1.000000e+00 3.471543e-14
    outer loop
      vertex   2.099467e+00 1.678330e+01 2.467737e+01
      vertex   2.099467e+00 1.678330e+01 2.457503e+01
      vertex   -4.025748e+01 1.678330e+01 2.467737e+01
    endloop
  endfacet
  facet normal 0.000000e+00 1.000000e+00 3.471543e-14
    outer loop
      vertex   -4.025748e+01 1.678330e+01 2.467737e+01
      vertex   2.099467e+00 1.678330e+01 2.457503e+01
      vertex   -4.025748e+01 1.678330e+01 2.457503e+01
    endloop
  endfacet
  facet normal -4.840459e-13 0.000000e+00 1.000000e+00
    outer loop
      vertex   -4.025748e+01 1.678330e+01 2.467737e+01
      vertex   -4.025748e+01 1.674715e+01 2.467737e+01
      vertex   2.099467e+00 1.678330e+01 2.467737e+01
    endloop
  endfacet
  facet normal -4.840459e-13 0.000000e+00 1.000000e+00
    outer loop
      vertex   2.099467e+00 1.678330e+01 2.467737e+01
      vertex   -4.025748e+01 1.674715e+01 2.467737e+01
      vertex   2.099467e+00 1.674715e+01 2.467737e+01
    endloop
  endfacet
  facet normal 7.062042e-01 -5.050872e-02 -7.062042e-01
    outer loop
      vertex   4.701887e+01 -2.506366e+01 2.614503e+01
      vertex   4.694335e+01 -2.611964e+01 2.614503e+01
      vertex   4.451887e+01 -2.506366e+01 2.364503e+01
    endloop
  endfacet
  facet normal 7.033906e-01 -6.153871e-02 -7.081346e-01
    outer loop
      vertex   4.451887e+01 -2.506366e+01 2.364503e+01
      vertex   4.694335e+01 -2.611964e+01 2.614503e+01
      vertex   4.444413e+01 -2.591801e+01 2.364503e+01
    endloop
  endfacet
  facet normal 6.930280e-01 -1.507590e-01 -7.049709e-01
    outer loop
      vertex   4.444413e+01 -2.591801e+01 2.364503e+01
      vertex   4.694335e+01 -2.611964e+01 2.614503e+01
      vertex   4.671831e+01 -2.715412e+01 2.614503e+01
    endloop
  endfacet
  facet normal 6.807461e-01 -1.824054e-01 -7.094456e-01
    outer loop
      vertex   4.444413e+01 -2.591801e+01 2.364503e+01
      vertex   4.671831e+01 -2.715412e+01 2.614503e+01
      vertex   4.422216e+01 -2.674640e+01 2.364503e+01
    endloop
  endfacet
  facet normal 6.650127e-01 -2.480369e-01 -7.044401e-01
    outer loop
      vertex   4.422216e+01 -2.674640e+01 2.364503e+01
      vertex   4.671831e+01 -2.715412e+01 2.614503e+01
      vertex   4.634834e+01 -2.814604e+01 2.614503e+01
    endloop
  endfacet
  facet normal 6.384911e-01 -2.977333e-01 -7.097070e-01
    outer loop
      vertex   4.422216e+01 -2.674640e+01 2.364503e+01
      vertex   4.634834e+01 -2.814604e+01 2.614503e+01
      vertex   4.385972e+01 -2.752366e+01 2.364503e+01
    endloop
  endfacet
  facet normal 6.227902e-01 -3.400692e-01 -7.046172e-01
    outer loop
      vertex   4.385972e+01 -2.752366e+01 2.364503e+01
      vertex   4.634834e+01 -2.814604e+01 2.614503e+01
      vertex   4.584097e+01 -2.907522e+01 2.614503e+01
    endloop
  endfacet
  facet normal 5.777372e-01 -4.045359e-01 -7.089220e-01
    outer loop
      vertex   4.385972e+01 -2.752366e+01 2.364503e+01
      vertex   4.584097e+01 -2.907522e+01 2.614503e+01
      vertex   4.336781e+01 -2.822618e+01 2.364503e+01
    endloop
  endfacet
  facet normal 5.673513e-01 -4.247138e-01 -7.055003e-01
    outer loop
      vertex   4.336781e+01 -2.822618e+01 2.364503e+01
      vertex   4.584097e+01 -2.907522e+01 2.614503e+01
      vertex   4.520654e+01 -2.992273e+01 2.614503e+01
    endloop
  endfacet
  facet normal 5.000183e-01 -5.000183e-01 -7.070809e-01
    outer loop
      vertex   4.336781e+01 -2.822618e+01 2.364503e+01
      vertex   4.520654e+01 -2.992273e+01 2.614503e+01
      vertex   4.445794e+01 -3.067132e+01 2.614503e+01
    endloop
  endfacet
  facet normal 5.000183e-01 -5.000183e-01 -7.070809e-01
    outer loop
      vertex   4.336781e+01 -2.822618e+01 2.364503e+01
      vertex   4.445794e+01 -3.067132e+01 2.614503e+01
      vertex   4.276139e+01 -2.883260e+01 2.364503e+01
    endloop
  endfacet
  facet normal 4.247138e-01 -5.673513e-01 -7.055003e-01
    outer loop
      vertex   4.276139e+01 -2.883260e+01 2.364503e+01
      vertex   4.445794e+01 -3.067132e+01 2.614503e+01
      vertex   4.361043e+01 -3.130576e+01 2.614503e+01
    endloop
  endfacet
  facet normal 4.045359e-01 -5.777372e-01 -7.089220e-01
    outer loop
      vertex   4.276139e+01 -2.883260e+01 2.364503e+01
      vertex   4.361043e+01 -3.130576e+01 2.614503e+01
      vertex   4.205887e+01 -2.932451e+01 2.364503e+01
    endloop
  endfacet
  facet normal 3.400692e-01 -6.227902e-01 -7.046172e-01
    outer loop
      vertex   4.205887e+01 -2.932451e+01 2.364503e+01
      vertex   4.361043e+01 -3.130576e+01 2.614503e+01
      vertex   4.268125e+01 -3.181313e+01 2.614503e+01
    endloop
  endfacet
  facet normal 2.977333e-01 -6.384911e-01 -7.097070e-01
    outer loop
      vertex   4.205887e+01 -2.932451e+01 2.364503e+01
      vertex   4.268125e+01 -3.181313e+01 2.614503e+01
      vertex   4.128161e+01 -2.968695e+01 2.364503e+01
    endloop
  endfacet
  facet normal 2.480369e-01 -6.650127e-01 -7.044401e-01
    outer loop
      vertex   4.128161e+01 -2.968695e+01 2.364503e+01
      vertex   4.268125e+01 -3.181313e+01 2.614503e+01
      vertex   4.168933e+01 -3.218310e+01 2.614503e+01
    endloop
  endfacet
  facet normal 1.824054e-01 -6.807461e-01 -7.094456e-01
    outer loop
      vertex   4.128161e+01 -2.968695e+01 2.364503e+01
      vertex   4.168933e+01 -3.218310e+01 2.614503e+01
      vertex   4.045322e+01 -2.990891e+01 2.364503e+01
    endloop
  endfacet
  facet normal 1.507590e-01 -6.930280e-01 -7.049709e-01
    outer loop
      vertex   4.045322e+01 -2.990891e+01 2.364503e+01
      vertex   4.168933e+01 -3.218310e+01 2.614503e+01
      vertex   4.065485e+01 -3.240814e+01 2.614503e+01
    endloop
  endfacet
  facet normal 6.153871e-02 -7.033906e-01 -7.081346e-01
    outer loop
      vertex   4.045322e+01 -2.990891e+01 2.364503e+01
      vertex   4.065485e+01 -3.240814e+01 2.614503e+01
      vertex   3.959887e+01 -2.998366e+01 2.364503e+01
    endloop
  endfacet
  facet normal 5.050872e-02 -7.062042e-01 -7.062042e-01
    outer loop
      vertex   3.959887e+01 -2.998366e+01 2.364503e+01
      vertex   4.065485e+01 -3.240814e+01 2.614503e+01
      vertex   3.959887e+01 -3.248366e+01 2.614503e+01
    endloop
  endfacet
  facet normal 9.961947e-01 -8.715574e-02 -1.238558e-16
    outer loop
      vertex   4.451887e+01 -2.506366e+01 2.114503e+01
      vertex   4.451887e+01 -2.506366e+01 2.364503e+01
      vertex   4.444413e+01 -2.591801e+01 2.114503e+01
    endloop
  endfacet
  facet normal 9.961947e-01 -8.715574e-02 0.000000e+00
    outer loop
      vertex   4.444413e+01 -2.591801e+01 2.114503e+01
      vertex   4.451887e+01 -2.506366e+01 2.364503e+01
      vertex   4.444413e+01 -2.591801e+01 2.364503e+01
    endloop
  endfacet
  facet normal 9.659258e-01 -2.588190e-01 0.000000e+00
    outer loop
      vertex   4.444413e+01 -2.591801e+01 2.114503e+01
      vertex   4.444413e+01 -2.591801e+01 2.364503e+01
      vertex   4.422216e+01 -2.674640e+01 2.114503e+01
    endloop
  endfacet
  facet normal 9.659258e-01 -2.588190e-01 0.000000e+00
    outer loop
      vertex   4.422216e+01 -2.674640e+01 2.114503e+01
      vertex   4.444413e+01 -2.591801e+01 2.364503e+01
      vertex   4.422216e+01 -2.674640e+01 2.364503e+01
    endloop
  endfacet
  facet normal 9.063078e-01 -4.226183e-01 0.000000e+00
    outer loop
      vertex   4.422216e+01 -2.674640e+01 2.114503e+01
      vertex   4.422216e+01 -2.674640e+01 2.364503e+01
      vertex   4.385972e+01 -2.752366e+01 2.114503e+01
    endloop
  endfacet
  facet normal 9.063078e-01 -4.226183e-01 0.000000e+00
    outer loop
      vertex   4.385972e+01 -2.752366e+01 2.114503e+01
      vertex   4.422216e+01 -2.674640e+01 2.364503e+01
      vertex   4.385972e+01 -2.752366e+01 2.364503e+01
    endloop
  endfacet
  facet normal 8.191520e-01 -5.735764e-01 0.000000e+00
    outer loop
      vertex   4.385972e+01 -2.752366e+01 2.114503e+01
      vertex   4.385972e+01 -2.752366e+01 2.364503e+01
      vertex   4.336781e+01 -2.822618e+01 2.114503e+01
    endloop
  endfacet
  facet normal 8.191520e-01 -5.735764e-01 0.000000e+00
    outer loop
      vertex   4.336781e+01 -2.822618e+01 2.114503e+01
      vertex   4.385972e+01 -2.752366e+01 2.364503e+01
      vertex   4.336781e+01 -2.822618e+01 2.364503e+01
    endloop
  endfacet
  facet normal 7.071068e-01 -7.071068e-01 0.000000e+00
    outer loop
      vertex   4.336781e+01 -2.822618e+01 2.114503e+01
      vertex   4.336781e+01 -2.822618e+01 2.364503e+01
      vertex   4.276139e+01 -2.883260e+01 2.114503e+01
    endloop
  endfacet
  facet normal 7.071068e-01 -7.071068e-01 0.000000e+00
    outer loop
      vertex   4.276139e+01 -2.883260e+01 2.114503e+01
      vertex   4.336781e+01 -2.822618e+01 2.364503e+01
      vertex   4.276139e+01 -2.883260e+01 2.364503e+01
    endloop
  endfacet
  facet normal 5.735764e-01 -8.191520e-01 0.000000e+00
    outer loop
      vertex   4.276139e+01 -2.883260e+01 2.114503e+01
      vertex   4.276139e+01 -2.883260e+01 2.364503e+01
      vertex   4.205887e+01 -2.932451e+01 2.114503e+01
    endloop
  endfacet
  facet normal 5.735764e-01 -8.191520e-01 1.630202e-15
    outer loop
      vertex   4.205887e+01 -2.932451e+01 2.114503e+01
      vertex   4.276139e+01 -2.883260e+01 2.364503e+01
      vertex   4.205887e+01 -2.932451e+01 2.364503e+01
    endloop
  endfacet
  facet normal 4.226183e-01 -9.063078e-01 1.201153e-15
    outer loop
      vertex   4.205887e+01 -2.932451e+01 2.114503e+01
      vertex   4.205887e+01 -2.932451e+01 2.364503e+01
      vertex   4.128161e+01 -2.968695e+01 2.114503e+01
    endloop
  endfacet
  facet normal 4.226183e-01 -9.063078e-01 0.000000e+00
    outer loop
      vertex   4.128161e+01 -2.968695e+01 2.114503e+01
      vertex   4.205887e+01 -2.932451e+01 2.364503e+01
      vertex   4.128161e+01 -2.968695e+01 2.364503e+01
    endloop
  endfacet
  facet normal 2.588190e-01 -9.659258e-01 0.000000e+00
    outer loop
      vertex   4.128161e+01 -2.968695e+01 2.114503e+01
      vertex   4.128161e+01 -2.968695e+01 2.364503e+01
      vertex   4.045322e+01 -2.990891e+01 2.114503e+01
    endloop
  endfacet
  facet normal 2.588190e-01 -9.659258e-01 0.000000e+00
    outer loop
      vertex   4.045322e+01 -2.990891e+01 2.114503e+01
      vertex   4.128161e+01 -2.968695e+01 2.364503e+01
      vertex   4.045322e+01 -2.990891e+01 2.364503e+01
    endloop
  endfacet
  facet normal 8.715574e-02 -9.961947e-01 0.000000e+00
    outer loop
      vertex   4.045322e+01 -2.990891e+01 2.114503e+01
      vertex   4.045322e+01 -2.990891e+01 2.364503e+01
      vertex   3.959887e+01 -2.998366e+01 2.114503e+01
    endloop
  endfacet
  facet normal 8.715574e-02 -9.961947e-01 0.000000e+00
    outer loop
      vertex   3.959887e+01 -2.998366e+01 2.114503e+01
      vertex   4.045322e+01 -2.990891e+01 2.364503e+01
      vertex   3.959887e+01 -2.998366e+01 2.364503e+01
    endloop
  endfacet
  facet normal -3.476917e-17 -1.000000e+00 -0.000000e+00
    outer loop
      vertex   3.959887e+01 -2.998366e+01 2.364503e+01
      vertex   -6.258113e+01 -2.998366e+01 2.364503e+01
      vertex   3.959887e+01 -2.998366e+01 2.114503e+01
    endloop
  endfacet
  facet normal 0.000000e+00 -1.000000e+00 1.421085e-15
    outer loop
      vertex   3.959887e+01 -2.998366e+01 2.114503e+01
      vertex   -6.258113e+01 -2.998366e+01 2.364503e+01
      vertex   -6.258113e+01 -2.998366e+01 2.114503e+01
    endloop
  endfacet
  facet normal -8.715574e-02 -9.961947e-01 9.202548e-16
    outer loop
      vertex   -6.258113e+01 -2.998366e+01 2.114503e+01
      vertex   -6.258113e+01 -2.998366e+01 2.364503e+01
      vertex   -6.343548e+01 -2.990891e+01 2.114503e+01
    endloop
  endfacet
  facet normal -8.715574e-02 -9.961947e-01 0.000000e+00
    outer loop
      vertex   -6.343548e+01 -2.990891e+01 2.114503e+01
      vertex   -6.258113e+01 -2.998366e+01 2.364503e+01
      vertex   -6.343548e+01 -2.990891e+01 2.364503e+01
    endloop
  endfacet
  facet normal -2.588190e-01 -9.659258e-01 0.000000e+00
    outer loop
      vertex   -6.343548e+01 -2.990891e+01 2.114503e+01
      vertex   -6.343548e+01 -2.990891e+01 2.364503e+01
      vertex   -6.426387e+01 -2.968695e+01 2.114503e+01
    endloop
  endfacet
  facet normal -2.588190e-01 -9.659258e-01 0.000000e+00
    outer loop
      vertex   -6.426387e+01 -2.968695e+01 2.114503e+01
      vertex   -6.343548e+01 -2.990891e+01 2.364503e+01
      vertex   -6.426387e+01 -2.968695e+01 2.364503e+01
    endloop
  endfacet
  facet normal -4.226183e-01 -9.063078e-01 0.000000e+00
    outer loop
      vertex   -6.426387e+01 -2.968695e+01 2.114503e+01
      vertex   -6.426387e+01 -2.968695e+01 2.364503e+01
      vertex   -6.504113e+01 -2.932451e+01 2.114503e+01
    endloop
  endfacet
  facet normal -4.226183e-01 -9.063078e-01 -2.402307e-15
    outer loop
      vertex   -6.504113e+01 -2.932451e+01 2.114503e+01
      vertex   -6.426387e+01 -2.968695e+01 2.364503e+01
      vertex   -6.504113e+01 -2.932451e+01 2.364503e+01
    endloop
  endfacet
  facet normal -5.735764e-01 -8.191520e-01 -3.260405e-15
    outer loop
      vertex   -6.504113e+01 -2.932451e+01 2.114503e+01
      vertex   -6.504113e+01 -2.932451e+01 2.364503e+01
      vertex   -6.574364e+01 -2.883260e+01 2.114503e+01
    endloop
  endfacet
  facet normal -5.735764e-01 -8.191520e-01 0.000000e+00
    outer loop
      vertex   -6.574364e+01 -2.883260e+01 2.114503e+01
      vertex   -6.504113e+01 -2.932451e+01 2.364503e+01
      vertex   -6.574364e+01 -2.883260e+01 2.364503e+01
    endloop
  endfacet
  facet normal -7.071068e-01 -7.071068e-01 0.000000e+00
    outer loop
      vertex   -6.574364e+01 -2.883260e+01 2.114503e+01
      vertex   -6.574364e+01 -2.883260e+01 2.364503e+01
      vertex   -6.635007e+01 -2.822618e+01 2.114503e+01
    endloop
  endfacet
  facet normal -7.071068e-01 -7.071068e-01 0.000000e+00
    outer loop
      vertex   -6.635007e+01 -2.822618e+01 2.114503e+01
      vertex   -6.574364e+01 -2.883260e+01 2.364503e+01
      vertex   -6.635007e+01 -2.822618e+01 2.364503e+01
    endloop
  endfacet
  facet normal -8.191520e-01 -5.735764e-01 0.000000e+00
    outer loop
      vertex   -6.635007e+01 -2.822618e+01 2.114503e+01
      vertex   -6.635007e+01 -2.822618e+01 2.364503e+01
      vertex   -6.684197e+01 -2.752366e+01 2.114503e+01
    endloop
  endfacet
  facet normal -8.191520e-01 -5.735764e-01 0.000000e+00
    outer loop
      vertex   -6.684197e+01 -2.752366e+01 2.114503e+01
      vertex   -6.635007e+01 -2.822618e+01 2.364503e+01
      vertex   -6.684197e+01 -2.752366e+01 2.364503e+01
    endloop
  endfacet
  facet normal -9.063078e-01 -4.226183e-01 0.000000e+00
    outer loop
      vertex   -6.684197e+01 -2.752366e+01 2.114503e+01
      vertex   -6.684197e+01 -2.752366e+01 2.364503e+01
      vertex   -6.720441e+01 -2.674640e+01 2.114503e+01
    endloop
  endfacet
  facet normal -9.063078e-01 -4.226183e-01 0.000000e+00
    outer loop
      vertex   -6.720441e+01 -2.674640e+01 2.114503e+01
      vertex   -6.684197e+01 -2.752366e+01 2.364503e+01
      vertex   -6.720441e+01 -2.674640e+01 2.364503e+01
    endloop
  endfacet
  facet normal -9.659258e-01 -2.588190e-01 0.000000e+00
    outer loop
      vertex   -6.720441e+01 -2.674640e+01 2.114503e+01
      vertex   -6.720441e+01 -2.674640e+01 2.364503e+01
      vertex   -6.742638e+01 -2.591801e+01 2.114503e+01
    endloop
  endfacet
  facet normal -9.659258e-01 -2.588190e-01 0.000000e+00
    outer loop
      vertex   -6.742638e+01 -2.591801e+01 2.114503e+01
      vertex   -6.720441e+01 -2.674640e+01 2.364503e+01
      vertex   -6.742638e+01 -2.591801e+01 2.364503e+01
    endloop
  endfacet
  facet normal -9.961947e-01 -8.715574e-02 0.000000e+00
    outer loop
      vertex   -6.742638e+01 -2.591801e+01 2.114503e+01
      vertex   -6.742638e+01 -2.591801e+01 2.364503e+01
      vertex   -6.750113e+01 -2.506366e+01 2.114503e+01
    endloop
  endfacet
  facet normal -9.961947e-01 -8.715574e-02 -1.238558e-16
    outer loop
      vertex   -6.750113e+01 -2.506366e+01 2.114503e+01
      vertex   -6.742638e+01 -2.591801e+01 2.364503e+01
      vertex   -6.750113e+01 -2.506366e+01 2.364503e+01
    endloop
  endfacet
  facet normal 1.000000e+00 0.000000e+00 0.000000e+00
    outer loop
      vertex   2.099467e+00 1.678330e+01 2.467737e+01
      vertex   2.099467e+00 1.674715e+01 2.467737e+01
      vertex   2.099467e+00 1.678330e+01 2.457503e+01
    endloop
  endfacet
  facet normal 1.000000e+00 0.000000e+00 0.000000e+00
    outer loop
      vertex   2.099467e+00 1.678330e+01 2.457503e+01
      vertex   2.099467e+00 1.674715e+01 2.467737e+01
      vertex   2.099467e+00 1.674715e+01 2.453888e+01
    endloop
  endfacet
  facet normal 9.961947e-01 8.715574e-02 0.000000e+00
    outer loop
      vertex   4.451887e+01 3.509634e+01 2.364503e+01
      vertex   4.451887e+01 3.509634e+01 2.114503e+01
      vertex   4.444413e+01 3.595069e+01 2.364503e+01
    endloop
  endfacet
  facet normal 9.961947e-01 8.715574e-02 0.000000e+00
    outer loop
      vertex   4.444413e+01 3.595069e+01 2.364503e+01
      vertex   4.451887e+01 3.509634e+01 2.114503e+01
      vertex   4.444413e+01 3.595069e+01 2.114503e+01
    endloop
  endfacet
  facet normal 9.659258e-01 2.588190e-01 0.000000e+00
    outer loop
      vertex   4.444413e+01 3.595069e+01 2.364503e+01
      vertex   4.444413e+01 3.595069e+01 2.114503e+01
      vertex   4.422216e+01 3.677908e+01 2.364503e+01
    endloop
  endfacet
  facet normal 9.659258e-01 2.588190e-01 0.000000e+00
    outer loop
      vertex   4.422216e+01 3.677908e+01 2.364503e+01
      vertex   4.444413e+01 3.595069e+01 2.114503e+01
      vertex   4.422216e+01 3.677908e+01 2.114503e+01
    endloop
  endfacet
  facet normal 9.063078e-01 4.226183e-01 0.000000e+00
    outer loop
      vertex   4.422216e+01 3.677908e+01 2.364503e+01
      vertex   4.422216e+01 3.677908e+01 2.114503e+01
      vertex   4.385972e+01 3.755634e+01 2.364503e+01
    endloop
  endfacet
  facet normal 9.063078e-01 4.226183e-01 0.000000e+00
    outer loop
      vertex   4.385972e+01 3.755634e+01 2.364503e+01
      vertex   4.422216e+01 3.677908e+01 2.114503e+01
      vertex   4.385972e+01 3.755634e+01 2.114503e+01
    endloop
  endfacet
  facet normal 8.191520e-01 5.735764e-01 0.000000e+00
    outer loop
      vertex   4.385972e+01 3.755634e+01 2.364503e+01
      vertex   4.385972e+01 3.755634e+01 2.114503e+01
      vertex   4.336781e+01 3.825885e+01 2.364503e+01
    endloop
  endfacet
  facet normal 8.191520e-01 5.735764e-01 -1.630202e-15
    outer loop
      vertex   4.336781e+01 3.825885e+01 2.364503e+01
      vertex   4.385972e+01 3.755634e+01 2.114503e+01
      vertex   4.336781e+01 3.825885e+01 2.114503e+01
    endloop
  endfacet
  facet normal 7.071068e-01 7.071068e-01 -2.009718e-15
    outer loop
      vertex   4.336781e+01 3.825885e+01 2.364503e+01
      vertex   4.336781e+01 3.825885e+01 2.114503e+01
      vertex   4.276139e+01 3.886528e+01 2.364503e+01
    endloop
  endfacet
  facet normal 7.071068e-01 7.071068e-01 0.000000e+00
    outer loop
      vertex   4.276139e+01 3.886528e+01 2.364503e+01
      vertex   4.336781e+01 3.825885e+01 2.114503e+01
      vertex   4.276139e+01 3.886528e+01 2.114503e+01
    endloop
  endfacet
  facet normal 5.735764e-01 8.191520e-01 0.000000e+00
    outer loop
      vertex   4.276139e+01 3.886528e+01 2.364503e+01
      vertex   4.276139e+01 3.886528e+01 2.114503e+01
      vertex   4.205887e+01 3.935718e+01 2.364503e+01
    endloop
  endfacet
  facet normal 5.735764e-01 8.191520e-01 0.000000e+00
    outer loop
      vertex   4.205887e+01 3.935718e+01 2.364503e+01
      vertex   4.276139e+01 3.886528e+01 2.114503e+01
      vertex   4.205887e+01 3.935718e+01 2.114503e+01
    endloop
  endfacet
  facet normal 4.226183e-01 9.063078e-01 0.000000e+00
    outer loop
      vertex   4.205887e+01 3.935718e+01 2.364503e+01
      vertex   4.205887e+01 3.935718e+01 2.114503e+01
      vertex   4.128161e+01 3.971963e+01 2.364503e+01
    endloop
  endfacet
  facet normal 4.226183e-01 9.063078e-01 0.000000e+00
    outer loop
      vertex   4.128161e+01 3.971963e+01 2.364503e+01
      vertex   4.205887e+01 3.935718e+01 2.114503e+01
      vertex   4.128161e+01 3.971963e+01 2.114503e+01
    endloop
  endfacet
  facet normal 2.588190e-01 9.659258e-01 0.000000e+00
    outer loop
      vertex   4.128161e+01 3.971963e+01 2.364503e+01
      vertex   4.128161e+01 3.971963e+01 2.114503e+01
      vertex   4.045322e+01 3.994159e+01 2.364503e+01
    endloop
  endfacet
  facet normal 2.588190e-01 9.659258e-01 0.000000e+00
    outer loop
      vertex   4.045322e+01 3.994159e+01 2.364503e+01
      vertex   4.128161e+01 3.971963e+01 2.114503e+01
      vertex   4.045322e+01 3.994159e+01 2.114503e+01
    endloop
  endfacet
  facet normal 8.715574e-02 9.961947e-01 0.000000e+00
    outer loop
      vertex   4.045322e+01 3.994159e+01 2.364503e+01
      vertex   4.045322e+01 3.994159e+01 2.114503e+01
      vertex   3.959887e+01 4.001634e+01 2.364503e+01
    endloop
  endfacet
  facet normal 8.715574e-02 9.961947e-01 0.000000e+00
    outer loop
      vertex   3.959887e+01 4.001634e+01 2.364503e+01
      vertex   4.045322e+01 3.994159e+01 2.114503e+01
      vertex   3.959887e+01 4.001634e+01 2.114503e+01
    endloop
  endfacet
  facet normal 7.071068e-01 0.000000e+00 -7.071068e-01
    outer loop
      vertex   -6.005306e+01 3.551378e+01 2.114503e+01
      vertex   -5.661306e+01 3.551378e+01 2.458503e+01
      vertex   -6.005306e+01 3.550937e+01 2.114503e+01
    endloop
  endfacet
  facet normal 7.071068e-01 0.000000e+00 -7.071068e-01
    outer loop
      vertex   -6.005306e+01 3.550937e+01 2.114503e+01
      vertex   -5.661306e+01 3.551378e+01 2.458503e+01
      vertex   -5.661306e+01 3.550937e+01 2.458503e+01
    endloop
  endfacet
  facet normal -1.000000e+00 -1.204625e-13 -1.204625e-13
    outer loop
      vertex   2.587850e+01 3.551330e+01 2.457503e+01
      vertex   2.587850e+01 2.641096e+01 3.367737e+01
      vertex   2.587850e+01 3.551330e+01 3.663737e+01
    endloop
  endfacet
  facet normal -1.000000e+00 -1.596359e-13 0.000000e+00
    outer loop
      vertex   2.587850e+01 3.551330e+01 3.663737e+01
      vertex   2.587850e+01 2.641096e+01 3.367737e+01
      vertex   2.587850e+01 2.641096e+01 3.667737e+01
    endloop
  endfacet
  facet normal -1.000000e+00 0.000000e+00 3.632650e-11
    outer loop
      vertex   2.587850e+01 3.551330e+01 3.663737e+01
      vertex   2.587850e+01 2.641096e+01 3.667737e+01
      vertex   2.587850e+01 3.996687e+01 3.667737e+01
    endloop
  endfacet
  facet normal -1.000000e+00 0.000000e+00 3.632650e-11
    outer loop
      vertex   2.587850e+01 3.996687e+01 3.667737e+01
      vertex   2.587850e+01 3.996687e+01 3.663737e+01
      vertex   2.587850e+01 3.551330e+01 3.663737e+01
    endloop
  endfacet
  facet normal -0.000000e+00 -1.000000e+00 0.000000e+00
    outer loop
      vertex   2.587850e+01 3.551330e+01 2.457503e+01
      vertex   2.587850e+01 3.551330e+01 3.663737e+01
      vertex   1.048451e+01 3.551330e+01 2.457503e+01
    endloop
  endfacet
  facet normal 0.000000e+00 -1.000000e+00 0.000000e+00
    outer loop
      vertex   1.048451e+01 3.551330e+01 2.457503e+01
      vertex   2.587850e+01 3.551330e+01 3.663737e+01
      vertex   1.048451e+01 3.551330e+01 3.663737e+01
    endloop
  endfacet
  facet normal 1.000000e+00 -1.610065e-12 7.628604e-14
    outer loop
      vertex   -5.661306e+01 3.550937e+01 2.467817e+01
      vertex   -5.661306e+01 3.550937e+01 2.458503e+01
      vertex   -5.661306e+01 3.551378e+01 2.467817e+01
    endloop
  endfacet
  facet normal 1.000000e+00 0.000000e+00 0.000000e+00
    outer loop
      vertex   -5.661306e+01 3.551378e+01 2.467817e+01
      vertex   -5.661306e+01 3.550937e+01 2.458503e+01
      vertex   -5.661306e+01 3.551378e+01 2.458503e+01
    endloop
  endfacet
  facet normal -1.000000e+00 -0.000000e+00 -0.000000e+00
    outer loop
      vertex   -5.105387e+01 3.551378e+01 2.457503e+01
      vertex   -5.105387e+01 3.551378e+01 2.457455e+01
      vertex   -5.105387e+01 3.551330e+01 2.457503e+01
    endloop
  endfacet
  facet normal 0.000000e+00 -1.000000e+00 0.000000e+00
    outer loop
      vertex   -3.254549e+01 3.997155e+01 2.457503e+01
      vertex   -3.254549e+01 3.997155e+01 2.467737e+01
      vertex   -4.993549e+01 3.997155e+01 2.457503e+01
    endloop
  endfacet
  facet normal 0.000000e+00 -1.000000e+00 0.000000e+00
    outer loop
      vertex   -4.993549e+01 3.997155e+01 2.457503e+01
      vertex   -3.254549e+01 3.997155e+01 2.467737e+01
      vertex   -4.993549e+01 3.997155e+01 2.467737e+01
    endloop
  endfacet
  facet normal -0.000000e+00 0.000000e+00 1.000000e+00
    outer loop
      vertex   -5.105387e+01 3.551378e+01 2.457503e+01
      vertex   -5.105387e+01 3.551330e+01 2.457503e+01
      vertex   -4.999760e+01 3.551378e+01 2.457503e+01
    endloop
  endfacet
  facet normal 0.000000e+00 0.000000e+00 1.000000e+00
    outer loop
      vertex   -4.999760e+01 3.551378e+01 2.457503e+01
      vertex   -5.105387e+01 3.551330e+01 2.457503e+01
      vertex   1.048451e+01 3.551330e+01 2.457503e+01
    endloop
  endfacet
  facet normal -0.000000e+00 0.000000e+00 1.000000e+00
    outer loop
      vertex   -4.999760e+01 3.551378e+01 2.457503e+01
      vertex   1.048451e+01 3.551330e+01 2.457503e+01
      vertex   -4.993549e+01 3.551715e+01 2.457503e+01
    endloop
  endfacet
  facet normal -0.000000e+00 0.000000e+00 1.000000e+00
    outer loop
      vertex   -4.993549e+01 3.551715e+01 2.457503e+01
      vertex   1.048451e+01 3.551330e+01 2.457503e+01
      vertex   -3.254549e+01 3.996687e+01 2.457503e+01
    endloop
  endfacet
  facet normal 0.000000e+00 0.000000e+00 1.000000e+00
    outer loop
      vertex   -4.993549e+01 3.551715e+01 2.457503e+01
      vertex   -3.254549e+01 3.996687e+01 2.457503e+01
      vertex   -4.993549e+01 3.997155e+01 2.457503e+01
    endloop
  endfacet
  facet normal -0.000000e+00 0.000000e+00 1.000000e+00
    outer loop
      vertex   -4.993549e+01 3.997155e+01 2.457503e+01
      vertex   -3.254549e+01 3.996687e+01 2.457503e+01
      vertex   -3.254549e+01 3.997155e+01 2.457503e+01
    endloop
  endfacet
  facet normal 0.000000e+00 -0.000000e+00 1.000000e+00
    outer loop
      vertex   1.048451e+01 3.551330e+01 2.457503e+01
      vertex   1.048451e+01 3.996687e+01 2.457503e+01
      vertex   -3.254549e+01 3.996687e+01 2.457503e+01
    endloop
  endfacet
  facet normal 0.000000e+00 0.000000e+00 1.000000e+00
    outer loop
      vertex   -4.993549e+01 3.551715e+01 2.457503e+01
      vertex   -4.999760e+01 3.551715e+01 2.457503e+01
      vertex   -4.999760e+01 3.551378e+01 2.457503e+01
    endloop
  endfacet
  facet normal -1.000000e+00 0.000000e+00 0.000000e+00
    outer loop
      vertex   -3.254549e+01 3.996687e+01 2.457503e+01
      vertex   -3.254549e+01 3.996687e+01 2.467737e+01
      vertex   -3.254549e+01 3.997155e+01 2.457503e+01
    endloop
  endfacet
  facet normal -1.000000e+00 0.000000e+00 0.000000e+00
    outer loop
      vertex   -3.254549e+01 3.997155e+01 2.457503e+01
      vertex   -3.254549e+01 3.996687e+01 2.467737e+01
      vertex   -3.254549e+01 3.997155e+01 2.467737e+01
    endloop
  endfacet
  facet normal -9.961947e-01 8.715574e-02 0.000000e+00
    outer loop
      vertex   -6.750113e+01 3.509634e+01 2.114503e+01
      vertex   -6.750113e+01 3.509634e+01 2.364503e+01
      vertex   -6.742638e+01 3.595069e+01 2.114503e+01
    endloop
  endfacet
  facet normal -9.961947e-01 8.715574e-02 0.000000e+00
    outer loop
      vertex   -6.742638e+01 3.595069e+01 2.114503e+01
      vertex   -6.750113e+01 3.509634e+01 2.364503e+01
      vertex   -6.742638e+01 3.595069e+01 2.364503e+01
    endloop
  endfacet
  facet normal -9.659258e-01 2.588190e-01 0.000000e+00
    outer loop
      vertex   -6.742638e+01 3.595069e+01 2.114503e+01
      vertex   -6.742638e+01 3.595069e+01 2.364503e+01
      vertex   -6.720441e+01 3.677908e+01 2.114503e+01
    endloop
  endfacet
  facet normal -9.659258e-01 2.588190e-01 0.000000e+00
    outer loop
      vertex   -6.720441e+01 3.677908e+01 2.114503e+01
      vertex   -6.742638e+01 3.595069e+01 2.364503e+01
      vertex   -6.720441e+01 3.677908e+01 2.364503e+01
    endloop
  endfacet
  facet normal -9.063078e-01 4.226183e-01 0.000000e+00
    outer loop
      vertex   -6.720441e+01 3.677908e+01 2.114503e+01
      vertex   -6.720441e+01 3.677908e+01 2.364503e+01
      vertex   -6.684197e+01 3.755634e+01 2.114503e+01
    endloop
  endfacet
  facet normal -9.063078e-01 4.226183e-01 0.000000e+00
    outer loop
      vertex   -6.684197e+01 3.755634e+01 2.114503e+01
      vertex   -6.720441e+01 3.677908e+01 2.364503e+01
      vertex   -6.684197e+01 3.755634e+01 2.364503e+01
    endloop
  endfacet
  facet normal -8.191520e-01 5.735764e-01 0.000000e+00
    outer loop
      vertex   -6.684197e+01 3.755634e+01 2.114503e+01
      vertex   -6.684197e+01 3.755634e+01 2.364503e+01
      vertex   -6.635007e+01 3.825885e+01 2.114503e+01
    endloop
  endfacet
  facet normal -8.191520e-01 5.735764e-01 0.000000e+00
    outer loop
      vertex   -6.635007e+01 3.825885e+01 2.114503e+01
      vertex   -6.684197e+01 3.755634e+01 2.364503e+01
      vertex   -6.635007e+01 3.825885e+01 2.364503e+01
    endloop
  endfacet
  facet normal -7.071068e-01 7.071068e-01 0.000000e+00
    outer loop
      vertex   -6.635007e+01 3.825885e+01 2.114503e+01
      vertex   -6.635007e+01 3.825885e+01 2.364503e+01
      vertex   -6.574364e+01 3.886528e+01 2.114503e+01
    endloop
  endfacet
  facet normal -7.071068e-01 7.071068e-01 0.000000e+00
    outer loop
      vertex   -6.574364e+01 3.886528e+01 2.114503e+01
      vertex   -6.635007e+01 3.825885e+01 2.364503e+01
      vertex   -6.574364e+01 3.886528e+01 2.364503e+01
    endloop
  endfacet
  facet normal -5.735764e-01 8.191520e-01 0.000000e+00
    outer loop
      vertex   -6.574364e+01 3.886528e+01 2.114503e+01
      vertex   -6.574364e+01 3.886528e+01 2.364503e+01
      vertex   -6.504113e+01 3.935718e+01 2.114503e+01
    endloop
  endfacet
  facet normal -5.735764e-01 8.191520e-01 0.000000e+00
    outer loop
      vertex   -6.504113e+01 3.935718e+01 2.114503e+01
      vertex   -6.574364e+01 3.886528e+01 2.364503e+01
      vertex   -6.504113e+01 3.935718e+01 2.364503e+01
    endloop
  endfacet
  facet normal -4.226183e-01 9.063078e-01 0.000000e+00
    outer loop
      vertex   -6.504113e+01 3.935718e+01 2.114503e+01
      vertex   -6.504113e+01 3.935718e+01 2.364503e+01
      vertex   -6.426387e+01 3.971963e+01 2.114503e+01
    endloop
  endfacet
  facet normal -4.226183e-01 9.063078e-01 2.575882e-15
    outer loop
      vertex   -6.426387e+01 3.971963e+01 2.114503e+01
      vertex   -6.504113e+01 3.935718e+01 2.364503e+01
      vertex   -6.426387e+01 3.971963e+01 2.364503e+01
    endloop
  endfacet
  facet normal -2.588190e-01 9.659258e-01 2.745326e-15
    outer loop
      vertex   -6.426387e+01 3.971963e+01 2.114503e+01
      vertex   -6.426387e+01 3.971963e+01 2.364503e+01
      vertex   -6.343548e+01 3.994159e+01 2.114503e+01
    endloop
  endfacet
  facet normal -2.588190e-01 9.659258e-01 0.000000e+00
    outer loop
      vertex   -6.343548e+01 3.994159e+01 2.114503e+01
      vertex   -6.426387e+01 3.971963e+01 2.364503e+01
      vertex   -6.343548e+01 3.994159e+01 2.364503e+01
    endloop
  endfacet
  facet normal -8.715574e-02 9.961947e-01 0.000000e+00
    outer loop
      vertex   -6.343548e+01 3.994159e+01 2.114503e+01
      vertex   -6.343548e+01 3.994159e+01 2.364503e+01
      vertex   -6.258113e+01 4.001634e+01 2.114503e+01
    endloop
  endfacet
  facet normal -8.715574e-02 9.961947e-01 -4.954230e-16
    outer loop
      vertex   -6.258113e+01 4.001634e+01 2.114503e+01
      vertex   -6.343548e+01 3.994159e+01 2.364503e+01
      vertex   -6.258113e+01 4.001634e+01 2.364503e+01
    endloop
  endfacet
  facet normal -0.000000e+00 1.000000e+00 0.000000e+00
    outer loop
      vertex   -6.258113e+01 4.001634e+01 2.364503e+01
      vertex   3.959887e+01 4.001634e+01 2.364503e+01
      vertex   -6.258113e+01 4.001634e+01 2.114503e+01
    endloop
  endfacet
  facet normal 0.000000e+00 1.000000e+00 0.000000e+00
    outer loop
      vertex   -6.258113e+01 4.001634e+01 2.114503e+01
      vertex   3.959887e+01 4.001634e+01 2.364503e+01
      vertex   3.959887e+01 4.001634e+01 2.114503e+01
    endloop
  endfacet
  facet normal 7.071068e-01 -2.983764e-12 -7.071068e-01
    outer loop
      vertex   -4.999760e+01 3.551715e+01 2.457503e+01
      vertex   -4.993760e+01 3.551715e+01 2.463503e+01
      vertex   -4.999760e+01 3.551378e+01 2.457503e+01
    endloop
  endfacet
  facet normal 7.071068e-01 0.000000e+00 -7.071068e-01
    outer loop
      vertex   -4.999760e+01 3.551378e+01 2.457503e+01
      vertex   -4.993760e+01 3.551715e+01 2.463503e+01
      vertex   -4.993760e+01 3.551378e+01 2.463503e+01
    endloop
  endfacet
  facet normal 1.000000e+00 -0.000000e+00 0.000000e+00
    outer loop
      vertex   -4.993760e+01 3.551378e+01 2.467737e+01
      vertex   -4.993760e+01 3.551378e+01 2.463503e+01
      vertex   -4.993760e+01 3.551715e+01 2.467737e+01
    endloop
  endfacet
  facet normal 1.000000e+00 0.000000e+00 0.000000e+00
    outer loop
      vertex   -4.993760e+01 3.551715e+01 2.467737e+01
      vertex   -4.993760e+01 3.551378e+01 2.463503e+01
      vertex   -4.993760e+01 3.551715e+01 2.463503e+01
    endloop
  endfacet
  facet normal -5.920587e-09 -3.275802e-12 -1.000000e+00
    outer loop
      vertex   -4.993387e+01 3.996687e+01 2.467737e+01
      vertex   -4.993387e+01 3.551378e+01 2.467737e+01
      vertex   -4.993549e+01 3.551715e+01 2.467737e+01
    endloop
  endfacet
  facet normal 0.000000e+00 2.846174e-09 -1.000000e+00
    outer loop
      vertex   -4.993549e+01 3.551715e+01 2.467737e+01
      vertex   -4.993387e+01 3.551378e+01 2.467737e+01
      vertex   -4.993760e+01 3.551378e+01 2.467737e+01
    endloop
  endfacet
  facet normal 4.539090e-09 0.000000e+00 -1.000000e+00
    outer loop
      vertex   -4.993549e+01 3.551715e+01 2.467737e+01
      vertex   -4.993760e+01 3.551378e+01 2.467737e+01
      vertex   -4.993760e+01 3.551715e+01 2.467737e+01
    endloop
  endfacet
  facet normal -1.491377e-08 0.000000e+00 -1.000000e+00
    outer loop
      vertex   -4.993549e+01 3.551715e+01 2.467737e+01
      vertex   -4.993549e+01 3.997155e+01 2.467737e+01
      vertex   -4.993387e+01 3.996687e+01 2.467737e+01
    endloop
  endfacet
  facet normal 0.000000e+00 5.164406e-09 -1.000000e+00
    outer loop
      vertex   -4.993387e+01 3.996687e+01 2.467737e+01
      vertex   -4.993549e+01 3.997155e+01 2.467737e+01
      vertex   -3.254549e+01 3.997155e+01 2.467737e+01
    endloop
  endfacet
  facet normal 4.840232e-13 3.366276e-09 -1.000000e+00
    outer loop
      vertex   -4.993387e+01 3.996687e+01 2.467737e+01
      vertex   -3.254549e+01 3.997155e+01 2.467737e+01
      vertex   -3.254549e+01 3.996687e+01 2.467737e+01
    endloop
  endfacet
  facet normal 0.000000e+00 -1.000000e+00 0.000000e+00
    outer loop
      vertex   -4.999760e+01 3.551715e+01 2.457503e+01
      vertex   -4.993549e+01 3.551715e+01 2.457503e+01
      vertex   -4.993760e+01 3.551715e+01 2.463503e+01
    endloop
  endfacet
  facet normal 0.000000e+00 -1.000000e+00 0.000000e+00
    outer loop
      vertex   -4.993760e+01 3.551715e+01 2.463503e+01
      vertex   -4.993549e+01 3.551715e+01 2.457503e+01
      vertex   -4.993549e+01 3.551715e+01 2.467737e+01
    endloop
  endfacet
  facet normal 0.000000e+00 -1.000000e+00 0.000000e+00
    outer loop
      vertex   -4.993760e+01 3.551715e+01 2.463503e+01
      vertex   -4.993549e+01 3.551715e+01 2.467737e+01
      vertex   -4.993760e+01 3.551715e+01 2.467737e+01
    endloop
  endfacet
  facet normal 1.000000e+00 0.000000e+00 -0.000000e+00
    outer loop
      vertex   -4.993549e+01 3.997155e+01 2.457503e+01
      vertex   -4.993549e+01 3.997155e+01 2.467737e+01
      vertex   -4.993549e+01 3.551715e+01 2.457503e+01
    endloop
  endfacet
  facet normal 1.000000e+00 0.000000e+00 0.000000e+00
    outer loop
      vertex   -4.993549e+01 3.551715e+01 2.457503e+01
      vertex   -4.993549e+01 3.997155e+01 2.467737e+01
      vertex   -4.993549e+01 3.551715e+01 2.467737e+01
    endloop
  endfacet
  facet normal -1.000000e+00 0.000000e+00 2.834837e-16
    outer loop
      vertex   2.591613e+01 3.894330e+01 2.114503e+01
      vertex   2.591613e+01 1.335330e+01 2.114503e+01
      vertex   2.591613e+01 2.641096e+01 3.367737e+01
    endloop
  endfacet
  facet normal -1.000000e+00 0.000000e+00 2.834837e-16
    outer loop
      vertex   2.591613e+01 2.641096e+01 3.367737e+01
      vertex   2.591613e+01 1.335330e+01 2.114503e+01
      vertex   2.591613e+01 2.588564e+01 3.367737e+01
    endloop
  endfacet
  facet normal -1.000000e+00 0.000000e+00 0.000000e+00
    outer loop
      vertex   2.591613e+01 2.641096e+01 3.367737e+01
      vertex   2.591613e+01 2.588564e+01 3.367737e+01
      vertex   2.591613e+01 2.588564e+01 3.667737e+01
    endloop
  endfacet
  facet normal -1.000000e+00 0.000000e+00 0.000000e+00
    outer loop
      vertex   2.591613e+01 2.588564e+01 3.667737e+01
      vertex   2.591613e+01 2.641096e+01 3.667737e+01
      vertex   2.591613e+01 2.641096e+01 3.367737e+01
    endloop
  endfacet
  facet normal 7.071068e-01 -1.492592e-12 -7.071068e-01
    outer loop
      vertex   -4.999808e+01 3.551378e+01 2.457455e+01
      vertex   -5.342760e+01 3.551378e+01 2.114503e+01
      vertex   -5.000145e+01 3.551715e+01 2.457118e+01
    endloop
  endfacet
  facet normal 7.071068e-01 0.000000e+00 -7.071068e-01
    outer loop
      vertex   -5.000145e+01 3.551715e+01 2.457118e+01
      vertex   -5.342760e+01 3.551378e+01 2.114503e+01
      vertex   -5.342760e+01 3.551715e+01 2.114503e+01
    endloop
  endfacet
  facet normal -0.000000e+00 -1.000000e+00 -0.000000e+00
    outer loop
      vertex   -4.993549e+01 3.551715e+01 2.457118e+01
      vertex   -5.000145e+01 3.551715e+01 2.457118e+01
      vertex   -4.993549e+01 3.551715e+01 2.114503e+01
    endloop
  endfacet
  facet normal 0.000000e+00 -1.000000e+00 0.000000e+00
    outer loop
      vertex   -4.993549e+01 3.551715e+01 2.114503e+01
      vertex   -5.000145e+01 3.551715e+01 2.457118e+01
      vertex   -5.342760e+01 3.551715e+01 2.114503e+01
    endloop
  endfacet
  facet normal 1.000000e+00 0.000000e+00 0.000000e+00
    outer loop
      vertex   -4.993549e+01 3.894330e+01 2.114503e+01
      vertex   -4.993549e+01 3.551715e+01 2.457118e+01
      vertex   -4.993549e+01 3.551715e+01 2.114503e+01
    endloop
  endfacet
  facet normal 0.000000e+00 1.000000e+00 0.000000e+00
    outer loop
      vertex   -1.155806e+01 -2.930534e+01 3.055446e+01
      vertex   -8.542498e+00 -2.930534e+01 3.055446e+01
      vertex   -1.155806e+01 -2.930534e+01 2.114503e+01
    endloop
  endfacet
  facet normal 0.000000e+00 1.000000e+00 0.000000e+00
    outer loop
      vertex   -1.155806e+01 -2.930534e+01 2.114503e+01
      vertex   -8.542498e+00 -2.930534e+01 3.055446e+01
      vertex   2.051194e+01 -2.930534e+01 2.114503e+01
    endloop
  endfacet
  facet normal 0.000000e+00 1.000000e+00 0.000000e+00
    outer loop
      vertex   2.051194e+01 -2.930534e+01 2.114503e+01
      vertex   -8.542498e+00 -2.930534e+01 3.055446e+01
      vertex   -2.316905e+00 -2.930534e+01 3.340735e+01
    endloop
  endfacet
  facet normal 0.000000e+00 1.000000e+00 0.000000e+00
    outer loop
      vertex   2.051194e+01 -2.930534e+01 2.114503e+01
      vertex   -2.316905e+00 -2.930534e+01 3.340735e+01
      vertex   2.051194e+01 -2.930534e+01 3.340735e+01
    endloop
  endfacet
  facet normal 0.000000e+00 1.000000e+00 0.000000e+00
    outer loop
      vertex   -8.542498e+00 -2.930534e+01 3.055446e+01
      vertex   -8.542498e+00 -2.930534e+01 3.440735e+01
      vertex   -2.316905e+00 -2.930534e+01 3.340735e+01
    endloop
  endfacet
  facet normal 0.000000e+00 1.000000e+00 0.000000e+00
    outer loop
      vertex   -2.316905e+00 -2.930534e+01 3.340735e+01
      vertex   -8.542498e+00 -2.930534e+01 3.440735e+01
      vertex   -2.316905e+00 -2.930534e+01 3.440735e+01
    endloop
  endfacet
  facet normal 3.418362e-02 9.994156e-01 2.181731e-11
    outer loop
      vertex   -5.908673e+01 5.899366e+00 2.114503e+01
      vertex   -5.908673e+01 5.899366e+00 2.658370e+01
      vertex   -5.880518e+01 5.889736e+00 2.114503e+01
    endloop
  endfacet
  facet normal 2.556642e-02 9.996730e-01 -4.465520e-04
    outer loop
      vertex   -5.880518e+01 5.889736e+00 2.114503e+01
      vertex   -5.908673e+01 5.899366e+00 2.658370e+01
      vertex   -5.866366e+01 5.888532e+00 2.655340e+01
    endloop
  endfacet
  facet normal -0.000000e+00 1.000000e+00 2.225200e-04
    outer loop
      vertex   -5.880518e+01 5.889736e+00 2.114503e+01
      vertex   -5.866366e+01 5.888532e+00 2.655340e+01
      vertex   -5.852347e+01 5.889736e+00 2.114503e+01
    endloop
  endfacet
  facet normal -2.565498e-02 9.996708e-01 -4.425673e-04
    outer loop
      vertex   -5.852347e+01 5.889736e+00 2.114503e+01
      vertex   -5.866366e+01 5.888532e+00 2.655340e+01
      vertex   -5.824192e+01 5.899366e+00 2.657628e+01
    endloop
  endfacet
  facet normal -3.418362e-02 9.994156e-01 1.211832e-11
    outer loop
      vertex   -5.852347e+01 5.889736e+00 2.114503e+01
      vertex   -5.824192e+01 5.899366e+00 2.657628e+01
      vertex   -5.824192e+01 5.899366e+00 2.114503e+01
    endloop
  endfacet
  facet normal 0.000000e+00 1.000000e+00 0.000000e+00
    outer loop
      vertex   -6.682748e+01 5.899366e+00 3.467737e+01
      vertex   -6.198441e+01 5.899366e+00 2.955170e+01
      vertex   -6.682748e+01 5.899366e+00 2.114503e+01
    endloop
  endfacet
  facet normal 0.000000e+00 1.000000e+00 0.000000e+00
    outer loop
      vertex   -6.682748e+01 5.899366e+00 2.114503e+01
      vertex   -6.198441e+01 5.899366e+00 2.955170e+01
      vertex   -6.182152e+01 5.899366e+00 2.882660e+01
    endloop
  endfacet
  facet normal 0.000000e+00 1.000000e+00 0.000000e+00
    outer loop
      vertex   -6.682748e+01 5.899366e+00 2.114503e+01
      vertex   -6.182152e+01 5.899366e+00 2.882660e+01
      vertex   -6.150366e+01 5.899366e+00 2.815483e+01
    endloop
  endfacet
  facet normal 0.000000e+00 1.000000e+00 0.000000e+00
    outer loop
      vertex   -6.682748e+01 5.899366e+00 3.667737e+01
      vertex   -6.150366e+01 5.899366e+00 3.169173e+01
      vertex   -6.682748e+01 5.899366e+00 3.467737e+01
    endloop
  endfacet
  facet normal 0.000000e+00 1.000000e+00 0.000000e+00
    outer loop
      vertex   -6.682748e+01 5.899366e+00 3.467737e+01
      vertex   -6.150366e+01 5.899366e+00 3.169173e+01
      vertex   -6.182152e+01 5.899366e+00 3.101996e+01
    endloop
  endfacet
  facet normal 0.000000e+00 1.000000e+00 0.000000e+00
    outer loop
      vertex   -6.682748e+01 5.899366e+00 3.467737e+01
      vertex   -6.182152e+01 5.899366e+00 3.101996e+01
      vertex   -6.198441e+01 5.899366e+00 3.029487e+01
    endloop
  endfacet
  facet normal 0.000000e+00 1.000000e+00 -0.000000e+00
    outer loop
      vertex   -6.150366e+01 5.899366e+00 3.169173e+01
      vertex   -6.682748e+01 5.899366e+00 3.667737e+01
      vertex   -6.104630e+01 5.899366e+00 3.227749e+01
    endloop
  endfacet
  facet normal 0.000000e+00 1.000000e+00 -0.000000e+00
    outer loop
      vertex   -6.104630e+01 5.899366e+00 3.227749e+01
      vertex   -6.682748e+01 5.899366e+00 3.667737e+01
      vertex   -5.908673e+01 5.899366e+00 3.667737e+01
    endloop
  endfacet
  facet normal 0.000000e+00 1.000000e+00 0.000000e+00
    outer loop
      vertex   -6.104630e+01 5.899366e+00 3.227749e+01
      vertex   -5.908673e+01 5.899366e+00 3.667737e+01
      vertex   -6.047167e+01 5.899366e+00 3.274877e+01
    endloop
  endfacet
  facet normal 0.000000e+00 1.000000e+00 0.000000e+00
    outer loop
      vertex   -6.047167e+01 5.899366e+00 3.274877e+01
      vertex   -5.908673e+01 5.899366e+00 3.667737e+01
      vertex   -5.980771e+01 5.899366e+00 3.308264e+01
    endloop
  endfacet
  facet normal -5.211114e-10 1.000000e+00 1.045179e-10
    outer loop
      vertex   -5.980771e+01 5.899366e+00 3.308264e+01
      vertex   -5.908673e+01 5.899366e+00 3.667737e+01
      vertex   -5.908673e+01 5.899366e+00 3.326286e+01
    endloop
  endfacet
  facet normal 0.000000e+00 1.000000e+00 0.000000e+00
    outer loop
      vertex   -6.198441e+01 5.899366e+00 3.029487e+01
      vertex   -6.198441e+01 5.899366e+00 2.955170e+01
      vertex   -6.682748e+01 5.899366e+00 3.467737e+01
    endloop
  endfacet
  facet normal 0.000000e+00 1.000000e+00 0.000000e+00
    outer loop
      vertex   -6.150366e+01 5.899366e+00 2.815483e+01
      vertex   -6.104630e+01 5.899366e+00 2.756907e+01
      vertex   -6.682748e+01 5.899366e+00 2.114503e+01
    endloop
  endfacet
  facet normal -0.000000e+00 1.000000e+00 0.000000e+00
    outer loop
      vertex   -6.682748e+01 5.899366e+00 2.114503e+01
      vertex   -6.104630e+01 5.899366e+00 2.756907e+01
      vertex   -5.908673e+01 5.899366e+00 2.114503e+01
    endloop
  endfacet
  facet normal 0.000000e+00 1.000000e+00 0.000000e+00
    outer loop
      vertex   -5.908673e+01 5.899366e+00 2.114503e+01
      vertex   -6.104630e+01 5.899366e+00 2.756907e+01
      vertex   -6.047167e+01 5.899366e+00 2.709779e+01
    endloop
  endfacet
  facet normal 0.000000e+00 1.000000e+00 0.000000e+00
    outer loop
      vertex   -5.908673e+01 5.899366e+00 2.114503e+01
      vertex   -6.047167e+01 5.899366e+00 2.709779e+01
      vertex   -5.980771e+01 5.899366e+00 2.676392e+01
    endloop
  endfacet
  facet normal -5.113877e-10 1.000000e+00 -6.561849e-11
    outer loop
      vertex   -5.980771e+01 5.899366e+00 2.676392e+01
      vertex   -5.908673e+01 5.899366e+00 2.658370e+01
      vertex   -5.908673e+01 5.899366e+00 2.114503e+01
    endloop
  endfacet
  facet normal 0.000000e+00 -1.000000e+00 0.000000e+00
    outer loop
      vertex   -4.993387e+01 3.551378e+01 2.467737e+01
      vertex   -4.993387e+01 3.551378e+01 3.135737e+01
      vertex   -4.993760e+01 3.551378e+01 2.467737e+01
    endloop
  endfacet
  facet normal -0.000000e+00 -1.000000e+00 0.000000e+00
    outer loop
      vertex   -4.993760e+01 3.551378e+01 2.467737e+01
      vertex   -4.993387e+01 3.551378e+01 3.135737e+01
      vertex   -5.105387e+01 3.551378e+01 2.457503e+01
    endloop
  endfacet
  facet normal 0.000000e+00 -1.000000e+00 0.000000e+00
    outer loop
      vertex   -4.993760e+01 3.551378e+01 2.467737e+01
      vertex   -5.105387e+01 3.551378e+01 2.457503e+01
      vertex   -4.999760e+01 3.551378e+01 2.457503e+01
    endloop
  endfacet
  facet normal 0.000000e+00 -1.000000e+00 0.000000e+00
    outer loop
      vertex   -4.993387e+01 3.551378e+01 3.135737e+01
      vertex   -5.661306e+01 3.551378e+01 2.467817e+01
      vertex   -5.105387e+01 3.551378e+01 2.457503e+01
    endloop
  endfacet
  facet normal 0.000000e+00 -1.000000e+00 0.000000e+00
    outer loop
      vertex   -5.105387e+01 3.551378e+01 2.457503e+01
      vertex   -5.661306e+01 3.551378e+01 2.467817e+01
      vertex   -5.661306e+01 3.551378e+01 2.458503e+01
    endloop
  endfacet
  facet normal -0.000000e+00 -1.000000e+00 -0.000000e+00
    outer loop
      vertex   -5.105387e+01 3.551378e+01 2.457503e+01
      vertex   -5.661306e+01 3.551378e+01 2.458503e+01
      vertex   -5.105387e+01 3.551378e+01 2.457455e+01
    endloop
  endfacet
  facet normal -0.000000e+00 -1.000000e+00 0.000000e+00
    outer loop
      vertex   -5.105387e+01 3.551378e+01 2.457455e+01
      vertex   -5.661306e+01 3.551378e+01 2.458503e+01
      vertex   -5.342760e+01 3.551378e+01 2.114503e+01
    endloop
  endfacet
  facet normal 0.000000e+00 -1.000000e+00 -0.000000e+00
    outer loop
      vertex   -5.105387e+01 3.551378e+01 2.457455e+01
      vertex   -5.342760e+01 3.551378e+01 2.114503e+01
      vertex   -4.999808e+01 3.551378e+01 2.457455e+01
    endloop
  endfacet
  facet normal 0.000000e+00 -1.000000e+00 -0.000000e+00
    outer loop
      vertex   -5.661306e+01 3.551378e+01 2.458503e+01
      vertex   -6.005306e+01 3.551378e+01 2.114503e+01
      vertex   -5.342760e+01 3.551378e+01 2.114503e+01
    endloop
  endfacet
  facet normal 0.000000e+00 -1.000000e+00 0.000000e+00
    outer loop
      vertex   -4.999760e+01 3.551378e+01 2.457503e+01
      vertex   -4.993760e+01 3.551378e+01 2.463503e+01
      vertex   -4.993760e+01 3.551378e+01 2.467737e+01
    endloop
  endfacet
  facet normal -5.050872e-02 -7.062042e-01 -7.062042e-01
    outer loop
      vertex   -6.258113e+01 -3.248366e+01 2.614503e+01
      vertex   -6.363710e+01 -3.240814e+01 2.614503e+01
      vertex   -6.258113e+01 -2.998366e+01 2.364503e+01
    endloop
  endfacet
  facet normal -6.153871e-02 -7.033906e-01 -7.081346e-01
    outer loop
      vertex   -6.258113e+01 -2.998366e+01 2.364503e+01
      vertex   -6.363710e+01 -3.240814e+01 2.614503e+01
      vertex   -6.343548e+01 -2.990891e+01 2.364503e+01
    endloop
  endfacet
  facet normal -1.507590e-01 -6.930280e-01 -7.049709e-01
    outer loop
      vertex   -6.343548e+01 -2.990891e+01 2.364503e+01
      vertex   -6.363710e+01 -3.240814e+01 2.614503e+01
      vertex   -6.467158e+01 -3.218310e+01 2.614503e+01
    endloop
  endfacet
  facet normal -1.824054e-01 -6.807461e-01 -7.094456e-01
    outer loop
      vertex   -6.343548e+01 -2.990891e+01 2.364503e+01
      vertex   -6.467158e+01 -3.218310e+01 2.614503e+01
      vertex   -6.426387e+01 -2.968695e+01 2.364503e+01
    endloop
  endfacet
  facet normal -2.480369e-01 -6.650127e-01 -7.044401e-01
    outer loop
      vertex   -6.426387e+01 -2.968695e+01 2.364503e+01
      vertex   -6.467158e+01 -3.218310e+01 2.614503e+01
      vertex   -6.566351e+01 -3.181313e+01 2.614503e+01
    endloop
  endfacet
  facet normal -2.977333e-01 -6.384911e-01 -7.097070e-01
    outer loop
      vertex   -6.426387e+01 -2.968695e+01 2.364503e+01
      vertex   -6.566351e+01 -3.181313e+01 2.614503e+01
      vertex   -6.504113e+01 -2.932451e+01 2.364503e+01
    endloop
  endfacet
  facet normal -3.400692e-01 -6.227902e-01 -7.046172e-01
    outer loop
      vertex   -6.504113e+01 -2.932451e+01 2.364503e+01
      vertex   -6.566351e+01 -3.181313e+01 2.614503e+01
      vertex   -6.659268e+01 -3.130576e+01 2.614503e+01
    endloop
  endfacet
  facet normal -4.045359e-01 -5.777372e-01 -7.089220e-01
    outer loop
      vertex   -6.504113e+01 -2.932451e+01 2.364503e+01
      vertex   -6.659268e+01 -3.130576e+01 2.614503e+01
      vertex   -6.574364e+01 -2.883260e+01 2.364503e+01
    endloop
  endfacet
  facet normal -4.247138e-01 -5.673513e-01 -7.055003e-01
    outer loop
      vertex   -6.574364e+01 -2.883260e+01 2.364503e+01
      vertex   -6.659268e+01 -3.130576e+01 2.614503e+01
      vertex   -6.744019e+01 -3.067132e+01 2.614503e+01
    endloop
  endfacet
  facet normal -5.000183e-01 -5.000183e-01 -7.070809e-01
    outer loop
      vertex   -6.574364e+01 -2.883260e+01 2.364503e+01
      vertex   -6.744019e+01 -3.067132e+01 2.614503e+01
      vertex   -6.818879e+01 -2.992273e+01 2.614503e+01
    endloop
  endfacet
  facet normal -5.000183e-01 -5.000183e-01 -7.070809e-01
    outer loop
      vertex   -6.574364e+01 -2.883260e+01 2.364503e+01
      vertex   -6.818879e+01 -2.992273e+01 2.614503e+01
      vertex   -6.635007e+01 -2.822618e+01 2.364503e+01
    endloop
  endfacet
  facet normal -5.673513e-01 -4.247138e-01 -7.055003e-01
    outer loop
      vertex   -6.635007e+01 -2.822618e+01 2.364503e+01
      vertex   -6.818879e+01 -2.992273e+01 2.614503e+01
      vertex   -6.882323e+01 -2.907522e+01 2.614503e+01
    endloop
  endfacet
  facet normal -5.777372e-01 -4.045359e-01 -7.089220e-01
    outer loop
      vertex   -6.635007e+01 -2.822618e+01 2.364503e+01
      vertex   -6.882323e+01 -2.907522e+01 2.614503e+01
      vertex   -6.684197e+01 -2.752366e+01 2.364503e+01
    endloop
  endfacet
  facet normal -6.227902e-01 -3.400692e-01 -7.046172e-01
    outer loop
      vertex   -6.684197e+01 -2.752366e+01 2.364503e+01
      vertex   -6.882323e+01 -2.907522e+01 2.614503e+01
      vertex   -6.933060e+01 -2.814604e+01 2.614503e+01
    endloop
  endfacet
  facet normal -6.384911e-01 -2.977333e-01 -7.097070e-01
    outer loop
      vertex   -6.684197e+01 -2.752366e+01 2.364503e+01
      vertex   -6.933060e+01 -2.814604e+01 2.614503e+01
      vertex   -6.720441e+01 -2.674640e+01 2.364503e+01
    endloop
  endfacet
  facet normal -6.650127e-01 -2.480369e-01 -7.044401e-01
    outer loop
      vertex   -6.720441e+01 -2.674640e+01 2.364503e+01
      vertex   -6.933060e+01 -2.814604e+01 2.614503e+01
      vertex   -6.970056e+01 -2.715412e+01 2.614503e+01
    endloop
  endfacet
  facet normal -6.807461e-01 -1.824054e-01 -7.094456e-01
    outer loop
      vertex   -6.720441e+01 -2.674640e+01 2.364503e+01
      vertex   -6.970056e+01 -2.715412e+01 2.614503e+01
      vertex   -6.742638e+01 -2.591801e+01 2.364503e+01
    endloop
  endfacet
  facet normal -6.930280e-01 -1.507590e-01 -7.049709e-01
    outer loop
      vertex   -6.742638e+01 -2.591801e+01 2.364503e+01
      vertex   -6.970056e+01 -2.715412e+01 2.614503e+01
      vertex   -6.992560e+01 -2.611964e+01 2.614503e+01
    endloop
  endfacet
  facet normal -7.033906e-01 -6.153871e-02 -7.081346e-01
    outer loop
      vertex   -6.742638e+01 -2.591801e+01 2.364503e+01
      vertex   -6.992560e+01 -2.611964e+01 2.614503e+01
      vertex   -6.750113e+01 -2.506366e+01 2.364503e+01
    endloop
  endfacet
  facet normal -7.062042e-01 -5.050872e-02 -7.062042e-01
    outer loop
      vertex   -6.750113e+01 -2.506366e+01 2.364503e+01
      vertex   -6.992560e+01 -2.611964e+01 2.614503e+01
      vertex   -7.000113e+01 -2.506366e+01 2.614503e+01
    endloop
  endfacet
  facet normal -0.000000e+00 -7.071068e-01 -7.071068e-01
    outer loop
      vertex   3.959887e+01 -3.248366e+01 2.614503e+01
      vertex   -6.258113e+01 -3.248366e+01 2.614503e+01
      vertex   3.959887e+01 -2.998366e+01 2.364503e+01
    endloop
  endfacet
  facet normal -2.458552e-17 -7.071068e-01 -7.071068e-01
    outer loop
      vertex   3.959887e+01 -2.998366e+01 2.364503e+01
      vertex   -6.258113e+01 -3.248366e+01 2.614503e+01
      vertex   -6.258113e+01 -2.998366e+01 2.364503e+01
    endloop
  endfacet
  facet normal -0.000000e+00 -1.000000e+00 -2.543549e-16
    outer loop
      vertex   2.051194e+01 -2.345343e+00 2.114503e+01
      vertex   2.051194e+01 -2.345343e+00 3.860446e+01
      vertex   -1.155806e+01 -2.345343e+00 2.114503e+01
    endloop
  endfacet
  facet normal 0.000000e+00 -1.000000e+00 -2.543549e-16
    outer loop
      vertex   -1.155806e+01 -2.345343e+00 2.114503e+01
      vertex   2.051194e+01 -2.345343e+00 3.860446e+01
      vertex   -1.155806e+01 -2.345343e+00 3.860446e+01
    endloop
  endfacet
endsolid
